[  1%] Updating git version information
[  1%] Built target net_ib_header_symlinks
[  1%] Built target fmt
[ 13%] Built target hipify_all
-- Updating git_version.cpp
[ 13%] Generating ../include/rccl/nccl_device.h
[ 13%] Built target update_git_version
[ 13%] Built target copy_nccl_device_headers
[ 13%] Building RCCLDEV object src/CMakeFiles/rccl_device_gfx950.dir/__/hipify/gensrc/specialized/specialized_allreduce_tree_simple_prod_f8e4m3_0_0_4.o
[ 13%] Building RCCLDEV object src/CMakeFiles/rccl_device_gfx950.dir/__/hipify/gensrc/specialized/specialized_allreduce_tree_simple_sum_f8e4m3_0_0_4.o
[ 13%] Building RCCLDEV object src/CMakeFiles/rccl_device_gfx950.dir/__/hipify/gensrc/specialized/specialized_allreduce_tree_simple_sum_f8e4m3_1_0_4.o
[ 13%] Building RCCLDEV object src/CMakeFiles/rccl_device_gfx950.dir/__/hipify/gensrc/specialized/specialized_allreduce_tree_simple_prod_f8e4m3_1_0_4.o
[ 13%] Building RCCLDEV object src/CMakeFiles/rccl_device_gfx950.dir/__/hipify/gensrc/specialized/specialized_allreduce_tree_simple_sum_f8e5m2_0_0_4.o
[ 13%] Building RCCLDEV object src/CMakeFiles/rccl_device_gfx950.dir/__/hipify/gensrc/specialized/specialized_allreduce_tree_simple_sum_f8e5m2_1_0_4.o
[ 13%] Building RCCLDEV object src/CMakeFiles/rccl_device_gfx950.dir/__/hipify/gensrc/specialized/specialized_allreduce_tree_simple_prod_f8e5m2_0_0_4.o
[ 13%] Building RCCLDEV object src/CMakeFiles/rccl_device_gfx950.dir/__/hipify/gensrc/specialized/specialized_allreduce_tree_simple_prod_f8e5m2_1_0_4.o
[ 13%] Building RCCLDEV object src/CMakeFiles/rccl_device_gfx950.dir/__/hipify/gensrc/specialized/specialized_allreduce_tree_simple_premulsum_f8e4m3_0_0_4.o
[ 13%] Building RCCLDEV object src/CMakeFiles/rccl_device_gfx950.dir/__/hipify/gensrc/specialized/specialized_allreduce_tree_simple_minmax_f8e4m3_1_0_4.o
[ 13%] Building RCCLDEV object src/CMakeFiles/rccl_device_gfx950.dir/__/hipify/gensrc/specialized/specialized_allreduce_tree_simple_minmax_f8e4m3_0_0_4.o
[ 13%] Building RCCLDEV object src/CMakeFiles/rccl_device_gfx950.dir/__/hipify/gensrc/specialized/specialized_allreduce_tree_simple_premulsum_f8e4m3_1_0_4.o
[ 13%] Building RCCLDEV object src/CMakeFiles/rccl_device_gfx950.dir/__/hipify/gensrc/specialized/specialized_allreduce_tree_simple_minmax_f8e5m2_0_0_4.o
[ 13%] Building RCCLDEV object src/CMakeFiles/rccl_device_gfx950.dir/__/hipify/gensrc/specialized/specialized_allreduce_tree_simple_minmax_f8e5m2_1_0_4.o
[ 13%] Building RCCLDEV object src/CMakeFiles/rccl_device_gfx950.dir/__/hipify/gensrc/specialized/specialized_allreduce_tree_simple_premulsum_f8e5m2_0_0_4.o
[ 13%] Building RCCLDEV object src/CMakeFiles/rccl_device_gfx950.dir/__/hipify/gensrc/specialized/specialized_allreduce_tree_simple_sum_f8e4m3_0_0_2.o
[ 13%] Building RCCLDEV object src/CMakeFiles/rccl_device_gfx950.dir/__/hipify/gensrc/specialized/specialized_allreduce_tree_simple_sum_f8e4m3_1_0_2.o
[ 13%] Building RCCLDEV object src/CMakeFiles/rccl_device_gfx950.dir/__/hipify/gensrc/specialized/specialized_allreduce_tree_simple_premulsum_f8e5m2_1_0_4.o
[ 13%] Building RCCLDEV object src/CMakeFiles/rccl_device_gfx950.dir/__/hipify/gensrc/specialized/specialized_allreduce_tree_simple_sum_f8e5m2_0_0_2.o
[ 13%] Building RCCLDEV object src/CMakeFiles/rccl_device_gfx950.dir/__/hipify/gensrc/specialized/specialized_allreduce_tree_simple_sum_f8e5m2_1_0_2.o
[ 13%] Building RCCLDEV object src/CMakeFiles/rccl_device_gfx950.dir/__/hipify/gensrc/specialized/specialized_allreduce_tree_simple_prod_f8e4m3_1_0_2.o
[ 13%] Building RCCLDEV object src/CMakeFiles/rccl_device_gfx950.dir/__/hipify/gensrc/specialized/specialized_allreduce_tree_simple_prod_f8e5m2_0_0_2.o
[ 13%] Building RCCLDEV object src/CMakeFiles/rccl_device_gfx950.dir/__/hipify/gensrc/specialized/specialized_allreduce_tree_simple_prod_f8e4m3_0_0_2.o
[ 13%] Building RCCLDEV object src/CMakeFiles/rccl_device_gfx950.dir/__/hipify/gensrc/specialized/specialized_allreduce_tree_simple_prod_f8e5m2_1_0_2.o
[ 13%] Building RCCLDEV object src/CMakeFiles/rccl_device_gfx950.dir/__/hipify/gensrc/specialized/specialized_allreduce_tree_simple_minmax_f8e4m3_0_0_2.o
[ 13%] Building RCCLDEV object src/CMakeFiles/rccl_device_gfx950.dir/__/hipify/gensrc/specialized/specialized_allreduce_tree_simple_minmax_f8e5m2_1_0_2.o
[ 13%] Building RCCLDEV object src/CMakeFiles/rccl_device_gfx950.dir/__/hipify/gensrc/specialized/specialized_allreduce_tree_simple_minmax_f8e4m3_1_0_2.o
[ 13%] Building RCCLDEV object src/CMakeFiles/rccl_device_gfx950.dir/__/hipify/gensrc/specialized/specialized_allreduce_tree_simple_premulsum_f8e4m3_0_0_2.o
[ 13%] Building RCCLDEV object src/CMakeFiles/rccl_device_gfx950.dir/__/hipify/gensrc/specialized/specialized_allreduce_tree_simple_minmax_f8e5m2_0_0_2.o
[ 13%] Building RCCLDEV object src/CMakeFiles/rccl_device_gfx950.dir/__/hipify/gensrc/specialized/specialized_allreduce_tree_simple_premulsum_f8e4m3_1_0_2.o
[ 13%] Building RCCLDEV object src/CMakeFiles/rccl_device_gfx950.dir/__/hipify/gensrc/specialized/specialized_allreduce_tree_simple_premulsum_f8e5m2_0_0_2.o
[ 13%] Building RCCLDEV object src/CMakeFiles/rccl_device_gfx950.dir/__/hipify/gensrc/specialized/specialized_allreduce_tree_simple_premulsum_f8e5m2_1_0_2.o
[ 13%] Building RCCLDEV object src/CMakeFiles/rccl_device_gfx950.dir/__/hipify/gensrc/specialized/specialized_allreduce_tree_simple_sum_f8e5m2_0_0_1.o
[ 13%] Building RCCLDEV object src/CMakeFiles/rccl_device_gfx950.dir/__/hipify/gensrc/specialized/specialized_allreduce_tree_simple_sum_f8e4m3_0_0_1.o
[ 13%] Building RCCLDEV object src/CMakeFiles/rccl_device_gfx950.dir/__/hipify/gensrc/specialized/specialized_allreduce_tree_simple_sum_f8e4m3_1_0_1.o
[ 13%] Building RCCLDEV object src/CMakeFiles/rccl_device_gfx950.dir/__/hipify/gensrc/specialized/specialized_allreduce_tree_simple_sum_f8e5m2_1_0_1.o
[ 13%] Building RCCLDEV object src/CMakeFiles/rccl_device_gfx950.dir/__/hipify/gensrc/specialized/specialized_allreduce_tree_simple_prod_f8e4m3_0_0_1.o
[ 13%] Building RCCLDEV object src/CMakeFiles/rccl_device_gfx950.dir/__/hipify/gensrc/specialized/specialized_allreduce_tree_simple_minmax_f8e4m3_0_0_1.o
[ 13%] Building RCCLDEV object src/CMakeFiles/rccl_device_gfx950.dir/__/hipify/gensrc/specialized/specialized_allreduce_tree_simple_prod_f8e4m3_1_0_1.o
[ 13%] Building RCCLDEV object src/CMakeFiles/rccl_device_gfx950.dir/__/hipify/gensrc/specialized/specialized_allreduce_tree_simple_prod_f8e5m2_0_0_1.o
[ 13%] Building RCCLDEV object src/CMakeFiles/rccl_device_gfx950.dir/__/hipify/gensrc/specialized/specialized_allreduce_tree_simple_prod_f8e5m2_1_0_1.o
[ 13%] Building RCCLDEV object src/CMakeFiles/rccl_device_gfx950.dir/__/hipify/gensrc/specialized/specialized_allreduce_tree_simple_minmax_f8e5m2_0_0_1.o
[ 13%] Building RCCLDEV object src/CMakeFiles/rccl_device_gfx950.dir/__/hipify/gensrc/specialized/specialized_allreduce_tree_simple_minmax_f8e4m3_1_0_1.o
[ 13%] Building RCCLDEV object src/CMakeFiles/rccl_device_gfx950.dir/__/hipify/gensrc/specialized/specialized_allreduce_tree_simple_minmax_f8e5m2_1_0_1.o
[ 13%] Building RCCLDEV object src/CMakeFiles/rccl_device_gfx950.dir/__/hipify/gensrc/specialized/specialized_allreduce_tree_simple_premulsum_f8e4m3_0_0_1.o
[ 13%] Building RCCLDEV object src/CMakeFiles/rccl_device_gfx950.dir/__/hipify/gensrc/specialized/specialized_allreduce_tree_simple_premulsum_f8e4m3_1_0_1.o
[ 13%] Building RCCLDEV object src/CMakeFiles/rccl_device_gfx950.dir/__/hipify/gensrc/specialized/specialized_reduce_ring_simple_sum_f8e4m3_0_0_4.o
[ 13%] Building RCCLDEV object src/CMakeFiles/rccl_device_gfx950.dir/__/hipify/gensrc/specialized/specialized_allreduce_tree_simple_premulsum_f8e5m2_0_0_1.o
[ 13%] Building RCCLDEV object src/CMakeFiles/rccl_device_gfx950.dir/__/hipify/gensrc/specialized/specialized_reduce_ring_simple_sum_f8e5m2_0_0_4.o
[ 13%] Building RCCLDEV object src/CMakeFiles/rccl_device_gfx950.dir/__/hipify/gensrc/specialized/specialized_allreduce_tree_simple_premulsum_f8e5m2_1_0_1.o
[ 13%] Building RCCLDEV object src/CMakeFiles/rccl_device_gfx950.dir/__/hipify/gensrc/specialized/specialized_reducescatter_ring_simple_sum_f8e4m3_0_0_4.o
[ 13%] Building RCCLDEV object src/CMakeFiles/rccl_device_gfx950.dir/__/hipify/gensrc/specialized/specialized_reduce_ring_simple_minmax_f8e4m3_0_0_4.o
[ 13%] Building RCCLDEV object src/CMakeFiles/rccl_device_gfx950.dir/__/hipify/gensrc/specialized/specialized_reduce_ring_simple_prod_f8e4m3_0_0_4.o
[ 13%] Building RCCLDEV object src/CMakeFiles/rccl_device_gfx950.dir/__/hipify/gensrc/specialized/specialized_reduce_ring_simple_minmax_f8e5m2_0_0_4.o
[ 15%] Building RCCLDEV object src/CMakeFiles/rccl_device_gfx950.dir/__/hipify/gensrc/specialized/specialized_reduce_ring_simple_premulsum_f8e4m3_0_0_4.o
[ 15%] Building RCCLDEV object src/CMakeFiles/rccl_device_gfx950.dir/__/hipify/gensrc/specialized/specialized_reducescatter_ring_simple_prod_f8e4m3_0_0_4.o
[ 15%] Building RCCLDEV object src/CMakeFiles/rccl_device_gfx950.dir/__/hipify/gensrc/specialized/specialized_reduce_ring_simple_prod_f8e5m2_0_0_4.o
[ 15%] Building RCCLDEV object src/CMakeFiles/rccl_device_gfx950.dir/__/hipify/gensrc/specialized/specialized_reduce_ring_simple_premulsum_f8e5m2_0_0_4.o
[ 15%] Building RCCLDEV object src/CMakeFiles/rccl_device_gfx950.dir/__/hipify/gensrc/specialized/specialized_reducescatter_ring_simple_minmax_f8e4m3_0_0_4.o
[ 15%] Building RCCLDEV object src/CMakeFiles/rccl_device_gfx950.dir/__/hipify/gensrc/specialized/specialized_reducescatter_ring_simple_sum_f8e5m2_0_0_4.o
[ 15%] Building RCCLDEV object src/CMakeFiles/rccl_device_gfx950.dir/__/hipify/gensrc/specialized/specialized_reducescatter_ring_simple_prod_f8e5m2_0_0_4.o
[ 15%] Building RCCLDEV object src/CMakeFiles/rccl_device_gfx950.dir/__/hipify/gensrc/specialized/specialized_reducescatter_ring_simple_minmax_f8e5m2_0_0_4.o
[ 15%] Building RCCLDEV object src/CMakeFiles/rccl_device_gfx950.dir/__/hipify/gensrc/specialized/specialized_reducescatter_ring_simple_premulsum_f8e4m3_0_0_4.o
[ 15%] Building RCCLDEV object src/CMakeFiles/rccl_device_gfx950.dir/__/hipify/gensrc/specialized/specialized_reducescatter_ring_simple_premulsum_f8e5m2_0_0_4.o
[ 15%] Building RCCLDEV object src/CMakeFiles/rccl_device_gfx950.dir/__/hipify/gensrc/specialized/specialized_allreduce_ring_simple_sum_f8e4m3_0_0_4.o
[ 15%] Building RCCLDEV object src/CMakeFiles/rccl_device_gfx950.dir/__/hipify/gensrc/specialized/specialized_allreduce_ring_simple_sum_f8e4m3_1_0_4.o
[ 15%] Building RCCLDEV object src/CMakeFiles/rccl_device_gfx950.dir/__/hipify/gensrc/specialized/specialized_allreduce_ring_simple_sum_f8e5m2_0_0_4.o
[ 15%] Building RCCLDEV object src/CMakeFiles/rccl_device_gfx950.dir/__/hipify/gensrc/specialized/specialized_allreduce_ring_simple_sum_f8e5m2_1_0_4.o
[ 15%] Building RCCLDEV object src/CMakeFiles/rccl_device_gfx950.dir/__/hipify/gensrc/specialized/specialized_allreduce_ring_simple_prod_f8e4m3_0_0_4.o
[ 15%] Building RCCLDEV object src/CMakeFiles/rccl_device_gfx950.dir/__/hipify/gensrc/specialized/specialized_allreduce_ring_simple_prod_f8e4m3_1_0_4.o
[ 15%] Building RCCLDEV object src/CMakeFiles/rccl_device_gfx950.dir/__/hipify/gensrc/specialized/specialized_allreduce_ring_simple_prod_f8e5m2_0_0_4.o
[ 15%] Building RCCLDEV object src/CMakeFiles/rccl_device_gfx950.dir/__/hipify/gensrc/specialized/specialized_allreduce_ring_simple_prod_f8e5m2_1_0_4.o
[ 15%] Building RCCLDEV object src/CMakeFiles/rccl_device_gfx950.dir/__/hipify/gensrc/specialized/specialized_allreduce_ring_simple_minmax_f8e4m3_0_0_4.o
[ 15%] Building RCCLDEV object src/CMakeFiles/rccl_device_gfx950.dir/__/hipify/gensrc/specialized/specialized_allreduce_ring_simple_minmax_f8e4m3_1_0_4.o
[ 15%] Building RCCLDEV object src/CMakeFiles/rccl_device_gfx950.dir/__/hipify/gensrc/specialized/specialized_allreduce_ring_simple_minmax_f8e5m2_0_0_4.o
[ 15%] Building RCCLDEV object src/CMakeFiles/rccl_device_gfx950.dir/__/hipify/gensrc/specialized/specialized_allreduce_ring_simple_minmax_f8e5m2_1_0_4.o
[ 15%] Building RCCLDEV object src/CMakeFiles/rccl_device_gfx950.dir/__/hipify/gensrc/specialized/specialized_allreduce_ring_simple_premulsum_f8e4m3_0_0_4.o
[ 15%] Building RCCLDEV object src/CMakeFiles/rccl_device_gfx950.dir/__/hipify/gensrc/specialized/specialized_allreduce_ring_simple_premulsum_f8e4m3_1_0_4.o
[ 15%] Building RCCLDEV object src/CMakeFiles/rccl_device_gfx950.dir/__/hipify/gensrc/specialized/specialized_allreduce_ring_simple_premulsum_f8e5m2_0_0_4.o
[ 15%] Building RCCLDEV object src/CMakeFiles/rccl_device_gfx950.dir/__/hipify/gensrc/specialized/specialized_allreduce_ring_simple_premulsum_f8e5m2_1_0_4.o
[ 15%] Building RCCLDEV object src/CMakeFiles/rccl_device_gfx950.dir/__/hipify/gensrc/specialized/specialized_reduce_ring_simple_sum_f8e4m3_0_0_2.o
[ 15%] Building RCCLDEV object src/CMakeFiles/rccl_device_gfx950.dir/__/hipify/gensrc/specialized/specialized_reduce_ring_simple_sum_f8e5m2_0_0_2.o
[ 15%] Building RCCLDEV object src/CMakeFiles/rccl_device_gfx950.dir/__/hipify/gensrc/specialized/specialized_reduce_ring_simple_prod_f8e4m3_0_0_2.o
[ 15%] Building RCCLDEV object src/CMakeFiles/rccl_device_gfx950.dir/__/hipify/gensrc/specialized/specialized_reduce_ring_simple_prod_f8e5m2_0_0_2.o
[ 15%] Building RCCLDEV object src/CMakeFiles/rccl_device_gfx950.dir/__/hipify/gensrc/specialized/specialized_reduce_ring_simple_minmax_f8e4m3_0_0_2.o
[ 15%] Building RCCLDEV object src/CMakeFiles/rccl_device_gfx950.dir/__/hipify/gensrc/specialized/specialized_reduce_ring_simple_minmax_f8e5m2_0_0_2.o
[ 15%] Building RCCLDEV object src/CMakeFiles/rccl_device_gfx950.dir/__/hipify/gensrc/specialized/specialized_reduce_ring_simple_premulsum_f8e4m3_0_0_2.o
[ 15%] Building RCCLDEV object src/CMakeFiles/rccl_device_gfx950.dir/__/hipify/gensrc/specialized/specialized_reduce_ring_simple_premulsum_f8e5m2_0_0_2.o
[ 15%] Building RCCLDEV object src/CMakeFiles/rccl_device_gfx950.dir/__/hipify/gensrc/specialized/specialized_reducescatter_ring_simple_sum_f8e4m3_0_0_2.o
[ 15%] Building RCCLDEV object src/CMakeFiles/rccl_device_gfx950.dir/__/hipify/gensrc/specialized/specialized_reducescatter_ring_simple_sum_f8e5m2_0_0_2.o
[ 15%] Building RCCLDEV object src/CMakeFiles/rccl_device_gfx950.dir/__/hipify/gensrc/specialized/specialized_reducescatter_ring_simple_prod_f8e4m3_0_0_2.o
[ 15%] Building RCCLDEV object src/CMakeFiles/rccl_device_gfx950.dir/__/hipify/gensrc/specialized/specialized_reducescatter_ring_simple_prod_f8e5m2_0_0_2.o
[ 15%] Building RCCLDEV object src/CMakeFiles/rccl_device_gfx950.dir/__/hipify/gensrc/specialized/specialized_reducescatter_ring_simple_minmax_f8e4m3_0_0_2.o
[ 15%] Building RCCLDEV object src/CMakeFiles/rccl_device_gfx950.dir/__/hipify/gensrc/specialized/specialized_reducescatter_ring_simple_minmax_f8e5m2_0_0_2.o
[ 15%] Building RCCLDEV object src/CMakeFiles/rccl_device_gfx950.dir/__/hipify/gensrc/specialized/specialized_reducescatter_ring_simple_premulsum_f8e4m3_0_0_2.o
[ 15%] Building RCCLDEV object src/CMakeFiles/rccl_device_gfx950.dir/__/hipify/gensrc/specialized/specialized_reducescatter_ring_simple_premulsum_f8e5m2_0_0_2.o
[ 15%] Building RCCLDEV object src/CMakeFiles/rccl_device_gfx950.dir/__/hipify/gensrc/specialized/specialized_allreduce_ring_simple_sum_f8e4m3_0_0_2.o
[ 15%] Building RCCLDEV object src/CMakeFiles/rccl_device_gfx950.dir/__/hipify/gensrc/specialized/specialized_allreduce_ring_simple_sum_f8e4m3_1_0_2.o
[ 15%] Building RCCLDEV object src/CMakeFiles/rccl_device_gfx950.dir/__/hipify/gensrc/specialized/specialized_allreduce_ring_simple_sum_f8e5m2_0_0_2.o
[ 15%] Building RCCLDEV object src/CMakeFiles/rccl_device_gfx950.dir/__/hipify/gensrc/specialized/specialized_allreduce_ring_simple_sum_f8e5m2_1_0_2.o
[ 15%] Building RCCLDEV object src/CMakeFiles/rccl_device_gfx950.dir/__/hipify/gensrc/specialized/specialized_allreduce_ring_simple_prod_f8e4m3_0_0_2.o
[ 15%] Building RCCLDEV object src/CMakeFiles/rccl_device_gfx950.dir/__/hipify/gensrc/specialized/specialized_allreduce_ring_simple_prod_f8e4m3_1_0_2.o
[ 15%] Building RCCLDEV object src/CMakeFiles/rccl_device_gfx950.dir/__/hipify/gensrc/specialized/specialized_allreduce_ring_simple_prod_f8e5m2_0_0_2.o
[ 15%] Building RCCLDEV object src/CMakeFiles/rccl_device_gfx950.dir/__/hipify/gensrc/specialized/specialized_allreduce_ring_simple_prod_f8e5m2_1_0_2.o
[ 15%] Building RCCLDEV object src/CMakeFiles/rccl_device_gfx950.dir/__/hipify/gensrc/specialized/specialized_allreduce_ring_simple_minmax_f8e4m3_0_0_2.o
[ 15%] Building RCCLDEV object src/CMakeFiles/rccl_device_gfx950.dir/__/hipify/gensrc/specialized/specialized_allreduce_ring_simple_minmax_f8e4m3_1_0_2.o
[ 15%] Building RCCLDEV object src/CMakeFiles/rccl_device_gfx950.dir/__/hipify/gensrc/specialized/specialized_allreduce_ring_simple_minmax_f8e5m2_0_0_2.o
[ 15%] Building RCCLDEV object src/CMakeFiles/rccl_device_gfx950.dir/__/hipify/gensrc/specialized/specialized_allreduce_ring_simple_minmax_f8e5m2_1_0_2.o
[ 15%] Building RCCLDEV object src/CMakeFiles/rccl_device_gfx950.dir/__/hipify/gensrc/specialized/specialized_allreduce_ring_simple_premulsum_f8e4m3_0_0_2.o
[ 15%] Building RCCLDEV object src/CMakeFiles/rccl_device_gfx950.dir/__/hipify/gensrc/specialized/specialized_allreduce_ring_simple_premulsum_f8e4m3_1_0_2.o
[ 15%] Building RCCLDEV object src/CMakeFiles/rccl_device_gfx950.dir/__/hipify/gensrc/specialized/specialized_allreduce_ring_simple_premulsum_f8e5m2_0_0_2.o
[ 15%] Building RCCLDEV object src/CMakeFiles/rccl_device_gfx950.dir/__/hipify/gensrc/specialized/specialized_allreduce_ring_simple_premulsum_f8e5m2_1_0_2.o
[ 15%] Building RCCLDEV object src/CMakeFiles/rccl_device_gfx950.dir/__/hipify/gensrc/specialized/specialized_reduce_ring_simple_sum_f8e4m3_0_0_1.o
[ 15%] Building RCCLDEV object src/CMakeFiles/rccl_device_gfx950.dir/__/hipify/gensrc/specialized/specialized_reduce_ring_simple_sum_f8e5m2_0_0_1.o
[ 15%] Building RCCLDEV object src/CMakeFiles/rccl_device_gfx950.dir/__/hipify/gensrc/specialized/specialized_reduce_ring_simple_prod_f8e4m3_0_0_1.o
[ 15%] Building RCCLDEV object src/CMakeFiles/rccl_device_gfx950.dir/__/hipify/gensrc/specialized/specialized_reduce_ring_simple_prod_f8e5m2_0_0_1.o
[ 15%] Building RCCLDEV object src/CMakeFiles/rccl_device_gfx950.dir/__/hipify/gensrc/specialized/specialized_reduce_ring_simple_minmax_f8e4m3_0_0_1.o
[ 15%] Building RCCLDEV object src/CMakeFiles/rccl_device_gfx950.dir/__/hipify/gensrc/specialized/specialized_reduce_ring_simple_minmax_f8e5m2_0_0_1.o
[ 16%] Building RCCLDEV object src/CMakeFiles/rccl_device_gfx950.dir/__/hipify/gensrc/specialized/specialized_reduce_ring_simple_premulsum_f8e4m3_0_0_1.o
[ 16%] Building RCCLDEV object src/CMakeFiles/rccl_device_gfx950.dir/__/hipify/gensrc/specialized/specialized_reduce_ring_simple_premulsum_f8e5m2_0_0_1.o
[ 16%] Building RCCLDEV object src/CMakeFiles/rccl_device_gfx950.dir/__/hipify/gensrc/specialized/specialized_reducescatter_ring_simple_sum_f8e4m3_0_0_1.o
[ 16%] Building RCCLDEV object src/CMakeFiles/rccl_device_gfx950.dir/__/hipify/gensrc/specialized/specialized_reducescatter_ring_simple_sum_f8e5m2_0_0_1.o
[ 16%] Building RCCLDEV object src/CMakeFiles/rccl_device_gfx950.dir/__/hipify/gensrc/specialized/specialized_reducescatter_ring_simple_prod_f8e4m3_0_0_1.o
[ 16%] Building RCCLDEV object src/CMakeFiles/rccl_device_gfx950.dir/__/hipify/gensrc/specialized/specialized_reducescatter_ring_simple_prod_f8e5m2_0_0_1.o
[ 16%] Building RCCLDEV object src/CMakeFiles/rccl_device_gfx950.dir/__/hipify/gensrc/specialized/specialized_reducescatter_ring_simple_minmax_f8e4m3_0_0_1.o
[ 16%] Building RCCLDEV object src/CMakeFiles/rccl_device_gfx950.dir/__/hipify/gensrc/specialized/specialized_reducescatter_ring_simple_minmax_f8e5m2_0_0_1.o
[ 16%] Building RCCLDEV object src/CMakeFiles/rccl_device_gfx950.dir/__/hipify/gensrc/specialized/specialized_reducescatter_ring_simple_premulsum_f8e4m3_0_0_1.o
[ 16%] Building RCCLDEV object src/CMakeFiles/rccl_device_gfx950.dir/__/hipify/gensrc/specialized/specialized_reducescatter_ring_simple_premulsum_f8e5m2_0_0_1.o
[ 16%] Building RCCLDEV object src/CMakeFiles/rccl_device_gfx950.dir/__/hipify/gensrc/specialized/specialized_allreduce_ring_simple_sum_f8e4m3_0_0_1.o
[ 16%] Building RCCLDEV object src/CMakeFiles/rccl_device_gfx950.dir/__/hipify/gensrc/specialized/specialized_allreduce_ring_simple_sum_f8e4m3_1_0_1.o
[ 16%] Building RCCLDEV object src/CMakeFiles/rccl_device_gfx950.dir/__/hipify/gensrc/specialized/specialized_allreduce_ring_simple_sum_f8e5m2_0_0_1.o
[ 16%] Building RCCLDEV object src/CMakeFiles/rccl_device_gfx950.dir/__/hipify/gensrc/specialized/specialized_allreduce_ring_simple_sum_f8e5m2_1_0_1.o
[ 16%] Building RCCLDEV object src/CMakeFiles/rccl_device_gfx950.dir/__/hipify/gensrc/specialized/specialized_allreduce_ring_simple_prod_f8e4m3_0_0_1.o
[ 16%] Building RCCLDEV object src/CMakeFiles/rccl_device_gfx950.dir/__/hipify/gensrc/specialized/specialized_allreduce_ring_simple_prod_f8e4m3_1_0_1.o
[ 16%] Building RCCLDEV object src/CMakeFiles/rccl_device_gfx950.dir/__/hipify/gensrc/specialized/specialized_allreduce_ring_simple_prod_f8e5m2_0_0_1.o
[ 16%] Building RCCLDEV object src/CMakeFiles/rccl_device_gfx950.dir/__/hipify/gensrc/specialized/specialized_allreduce_ring_simple_prod_f8e5m2_1_0_1.o
[ 16%] Building RCCLDEV object src/CMakeFiles/rccl_device_gfx950.dir/__/hipify/gensrc/specialized/specialized_allreduce_ring_simple_minmax_f8e4m3_0_0_1.o
[ 16%] Building RCCLDEV object src/CMakeFiles/rccl_device_gfx950.dir/__/hipify/gensrc/specialized/specialized_allreduce_ring_simple_minmax_f8e4m3_1_0_1.o
[ 16%] Building RCCLDEV object src/CMakeFiles/rccl_device_gfx950.dir/__/hipify/gensrc/specialized/specialized_allreduce_ring_simple_minmax_f8e5m2_0_0_1.o
[ 16%] Building RCCLDEV object src/CMakeFiles/rccl_device_gfx950.dir/__/hipify/gensrc/specialized/specialized_allreduce_ring_simple_minmax_f8e5m2_1_0_1.o
[ 16%] Building RCCLDEV object src/CMakeFiles/rccl_device_gfx950.dir/__/hipify/gensrc/specialized/specialized_allreduce_ring_simple_premulsum_f8e4m3_0_0_1.o
[ 16%] Building RCCLDEV object src/CMakeFiles/rccl_device_gfx950.dir/__/hipify/gensrc/specialized/specialized_allreduce_ring_simple_premulsum_f8e4m3_1_0_1.o
[ 16%] Building RCCLDEV object src/CMakeFiles/rccl_device_gfx950.dir/__/hipify/gensrc/specialized/specialized_allreduce_ring_simple_premulsum_f8e5m2_0_0_1.o
[ 16%] Building RCCLDEV object src/CMakeFiles/rccl_device_gfx950.dir/__/hipify/gensrc/specialized/specialized_allreduce_ring_simple_premulsum_f8e5m2_1_0_1.o
[ 16%] Building RCCLDEV object src/CMakeFiles/rccl_device_gfx950.dir/__/hipify/gensrc/specialized/specialized_reducescatter_pat_simple_sum_f8e4m3_0_0_4.o
[ 16%] Building RCCLDEV object src/CMakeFiles/rccl_device_gfx950.dir/__/hipify/gensrc/specialized/specialized_reducescatter_pat_simple_sum_f8e5m2_0_0_4.o
[ 16%] Building RCCLDEV object src/CMakeFiles/rccl_device_gfx950.dir/__/hipify/gensrc/specialized/specialized_reducescatter_pat_simple_prod_f8e4m3_0_0_4.o
[ 16%] Building RCCLDEV object src/CMakeFiles/rccl_device_gfx950.dir/__/hipify/gensrc/specialized/specialized_reducescatter_pat_simple_prod_f8e5m2_0_0_4.o
[ 16%] Building RCCLDEV object src/CMakeFiles/rccl_device_gfx950.dir/__/hipify/gensrc/specialized/specialized_reducescatter_pat_simple_minmax_f8e4m3_0_0_4.o
[ 16%] Building RCCLDEV object src/CMakeFiles/rccl_device_gfx950.dir/__/hipify/gensrc/specialized/specialized_reducescatter_pat_simple_minmax_f8e5m2_0_0_4.o
[ 16%] Building RCCLDEV object src/CMakeFiles/rccl_device_gfx950.dir/__/hipify/gensrc/specialized/specialized_reducescatter_pat_simple_premulsum_f8e4m3_0_0_4.o
[ 16%] Building RCCLDEV object src/CMakeFiles/rccl_device_gfx950.dir/__/hipify/gensrc/specialized/specialized_reducescatter_pat_simple_premulsum_f8e5m2_0_0_4.o
[ 16%] Building RCCLDEV object src/CMakeFiles/rccl_device_gfx950.dir/__/hipify/gensrc/specialized/specialized_reducescatter_pat_simple_sum_f8e4m3_0_0_2.o
[ 16%] Building RCCLDEV object src/CMakeFiles/rccl_device_gfx950.dir/__/hipify/gensrc/specialized/specialized_reducescatter_pat_simple_sum_f8e5m2_0_0_2.o
[ 16%] Building RCCLDEV object src/CMakeFiles/rccl_device_gfx950.dir/__/hipify/gensrc/specialized/specialized_reducescatter_pat_simple_prod_f8e4m3_0_0_2.o
[ 16%] Building RCCLDEV object src/CMakeFiles/rccl_device_gfx950.dir/__/hipify/gensrc/specialized/specialized_reducescatter_pat_simple_prod_f8e5m2_0_0_2.o
[ 16%] Building RCCLDEV object src/CMakeFiles/rccl_device_gfx950.dir/__/hipify/gensrc/specialized/specialized_reducescatter_pat_simple_minmax_f8e4m3_0_0_2.o
[ 16%] Building RCCLDEV object src/CMakeFiles/rccl_device_gfx950.dir/__/hipify/gensrc/specialized/specialized_reducescatter_pat_simple_minmax_f8e5m2_0_0_2.o
[ 16%] Building RCCLDEV object src/CMakeFiles/rccl_device_gfx950.dir/__/hipify/gensrc/specialized/specialized_reducescatter_pat_simple_premulsum_f8e4m3_0_0_2.o
[ 16%] Building RCCLDEV object src/CMakeFiles/rccl_device_gfx950.dir/__/hipify/gensrc/specialized/specialized_reducescatter_pat_simple_premulsum_f8e5m2_0_0_2.o
[ 16%] Building RCCLDEV object src/CMakeFiles/rccl_device_gfx950.dir/__/hipify/gensrc/specialized/specialized_reducescatter_pat_simple_sum_f8e4m3_0_0_1.o
[ 16%] Building RCCLDEV object src/CMakeFiles/rccl_device_gfx950.dir/__/hipify/gensrc/specialized/specialized_reducescatter_pat_simple_sum_f8e5m2_0_0_1.o
[ 16%] Building RCCLDEV object src/CMakeFiles/rccl_device_gfx950.dir/__/hipify/gensrc/specialized/specialized_reducescatter_pat_simple_prod_f8e4m3_0_0_1.o
[ 16%] Building RCCLDEV object src/CMakeFiles/rccl_device_gfx950.dir/__/hipify/gensrc/specialized/specialized_reducescatter_pat_simple_prod_f8e5m2_0_0_1.o
[ 16%] Building RCCLDEV object src/CMakeFiles/rccl_device_gfx950.dir/__/hipify/gensrc/specialized/specialized_reducescatter_pat_simple_minmax_f8e5m2_0_0_1.o
[ 16%] Building RCCLDEV object src/CMakeFiles/rccl_device_gfx950.dir/__/hipify/gensrc/specialized/specialized_reducescatter_pat_simple_minmax_f8e4m3_0_0_1.o
[ 16%] Building RCCLDEV object src/CMakeFiles/rccl_device_gfx950.dir/__/hipify/gensrc/specialized/specialized_reducescatter_pat_simple_premulsum_f8e4m3_0_0_1.o
[ 16%] Building RCCLDEV object src/CMakeFiles/rccl_device_gfx950.dir/__/hipify/gensrc/specialized/specialized_reducescatter_pat_simple_premulsum_f8e5m2_0_0_1.o
[ 16%] Building RCCLDEV object src/CMakeFiles/rccl_device_gfx950.dir/__/hipify/gensrc/specialized/specialized_allreduce_tree_ll_sum_f8e4m3_0_0_4.o
[ 16%] Building RCCLDEV object src/CMakeFiles/rccl_device_gfx950.dir/__/hipify/gensrc/specialized/specialized_allreduce_tree_ll_sum_f8e4m3_1_0_4.o
[ 16%] Building RCCLDEV object src/CMakeFiles/rccl_device_gfx950.dir/__/hipify/gensrc/specialized/specialized_allreduce_tree_ll_sum_f8e5m2_0_0_4.o
[ 16%] Building RCCLDEV object src/CMakeFiles/rccl_device_gfx950.dir/__/hipify/gensrc/specialized/specialized_allreduce_tree_ll_sum_f8e5m2_1_0_4.o
[ 16%] Building RCCLDEV object src/CMakeFiles/rccl_device_gfx950.dir/__/hipify/gensrc/specialized/specialized_allreduce_tree_ll_prod_f8e4m3_0_0_4.o
[ 16%] Building RCCLDEV object src/CMakeFiles/rccl_device_gfx950.dir/__/hipify/gensrc/specialized/specialized_allreduce_tree_ll_prod_f8e4m3_1_0_4.o
[ 16%] Building RCCLDEV object src/CMakeFiles/rccl_device_gfx950.dir/__/hipify/gensrc/specialized/specialized_allreduce_tree_ll_prod_f8e5m2_0_0_4.o
[ 16%] Building RCCLDEV object src/CMakeFiles/rccl_device_gfx950.dir/__/hipify/gensrc/specialized/specialized_allreduce_tree_ll_prod_f8e5m2_1_0_4.o
[ 16%] Building RCCLDEV object src/CMakeFiles/rccl_device_gfx950.dir/__/hipify/gensrc/specialized/specialized_allreduce_tree_ll_minmax_f8e4m3_0_0_4.o
[ 16%] Building RCCLDEV object src/CMakeFiles/rccl_device_gfx950.dir/__/hipify/gensrc/specialized/specialized_allreduce_tree_ll_minmax_f8e5m2_0_0_4.o
[ 16%] Building RCCLDEV object src/CMakeFiles/rccl_device_gfx950.dir/__/hipify/gensrc/specialized/specialized_allreduce_tree_ll_minmax_f8e4m3_1_0_4.o
[ 16%] Building RCCLDEV object src/CMakeFiles/rccl_device_gfx950.dir/__/hipify/gensrc/specialized/specialized_allreduce_tree_ll_minmax_f8e5m2_1_0_4.o
[ 16%] Building RCCLDEV object src/CMakeFiles/rccl_device_gfx950.dir/__/hipify/gensrc/specialized/specialized_allreduce_tree_ll_premulsum_f8e4m3_0_0_4.o
[ 18%] Building RCCLDEV object src/CMakeFiles/rccl_device_gfx950.dir/__/hipify/gensrc/specialized/specialized_allreduce_tree_ll_premulsum_f8e4m3_1_0_4.o
[ 18%] Building RCCLDEV object src/CMakeFiles/rccl_device_gfx950.dir/__/hipify/gensrc/specialized/specialized_allreduce_tree_ll_premulsum_f8e5m2_0_0_4.o
[ 18%] Building RCCLDEV object src/CMakeFiles/rccl_device_gfx950.dir/__/hipify/gensrc/specialized/specialized_allreduce_tree_ll_premulsum_f8e5m2_1_0_4.o
[ 18%] Building RCCLDEV object src/CMakeFiles/rccl_device_gfx950.dir/__/hipify/gensrc/specialized/specialized_allreduce_tree_ll_sum_f8e4m3_0_0_2.o
[ 18%] Building RCCLDEV object src/CMakeFiles/rccl_device_gfx950.dir/__/hipify/gensrc/specialized/specialized_allreduce_tree_ll_sum_f8e4m3_1_0_2.o
[ 18%] Building RCCLDEV object src/CMakeFiles/rccl_device_gfx950.dir/__/hipify/gensrc/specialized/specialized_allreduce_tree_ll_sum_f8e5m2_0_0_2.o
[ 18%] Building RCCLDEV object src/CMakeFiles/rccl_device_gfx950.dir/__/hipify/gensrc/specialized/specialized_allreduce_tree_ll_sum_f8e5m2_1_0_2.o
[ 18%] Building RCCLDEV object src/CMakeFiles/rccl_device_gfx950.dir/__/hipify/gensrc/specialized/specialized_allreduce_tree_ll_prod_f8e4m3_0_0_2.o
[ 18%] Building RCCLDEV object src/CMakeFiles/rccl_device_gfx950.dir/__/hipify/gensrc/specialized/specialized_allreduce_tree_ll_prod_f8e4m3_1_0_2.o
[ 18%] Building RCCLDEV object src/CMakeFiles/rccl_device_gfx950.dir/__/hipify/gensrc/specialized/specialized_allreduce_tree_ll_prod_f8e5m2_0_0_2.o
[ 18%] Building RCCLDEV object src/CMakeFiles/rccl_device_gfx950.dir/__/hipify/gensrc/specialized/specialized_allreduce_tree_ll_prod_f8e5m2_1_0_2.o
[ 18%] Building RCCLDEV object src/CMakeFiles/rccl_device_gfx950.dir/__/hipify/gensrc/specialized/specialized_allreduce_tree_ll_minmax_f8e4m3_0_0_2.o
[ 18%] Building RCCLDEV object src/CMakeFiles/rccl_device_gfx950.dir/__/hipify/gensrc/specialized/specialized_allreduce_tree_ll_minmax_f8e4m3_1_0_2.o
[ 18%] Building RCCLDEV object src/CMakeFiles/rccl_device_gfx950.dir/__/hipify/gensrc/specialized/specialized_allreduce_tree_ll_minmax_f8e5m2_0_0_2.o
[ 18%] Building RCCLDEV object src/CMakeFiles/rccl_device_gfx950.dir/__/hipify/gensrc/specialized/specialized_allreduce_tree_ll_minmax_f8e5m2_1_0_2.o
[ 18%] Building RCCLDEV object src/CMakeFiles/rccl_device_gfx950.dir/__/hipify/gensrc/specialized/specialized_allreduce_tree_ll_premulsum_f8e4m3_0_0_2.o
[ 18%] Building RCCLDEV object src/CMakeFiles/rccl_device_gfx950.dir/__/hipify/gensrc/specialized/specialized_allreduce_tree_ll_premulsum_f8e4m3_1_0_2.o
[ 18%] Building RCCLDEV object src/CMakeFiles/rccl_device_gfx950.dir/__/hipify/gensrc/specialized/specialized_allreduce_tree_ll_premulsum_f8e5m2_0_0_2.o
[ 18%] Building RCCLDEV object src/CMakeFiles/rccl_device_gfx950.dir/__/hipify/gensrc/specialized/specialized_allreduce_tree_ll_premulsum_f8e5m2_1_0_2.o
[ 18%] Building RCCLDEV object src/CMakeFiles/rccl_device_gfx950.dir/__/hipify/gensrc/specialized/specialized_allreduce_tree_ll_sum_f8e4m3_0_0_1.o
[ 18%] Building RCCLDEV object src/CMakeFiles/rccl_device_gfx950.dir/__/hipify/gensrc/specialized/specialized_allreduce_tree_ll_sum_f8e4m3_1_0_1.o
[ 18%] Building RCCLDEV object src/CMakeFiles/rccl_device_gfx950.dir/__/hipify/gensrc/specialized/specialized_allreduce_tree_ll_sum_f8e5m2_0_0_1.o
[ 18%] Building RCCLDEV object src/CMakeFiles/rccl_device_gfx950.dir/__/hipify/gensrc/specialized/specialized_allreduce_tree_ll_sum_f8e5m2_1_0_1.o
[ 18%] Building RCCLDEV object src/CMakeFiles/rccl_device_gfx950.dir/__/hipify/gensrc/specialized/specialized_allreduce_tree_ll_prod_f8e4m3_0_0_1.o
[ 18%] Building RCCLDEV object src/CMakeFiles/rccl_device_gfx950.dir/__/hipify/gensrc/specialized/specialized_allreduce_tree_ll_prod_f8e4m3_1_0_1.o
[ 18%] Building RCCLDEV object src/CMakeFiles/rccl_device_gfx950.dir/__/hipify/gensrc/specialized/specialized_allreduce_tree_ll_prod_f8e5m2_0_0_1.o
[ 18%] Building RCCLDEV object src/CMakeFiles/rccl_device_gfx950.dir/__/hipify/gensrc/specialized/specialized_allreduce_tree_ll_prod_f8e5m2_1_0_1.o
[ 18%] Building RCCLDEV object src/CMakeFiles/rccl_device_gfx950.dir/__/hipify/gensrc/specialized/specialized_allreduce_tree_ll_minmax_f8e4m3_0_0_1.o
[ 18%] Building RCCLDEV object src/CMakeFiles/rccl_device_gfx950.dir/__/hipify/gensrc/specialized/specialized_allreduce_tree_ll_minmax_f8e4m3_1_0_1.o
[ 18%] Building RCCLDEV object src/CMakeFiles/rccl_device_gfx950.dir/__/hipify/gensrc/specialized/specialized_allreduce_tree_ll_minmax_f8e5m2_0_0_1.o
[ 18%] Building RCCLDEV object src/CMakeFiles/rccl_device_gfx950.dir/__/hipify/gensrc/specialized/specialized_allreduce_tree_ll_minmax_f8e5m2_1_0_1.o
[ 18%] Building RCCLDEV object src/CMakeFiles/rccl_device_gfx950.dir/__/hipify/gensrc/specialized/specialized_allreduce_tree_ll_premulsum_f8e4m3_0_0_1.o
[ 18%] Building RCCLDEV object src/CMakeFiles/rccl_device_gfx950.dir/__/hipify/gensrc/specialized/specialized_allreduce_tree_ll_premulsum_f8e4m3_1_0_1.o
[ 18%] Building RCCLDEV object src/CMakeFiles/rccl_device_gfx950.dir/__/hipify/gensrc/specialized/specialized_allreduce_tree_ll_premulsum_f8e5m2_0_0_1.o
[ 18%] Building RCCLDEV object src/CMakeFiles/rccl_device_gfx950.dir/__/hipify/gensrc/specialized/specialized_allreduce_tree_ll_premulsum_f8e5m2_1_0_1.o
[ 18%] Building RCCLDEV object src/CMakeFiles/rccl_device_gfx950.dir/__/hipify/gensrc/specialized/specialized_reduce_ring_ll_sum_f8e4m3_0_0_4.o
[ 18%] Building RCCLDEV object src/CMakeFiles/rccl_device_gfx950.dir/__/hipify/gensrc/specialized/specialized_reduce_ring_ll_sum_f8e5m2_0_0_4.o
[ 18%] Building RCCLDEV object src/CMakeFiles/rccl_device_gfx950.dir/__/hipify/gensrc/specialized/specialized_reduce_ring_ll_prod_f8e4m3_0_0_4.o
[ 18%] Building RCCLDEV object src/CMakeFiles/rccl_device_gfx950.dir/__/hipify/gensrc/specialized/specialized_reduce_ring_ll_prod_f8e5m2_0_0_4.o
[ 18%] Building RCCLDEV object src/CMakeFiles/rccl_device_gfx950.dir/__/hipify/gensrc/specialized/specialized_reduce_ring_ll_minmax_f8e4m3_0_0_4.o
[ 18%] Building RCCLDEV object src/CMakeFiles/rccl_device_gfx950.dir/__/hipify/gensrc/specialized/specialized_reduce_ring_ll_minmax_f8e5m2_0_0_4.o
[ 18%] Building RCCLDEV object src/CMakeFiles/rccl_device_gfx950.dir/__/hipify/gensrc/specialized/specialized_reduce_ring_ll_premulsum_f8e4m3_0_0_4.o
[ 18%] Building RCCLDEV object src/CMakeFiles/rccl_device_gfx950.dir/__/hipify/gensrc/specialized/specialized_reduce_ring_ll_premulsum_f8e5m2_0_0_4.o
[ 18%] Building RCCLDEV object src/CMakeFiles/rccl_device_gfx950.dir/__/hipify/gensrc/specialized/specialized_reducescatter_ring_ll_sum_f8e4m3_0_0_4.o
[ 18%] Building RCCLDEV object src/CMakeFiles/rccl_device_gfx950.dir/__/hipify/gensrc/specialized/specialized_reducescatter_ring_ll_sum_f8e5m2_0_0_4.o
[ 18%] Building RCCLDEV object src/CMakeFiles/rccl_device_gfx950.dir/__/hipify/gensrc/specialized/specialized_reducescatter_ring_ll_prod_f8e4m3_0_0_4.o
[ 18%] Building RCCLDEV object src/CMakeFiles/rccl_device_gfx950.dir/__/hipify/gensrc/specialized/specialized_reducescatter_ring_ll_prod_f8e5m2_0_0_4.o
[ 18%] Building RCCLDEV object src/CMakeFiles/rccl_device_gfx950.dir/__/hipify/gensrc/specialized/specialized_reducescatter_ring_ll_minmax_f8e4m3_0_0_4.o
[ 18%] Building RCCLDEV object src/CMakeFiles/rccl_device_gfx950.dir/__/hipify/gensrc/specialized/specialized_reducescatter_ring_ll_minmax_f8e5m2_0_0_4.o
[ 18%] Building RCCLDEV object src/CMakeFiles/rccl_device_gfx950.dir/__/hipify/gensrc/specialized/specialized_reducescatter_ring_ll_premulsum_f8e4m3_0_0_4.o
[ 18%] Building RCCLDEV object src/CMakeFiles/rccl_device_gfx950.dir/__/hipify/gensrc/specialized/specialized_reducescatter_ring_ll_premulsum_f8e5m2_0_0_4.o
[ 18%] Building RCCLDEV object src/CMakeFiles/rccl_device_gfx950.dir/__/hipify/gensrc/specialized/specialized_allreduce_ring_ll_sum_f8e4m3_0_0_4.o
[ 18%] Building RCCLDEV object src/CMakeFiles/rccl_device_gfx950.dir/__/hipify/gensrc/specialized/specialized_allreduce_ring_ll_sum_f8e4m3_1_0_4.o
[ 18%] Building RCCLDEV object src/CMakeFiles/rccl_device_gfx950.dir/__/hipify/gensrc/specialized/specialized_allreduce_ring_ll_sum_f8e5m2_0_0_4.o
[ 18%] Building RCCLDEV object src/CMakeFiles/rccl_device_gfx950.dir/__/hipify/gensrc/specialized/specialized_allreduce_ring_ll_sum_f8e5m2_1_0_4.o
[ 18%] Building RCCLDEV object src/CMakeFiles/rccl_device_gfx950.dir/__/hipify/gensrc/specialized/specialized_allreduce_ring_ll_prod_f8e4m3_0_0_4.o
[ 18%] Building RCCLDEV object src/CMakeFiles/rccl_device_gfx950.dir/__/hipify/gensrc/specialized/specialized_allreduce_ring_ll_prod_f8e4m3_1_0_4.o
[ 18%] Building RCCLDEV object src/CMakeFiles/rccl_device_gfx950.dir/__/hipify/gensrc/specialized/specialized_allreduce_ring_ll_prod_f8e5m2_0_0_4.o
[ 18%] Building RCCLDEV object src/CMakeFiles/rccl_device_gfx950.dir/__/hipify/gensrc/specialized/specialized_allreduce_ring_ll_prod_f8e5m2_1_0_4.o
[ 18%] Building RCCLDEV object src/CMakeFiles/rccl_device_gfx950.dir/__/hipify/gensrc/specialized/specialized_allreduce_ring_ll_minmax_f8e4m3_0_0_4.o
[ 18%] Building RCCLDEV object src/CMakeFiles/rccl_device_gfx950.dir/__/hipify/gensrc/specialized/specialized_allreduce_ring_ll_minmax_f8e4m3_1_0_4.o
[ 18%] Building RCCLDEV object src/CMakeFiles/rccl_device_gfx950.dir/__/hipify/gensrc/specialized/specialized_allreduce_ring_ll_minmax_f8e5m2_0_0_4.o
[ 18%] Building RCCLDEV object src/CMakeFiles/rccl_device_gfx950.dir/__/hipify/gensrc/specialized/specialized_allreduce_ring_ll_minmax_f8e5m2_1_0_4.o
[ 20%] Building RCCLDEV object src/CMakeFiles/rccl_device_gfx950.dir/__/hipify/gensrc/specialized/specialized_allreduce_ring_ll_premulsum_f8e4m3_0_0_4.o
[ 20%] Building RCCLDEV object src/CMakeFiles/rccl_device_gfx950.dir/__/hipify/gensrc/specialized/specialized_allreduce_ring_ll_premulsum_f8e5m2_1_0_4.o
[ 20%] Building RCCLDEV object src/CMakeFiles/rccl_device_gfx950.dir/__/hipify/gensrc/specialized/specialized_allreduce_ring_ll_premulsum_f8e4m3_1_0_4.o
[ 20%] Building RCCLDEV object src/CMakeFiles/rccl_device_gfx950.dir/__/hipify/gensrc/specialized/specialized_allreduce_ring_ll_premulsum_f8e5m2_0_0_4.o
[ 20%] Building RCCLDEV object src/CMakeFiles/rccl_device_gfx950.dir/__/hipify/gensrc/specialized/specialized_reduce_ring_ll_sum_f8e4m3_0_0_2.o
[ 20%] Building RCCLDEV object src/CMakeFiles/rccl_device_gfx950.dir/__/hipify/gensrc/specialized/specialized_reduce_ring_ll_sum_f8e5m2_0_0_2.o
[ 20%] Building RCCLDEV object src/CMakeFiles/rccl_device_gfx950.dir/__/hipify/gensrc/specialized/specialized_reduce_ring_ll_prod_f8e4m3_0_0_2.o
[ 20%] Building RCCLDEV object src/CMakeFiles/rccl_device_gfx950.dir/__/hipify/gensrc/specialized/specialized_reduce_ring_ll_prod_f8e5m2_0_0_2.o
[ 20%] Building RCCLDEV object src/CMakeFiles/rccl_device_gfx950.dir/__/hipify/gensrc/specialized/specialized_reduce_ring_ll_minmax_f8e4m3_0_0_2.o
[ 20%] Building RCCLDEV object src/CMakeFiles/rccl_device_gfx950.dir/__/hipify/gensrc/specialized/specialized_reduce_ring_ll_minmax_f8e5m2_0_0_2.o
[ 20%] Building RCCLDEV object src/CMakeFiles/rccl_device_gfx950.dir/__/hipify/gensrc/specialized/specialized_reduce_ring_ll_premulsum_f8e4m3_0_0_2.o
[ 20%] Building RCCLDEV object src/CMakeFiles/rccl_device_gfx950.dir/__/hipify/gensrc/specialized/specialized_reduce_ring_ll_premulsum_f8e5m2_0_0_2.o
[ 20%] Building RCCLDEV object src/CMakeFiles/rccl_device_gfx950.dir/__/hipify/gensrc/specialized/specialized_reducescatter_ring_ll_sum_f8e4m3_0_0_2.o
[ 20%] Building RCCLDEV object src/CMakeFiles/rccl_device_gfx950.dir/__/hipify/gensrc/specialized/specialized_reducescatter_ring_ll_sum_f8e5m2_0_0_2.o
[ 20%] Building RCCLDEV object src/CMakeFiles/rccl_device_gfx950.dir/__/hipify/gensrc/specialized/specialized_reducescatter_ring_ll_prod_f8e4m3_0_0_2.o
[ 20%] Building RCCLDEV object src/CMakeFiles/rccl_device_gfx950.dir/__/hipify/gensrc/specialized/specialized_reducescatter_ring_ll_prod_f8e5m2_0_0_2.o
[ 20%] Building RCCLDEV object src/CMakeFiles/rccl_device_gfx950.dir/__/hipify/gensrc/specialized/specialized_reducescatter_ring_ll_minmax_f8e4m3_0_0_2.o
[ 20%] Building RCCLDEV object src/CMakeFiles/rccl_device_gfx950.dir/__/hipify/gensrc/specialized/specialized_reducescatter_ring_ll_minmax_f8e5m2_0_0_2.o
[ 20%] Building RCCLDEV object src/CMakeFiles/rccl_device_gfx950.dir/__/hipify/gensrc/specialized/specialized_reducescatter_ring_ll_premulsum_f8e4m3_0_0_2.o
[ 20%] Building RCCLDEV object src/CMakeFiles/rccl_device_gfx950.dir/__/hipify/gensrc/specialized/specialized_reducescatter_ring_ll_premulsum_f8e5m2_0_0_2.o
[ 20%] Building RCCLDEV object src/CMakeFiles/rccl_device_gfx950.dir/__/hipify/gensrc/specialized/specialized_allreduce_ring_ll_sum_f8e4m3_0_0_2.o
[ 20%] Building RCCLDEV object src/CMakeFiles/rccl_device_gfx950.dir/__/hipify/gensrc/specialized/specialized_allreduce_ring_ll_sum_f8e4m3_1_0_2.o
[ 20%] Building RCCLDEV object src/CMakeFiles/rccl_device_gfx950.dir/__/hipify/gensrc/specialized/specialized_allreduce_ring_ll_sum_f8e5m2_0_0_2.o
[ 20%] Building RCCLDEV object src/CMakeFiles/rccl_device_gfx950.dir/__/hipify/gensrc/specialized/specialized_allreduce_ring_ll_sum_f8e5m2_1_0_2.o
[ 20%] Building RCCLDEV object src/CMakeFiles/rccl_device_gfx950.dir/__/hipify/gensrc/specialized/specialized_allreduce_ring_ll_prod_f8e4m3_0_0_2.o
[ 20%] Building RCCLDEV object src/CMakeFiles/rccl_device_gfx950.dir/__/hipify/gensrc/specialized/specialized_allreduce_ring_ll_prod_f8e4m3_1_0_2.o
[ 20%] Building RCCLDEV object src/CMakeFiles/rccl_device_gfx950.dir/__/hipify/gensrc/specialized/specialized_allreduce_ring_ll_prod_f8e5m2_0_0_2.o
[ 20%] Building RCCLDEV object src/CMakeFiles/rccl_device_gfx950.dir/__/hipify/gensrc/specialized/specialized_allreduce_ring_ll_minmax_f8e4m3_0_0_2.o
[ 20%] Building RCCLDEV object src/CMakeFiles/rccl_device_gfx950.dir/__/hipify/gensrc/specialized/specialized_allreduce_ring_ll_prod_f8e5m2_1_0_2.o
[ 20%] Building RCCLDEV object src/CMakeFiles/rccl_device_gfx950.dir/__/hipify/gensrc/specialized/specialized_allreduce_ring_ll_minmax_f8e4m3_1_0_2.o
[ 20%] Building RCCLDEV object src/CMakeFiles/rccl_device_gfx950.dir/__/hipify/gensrc/specialized/specialized_allreduce_ring_ll_minmax_f8e5m2_0_0_2.o
[ 20%] Building RCCLDEV object src/CMakeFiles/rccl_device_gfx950.dir/__/hipify/gensrc/specialized/specialized_allreduce_ring_ll_minmax_f8e5m2_1_0_2.o
[ 20%] Building RCCLDEV object src/CMakeFiles/rccl_device_gfx950.dir/__/hipify/gensrc/specialized/specialized_allreduce_ring_ll_premulsum_f8e4m3_0_0_2.o
[ 20%] Building RCCLDEV object src/CMakeFiles/rccl_device_gfx950.dir/__/hipify/gensrc/specialized/specialized_allreduce_ring_ll_premulsum_f8e4m3_1_0_2.o
[ 20%] Building RCCLDEV object src/CMakeFiles/rccl_device_gfx950.dir/__/hipify/gensrc/specialized/specialized_allreduce_ring_ll_premulsum_f8e5m2_0_0_2.o
[ 20%] Building RCCLDEV object src/CMakeFiles/rccl_device_gfx950.dir/__/hipify/gensrc/specialized/specialized_allreduce_ring_ll_premulsum_f8e5m2_1_0_2.o
[ 20%] Building RCCLDEV object src/CMakeFiles/rccl_device_gfx950.dir/__/hipify/gensrc/specialized/specialized_reduce_ring_ll_sum_f8e4m3_0_0_1.o
[ 20%] Building RCCLDEV object src/CMakeFiles/rccl_device_gfx950.dir/__/hipify/gensrc/specialized/specialized_reduce_ring_ll_sum_f8e5m2_0_0_1.o
[ 20%] Building RCCLDEV object src/CMakeFiles/rccl_device_gfx950.dir/__/hipify/gensrc/specialized/specialized_reduce_ring_ll_prod_f8e4m3_0_0_1.o
[ 20%] Building RCCLDEV object src/CMakeFiles/rccl_device_gfx950.dir/__/hipify/gensrc/specialized/specialized_reduce_ring_ll_prod_f8e5m2_0_0_1.o
[ 20%] Building RCCLDEV object src/CMakeFiles/rccl_device_gfx950.dir/__/hipify/gensrc/specialized/specialized_reduce_ring_ll_minmax_f8e4m3_0_0_1.o
[ 20%] Building RCCLDEV object src/CMakeFiles/rccl_device_gfx950.dir/__/hipify/gensrc/specialized/specialized_reduce_ring_ll_minmax_f8e5m2_0_0_1.o
[ 20%] Building RCCLDEV object src/CMakeFiles/rccl_device_gfx950.dir/__/hipify/gensrc/specialized/specialized_reduce_ring_ll_premulsum_f8e4m3_0_0_1.o
[ 20%] Building RCCLDEV object src/CMakeFiles/rccl_device_gfx950.dir/__/hipify/gensrc/specialized/specialized_reduce_ring_ll_premulsum_f8e5m2_0_0_1.o
[ 20%] Building RCCLDEV object src/CMakeFiles/rccl_device_gfx950.dir/__/hipify/gensrc/specialized/specialized_reducescatter_ring_ll_sum_f8e5m2_0_0_1.o
[ 20%] Building RCCLDEV object src/CMakeFiles/rccl_device_gfx950.dir/__/hipify/gensrc/specialized/specialized_reducescatter_ring_ll_sum_f8e4m3_0_0_1.o
[ 20%] Building RCCLDEV object src/CMakeFiles/rccl_device_gfx950.dir/__/hipify/gensrc/specialized/specialized_reducescatter_ring_ll_prod_f8e4m3_0_0_1.o
[ 20%] Building RCCLDEV object src/CMakeFiles/rccl_device_gfx950.dir/__/hipify/gensrc/specialized/specialized_reducescatter_ring_ll_prod_f8e5m2_0_0_1.o
[ 20%] Building RCCLDEV object src/CMakeFiles/rccl_device_gfx950.dir/__/hipify/gensrc/specialized/specialized_reducescatter_ring_ll_minmax_f8e4m3_0_0_1.o
[ 20%] Building RCCLDEV object src/CMakeFiles/rccl_device_gfx950.dir/__/hipify/gensrc/specialized/specialized_reducescatter_ring_ll_minmax_f8e5m2_0_0_1.o
[ 20%] Building RCCLDEV object src/CMakeFiles/rccl_device_gfx950.dir/__/hipify/gensrc/specialized/specialized_reducescatter_ring_ll_premulsum_f8e4m3_0_0_1.o
[ 20%] Building RCCLDEV object src/CMakeFiles/rccl_device_gfx950.dir/__/hipify/gensrc/specialized/specialized_reducescatter_ring_ll_premulsum_f8e5m2_0_0_1.o
[ 20%] Building RCCLDEV object src/CMakeFiles/rccl_device_gfx950.dir/__/hipify/gensrc/specialized/specialized_allreduce_ring_ll_sum_f8e4m3_0_0_1.o
[ 20%] Building RCCLDEV object src/CMakeFiles/rccl_device_gfx950.dir/__/hipify/gensrc/specialized/specialized_allreduce_ring_ll_sum_f8e4m3_1_0_1.o
[ 20%] Building RCCLDEV object src/CMakeFiles/rccl_device_gfx950.dir/__/hipify/gensrc/specialized/specialized_allreduce_ring_ll_sum_f8e5m2_0_0_1.o
[ 20%] Building RCCLDEV object src/CMakeFiles/rccl_device_gfx950.dir/__/hipify/gensrc/specialized/specialized_allreduce_ring_ll_sum_f8e5m2_1_0_1.o
[ 20%] Building RCCLDEV object src/CMakeFiles/rccl_device_gfx950.dir/__/hipify/gensrc/specialized/specialized_allreduce_ring_ll_prod_f8e4m3_0_0_1.o
[ 20%] Building RCCLDEV object src/CMakeFiles/rccl_device_gfx950.dir/__/hipify/gensrc/specialized/specialized_allreduce_ring_ll_prod_f8e4m3_1_0_1.o
[ 20%] Building RCCLDEV object src/CMakeFiles/rccl_device_gfx950.dir/__/hipify/gensrc/specialized/specialized_allreduce_ring_ll_prod_f8e5m2_0_0_1.o
[ 20%] Building RCCLDEV object src/CMakeFiles/rccl_device_gfx950.dir/__/hipify/gensrc/specialized/specialized_allreduce_ring_ll_prod_f8e5m2_1_0_1.o
[ 20%] Building RCCLDEV object src/CMakeFiles/rccl_device_gfx950.dir/__/hipify/gensrc/specialized/specialized_allreduce_ring_ll_minmax_f8e4m3_0_0_1.o
[ 20%] Building RCCLDEV object src/CMakeFiles/rccl_device_gfx950.dir/__/hipify/gensrc/specialized/specialized_allreduce_ring_ll_minmax_f8e4m3_1_0_1.o
[ 20%] Building RCCLDEV object src/CMakeFiles/rccl_device_gfx950.dir/__/hipify/gensrc/specialized/specialized_allreduce_ring_ll_minmax_f8e5m2_0_0_1.o
[ 22%] Building RCCLDEV object src/CMakeFiles/rccl_device_gfx950.dir/__/hipify/gensrc/specialized/specialized_allreduce_ring_ll_minmax_f8e5m2_1_0_1.o
[ 22%] Building RCCLDEV object src/CMakeFiles/rccl_device_gfx950.dir/__/hipify/gensrc/specialized/specialized_allreduce_ring_ll_premulsum_f8e4m3_0_0_1.o
[ 22%] Building RCCLDEV object src/CMakeFiles/rccl_device_gfx950.dir/__/hipify/gensrc/specialized/specialized_allreduce_ring_ll_premulsum_f8e4m3_1_0_1.o
[ 22%] Building RCCLDEV object src/CMakeFiles/rccl_device_gfx950.dir/__/hipify/gensrc/specialized/specialized_allreduce_ring_ll_premulsum_f8e5m2_0_0_1.o
[ 22%] Building RCCLDEV object src/CMakeFiles/rccl_device_gfx950.dir/__/hipify/gensrc/specialized/specialized_allreduce_ring_ll_premulsum_f8e5m2_1_0_1.o
[ 22%] Building RCCLDEV object src/CMakeFiles/rccl_device_gfx950.dir/__/hipify/gensrc/specialized/specialized_reducescatter_pat_ll_sum_f8e4m3_0_0_4.o
[ 22%] Building RCCLDEV object src/CMakeFiles/rccl_device_gfx950.dir/__/hipify/gensrc/specialized/specialized_reducescatter_pat_ll_sum_f8e5m2_0_0_4.o
[ 22%] Building RCCLDEV object src/CMakeFiles/rccl_device_gfx950.dir/__/hipify/gensrc/specialized/specialized_reducescatter_pat_ll_prod_f8e4m3_0_0_4.o
[ 22%] Building RCCLDEV object src/CMakeFiles/rccl_device_gfx950.dir/__/hipify/gensrc/specialized/specialized_reducescatter_pat_ll_prod_f8e5m2_0_0_4.o
[ 22%] Building RCCLDEV object src/CMakeFiles/rccl_device_gfx950.dir/__/hipify/gensrc/specialized/specialized_reducescatter_pat_ll_minmax_f8e4m3_0_0_4.o
[ 22%] Building RCCLDEV object src/CMakeFiles/rccl_device_gfx950.dir/__/hipify/gensrc/specialized/specialized_reducescatter_pat_ll_minmax_f8e5m2_0_0_4.o
[ 22%] Building RCCLDEV object src/CMakeFiles/rccl_device_gfx950.dir/__/hipify/gensrc/specialized/specialized_reducescatter_pat_ll_premulsum_f8e4m3_0_0_4.o
[ 22%] Building RCCLDEV object src/CMakeFiles/rccl_device_gfx950.dir/__/hipify/gensrc/specialized/specialized_reducescatter_pat_ll_premulsum_f8e5m2_0_0_4.o
[ 22%] Building RCCLDEV object src/CMakeFiles/rccl_device_gfx950.dir/__/hipify/gensrc/specialized/specialized_reducescatter_pat_ll_sum_f8e4m3_0_0_2.o
[ 22%] Building RCCLDEV object src/CMakeFiles/rccl_device_gfx950.dir/__/hipify/gensrc/specialized/specialized_reducescatter_pat_ll_sum_f8e5m2_0_0_2.o
[ 22%] Building RCCLDEV object src/CMakeFiles/rccl_device_gfx950.dir/__/hipify/gensrc/specialized/specialized_reducescatter_pat_ll_prod_f8e4m3_0_0_2.o
[ 22%] Building RCCLDEV object src/CMakeFiles/rccl_device_gfx950.dir/__/hipify/gensrc/specialized/specialized_reducescatter_pat_ll_prod_f8e5m2_0_0_2.o
[ 22%] Building RCCLDEV object src/CMakeFiles/rccl_device_gfx950.dir/__/hipify/gensrc/specialized/specialized_reducescatter_pat_ll_minmax_f8e4m3_0_0_2.o
[ 22%] Building RCCLDEV object src/CMakeFiles/rccl_device_gfx950.dir/__/hipify/gensrc/specialized/specialized_reducescatter_pat_ll_minmax_f8e5m2_0_0_2.o
[ 22%] Building RCCLDEV object src/CMakeFiles/rccl_device_gfx950.dir/__/hipify/gensrc/specialized/specialized_reducescatter_pat_ll_premulsum_f8e4m3_0_0_2.o
[ 22%] Building RCCLDEV object src/CMakeFiles/rccl_device_gfx950.dir/__/hipify/gensrc/specialized/specialized_reducescatter_pat_ll_premulsum_f8e5m2_0_0_2.o
[ 22%] Building RCCLDEV object src/CMakeFiles/rccl_device_gfx950.dir/__/hipify/gensrc/specialized/specialized_reducescatter_pat_ll_sum_f8e4m3_0_0_1.o
[ 22%] Building RCCLDEV object src/CMakeFiles/rccl_device_gfx950.dir/__/hipify/gensrc/specialized/specialized_reducescatter_pat_ll_sum_f8e5m2_0_0_1.o
[ 22%] Building RCCLDEV object src/CMakeFiles/rccl_device_gfx950.dir/__/hipify/gensrc/specialized/specialized_reducescatter_pat_ll_prod_f8e4m3_0_0_1.o
[ 22%] Building RCCLDEV object src/CMakeFiles/rccl_device_gfx950.dir/__/hipify/gensrc/specialized/specialized_reducescatter_pat_ll_prod_f8e5m2_0_0_1.o
[ 22%] Building RCCLDEV object src/CMakeFiles/rccl_device_gfx950.dir/__/hipify/gensrc/specialized/specialized_reducescatter_pat_ll_minmax_f8e4m3_0_0_1.o
[ 22%] Building RCCLDEV object src/CMakeFiles/rccl_device_gfx950.dir/__/hipify/gensrc/specialized/specialized_reducescatter_pat_ll_minmax_f8e5m2_0_0_1.o
[ 22%] Building RCCLDEV object src/CMakeFiles/rccl_device_gfx950.dir/__/hipify/gensrc/specialized/specialized_reducescatter_pat_ll_premulsum_f8e4m3_0_0_1.o
[ 22%] Building RCCLDEV object src/CMakeFiles/rccl_device_gfx950.dir/__/hipify/gensrc/specialized/specialized_reducescatter_pat_ll_premulsum_f8e5m2_0_0_1.o
[ 22%] Building RCCLDEV object src/CMakeFiles/rccl_device_gfx950.dir/__/hipify/gensrc/specialized/specialized_allreduce_tree_ll128_sum_f8e4m3_0_0_4.o
[ 22%] Building RCCLDEV object src/CMakeFiles/rccl_device_gfx950.dir/__/hipify/gensrc/specialized/specialized_allreduce_tree_ll128_sum_f8e4m3_1_0_4.o
[ 22%] Building RCCLDEV object src/CMakeFiles/rccl_device_gfx950.dir/__/hipify/gensrc/specialized/specialized_allreduce_tree_ll128_sum_f8e5m2_0_0_4.o
[ 22%] Building RCCLDEV object src/CMakeFiles/rccl_device_gfx950.dir/__/hipify/gensrc/specialized/specialized_allreduce_tree_ll128_sum_f8e5m2_1_0_4.o
[ 22%] Building RCCLDEV object src/CMakeFiles/rccl_device_gfx950.dir/__/hipify/gensrc/specialized/specialized_allreduce_tree_ll128_prod_f8e4m3_0_0_4.o
[ 22%] Building RCCLDEV object src/CMakeFiles/rccl_device_gfx950.dir/__/hipify/gensrc/specialized/specialized_allreduce_tree_ll128_prod_f8e4m3_1_0_4.o
[ 22%] Building RCCLDEV object src/CMakeFiles/rccl_device_gfx950.dir/__/hipify/gensrc/specialized/specialized_allreduce_tree_ll128_prod_f8e5m2_0_0_4.o
[ 22%] Building RCCLDEV object src/CMakeFiles/rccl_device_gfx950.dir/__/hipify/gensrc/specialized/specialized_allreduce_tree_ll128_minmax_f8e4m3_0_0_4.o
[ 22%] Building RCCLDEV object src/CMakeFiles/rccl_device_gfx950.dir/__/hipify/gensrc/specialized/specialized_allreduce_tree_ll128_prod_f8e5m2_1_0_4.o
[ 22%] Building RCCLDEV object src/CMakeFiles/rccl_device_gfx950.dir/__/hipify/gensrc/specialized/specialized_allreduce_tree_ll128_minmax_f8e4m3_1_0_4.o
[ 22%] Building RCCLDEV object src/CMakeFiles/rccl_device_gfx950.dir/__/hipify/gensrc/specialized/specialized_allreduce_tree_ll128_minmax_f8e5m2_0_0_4.o
[ 22%] Building RCCLDEV object src/CMakeFiles/rccl_device_gfx950.dir/__/hipify/gensrc/specialized/specialized_allreduce_tree_ll128_minmax_f8e5m2_1_0_4.o
[ 22%] Building RCCLDEV object src/CMakeFiles/rccl_device_gfx950.dir/__/hipify/gensrc/specialized/specialized_allreduce_tree_ll128_premulsum_f8e4m3_0_0_4.o
[ 22%] Building RCCLDEV object src/CMakeFiles/rccl_device_gfx950.dir/__/hipify/gensrc/specialized/specialized_allreduce_tree_ll128_premulsum_f8e4m3_1_0_4.o
[ 22%] Building RCCLDEV object src/CMakeFiles/rccl_device_gfx950.dir/__/hipify/gensrc/specialized/specialized_allreduce_tree_ll128_premulsum_f8e5m2_0_0_4.o
[ 22%] Building RCCLDEV object src/CMakeFiles/rccl_device_gfx950.dir/__/hipify/gensrc/specialized/specialized_allreduce_tree_ll128_premulsum_f8e5m2_1_0_4.o
[ 22%] Building RCCLDEV object src/CMakeFiles/rccl_device_gfx950.dir/__/hipify/gensrc/specialized/specialized_allreduce_tree_ll128_sum_f8e4m3_0_0_2.o
[ 22%] Building RCCLDEV object src/CMakeFiles/rccl_device_gfx950.dir/__/hipify/gensrc/specialized/specialized_allreduce_tree_ll128_sum_f8e4m3_1_0_2.o
[ 22%] Building RCCLDEV object src/CMakeFiles/rccl_device_gfx950.dir/__/hipify/gensrc/specialized/specialized_allreduce_tree_ll128_sum_f8e5m2_0_0_2.o
[ 22%] Building RCCLDEV object src/CMakeFiles/rccl_device_gfx950.dir/__/hipify/gensrc/specialized/specialized_allreduce_tree_ll128_sum_f8e5m2_1_0_2.o
[ 22%] Building RCCLDEV object src/CMakeFiles/rccl_device_gfx950.dir/__/hipify/gensrc/specialized/specialized_allreduce_tree_ll128_prod_f8e4m3_0_0_2.o
[ 22%] Building RCCLDEV object src/CMakeFiles/rccl_device_gfx950.dir/__/hipify/gensrc/specialized/specialized_allreduce_tree_ll128_prod_f8e4m3_1_0_2.o
[ 22%] Building RCCLDEV object src/CMakeFiles/rccl_device_gfx950.dir/__/hipify/gensrc/specialized/specialized_allreduce_tree_ll128_prod_f8e5m2_0_0_2.o
[ 22%] Building RCCLDEV object src/CMakeFiles/rccl_device_gfx950.dir/__/hipify/gensrc/specialized/specialized_allreduce_tree_ll128_prod_f8e5m2_1_0_2.o
[ 22%] Building RCCLDEV object src/CMakeFiles/rccl_device_gfx950.dir/__/hipify/gensrc/specialized/specialized_allreduce_tree_ll128_minmax_f8e4m3_0_0_2.o
[ 22%] Building RCCLDEV object src/CMakeFiles/rccl_device_gfx950.dir/__/hipify/gensrc/specialized/specialized_allreduce_tree_ll128_minmax_f8e4m3_1_0_2.o
[ 22%] Building RCCLDEV object src/CMakeFiles/rccl_device_gfx950.dir/__/hipify/gensrc/specialized/specialized_allreduce_tree_ll128_minmax_f8e5m2_0_0_2.o
[ 22%] Building RCCLDEV object src/CMakeFiles/rccl_device_gfx950.dir/__/hipify/gensrc/specialized/specialized_allreduce_tree_ll128_minmax_f8e5m2_1_0_2.o
[ 22%] Building RCCLDEV object src/CMakeFiles/rccl_device_gfx950.dir/__/hipify/gensrc/specialized/specialized_allreduce_tree_ll128_premulsum_f8e4m3_0_0_2.o
[ 22%] Building RCCLDEV object src/CMakeFiles/rccl_device_gfx950.dir/__/hipify/gensrc/specialized/specialized_allreduce_tree_ll128_premulsum_f8e4m3_1_0_2.o
[ 22%] Building RCCLDEV object src/CMakeFiles/rccl_device_gfx950.dir/__/hipify/gensrc/specialized/specialized_allreduce_tree_ll128_premulsum_f8e5m2_0_0_2.o
[ 22%] Building RCCLDEV object src/CMakeFiles/rccl_device_gfx950.dir/__/hipify/gensrc/specialized/specialized_allreduce_tree_ll128_premulsum_f8e5m2_1_0_2.o
[ 22%] Building RCCLDEV object src/CMakeFiles/rccl_device_gfx950.dir/__/hipify/gensrc/specialized/specialized_allreduce_tree_ll128_sum_f8e4m3_0_0_1.o
[ 22%] Building RCCLDEV object src/CMakeFiles/rccl_device_gfx950.dir/__/hipify/gensrc/specialized/specialized_allreduce_tree_ll128_sum_f8e4m3_1_0_1.o
[ 23%] Building RCCLDEV object src/CMakeFiles/rccl_device_gfx950.dir/__/hipify/gensrc/specialized/specialized_allreduce_tree_ll128_sum_f8e5m2_1_0_1.o
[ 23%] Building RCCLDEV object src/CMakeFiles/rccl_device_gfx950.dir/__/hipify/gensrc/specialized/specialized_allreduce_tree_ll128_sum_f8e5m2_0_0_1.o
[ 23%] Building RCCLDEV object src/CMakeFiles/rccl_device_gfx950.dir/__/hipify/gensrc/specialized/specialized_allreduce_tree_ll128_prod_f8e4m3_0_0_1.o
[ 23%] Building RCCLDEV object src/CMakeFiles/rccl_device_gfx950.dir/__/hipify/gensrc/specialized/specialized_allreduce_tree_ll128_prod_f8e5m2_0_0_1.o
[ 23%] Building RCCLDEV object src/CMakeFiles/rccl_device_gfx950.dir/__/hipify/gensrc/specialized/specialized_allreduce_tree_ll128_prod_f8e5m2_1_0_1.o
[ 23%] Building RCCLDEV object src/CMakeFiles/rccl_device_gfx950.dir/__/hipify/gensrc/specialized/specialized_allreduce_tree_ll128_prod_f8e4m3_1_0_1.o
[ 23%] Building RCCLDEV object src/CMakeFiles/rccl_device_gfx950.dir/__/hipify/gensrc/specialized/specialized_allreduce_tree_ll128_minmax_f8e4m3_0_0_1.o
[ 23%] Building RCCLDEV object src/CMakeFiles/rccl_device_gfx950.dir/__/hipify/gensrc/specialized/specialized_allreduce_tree_ll128_minmax_f8e4m3_1_0_1.o
[ 23%] Building RCCLDEV object src/CMakeFiles/rccl_device_gfx950.dir/__/hipify/gensrc/specialized/specialized_allreduce_tree_ll128_minmax_f8e5m2_0_0_1.o
[ 23%] Building RCCLDEV object src/CMakeFiles/rccl_device_gfx950.dir/__/hipify/gensrc/specialized/specialized_allreduce_tree_ll128_minmax_f8e5m2_1_0_1.o
[ 23%] Building RCCLDEV object src/CMakeFiles/rccl_device_gfx950.dir/__/hipify/gensrc/specialized/specialized_allreduce_tree_ll128_premulsum_f8e4m3_1_0_1.o
[ 23%] Building RCCLDEV object src/CMakeFiles/rccl_device_gfx950.dir/__/hipify/gensrc/specialized/specialized_allreduce_tree_ll128_premulsum_f8e4m3_0_0_1.o
[ 23%] Building RCCLDEV object src/CMakeFiles/rccl_device_gfx950.dir/__/hipify/gensrc/specialized/specialized_allreduce_tree_ll128_premulsum_f8e5m2_0_0_1.o
[ 23%] Building RCCLDEV object src/CMakeFiles/rccl_device_gfx950.dir/__/hipify/gensrc/specialized/specialized_allreduce_tree_ll128_premulsum_f8e5m2_1_0_1.o
[ 23%] Building RCCLDEV object src/CMakeFiles/rccl_device_gfx950.dir/__/hipify/gensrc/specialized/specialized_reduce_ring_ll128_sum_f8e4m3_0_0_4.o
[ 23%] Building RCCLDEV object src/CMakeFiles/rccl_device_gfx950.dir/__/hipify/gensrc/specialized/specialized_reduce_ring_ll128_sum_f8e5m2_0_0_4.o
[ 23%] Building RCCLDEV object src/CMakeFiles/rccl_device_gfx950.dir/__/hipify/gensrc/specialized/specialized_reduce_ring_ll128_prod_f8e4m3_0_0_4.o
[ 23%] Building RCCLDEV object src/CMakeFiles/rccl_device_gfx950.dir/__/hipify/gensrc/specialized/specialized_reduce_ring_ll128_prod_f8e5m2_0_0_4.o
[ 23%] Building RCCLDEV object src/CMakeFiles/rccl_device_gfx950.dir/__/hipify/gensrc/specialized/specialized_reduce_ring_ll128_minmax_f8e4m3_0_0_4.o
[ 23%] Building RCCLDEV object src/CMakeFiles/rccl_device_gfx950.dir/__/hipify/gensrc/specialized/specialized_reduce_ring_ll128_minmax_f8e5m2_0_0_4.o
[ 23%] Building RCCLDEV object src/CMakeFiles/rccl_device_gfx950.dir/__/hipify/gensrc/specialized/specialized_reduce_ring_ll128_premulsum_f8e4m3_0_0_4.o
[ 23%] Building RCCLDEV object src/CMakeFiles/rccl_device_gfx950.dir/__/hipify/gensrc/specialized/specialized_reduce_ring_ll128_premulsum_f8e5m2_0_0_4.o
[ 23%] Building RCCLDEV object src/CMakeFiles/rccl_device_gfx950.dir/__/hipify/gensrc/specialized/specialized_reducescatter_ring_ll128_sum_f8e4m3_0_0_4.o
[ 23%] Building RCCLDEV object src/CMakeFiles/rccl_device_gfx950.dir/__/hipify/gensrc/specialized/specialized_reducescatter_ring_ll128_sum_f8e5m2_0_0_4.o
[ 23%] Building RCCLDEV object src/CMakeFiles/rccl_device_gfx950.dir/__/hipify/gensrc/specialized/specialized_reducescatter_ring_ll128_prod_f8e5m2_0_0_4.o
[ 23%] Building RCCLDEV object src/CMakeFiles/rccl_device_gfx950.dir/__/hipify/gensrc/specialized/specialized_reducescatter_ring_ll128_prod_f8e4m3_0_0_4.o
[ 23%] Building RCCLDEV object src/CMakeFiles/rccl_device_gfx950.dir/__/hipify/gensrc/specialized/specialized_reducescatter_ring_ll128_minmax_f8e4m3_0_0_4.o
[ 23%] Building RCCLDEV object src/CMakeFiles/rccl_device_gfx950.dir/__/hipify/gensrc/specialized/specialized_reducescatter_ring_ll128_minmax_f8e5m2_0_0_4.o
[ 23%] Building RCCLDEV object src/CMakeFiles/rccl_device_gfx950.dir/__/hipify/gensrc/specialized/specialized_reducescatter_ring_ll128_premulsum_f8e4m3_0_0_4.o
[ 23%] Building RCCLDEV object src/CMakeFiles/rccl_device_gfx950.dir/__/hipify/gensrc/specialized/specialized_reducescatter_ring_ll128_premulsum_f8e5m2_0_0_4.o
[ 23%] Building RCCLDEV object src/CMakeFiles/rccl_device_gfx950.dir/__/hipify/gensrc/specialized/specialized_allreduce_ring_ll128_sum_f8e4m3_0_0_4.o
[ 23%] Building RCCLDEV object src/CMakeFiles/rccl_device_gfx950.dir/__/hipify/gensrc/specialized/specialized_allreduce_ring_ll128_sum_f8e4m3_1_0_4.o
[ 23%] Building RCCLDEV object src/CMakeFiles/rccl_device_gfx950.dir/__/hipify/gensrc/specialized/specialized_allreduce_ring_ll128_sum_f8e5m2_0_0_4.o
[ 23%] Building RCCLDEV object src/CMakeFiles/rccl_device_gfx950.dir/__/hipify/gensrc/specialized/specialized_allreduce_ring_ll128_sum_f8e5m2_1_0_4.o
[ 23%] Building RCCLDEV object src/CMakeFiles/rccl_device_gfx950.dir/__/hipify/gensrc/specialized/specialized_allreduce_ring_ll128_prod_f8e4m3_0_0_4.o
[ 23%] Building RCCLDEV object src/CMakeFiles/rccl_device_gfx950.dir/__/hipify/gensrc/specialized/specialized_allreduce_ring_ll128_prod_f8e4m3_1_0_4.o
[ 23%] Building RCCLDEV object src/CMakeFiles/rccl_device_gfx950.dir/__/hipify/gensrc/specialized/specialized_allreduce_ring_ll128_prod_f8e5m2_1_0_4.o
[ 23%] Building RCCLDEV object src/CMakeFiles/rccl_device_gfx950.dir/__/hipify/gensrc/specialized/specialized_allreduce_ring_ll128_prod_f8e5m2_0_0_4.o
[ 23%] Building RCCLDEV object src/CMakeFiles/rccl_device_gfx950.dir/__/hipify/gensrc/specialized/specialized_allreduce_ring_ll128_minmax_f8e4m3_0_0_4.o
[ 23%] Building RCCLDEV object src/CMakeFiles/rccl_device_gfx950.dir/__/hipify/gensrc/specialized/specialized_allreduce_ring_ll128_minmax_f8e4m3_1_0_4.o
[ 23%] Building RCCLDEV object src/CMakeFiles/rccl_device_gfx950.dir/__/hipify/gensrc/specialized/specialized_allreduce_ring_ll128_minmax_f8e5m2_0_0_4.o
[ 23%] Building RCCLDEV object src/CMakeFiles/rccl_device_gfx950.dir/__/hipify/gensrc/specialized/specialized_allreduce_ring_ll128_minmax_f8e5m2_1_0_4.o
[ 23%] Building RCCLDEV object src/CMakeFiles/rccl_device_gfx950.dir/__/hipify/gensrc/specialized/specialized_allreduce_ring_ll128_premulsum_f8e4m3_0_0_4.o
[ 23%] Building RCCLDEV object src/CMakeFiles/rccl_device_gfx950.dir/__/hipify/gensrc/specialized/specialized_allreduce_ring_ll128_premulsum_f8e4m3_1_0_4.o
[ 23%] Building RCCLDEV object src/CMakeFiles/rccl_device_gfx950.dir/__/hipify/gensrc/specialized/specialized_allreduce_ring_ll128_premulsum_f8e5m2_0_0_4.o
[ 23%] Building RCCLDEV object src/CMakeFiles/rccl_device_gfx950.dir/__/hipify/gensrc/specialized/specialized_allreduce_ring_ll128_premulsum_f8e5m2_1_0_4.o
[ 23%] Building RCCLDEV object src/CMakeFiles/rccl_device_gfx950.dir/__/hipify/gensrc/specialized/specialized_reduce_ring_ll128_sum_f8e4m3_0_0_2.o
[ 23%] Building RCCLDEV object src/CMakeFiles/rccl_device_gfx950.dir/__/hipify/gensrc/specialized/specialized_reduce_ring_ll128_sum_f8e5m2_0_0_2.o
[ 23%] Building RCCLDEV object src/CMakeFiles/rccl_device_gfx950.dir/__/hipify/gensrc/specialized/specialized_reduce_ring_ll128_prod_f8e4m3_0_0_2.o
[ 23%] Building RCCLDEV object src/CMakeFiles/rccl_device_gfx950.dir/__/hipify/gensrc/specialized/specialized_reduce_ring_ll128_prod_f8e5m2_0_0_2.o
[ 23%] Building RCCLDEV object src/CMakeFiles/rccl_device_gfx950.dir/__/hipify/gensrc/specialized/specialized_reduce_ring_ll128_minmax_f8e4m3_0_0_2.o
[ 23%] Building RCCLDEV object src/CMakeFiles/rccl_device_gfx950.dir/__/hipify/gensrc/specialized/specialized_reduce_ring_ll128_minmax_f8e5m2_0_0_2.o
[ 23%] Building RCCLDEV object src/CMakeFiles/rccl_device_gfx950.dir/__/hipify/gensrc/specialized/specialized_reduce_ring_ll128_premulsum_f8e4m3_0_0_2.o
[ 23%] Building RCCLDEV object src/CMakeFiles/rccl_device_gfx950.dir/__/hipify/gensrc/specialized/specialized_reduce_ring_ll128_premulsum_f8e5m2_0_0_2.o
[ 23%] Building RCCLDEV object src/CMakeFiles/rccl_device_gfx950.dir/__/hipify/gensrc/specialized/specialized_reducescatter_ring_ll128_sum_f8e4m3_0_0_2.o
[ 23%] Building RCCLDEV object src/CMakeFiles/rccl_device_gfx950.dir/__/hipify/gensrc/specialized/specialized_reducescatter_ring_ll128_sum_f8e5m2_0_0_2.o
[ 23%] Building RCCLDEV object src/CMakeFiles/rccl_device_gfx950.dir/__/hipify/gensrc/specialized/specialized_reducescatter_ring_ll128_prod_f8e4m3_0_0_2.o
[ 23%] Building RCCLDEV object src/CMakeFiles/rccl_device_gfx950.dir/__/hipify/gensrc/specialized/specialized_reducescatter_ring_ll128_prod_f8e5m2_0_0_2.o
[ 23%] Building RCCLDEV object src/CMakeFiles/rccl_device_gfx950.dir/__/hipify/gensrc/specialized/specialized_reducescatter_ring_ll128_minmax_f8e4m3_0_0_2.o
[ 23%] Building RCCLDEV object src/CMakeFiles/rccl_device_gfx950.dir/__/hipify/gensrc/specialized/specialized_reducescatter_ring_ll128_minmax_f8e5m2_0_0_2.o
[ 23%] Building RCCLDEV object src/CMakeFiles/rccl_device_gfx950.dir/__/hipify/gensrc/specialized/specialized_reducescatter_ring_ll128_premulsum_f8e4m3_0_0_2.o
[ 23%] Building RCCLDEV object src/CMakeFiles/rccl_device_gfx950.dir/__/hipify/gensrc/specialized/specialized_reducescatter_ring_ll128_premulsum_f8e5m2_0_0_2.o
[ 23%] Building RCCLDEV object src/CMakeFiles/rccl_device_gfx950.dir/__/hipify/gensrc/specialized/specialized_allreduce_ring_ll128_sum_f8e4m3_0_0_2.o
[ 23%] Building RCCLDEV object src/CMakeFiles/rccl_device_gfx950.dir/__/hipify/gensrc/specialized/specialized_allreduce_ring_ll128_sum_f8e5m2_0_0_2.o
[ 25%] Building RCCLDEV object src/CMakeFiles/rccl_device_gfx950.dir/__/hipify/gensrc/specialized/specialized_allreduce_ring_ll128_sum_f8e4m3_1_0_2.o
[ 25%] Building RCCLDEV object src/CMakeFiles/rccl_device_gfx950.dir/__/hipify/gensrc/specialized/specialized_allreduce_ring_ll128_sum_f8e5m2_1_0_2.o
[ 25%] Building RCCLDEV object src/CMakeFiles/rccl_device_gfx950.dir/__/hipify/gensrc/specialized/specialized_allreduce_ring_ll128_prod_f8e4m3_0_0_2.o
[ 25%] Building RCCLDEV object src/CMakeFiles/rccl_device_gfx950.dir/__/hipify/gensrc/specialized/specialized_allreduce_ring_ll128_prod_f8e4m3_1_0_2.o
[ 25%] Building RCCLDEV object src/CMakeFiles/rccl_device_gfx950.dir/__/hipify/gensrc/specialized/specialized_allreduce_ring_ll128_prod_f8e5m2_0_0_2.o
[ 25%] Building RCCLDEV object src/CMakeFiles/rccl_device_gfx950.dir/__/hipify/gensrc/specialized/specialized_allreduce_ring_ll128_prod_f8e5m2_1_0_2.o
[ 25%] Building RCCLDEV object src/CMakeFiles/rccl_device_gfx950.dir/__/hipify/gensrc/specialized/specialized_allreduce_ring_ll128_minmax_f8e4m3_0_0_2.o
[ 25%] Building RCCLDEV object src/CMakeFiles/rccl_device_gfx950.dir/__/hipify/gensrc/specialized/specialized_allreduce_ring_ll128_minmax_f8e4m3_1_0_2.o
[ 25%] Building RCCLDEV object src/CMakeFiles/rccl_device_gfx950.dir/__/hipify/gensrc/specialized/specialized_allreduce_ring_ll128_minmax_f8e5m2_0_0_2.o
[ 25%] Building RCCLDEV object src/CMakeFiles/rccl_device_gfx950.dir/__/hipify/gensrc/specialized/specialized_allreduce_ring_ll128_minmax_f8e5m2_1_0_2.o
[ 25%] Building RCCLDEV object src/CMakeFiles/rccl_device_gfx950.dir/__/hipify/gensrc/specialized/specialized_allreduce_ring_ll128_premulsum_f8e4m3_0_0_2.o
[ 25%] Building RCCLDEV object src/CMakeFiles/rccl_device_gfx950.dir/__/hipify/gensrc/specialized/specialized_allreduce_ring_ll128_premulsum_f8e4m3_1_0_2.o
[ 25%] Building RCCLDEV object src/CMakeFiles/rccl_device_gfx950.dir/__/hipify/gensrc/specialized/specialized_allreduce_ring_ll128_premulsum_f8e5m2_0_0_2.o
[ 25%] Building RCCLDEV object src/CMakeFiles/rccl_device_gfx950.dir/__/hipify/gensrc/specialized/specialized_reduce_ring_ll128_sum_f8e4m3_0_0_1.o
[ 25%] Building RCCLDEV object src/CMakeFiles/rccl_device_gfx950.dir/__/hipify/gensrc/specialized/specialized_allreduce_ring_ll128_premulsum_f8e5m2_1_0_2.o
[ 25%] Building RCCLDEV object src/CMakeFiles/rccl_device_gfx950.dir/__/hipify/gensrc/specialized/specialized_reduce_ring_ll128_sum_f8e5m2_0_0_1.o
[ 25%] Building RCCLDEV object src/CMakeFiles/rccl_device_gfx950.dir/__/hipify/gensrc/specialized/specialized_reduce_ring_ll128_prod_f8e4m3_0_0_1.o
[ 25%] Building RCCLDEV object src/CMakeFiles/rccl_device_gfx950.dir/__/hipify/gensrc/specialized/specialized_reduce_ring_ll128_prod_f8e5m2_0_0_1.o
[ 25%] Building RCCLDEV object src/CMakeFiles/rccl_device_gfx950.dir/__/hipify/gensrc/specialized/specialized_reduce_ring_ll128_minmax_f8e4m3_0_0_1.o
[ 25%] Building RCCLDEV object src/CMakeFiles/rccl_device_gfx950.dir/__/hipify/gensrc/specialized/specialized_reduce_ring_ll128_minmax_f8e5m2_0_0_1.o
[ 25%] Building RCCLDEV object src/CMakeFiles/rccl_device_gfx950.dir/__/hipify/gensrc/specialized/specialized_reduce_ring_ll128_premulsum_f8e4m3_0_0_1.o
[ 25%] Building RCCLDEV object src/CMakeFiles/rccl_device_gfx950.dir/__/hipify/gensrc/specialized/specialized_reduce_ring_ll128_premulsum_f8e5m2_0_0_1.o
[ 25%] Building RCCLDEV object src/CMakeFiles/rccl_device_gfx950.dir/__/hipify/gensrc/specialized/specialized_reducescatter_ring_ll128_sum_f8e4m3_0_0_1.o
[ 25%] Building RCCLDEV object src/CMakeFiles/rccl_device_gfx950.dir/__/hipify/gensrc/specialized/specialized_reducescatter_ring_ll128_sum_f8e5m2_0_0_1.o
[ 25%] Building RCCLDEV object src/CMakeFiles/rccl_device_gfx950.dir/__/hipify/gensrc/specialized/specialized_reducescatter_ring_ll128_prod_f8e4m3_0_0_1.o
[ 25%] Building RCCLDEV object src/CMakeFiles/rccl_device_gfx950.dir/__/hipify/gensrc/specialized/specialized_reducescatter_ring_ll128_prod_f8e5m2_0_0_1.o
[ 25%] Building RCCLDEV object src/CMakeFiles/rccl_device_gfx950.dir/__/hipify/gensrc/specialized/specialized_reducescatter_ring_ll128_minmax_f8e4m3_0_0_1.o
[ 25%] Building RCCLDEV object src/CMakeFiles/rccl_device_gfx950.dir/__/hipify/gensrc/specialized/specialized_reducescatter_ring_ll128_minmax_f8e5m2_0_0_1.o
[ 25%] Building RCCLDEV object src/CMakeFiles/rccl_device_gfx950.dir/__/hipify/gensrc/specialized/specialized_reducescatter_ring_ll128_premulsum_f8e4m3_0_0_1.o
[ 25%] Building RCCLDEV object src/CMakeFiles/rccl_device_gfx950.dir/__/hipify/gensrc/specialized/specialized_reducescatter_ring_ll128_premulsum_f8e5m2_0_0_1.o
[ 25%] Building RCCLDEV object src/CMakeFiles/rccl_device_gfx950.dir/__/hipify/gensrc/specialized/specialized_allreduce_ring_ll128_sum_f8e4m3_0_0_1.o
[ 25%] Building RCCLDEV object src/CMakeFiles/rccl_device_gfx950.dir/__/hipify/gensrc/specialized/specialized_allreduce_ring_ll128_sum_f8e4m3_1_0_1.o
[ 25%] Building RCCLDEV object src/CMakeFiles/rccl_device_gfx950.dir/__/hipify/gensrc/specialized/specialized_allreduce_ring_ll128_sum_f8e5m2_0_0_1.o
[ 25%] Building RCCLDEV object src/CMakeFiles/rccl_device_gfx950.dir/__/hipify/gensrc/specialized/specialized_allreduce_ring_ll128_sum_f8e5m2_1_0_1.o
[ 25%] Building RCCLDEV object src/CMakeFiles/rccl_device_gfx950.dir/__/hipify/gensrc/specialized/specialized_allreduce_ring_ll128_prod_f8e4m3_0_0_1.o
[ 25%] Building RCCLDEV object src/CMakeFiles/rccl_device_gfx950.dir/__/hipify/gensrc/specialized/specialized_allreduce_ring_ll128_prod_f8e4m3_1_0_1.o
[ 25%] Building RCCLDEV object src/CMakeFiles/rccl_device_gfx950.dir/__/hipify/gensrc/specialized/specialized_allreduce_ring_ll128_prod_f8e5m2_0_0_1.o
[ 25%] Building RCCLDEV object src/CMakeFiles/rccl_device_gfx950.dir/__/hipify/gensrc/specialized/specialized_allreduce_ring_ll128_prod_f8e5m2_1_0_1.o
[ 25%] Building RCCLDEV object src/CMakeFiles/rccl_device_gfx950.dir/__/hipify/gensrc/specialized/specialized_allreduce_ring_ll128_minmax_f8e4m3_0_0_1.o
[ 25%] Building RCCLDEV object src/CMakeFiles/rccl_device_gfx950.dir/__/hipify/gensrc/specialized/specialized_allreduce_ring_ll128_minmax_f8e4m3_1_0_1.o
[ 25%] Building RCCLDEV object src/CMakeFiles/rccl_device_gfx950.dir/__/hipify/gensrc/specialized/specialized_allreduce_ring_ll128_minmax_f8e5m2_0_0_1.o
[ 25%] Building RCCLDEV object src/CMakeFiles/rccl_device_gfx950.dir/__/hipify/gensrc/specialized/specialized_allreduce_ring_ll128_minmax_f8e5m2_1_0_1.o
[ 25%] Building RCCLDEV object src/CMakeFiles/rccl_device_gfx950.dir/__/hipify/gensrc/specialized/specialized_allreduce_ring_ll128_premulsum_f8e4m3_0_0_1.o
[ 25%] Building RCCLDEV object src/CMakeFiles/rccl_device_gfx950.dir/__/hipify/gensrc/specialized/specialized_allreduce_ring_ll128_premulsum_f8e4m3_1_0_1.o
[ 25%] Building RCCLDEV object src/CMakeFiles/rccl_device_gfx950.dir/__/hipify/gensrc/specialized/specialized_allreduce_ring_ll128_premulsum_f8e5m2_0_0_1.o
[ 25%] Building RCCLDEV object src/CMakeFiles/rccl_device_gfx950.dir/__/hipify/gensrc/specialized/specialized_allreduce_ring_ll128_premulsum_f8e5m2_1_0_1.o
[ 25%] Building RCCLDEV object src/CMakeFiles/rccl_device_gfx950.dir/__/hipify/gensrc/specialized/specialized_reducescatter_pat_ll128_sum_f8e4m3_0_0_4.o
[ 25%] Building RCCLDEV object src/CMakeFiles/rccl_device_gfx950.dir/__/hipify/gensrc/specialized/specialized_reducescatter_pat_ll128_sum_f8e5m2_0_0_4.o
[ 25%] Building RCCLDEV object src/CMakeFiles/rccl_device_gfx950.dir/__/hipify/gensrc/specialized/specialized_reducescatter_pat_ll128_prod_f8e4m3_0_0_4.o
[ 25%] Building RCCLDEV object src/CMakeFiles/rccl_device_gfx950.dir/__/hipify/gensrc/specialized/specialized_reducescatter_pat_ll128_prod_f8e5m2_0_0_4.o
[ 25%] Building RCCLDEV object src/CMakeFiles/rccl_device_gfx950.dir/__/hipify/gensrc/specialized/specialized_reducescatter_pat_ll128_minmax_f8e4m3_0_0_4.o
[ 25%] Building RCCLDEV object src/CMakeFiles/rccl_device_gfx950.dir/__/hipify/gensrc/specialized/specialized_reducescatter_pat_ll128_minmax_f8e5m2_0_0_4.o
[ 25%] Building RCCLDEV object src/CMakeFiles/rccl_device_gfx950.dir/__/hipify/gensrc/specialized/specialized_reducescatter_pat_ll128_premulsum_f8e4m3_0_0_4.o
[ 25%] Building RCCLDEV object src/CMakeFiles/rccl_device_gfx950.dir/__/hipify/gensrc/specialized/specialized_reducescatter_pat_ll128_sum_f8e4m3_0_0_2.o
[ 25%] Building RCCLDEV object src/CMakeFiles/rccl_device_gfx950.dir/__/hipify/gensrc/specialized/specialized_reducescatter_pat_ll128_premulsum_f8e5m2_0_0_4.o
[ 25%] Building RCCLDEV object src/CMakeFiles/rccl_device_gfx950.dir/__/hipify/gensrc/specialized/specialized_reducescatter_pat_ll128_sum_f8e5m2_0_0_2.o
[ 25%] Building RCCLDEV object src/CMakeFiles/rccl_device_gfx950.dir/__/hipify/gensrc/specialized/specialized_reducescatter_pat_ll128_prod_f8e4m3_0_0_2.o
[ 25%] Building RCCLDEV object src/CMakeFiles/rccl_device_gfx950.dir/__/hipify/gensrc/specialized/specialized_reducescatter_pat_ll128_prod_f8e5m2_0_0_2.o
[ 25%] Building RCCLDEV object src/CMakeFiles/rccl_device_gfx950.dir/__/hipify/gensrc/specialized/specialized_reducescatter_pat_ll128_minmax_f8e4m3_0_0_2.o
[ 25%] Building RCCLDEV object src/CMakeFiles/rccl_device_gfx950.dir/__/hipify/gensrc/specialized/specialized_reducescatter_pat_ll128_minmax_f8e5m2_0_0_2.o
[ 25%] Building RCCLDEV object src/CMakeFiles/rccl_device_gfx950.dir/__/hipify/gensrc/specialized/specialized_reducescatter_pat_ll128_premulsum_f8e4m3_0_0_2.o
[ 25%] Building RCCLDEV object src/CMakeFiles/rccl_device_gfx950.dir/__/hipify/gensrc/specialized/specialized_reducescatter_pat_ll128_premulsum_f8e5m2_0_0_2.o
[ 25%] Building RCCLDEV object src/CMakeFiles/rccl_device_gfx950.dir/__/hipify/gensrc/specialized/specialized_reducescatter_pat_ll128_sum_f8e4m3_0_0_1.o
[ 25%] Building RCCLDEV object src/CMakeFiles/rccl_device_gfx950.dir/__/hipify/gensrc/specialized/specialized_reducescatter_pat_ll128_prod_f8e4m3_0_0_1.o
[ 27%] Building RCCLDEV object src/CMakeFiles/rccl_device_gfx950.dir/__/hipify/gensrc/specialized/specialized_reducescatter_pat_ll128_sum_f8e5m2_0_0_1.o
[ 27%] Building RCCLDEV object src/CMakeFiles/rccl_device_gfx950.dir/__/hipify/gensrc/specialized/specialized_reducescatter_pat_ll128_prod_f8e5m2_0_0_1.o
[ 27%] Building RCCLDEV object src/CMakeFiles/rccl_device_gfx950.dir/__/hipify/gensrc/specialized/specialized_reducescatter_pat_ll128_minmax_f8e4m3_0_0_1.o
[ 27%] Building RCCLDEV object src/CMakeFiles/rccl_device_gfx950.dir/__/hipify/gensrc/specialized/specialized_reducescatter_pat_ll128_minmax_f8e5m2_0_0_1.o
[ 27%] Building RCCLDEV object src/CMakeFiles/rccl_device_gfx950.dir/__/hipify/gensrc/specialized/specialized_reducescatter_pat_ll128_premulsum_f8e4m3_0_0_1.o
[ 27%] Building RCCLDEV object src/CMakeFiles/rccl_device_gfx950.dir/__/hipify/gensrc/specialized/specialized_reducescatter_pat_ll128_premulsum_f8e5m2_0_0_1.o
[ 27%] Building RCCLDEV object src/CMakeFiles/rccl_device_gfx950.dir/__/hipify/gensrc/specialized/specialized_allreduce_tree_simple_sum_u8_0_0_4.o
[ 27%] Building RCCLDEV object src/CMakeFiles/rccl_device_gfx950.dir/__/hipify/gensrc/specialized/specialized_allreduce_tree_simple_sum_u8_1_0_4.o
[ 27%] Building RCCLDEV object src/CMakeFiles/rccl_device_gfx950.dir/__/hipify/gensrc/specialized/specialized_allreduce_tree_simple_sum_u32_0_0_4.o
[ 27%] Building RCCLDEV object src/CMakeFiles/rccl_device_gfx950.dir/__/hipify/gensrc/specialized/specialized_allreduce_tree_simple_sum_u32_1_0_4.o
[ 27%] Building RCCLDEV object src/CMakeFiles/rccl_device_gfx950.dir/__/hipify/gensrc/specialized/specialized_allreduce_tree_simple_sum_u64_0_0_4.o
[ 27%] Building RCCLDEV object src/CMakeFiles/rccl_device_gfx950.dir/__/hipify/gensrc/specialized/specialized_allreduce_tree_simple_sum_u64_1_0_4.o
[ 27%] Building RCCLDEV object src/CMakeFiles/rccl_device_gfx950.dir/__/hipify/gensrc/specialized/specialized_allreduce_tree_simple_sum_f16_0_0_4.o
[ 27%] Building RCCLDEV object src/CMakeFiles/rccl_device_gfx950.dir/__/hipify/gensrc/specialized/specialized_allreduce_tree_simple_sum_f16_1_0_4.o
[ 27%] Building RCCLDEV object src/CMakeFiles/rccl_device_gfx950.dir/__/hipify/gensrc/specialized/specialized_allreduce_tree_simple_sum_f32_0_0_4.o
[ 27%] Building RCCLDEV object src/CMakeFiles/rccl_device_gfx950.dir/__/hipify/gensrc/specialized/specialized_allreduce_tree_simple_sum_f64_0_0_4.o
[ 27%] Building RCCLDEV object src/CMakeFiles/rccl_device_gfx950.dir/__/hipify/gensrc/specialized/specialized_allreduce_tree_simple_sum_f32_1_0_4.o
[ 27%] Building RCCLDEV object src/CMakeFiles/rccl_device_gfx950.dir/__/hipify/gensrc/specialized/specialized_allreduce_tree_simple_sum_f64_1_0_4.o
[ 27%] Building RCCLDEV object src/CMakeFiles/rccl_device_gfx950.dir/__/hipify/gensrc/specialized/specialized_allreduce_tree_simple_sum_bf16_0_0_4.o
[ 27%] Building RCCLDEV object src/CMakeFiles/rccl_device_gfx950.dir/__/hipify/gensrc/specialized/specialized_allreduce_tree_simple_sum_bf16_0_1_4.o
[ 27%] Building RCCLDEV object src/CMakeFiles/rccl_device_gfx950.dir/__/hipify/gensrc/specialized/specialized_allreduce_tree_simple_sum_bf16_1_0_4.o
[ 27%] Building RCCLDEV object src/CMakeFiles/rccl_device_gfx950.dir/__/hipify/gensrc/specialized/specialized_allreduce_tree_simple_sum_bf16_1_1_4.o
[ 27%] Building RCCLDEV object src/CMakeFiles/rccl_device_gfx950.dir/__/hipify/gensrc/specialized/specialized_allreduce_tree_simple_prod_u8_0_0_4.o
[ 27%] Building RCCLDEV object src/CMakeFiles/rccl_device_gfx950.dir/__/hipify/gensrc/specialized/specialized_allreduce_tree_simple_prod_u8_1_0_4.o
[ 27%] Building RCCLDEV object src/CMakeFiles/rccl_device_gfx950.dir/__/hipify/gensrc/specialized/specialized_allreduce_tree_simple_prod_u32_0_0_4.o
[ 27%] Building RCCLDEV object src/CMakeFiles/rccl_device_gfx950.dir/__/hipify/gensrc/specialized/specialized_allreduce_tree_simple_prod_u32_1_0_4.o
[ 27%] Building RCCLDEV object src/CMakeFiles/rccl_device_gfx950.dir/__/hipify/gensrc/specialized/specialized_allreduce_tree_simple_prod_u64_0_0_4.o
[ 27%] Building RCCLDEV object src/CMakeFiles/rccl_device_gfx950.dir/__/hipify/gensrc/specialized/specialized_allreduce_tree_simple_prod_u64_1_0_4.o
[ 27%] Building RCCLDEV object src/CMakeFiles/rccl_device_gfx950.dir/__/hipify/gensrc/specialized/specialized_allreduce_tree_simple_prod_f16_0_0_4.o
[ 27%] Building RCCLDEV object src/CMakeFiles/rccl_device_gfx950.dir/__/hipify/gensrc/specialized/specialized_allreduce_tree_simple_prod_f16_1_0_4.o
[ 27%] Building RCCLDEV object src/CMakeFiles/rccl_device_gfx950.dir/__/hipify/gensrc/specialized/specialized_allreduce_tree_simple_prod_f32_0_0_4.o
[ 27%] Building RCCLDEV object src/CMakeFiles/rccl_device_gfx950.dir/__/hipify/gensrc/specialized/specialized_allreduce_tree_simple_prod_f32_1_0_4.o
[ 27%] Building RCCLDEV object src/CMakeFiles/rccl_device_gfx950.dir/__/hipify/gensrc/specialized/specialized_allreduce_tree_simple_prod_f64_0_0_4.o
[ 27%] Building RCCLDEV object src/CMakeFiles/rccl_device_gfx950.dir/__/hipify/gensrc/specialized/specialized_allreduce_tree_simple_prod_f64_1_0_4.o
[ 27%] Building RCCLDEV object src/CMakeFiles/rccl_device_gfx950.dir/__/hipify/gensrc/specialized/specialized_allreduce_tree_simple_prod_bf16_0_0_4.o
[ 27%] Building RCCLDEV object src/CMakeFiles/rccl_device_gfx950.dir/__/hipify/gensrc/specialized/specialized_allreduce_tree_simple_prod_bf16_0_1_4.o
[ 27%] Building RCCLDEV object src/CMakeFiles/rccl_device_gfx950.dir/__/hipify/gensrc/specialized/specialized_allreduce_tree_simple_minmax_u8_0_0_4.o
[ 27%] Building RCCLDEV object src/CMakeFiles/rccl_device_gfx950.dir/__/hipify/gensrc/specialized/specialized_allreduce_tree_simple_prod_bf16_1_1_4.o
[ 27%] Building RCCLDEV object src/CMakeFiles/rccl_device_gfx950.dir/__/hipify/gensrc/specialized/specialized_allreduce_tree_simple_prod_bf16_1_0_4.o
[ 27%] Building RCCLDEV object src/CMakeFiles/rccl_device_gfx950.dir/__/hipify/gensrc/specialized/specialized_allreduce_tree_simple_minmax_u8_1_0_4.o
[ 27%] Building RCCLDEV object src/CMakeFiles/rccl_device_gfx950.dir/__/hipify/gensrc/specialized/specialized_allreduce_tree_simple_minmax_u32_0_0_4.o
[ 27%] Building RCCLDEV object src/CMakeFiles/rccl_device_gfx950.dir/__/hipify/gensrc/specialized/specialized_allreduce_tree_simple_minmax_u32_1_0_4.o
[ 27%] Building RCCLDEV object src/CMakeFiles/rccl_device_gfx950.dir/__/hipify/gensrc/specialized/specialized_allreduce_tree_simple_minmax_u64_0_0_4.o
[ 27%] Building RCCLDEV object src/CMakeFiles/rccl_device_gfx950.dir/__/hipify/gensrc/specialized/specialized_allreduce_tree_simple_minmax_u64_1_0_4.o
[ 27%] Building RCCLDEV object src/CMakeFiles/rccl_device_gfx950.dir/__/hipify/gensrc/specialized/specialized_allreduce_tree_simple_minmax_f16_0_0_4.o
[ 27%] Building RCCLDEV object src/CMakeFiles/rccl_device_gfx950.dir/__/hipify/gensrc/specialized/specialized_allreduce_tree_simple_minmax_f16_1_0_4.o
[ 27%] Building RCCLDEV object src/CMakeFiles/rccl_device_gfx950.dir/__/hipify/gensrc/specialized/specialized_allreduce_tree_simple_minmax_f32_0_0_4.o
[ 27%] Building RCCLDEV object src/CMakeFiles/rccl_device_gfx950.dir/__/hipify/gensrc/specialized/specialized_allreduce_tree_simple_minmax_f32_1_0_4.o
[ 27%] Building RCCLDEV object src/CMakeFiles/rccl_device_gfx950.dir/__/hipify/gensrc/specialized/specialized_allreduce_tree_simple_minmax_f64_0_0_4.o
[ 27%] Building RCCLDEV object src/CMakeFiles/rccl_device_gfx950.dir/__/hipify/gensrc/specialized/specialized_allreduce_tree_simple_minmax_f64_1_0_4.o
[ 27%] Building RCCLDEV object src/CMakeFiles/rccl_device_gfx950.dir/__/hipify/gensrc/specialized/specialized_allreduce_tree_simple_minmax_bf16_0_0_4.o
[ 27%] Building RCCLDEV object src/CMakeFiles/rccl_device_gfx950.dir/__/hipify/gensrc/specialized/specialized_allreduce_tree_simple_minmax_bf16_0_1_4.o
[ 27%] Building RCCLDEV object src/CMakeFiles/rccl_device_gfx950.dir/__/hipify/gensrc/specialized/specialized_allreduce_tree_simple_minmax_bf16_1_0_4.o
[ 27%] Building RCCLDEV object src/CMakeFiles/rccl_device_gfx950.dir/__/hipify/gensrc/specialized/specialized_allreduce_tree_simple_minmax_bf16_1_1_4.o
[ 27%] Building RCCLDEV object src/CMakeFiles/rccl_device_gfx950.dir/__/hipify/gensrc/specialized/specialized_allreduce_tree_simple_premulsum_u8_0_0_4.o
[ 27%] Building RCCLDEV object src/CMakeFiles/rccl_device_gfx950.dir/__/hipify/gensrc/specialized/specialized_allreduce_tree_simple_premulsum_u8_1_0_4.o
[ 27%] Building RCCLDEV object src/CMakeFiles/rccl_device_gfx950.dir/__/hipify/gensrc/specialized/specialized_allreduce_tree_simple_premulsum_u32_0_0_4.o
[ 27%] Building RCCLDEV object src/CMakeFiles/rccl_device_gfx950.dir/__/hipify/gensrc/specialized/specialized_allreduce_tree_simple_premulsum_u32_1_0_4.o
[ 27%] Building RCCLDEV object src/CMakeFiles/rccl_device_gfx950.dir/__/hipify/gensrc/specialized/specialized_allreduce_tree_simple_premulsum_u64_0_0_4.o
[ 27%] Building RCCLDEV object src/CMakeFiles/rccl_device_gfx950.dir/__/hipify/gensrc/specialized/specialized_allreduce_tree_simple_premulsum_u64_1_0_4.o
[ 27%] Building RCCLDEV object src/CMakeFiles/rccl_device_gfx950.dir/__/hipify/gensrc/specialized/specialized_allreduce_tree_simple_premulsum_f16_0_0_4.o
[ 27%] Building RCCLDEV object src/CMakeFiles/rccl_device_gfx950.dir/__/hipify/gensrc/specialized/specialized_allreduce_tree_simple_premulsum_f16_1_0_4.o
[ 28%] Building RCCLDEV object src/CMakeFiles/rccl_device_gfx950.dir/__/hipify/gensrc/specialized/specialized_allreduce_tree_simple_premulsum_f32_0_0_4.o
[ 28%] Building RCCLDEV object src/CMakeFiles/rccl_device_gfx950.dir/__/hipify/gensrc/specialized/specialized_allreduce_tree_simple_premulsum_f32_1_0_4.o
[ 28%] Building RCCLDEV object src/CMakeFiles/rccl_device_gfx950.dir/__/hipify/gensrc/specialized/specialized_allreduce_tree_simple_premulsum_f64_0_0_4.o
[ 28%] Building RCCLDEV object src/CMakeFiles/rccl_device_gfx950.dir/__/hipify/gensrc/specialized/specialized_allreduce_tree_simple_premulsum_f64_1_0_4.o
[ 28%] Building RCCLDEV object src/CMakeFiles/rccl_device_gfx950.dir/__/hipify/gensrc/specialized/specialized_allreduce_tree_simple_premulsum_bf16_0_0_4.o
[ 28%] Building RCCLDEV object src/CMakeFiles/rccl_device_gfx950.dir/__/hipify/gensrc/specialized/specialized_allreduce_tree_simple_premulsum_bf16_0_1_4.o
[ 28%] Building RCCLDEV object src/CMakeFiles/rccl_device_gfx950.dir/__/hipify/gensrc/specialized/specialized_allreduce_tree_simple_premulsum_bf16_1_0_4.o
[ 28%] Building RCCLDEV object src/CMakeFiles/rccl_device_gfx950.dir/__/hipify/gensrc/specialized/specialized_allreduce_tree_simple_premulsum_bf16_1_1_4.o
[ 28%] Building RCCLDEV object src/CMakeFiles/rccl_device_gfx950.dir/__/hipify/gensrc/specialized/specialized_allreduce_tree_simple_sumpostdiv_u8_0_0_4.o
[ 28%] Building RCCLDEV object src/CMakeFiles/rccl_device_gfx950.dir/__/hipify/gensrc/specialized/specialized_allreduce_tree_simple_sumpostdiv_u8_1_0_4.o
[ 28%] Building RCCLDEV object src/CMakeFiles/rccl_device_gfx950.dir/__/hipify/gensrc/specialized/specialized_allreduce_tree_simple_sumpostdiv_u32_0_0_4.o
[ 28%] Building RCCLDEV object src/CMakeFiles/rccl_device_gfx950.dir/__/hipify/gensrc/specialized/specialized_allreduce_tree_simple_sumpostdiv_u32_1_0_4.o
[ 28%] Building RCCLDEV object src/CMakeFiles/rccl_device_gfx950.dir/__/hipify/gensrc/specialized/specialized_allreduce_tree_simple_sumpostdiv_u64_0_0_4.o
[ 28%] Building RCCLDEV object src/CMakeFiles/rccl_device_gfx950.dir/__/hipify/gensrc/specialized/specialized_allreduce_tree_simple_sumpostdiv_u64_1_0_4.o
[ 28%] Building RCCLDEV object src/CMakeFiles/rccl_device_gfx950.dir/__/hipify/gensrc/specialized/specialized_allreduce_tree_simple_sum_u8_0_0_2.o
[ 28%] Building RCCLDEV object src/CMakeFiles/rccl_device_gfx950.dir/__/hipify/gensrc/specialized/specialized_allreduce_tree_simple_sum_u8_1_0_2.o
[ 28%] Building RCCLDEV object src/CMakeFiles/rccl_device_gfx950.dir/__/hipify/gensrc/specialized/specialized_allreduce_tree_simple_sum_u32_0_0_2.o
[ 28%] Building RCCLDEV object src/CMakeFiles/rccl_device_gfx950.dir/__/hipify/gensrc/specialized/specialized_allreduce_tree_simple_sum_u32_1_0_2.o
[ 28%] Building RCCLDEV object src/CMakeFiles/rccl_device_gfx950.dir/__/hipify/gensrc/specialized/specialized_allreduce_tree_simple_sum_u64_0_0_2.o
[ 28%] Building RCCLDEV object src/CMakeFiles/rccl_device_gfx950.dir/__/hipify/gensrc/specialized/specialized_allreduce_tree_simple_sum_u64_1_0_2.o
[ 28%] Building RCCLDEV object src/CMakeFiles/rccl_device_gfx950.dir/__/hipify/gensrc/specialized/specialized_allreduce_tree_simple_sum_f16_0_0_2.o
[ 28%] Building RCCLDEV object src/CMakeFiles/rccl_device_gfx950.dir/__/hipify/gensrc/specialized/specialized_allreduce_tree_simple_sum_f16_1_0_2.o
[ 28%] Building RCCLDEV object src/CMakeFiles/rccl_device_gfx950.dir/__/hipify/gensrc/specialized/specialized_allreduce_tree_simple_sum_f32_0_0_2.o
[ 28%] Building RCCLDEV object src/CMakeFiles/rccl_device_gfx950.dir/__/hipify/gensrc/specialized/specialized_allreduce_tree_simple_sum_f32_1_0_2.o
[ 28%] Building RCCLDEV object src/CMakeFiles/rccl_device_gfx950.dir/__/hipify/gensrc/specialized/specialized_allreduce_tree_simple_sum_f64_0_0_2.o
[ 28%] Building RCCLDEV object src/CMakeFiles/rccl_device_gfx950.dir/__/hipify/gensrc/specialized/specialized_allreduce_tree_simple_sum_f64_1_0_2.o
[ 28%] Building RCCLDEV object src/CMakeFiles/rccl_device_gfx950.dir/__/hipify/gensrc/specialized/specialized_allreduce_tree_simple_sum_bf16_0_0_2.o
[ 28%] Building RCCLDEV object src/CMakeFiles/rccl_device_gfx950.dir/__/hipify/gensrc/specialized/specialized_allreduce_tree_simple_sum_bf16_0_1_2.o
[ 28%] Building RCCLDEV object src/CMakeFiles/rccl_device_gfx950.dir/__/hipify/gensrc/specialized/specialized_allreduce_tree_simple_sum_bf16_1_0_2.o
[ 28%] Building RCCLDEV object src/CMakeFiles/rccl_device_gfx950.dir/__/hipify/gensrc/specialized/specialized_allreduce_tree_simple_sum_bf16_1_1_2.o
[ 28%] Building RCCLDEV object src/CMakeFiles/rccl_device_gfx950.dir/__/hipify/gensrc/specialized/specialized_allreduce_tree_simple_prod_u8_0_0_2.o
[ 28%] Building RCCLDEV object src/CMakeFiles/rccl_device_gfx950.dir/__/hipify/gensrc/specialized/specialized_allreduce_tree_simple_prod_u8_1_0_2.o
[ 28%] Building RCCLDEV object src/CMakeFiles/rccl_device_gfx950.dir/__/hipify/gensrc/specialized/specialized_allreduce_tree_simple_prod_u32_0_0_2.o
[ 28%] Building RCCLDEV object src/CMakeFiles/rccl_device_gfx950.dir/__/hipify/gensrc/specialized/specialized_allreduce_tree_simple_prod_u32_1_0_2.o
[ 28%] Building RCCLDEV object src/CMakeFiles/rccl_device_gfx950.dir/__/hipify/gensrc/specialized/specialized_allreduce_tree_simple_prod_u64_0_0_2.o
[ 28%] Building RCCLDEV object src/CMakeFiles/rccl_device_gfx950.dir/__/hipify/gensrc/specialized/specialized_allreduce_tree_simple_prod_u64_1_0_2.o
[ 28%] Building RCCLDEV object src/CMakeFiles/rccl_device_gfx950.dir/__/hipify/gensrc/specialized/specialized_allreduce_tree_simple_prod_f16_0_0_2.o
[ 28%] Building RCCLDEV object src/CMakeFiles/rccl_device_gfx950.dir/__/hipify/gensrc/specialized/specialized_allreduce_tree_simple_prod_f16_1_0_2.o
[ 28%] Building RCCLDEV object src/CMakeFiles/rccl_device_gfx950.dir/__/hipify/gensrc/specialized/specialized_allreduce_tree_simple_prod_f32_0_0_2.o
[ 28%] Building RCCLDEV object src/CMakeFiles/rccl_device_gfx950.dir/__/hipify/gensrc/specialized/specialized_allreduce_tree_simple_prod_f32_1_0_2.o
[ 28%] Building RCCLDEV object src/CMakeFiles/rccl_device_gfx950.dir/__/hipify/gensrc/specialized/specialized_allreduce_tree_simple_prod_f64_0_0_2.o
[ 28%] Building RCCLDEV object src/CMakeFiles/rccl_device_gfx950.dir/__/hipify/gensrc/specialized/specialized_allreduce_tree_simple_prod_f64_1_0_2.o
[ 28%] Building RCCLDEV object src/CMakeFiles/rccl_device_gfx950.dir/__/hipify/gensrc/specialized/specialized_allreduce_tree_simple_prod_bf16_0_0_2.o
[ 28%] Building RCCLDEV object src/CMakeFiles/rccl_device_gfx950.dir/__/hipify/gensrc/specialized/specialized_allreduce_tree_simple_prod_bf16_0_1_2.o
[ 28%] Building RCCLDEV object src/CMakeFiles/rccl_device_gfx950.dir/__/hipify/gensrc/specialized/specialized_allreduce_tree_simple_prod_bf16_1_0_2.o
[ 28%] Building RCCLDEV object src/CMakeFiles/rccl_device_gfx950.dir/__/hipify/gensrc/specialized/specialized_allreduce_tree_simple_prod_bf16_1_1_2.o
[ 28%] Building RCCLDEV object src/CMakeFiles/rccl_device_gfx950.dir/__/hipify/gensrc/specialized/specialized_allreduce_tree_simple_minmax_u8_0_0_2.o
[ 28%] Building RCCLDEV object src/CMakeFiles/rccl_device_gfx950.dir/__/hipify/gensrc/specialized/specialized_allreduce_tree_simple_minmax_u8_1_0_2.o
[ 28%] Building RCCLDEV object src/CMakeFiles/rccl_device_gfx950.dir/__/hipify/gensrc/specialized/specialized_allreduce_tree_simple_minmax_u32_0_0_2.o
[ 28%] Building RCCLDEV object src/CMakeFiles/rccl_device_gfx950.dir/__/hipify/gensrc/specialized/specialized_allreduce_tree_simple_minmax_u32_1_0_2.o
[ 28%] Building RCCLDEV object src/CMakeFiles/rccl_device_gfx950.dir/__/hipify/gensrc/specialized/specialized_allreduce_tree_simple_minmax_u64_0_0_2.o
[ 28%] Building RCCLDEV object src/CMakeFiles/rccl_device_gfx950.dir/__/hipify/gensrc/specialized/specialized_allreduce_tree_simple_minmax_u64_1_0_2.o
[ 28%] Building RCCLDEV object src/CMakeFiles/rccl_device_gfx950.dir/__/hipify/gensrc/specialized/specialized_allreduce_tree_simple_minmax_f16_0_0_2.o
[ 28%] Building RCCLDEV object src/CMakeFiles/rccl_device_gfx950.dir/__/hipify/gensrc/specialized/specialized_allreduce_tree_simple_minmax_f16_1_0_2.o
[ 28%] Building RCCLDEV object src/CMakeFiles/rccl_device_gfx950.dir/__/hipify/gensrc/specialized/specialized_allreduce_tree_simple_minmax_f32_0_0_2.o
[ 28%] Building RCCLDEV object src/CMakeFiles/rccl_device_gfx950.dir/__/hipify/gensrc/specialized/specialized_allreduce_tree_simple_minmax_f32_1_0_2.o
[ 28%] Building RCCLDEV object src/CMakeFiles/rccl_device_gfx950.dir/__/hipify/gensrc/specialized/specialized_allreduce_tree_simple_minmax_f64_0_0_2.o
[ 28%] Building RCCLDEV object src/CMakeFiles/rccl_device_gfx950.dir/__/hipify/gensrc/specialized/specialized_allreduce_tree_simple_minmax_f64_1_0_2.o
[ 28%] Building RCCLDEV object src/CMakeFiles/rccl_device_gfx950.dir/__/hipify/gensrc/specialized/specialized_allreduce_tree_simple_minmax_bf16_0_0_2.o
[ 28%] Building RCCLDEV object src/CMakeFiles/rccl_device_gfx950.dir/__/hipify/gensrc/specialized/specialized_allreduce_tree_simple_minmax_bf16_0_1_2.o
[ 28%] Building RCCLDEV object src/CMakeFiles/rccl_device_gfx950.dir/__/hipify/gensrc/specialized/specialized_allreduce_tree_simple_minmax_bf16_1_0_2.o
[ 28%] Building RCCLDEV object src/CMakeFiles/rccl_device_gfx950.dir/__/hipify/gensrc/specialized/specialized_allreduce_tree_simple_minmax_bf16_1_1_2.o
[ 28%] Building RCCLDEV object src/CMakeFiles/rccl_device_gfx950.dir/__/hipify/gensrc/specialized/specialized_allreduce_tree_simple_premulsum_u8_0_0_2.o
[ 30%] Building RCCLDEV object src/CMakeFiles/rccl_device_gfx950.dir/__/hipify/gensrc/specialized/specialized_allreduce_tree_simple_premulsum_u8_1_0_2.o
[ 30%] Building RCCLDEV object src/CMakeFiles/rccl_device_gfx950.dir/__/hipify/gensrc/specialized/specialized_allreduce_tree_simple_premulsum_u32_0_0_2.o
[ 30%] Building RCCLDEV object src/CMakeFiles/rccl_device_gfx950.dir/__/hipify/gensrc/specialized/specialized_allreduce_tree_simple_premulsum_u32_1_0_2.o
[ 30%] Building RCCLDEV object src/CMakeFiles/rccl_device_gfx950.dir/__/hipify/gensrc/specialized/specialized_allreduce_tree_simple_premulsum_u64_0_0_2.o
[ 30%] Building RCCLDEV object src/CMakeFiles/rccl_device_gfx950.dir/__/hipify/gensrc/specialized/specialized_allreduce_tree_simple_premulsum_u64_1_0_2.o
[ 30%] Building RCCLDEV object src/CMakeFiles/rccl_device_gfx950.dir/__/hipify/gensrc/specialized/specialized_allreduce_tree_simple_premulsum_f16_0_0_2.o
[ 30%] Building RCCLDEV object src/CMakeFiles/rccl_device_gfx950.dir/__/hipify/gensrc/specialized/specialized_allreduce_tree_simple_premulsum_f16_1_0_2.o
[ 30%] Building RCCLDEV object src/CMakeFiles/rccl_device_gfx950.dir/__/hipify/gensrc/specialized/specialized_allreduce_tree_simple_premulsum_f32_0_0_2.o
[ 30%] Building RCCLDEV object src/CMakeFiles/rccl_device_gfx950.dir/__/hipify/gensrc/specialized/specialized_allreduce_tree_simple_premulsum_f32_1_0_2.o
[ 30%] Building RCCLDEV object src/CMakeFiles/rccl_device_gfx950.dir/__/hipify/gensrc/specialized/specialized_allreduce_tree_simple_premulsum_f64_0_0_2.o
[ 30%] Building RCCLDEV object src/CMakeFiles/rccl_device_gfx950.dir/__/hipify/gensrc/specialized/specialized_allreduce_tree_simple_premulsum_f64_1_0_2.o
[ 30%] Building RCCLDEV object src/CMakeFiles/rccl_device_gfx950.dir/__/hipify/gensrc/specialized/specialized_allreduce_tree_simple_premulsum_bf16_0_0_2.o
[ 30%] Building RCCLDEV object src/CMakeFiles/rccl_device_gfx950.dir/__/hipify/gensrc/specialized/specialized_allreduce_tree_simple_premulsum_bf16_1_0_2.o
[ 30%] Building RCCLDEV object src/CMakeFiles/rccl_device_gfx950.dir/__/hipify/gensrc/specialized/specialized_allreduce_tree_simple_premulsum_bf16_0_1_2.o
[ 30%] Building RCCLDEV object src/CMakeFiles/rccl_device_gfx950.dir/__/hipify/gensrc/specialized/specialized_allreduce_tree_simple_premulsum_bf16_1_1_2.o
[ 30%] Building RCCLDEV object src/CMakeFiles/rccl_device_gfx950.dir/__/hipify/gensrc/specialized/specialized_allreduce_tree_simple_sumpostdiv_u8_0_0_2.o
[ 30%] Building RCCLDEV object src/CMakeFiles/rccl_device_gfx950.dir/__/hipify/gensrc/specialized/specialized_allreduce_tree_simple_sumpostdiv_u8_1_0_2.o
[ 30%] Building RCCLDEV object src/CMakeFiles/rccl_device_gfx950.dir/__/hipify/gensrc/specialized/specialized_allreduce_tree_simple_sumpostdiv_u32_0_0_2.o
[ 30%] Building RCCLDEV object src/CMakeFiles/rccl_device_gfx950.dir/__/hipify/gensrc/specialized/specialized_allreduce_tree_simple_sumpostdiv_u32_1_0_2.o
[ 30%] Building RCCLDEV object src/CMakeFiles/rccl_device_gfx950.dir/__/hipify/gensrc/specialized/specialized_allreduce_tree_simple_sumpostdiv_u64_0_0_2.o
[ 30%] Building RCCLDEV object src/CMakeFiles/rccl_device_gfx950.dir/__/hipify/gensrc/specialized/specialized_allreduce_tree_simple_sumpostdiv_u64_1_0_2.o
[ 30%] Building RCCLDEV object src/CMakeFiles/rccl_device_gfx950.dir/__/hipify/gensrc/specialized/specialized_allreduce_tree_simple_sum_u8_0_0_1.o
[ 30%] Building RCCLDEV object src/CMakeFiles/rccl_device_gfx950.dir/__/hipify/gensrc/specialized/specialized_allreduce_tree_simple_sum_u8_1_0_1.o
[ 30%] Building RCCLDEV object src/CMakeFiles/rccl_device_gfx950.dir/__/hipify/gensrc/specialized/specialized_allreduce_tree_simple_sum_u32_0_0_1.o
[ 30%] Building RCCLDEV object src/CMakeFiles/rccl_device_gfx950.dir/__/hipify/gensrc/specialized/specialized_allreduce_tree_simple_sum_u32_1_0_1.o
[ 30%] Building RCCLDEV object src/CMakeFiles/rccl_device_gfx950.dir/__/hipify/gensrc/specialized/specialized_allreduce_tree_simple_sum_u64_0_0_1.o
[ 30%] Building RCCLDEV object src/CMakeFiles/rccl_device_gfx950.dir/__/hipify/gensrc/specialized/specialized_allreduce_tree_simple_sum_u64_1_0_1.o
[ 30%] Building RCCLDEV object src/CMakeFiles/rccl_device_gfx950.dir/__/hipify/gensrc/specialized/specialized_allreduce_tree_simple_sum_f16_0_0_1.o
[ 30%] Building RCCLDEV object src/CMakeFiles/rccl_device_gfx950.dir/__/hipify/gensrc/specialized/specialized_allreduce_tree_simple_sum_f16_1_0_1.o
[ 30%] Building RCCLDEV object src/CMakeFiles/rccl_device_gfx950.dir/__/hipify/gensrc/specialized/specialized_allreduce_tree_simple_sum_f32_0_0_1.o
[ 30%] Building RCCLDEV object src/CMakeFiles/rccl_device_gfx950.dir/__/hipify/gensrc/specialized/specialized_allreduce_tree_simple_sum_f32_1_0_1.o
[ 30%] Building RCCLDEV object src/CMakeFiles/rccl_device_gfx950.dir/__/hipify/gensrc/specialized/specialized_allreduce_tree_simple_sum_f64_0_0_1.o
[ 30%] Building RCCLDEV object src/CMakeFiles/rccl_device_gfx950.dir/__/hipify/gensrc/specialized/specialized_allreduce_tree_simple_sum_f64_1_0_1.o
[ 30%] Building RCCLDEV object src/CMakeFiles/rccl_device_gfx950.dir/__/hipify/gensrc/specialized/specialized_allreduce_tree_simple_sum_bf16_0_0_1.o
[ 30%] Building RCCLDEV object src/CMakeFiles/rccl_device_gfx950.dir/__/hipify/gensrc/specialized/specialized_allreduce_tree_simple_sum_bf16_0_1_1.o
[ 30%] Building RCCLDEV object src/CMakeFiles/rccl_device_gfx950.dir/__/hipify/gensrc/specialized/specialized_allreduce_tree_simple_sum_bf16_1_0_1.o
[ 30%] Building RCCLDEV object src/CMakeFiles/rccl_device_gfx950.dir/__/hipify/gensrc/specialized/specialized_allreduce_tree_simple_sum_bf16_1_1_1.o
[ 30%] Building RCCLDEV object src/CMakeFiles/rccl_device_gfx950.dir/__/hipify/gensrc/specialized/specialized_allreduce_tree_simple_prod_u8_0_0_1.o
[ 30%] Building RCCLDEV object src/CMakeFiles/rccl_device_gfx950.dir/__/hipify/gensrc/specialized/specialized_allreduce_tree_simple_prod_u8_1_0_1.o
[ 30%] Building RCCLDEV object src/CMakeFiles/rccl_device_gfx950.dir/__/hipify/gensrc/specialized/specialized_allreduce_tree_simple_prod_u32_0_0_1.o
[ 30%] Building RCCLDEV object src/CMakeFiles/rccl_device_gfx950.dir/__/hipify/gensrc/specialized/specialized_allreduce_tree_simple_prod_u32_1_0_1.o
[ 30%] Building RCCLDEV object src/CMakeFiles/rccl_device_gfx950.dir/__/hipify/gensrc/specialized/specialized_allreduce_tree_simple_prod_u64_0_0_1.o
[ 30%] Building RCCLDEV object src/CMakeFiles/rccl_device_gfx950.dir/__/hipify/gensrc/specialized/specialized_allreduce_tree_simple_prod_u64_1_0_1.o
[ 30%] Building RCCLDEV object src/CMakeFiles/rccl_device_gfx950.dir/__/hipify/gensrc/specialized/specialized_allreduce_tree_simple_prod_f16_0_0_1.o
[ 30%] Building RCCLDEV object src/CMakeFiles/rccl_device_gfx950.dir/__/hipify/gensrc/specialized/specialized_allreduce_tree_simple_prod_f16_1_0_1.o
[ 30%] Building RCCLDEV object src/CMakeFiles/rccl_device_gfx950.dir/__/hipify/gensrc/specialized/specialized_allreduce_tree_simple_prod_f32_0_0_1.o
[ 30%] Building RCCLDEV object src/CMakeFiles/rccl_device_gfx950.dir/__/hipify/gensrc/specialized/specialized_allreduce_tree_simple_prod_f32_1_0_1.o
[ 30%] Building RCCLDEV object src/CMakeFiles/rccl_device_gfx950.dir/__/hipify/gensrc/specialized/specialized_allreduce_tree_simple_prod_f64_0_0_1.o
[ 30%] Building RCCLDEV object src/CMakeFiles/rccl_device_gfx950.dir/__/hipify/gensrc/specialized/specialized_allreduce_tree_simple_prod_f64_1_0_1.o
[ 30%] Building RCCLDEV object src/CMakeFiles/rccl_device_gfx950.dir/__/hipify/gensrc/specialized/specialized_allreduce_tree_simple_prod_bf16_0_0_1.o
[ 30%] Building RCCLDEV object src/CMakeFiles/rccl_device_gfx950.dir/__/hipify/gensrc/specialized/specialized_allreduce_tree_simple_prod_bf16_0_1_1.o
[ 30%] Building RCCLDEV object src/CMakeFiles/rccl_device_gfx950.dir/__/hipify/gensrc/specialized/specialized_allreduce_tree_simple_prod_bf16_1_0_1.o
[ 30%] Building RCCLDEV object src/CMakeFiles/rccl_device_gfx950.dir/__/hipify/gensrc/specialized/specialized_allreduce_tree_simple_prod_bf16_1_1_1.o
[ 30%] Building RCCLDEV object src/CMakeFiles/rccl_device_gfx950.dir/__/hipify/gensrc/specialized/specialized_allreduce_tree_simple_minmax_u8_0_0_1.o
[ 30%] Building RCCLDEV object src/CMakeFiles/rccl_device_gfx950.dir/__/hipify/gensrc/specialized/specialized_allreduce_tree_simple_minmax_u8_1_0_1.o
[ 30%] Building RCCLDEV object src/CMakeFiles/rccl_device_gfx950.dir/__/hipify/gensrc/specialized/specialized_allreduce_tree_simple_minmax_u32_0_0_1.o
[ 30%] Building RCCLDEV object src/CMakeFiles/rccl_device_gfx950.dir/__/hipify/gensrc/specialized/specialized_allreduce_tree_simple_minmax_u32_1_0_1.o
[ 30%] Building RCCLDEV object src/CMakeFiles/rccl_device_gfx950.dir/__/hipify/gensrc/specialized/specialized_allreduce_tree_simple_minmax_u64_0_0_1.o
[ 30%] Building RCCLDEV object src/CMakeFiles/rccl_device_gfx950.dir/__/hipify/gensrc/specialized/specialized_allreduce_tree_simple_minmax_u64_1_0_1.o
[ 30%] Building RCCLDEV object src/CMakeFiles/rccl_device_gfx950.dir/__/hipify/gensrc/specialized/specialized_allreduce_tree_simple_minmax_f16_0_0_1.o
[ 30%] Building RCCLDEV object src/CMakeFiles/rccl_device_gfx950.dir/__/hipify/gensrc/specialized/specialized_allreduce_tree_simple_minmax_f16_1_0_1.o
[ 30%] Building RCCLDEV object src/CMakeFiles/rccl_device_gfx950.dir/__/hipify/gensrc/specialized/specialized_allreduce_tree_simple_minmax_f32_0_0_1.o
[ 30%] Building RCCLDEV object src/CMakeFiles/rccl_device_gfx950.dir/__/hipify/gensrc/specialized/specialized_allreduce_tree_simple_minmax_f32_1_0_1.o
[ 32%] Building RCCLDEV object src/CMakeFiles/rccl_device_gfx950.dir/__/hipify/gensrc/specialized/specialized_allreduce_tree_simple_minmax_f64_0_0_1.o
[ 32%] Building RCCLDEV object src/CMakeFiles/rccl_device_gfx950.dir/__/hipify/gensrc/specialized/specialized_allreduce_tree_simple_minmax_f64_1_0_1.o
[ 32%] Building RCCLDEV object src/CMakeFiles/rccl_device_gfx950.dir/__/hipify/gensrc/specialized/specialized_allreduce_tree_simple_minmax_bf16_0_0_1.o
[ 32%] Building RCCLDEV object src/CMakeFiles/rccl_device_gfx950.dir/__/hipify/gensrc/specialized/specialized_allreduce_tree_simple_minmax_bf16_0_1_1.o
[ 32%] Building RCCLDEV object src/CMakeFiles/rccl_device_gfx950.dir/__/hipify/gensrc/specialized/specialized_allreduce_tree_simple_minmax_bf16_1_0_1.o
[ 32%] Building RCCLDEV object src/CMakeFiles/rccl_device_gfx950.dir/__/hipify/gensrc/specialized/specialized_allreduce_tree_simple_minmax_bf16_1_1_1.o
[ 32%] Building RCCLDEV object src/CMakeFiles/rccl_device_gfx950.dir/__/hipify/gensrc/specialized/specialized_allreduce_tree_simple_premulsum_u8_0_0_1.o
[ 32%] Building RCCLDEV object src/CMakeFiles/rccl_device_gfx950.dir/__/hipify/gensrc/specialized/specialized_allreduce_tree_simple_premulsum_u8_1_0_1.o
[ 32%] Building RCCLDEV object src/CMakeFiles/rccl_device_gfx950.dir/__/hipify/gensrc/specialized/specialized_allreduce_tree_simple_premulsum_u32_0_0_1.o
[ 32%] Building RCCLDEV object src/CMakeFiles/rccl_device_gfx950.dir/__/hipify/gensrc/specialized/specialized_allreduce_tree_simple_premulsum_u32_1_0_1.o
[ 32%] Building RCCLDEV object src/CMakeFiles/rccl_device_gfx950.dir/__/hipify/gensrc/specialized/specialized_allreduce_tree_simple_premulsum_u64_0_0_1.o
[ 32%] Building RCCLDEV object src/CMakeFiles/rccl_device_gfx950.dir/__/hipify/gensrc/specialized/specialized_allreduce_tree_simple_premulsum_u64_1_0_1.o
[ 32%] Building RCCLDEV object src/CMakeFiles/rccl_device_gfx950.dir/__/hipify/gensrc/specialized/specialized_allreduce_tree_simple_premulsum_f16_0_0_1.o
[ 32%] Building RCCLDEV object src/CMakeFiles/rccl_device_gfx950.dir/__/hipify/gensrc/specialized/specialized_allreduce_tree_simple_premulsum_f16_1_0_1.o
[ 32%] Building RCCLDEV object src/CMakeFiles/rccl_device_gfx950.dir/__/hipify/gensrc/specialized/specialized_allreduce_tree_simple_premulsum_f32_0_0_1.o
[ 32%] Building RCCLDEV object src/CMakeFiles/rccl_device_gfx950.dir/__/hipify/gensrc/specialized/specialized_allreduce_tree_simple_premulsum_f32_1_0_1.o
[ 32%] Building RCCLDEV object src/CMakeFiles/rccl_device_gfx950.dir/__/hipify/gensrc/specialized/specialized_allreduce_tree_simple_premulsum_f64_0_0_1.o
[ 32%] Building RCCLDEV object src/CMakeFiles/rccl_device_gfx950.dir/__/hipify/gensrc/specialized/specialized_allreduce_tree_simple_premulsum_f64_1_0_1.o
[ 32%] Building RCCLDEV object src/CMakeFiles/rccl_device_gfx950.dir/__/hipify/gensrc/specialized/specialized_allreduce_tree_simple_premulsum_bf16_0_0_1.o
[ 32%] Building RCCLDEV object src/CMakeFiles/rccl_device_gfx950.dir/__/hipify/gensrc/specialized/specialized_allreduce_tree_simple_premulsum_bf16_0_1_1.o
[ 32%] Building RCCLDEV object src/CMakeFiles/rccl_device_gfx950.dir/__/hipify/gensrc/specialized/specialized_allreduce_tree_simple_premulsum_bf16_1_0_1.o
[ 32%] Building RCCLDEV object src/CMakeFiles/rccl_device_gfx950.dir/__/hipify/gensrc/specialized/specialized_allreduce_tree_simple_premulsum_bf16_1_1_1.o
[ 32%] Building RCCLDEV object src/CMakeFiles/rccl_device_gfx950.dir/__/hipify/gensrc/specialized/specialized_allreduce_tree_simple_sumpostdiv_u8_0_0_1.o
[ 32%] Building RCCLDEV object src/CMakeFiles/rccl_device_gfx950.dir/__/hipify/gensrc/specialized/specialized_allreduce_tree_simple_sumpostdiv_u8_1_0_1.o
[ 32%] Building RCCLDEV object src/CMakeFiles/rccl_device_gfx950.dir/__/hipify/gensrc/specialized/specialized_allreduce_tree_simple_sumpostdiv_u32_0_0_1.o
[ 32%] Building RCCLDEV object src/CMakeFiles/rccl_device_gfx950.dir/__/hipify/gensrc/specialized/specialized_allreduce_tree_simple_sumpostdiv_u32_1_0_1.o
[ 32%] Building RCCLDEV object src/CMakeFiles/rccl_device_gfx950.dir/__/hipify/gensrc/specialized/specialized_allreduce_tree_simple_sumpostdiv_u64_0_0_1.o
[ 32%] Building RCCLDEV object src/CMakeFiles/rccl_device_gfx950.dir/__/hipify/gensrc/specialized/specialized_allreduce_tree_simple_sumpostdiv_u64_1_0_1.o
[ 32%] Building RCCLDEV object src/CMakeFiles/rccl_device_gfx950.dir/__/hipify/gensrc/specialized/specialized_broadcast_ring_simple_sum_i8_0_0_4.o
[ 32%] Building RCCLDEV object src/CMakeFiles/rccl_device_gfx950.dir/__/hipify/gensrc/specialized/specialized_reduce_ring_simple_sum_u8_0_0_4.o
[ 32%] Building RCCLDEV object src/CMakeFiles/rccl_device_gfx950.dir/__/hipify/gensrc/specialized/specialized_reduce_ring_simple_sum_u32_0_0_4.o
[ 32%] Building RCCLDEV object src/CMakeFiles/rccl_device_gfx950.dir/__/hipify/gensrc/specialized/specialized_reduce_ring_simple_sum_u64_0_0_4.o
[ 32%] Building RCCLDEV object src/CMakeFiles/rccl_device_gfx950.dir/__/hipify/gensrc/specialized/specialized_reduce_ring_simple_sum_f16_0_0_4.o
[ 32%] Building RCCLDEV object src/CMakeFiles/rccl_device_gfx950.dir/__/hipify/gensrc/specialized/specialized_reduce_ring_simple_sum_f32_0_0_4.o
[ 32%] Building RCCLDEV object src/CMakeFiles/rccl_device_gfx950.dir/__/hipify/gensrc/specialized/specialized_reduce_ring_simple_sum_f64_0_0_4.o
[ 32%] Building RCCLDEV object src/CMakeFiles/rccl_device_gfx950.dir/__/hipify/gensrc/specialized/specialized_reduce_ring_simple_sum_bf16_0_0_4.o
[ 32%] Building RCCLDEV object src/CMakeFiles/rccl_device_gfx950.dir/__/hipify/gensrc/specialized/specialized_reduce_ring_simple_sum_bf16_0_1_4.o
[ 32%] Building RCCLDEV object src/CMakeFiles/rccl_device_gfx950.dir/__/hipify/gensrc/specialized/specialized_reduce_ring_simple_prod_u8_0_0_4.o
[ 32%] Building RCCLDEV object src/CMakeFiles/rccl_device_gfx950.dir/__/hipify/gensrc/specialized/specialized_reduce_ring_simple_prod_u32_0_0_4.o
[ 32%] Building RCCLDEV object src/CMakeFiles/rccl_device_gfx950.dir/__/hipify/gensrc/specialized/specialized_reduce_ring_simple_prod_u64_0_0_4.o
[ 32%] Building RCCLDEV object src/CMakeFiles/rccl_device_gfx950.dir/__/hipify/gensrc/specialized/specialized_reduce_ring_simple_prod_f16_0_0_4.o
[ 32%] Building RCCLDEV object src/CMakeFiles/rccl_device_gfx950.dir/__/hipify/gensrc/specialized/specialized_reduce_ring_simple_prod_f32_0_0_4.o
[ 32%] Building RCCLDEV object src/CMakeFiles/rccl_device_gfx950.dir/__/hipify/gensrc/specialized/specialized_reduce_ring_simple_prod_f64_0_0_4.o
[ 32%] Building RCCLDEV object src/CMakeFiles/rccl_device_gfx950.dir/__/hipify/gensrc/specialized/specialized_reduce_ring_simple_prod_bf16_0_0_4.o
[ 32%] Building RCCLDEV object src/CMakeFiles/rccl_device_gfx950.dir/__/hipify/gensrc/specialized/specialized_reduce_ring_simple_prod_bf16_0_1_4.o
[ 32%] Building RCCLDEV object src/CMakeFiles/rccl_device_gfx950.dir/__/hipify/gensrc/specialized/specialized_reduce_ring_simple_minmax_u8_0_0_4.o
[ 32%] Building RCCLDEV object src/CMakeFiles/rccl_device_gfx950.dir/__/hipify/gensrc/specialized/specialized_reduce_ring_simple_minmax_u32_0_0_4.o
[ 32%] Building RCCLDEV object src/CMakeFiles/rccl_device_gfx950.dir/__/hipify/gensrc/specialized/specialized_reduce_ring_simple_minmax_u64_0_0_4.o
[ 32%] Building RCCLDEV object src/CMakeFiles/rccl_device_gfx950.dir/__/hipify/gensrc/specialized/specialized_reduce_ring_simple_minmax_f16_0_0_4.o
[ 32%] Building RCCLDEV object src/CMakeFiles/rccl_device_gfx950.dir/__/hipify/gensrc/specialized/specialized_reduce_ring_simple_minmax_f32_0_0_4.o
[ 32%] Building RCCLDEV object src/CMakeFiles/rccl_device_gfx950.dir/__/hipify/gensrc/specialized/specialized_reduce_ring_simple_minmax_f64_0_0_4.o
[ 32%] Building RCCLDEV object src/CMakeFiles/rccl_device_gfx950.dir/__/hipify/gensrc/specialized/specialized_reduce_ring_simple_minmax_bf16_0_0_4.o
[ 32%] Building RCCLDEV object src/CMakeFiles/rccl_device_gfx950.dir/__/hipify/gensrc/specialized/specialized_reduce_ring_simple_minmax_bf16_0_1_4.o
[ 32%] Building RCCLDEV object src/CMakeFiles/rccl_device_gfx950.dir/__/hipify/gensrc/specialized/specialized_reduce_ring_simple_premulsum_u8_0_0_4.o
[ 32%] Building RCCLDEV object src/CMakeFiles/rccl_device_gfx950.dir/__/hipify/gensrc/specialized/specialized_reduce_ring_simple_premulsum_u32_0_0_4.o
[ 32%] Building RCCLDEV object src/CMakeFiles/rccl_device_gfx950.dir/__/hipify/gensrc/specialized/specialized_reduce_ring_simple_premulsum_u64_0_0_4.o
[ 32%] Building RCCLDEV object src/CMakeFiles/rccl_device_gfx950.dir/__/hipify/gensrc/specialized/specialized_reduce_ring_simple_premulsum_f16_0_0_4.o
[ 32%] Building RCCLDEV object src/CMakeFiles/rccl_device_gfx950.dir/__/hipify/gensrc/specialized/specialized_reduce_ring_simple_premulsum_f32_0_0_4.o
[ 32%] Building RCCLDEV object src/CMakeFiles/rccl_device_gfx950.dir/__/hipify/gensrc/specialized/specialized_reduce_ring_simple_premulsum_f64_0_0_4.o
[ 32%] Building RCCLDEV object src/CMakeFiles/rccl_device_gfx950.dir/__/hipify/gensrc/specialized/specialized_reduce_ring_simple_premulsum_bf16_0_0_4.o
[ 32%] Building RCCLDEV object src/CMakeFiles/rccl_device_gfx950.dir/__/hipify/gensrc/specialized/specialized_reduce_ring_simple_premulsum_bf16_0_1_4.o
[ 32%] Building RCCLDEV object src/CMakeFiles/rccl_device_gfx950.dir/__/hipify/gensrc/specialized/specialized_reduce_ring_simple_sumpostdiv_u8_0_0_4.o
[ 32%] Building RCCLDEV object src/CMakeFiles/rccl_device_gfx950.dir/__/hipify/gensrc/specialized/specialized_reduce_ring_simple_sumpostdiv_u32_0_0_4.o
[ 33%] Building RCCLDEV object src/CMakeFiles/rccl_device_gfx950.dir/__/hipify/gensrc/specialized/specialized_reduce_ring_simple_sumpostdiv_u64_0_0_4.o
[ 33%] Building RCCLDEV object src/CMakeFiles/rccl_device_gfx950.dir/__/hipify/gensrc/specialized/specialized_allgather_ring_simple_sum_i8_0_0_4.o
[ 33%] Building RCCLDEV object src/CMakeFiles/rccl_device_gfx950.dir/__/hipify/gensrc/specialized/specialized_reducescatter_ring_simple_sum_u8_0_0_4.o
[ 33%] Building RCCLDEV object src/CMakeFiles/rccl_device_gfx950.dir/__/hipify/gensrc/specialized/specialized_reducescatter_ring_simple_sum_u32_0_0_4.o
[ 33%] Building RCCLDEV object src/CMakeFiles/rccl_device_gfx950.dir/__/hipify/gensrc/specialized/specialized_reducescatter_ring_simple_sum_u64_0_0_4.o
[ 33%] Building RCCLDEV object src/CMakeFiles/rccl_device_gfx950.dir/__/hipify/gensrc/specialized/specialized_reducescatter_ring_simple_sum_f16_0_0_4.o
[ 33%] Building RCCLDEV object src/CMakeFiles/rccl_device_gfx950.dir/__/hipify/gensrc/specialized/specialized_reducescatter_ring_simple_sum_f32_0_0_4.o
[ 33%] Building RCCLDEV object src/CMakeFiles/rccl_device_gfx950.dir/__/hipify/gensrc/specialized/specialized_reducescatter_ring_simple_sum_f64_0_0_4.o
[ 33%] Building RCCLDEV object src/CMakeFiles/rccl_device_gfx950.dir/__/hipify/gensrc/specialized/specialized_reducescatter_ring_simple_sum_bf16_0_0_4.o
[ 33%] Building RCCLDEV object src/CMakeFiles/rccl_device_gfx950.dir/__/hipify/gensrc/specialized/specialized_reducescatter_ring_simple_sum_bf16_0_1_4.o
[ 33%] Building RCCLDEV object src/CMakeFiles/rccl_device_gfx950.dir/__/hipify/gensrc/specialized/specialized_reducescatter_ring_simple_prod_u8_0_0_4.o
[ 33%] Building RCCLDEV object src/CMakeFiles/rccl_device_gfx950.dir/__/hipify/gensrc/specialized/specialized_reducescatter_ring_simple_prod_u32_0_0_4.o
[ 33%] Building RCCLDEV object src/CMakeFiles/rccl_device_gfx950.dir/__/hipify/gensrc/specialized/specialized_reducescatter_ring_simple_prod_u64_0_0_4.o
[ 33%] Building RCCLDEV object src/CMakeFiles/rccl_device_gfx950.dir/__/hipify/gensrc/specialized/specialized_reducescatter_ring_simple_prod_f16_0_0_4.o
[ 33%] Building RCCLDEV object src/CMakeFiles/rccl_device_gfx950.dir/__/hipify/gensrc/specialized/specialized_reducescatter_ring_simple_prod_f64_0_0_4.o
[ 33%] Building RCCLDEV object src/CMakeFiles/rccl_device_gfx950.dir/__/hipify/gensrc/specialized/specialized_reducescatter_ring_simple_prod_f32_0_0_4.o
[ 33%] Building RCCLDEV object src/CMakeFiles/rccl_device_gfx950.dir/__/hipify/gensrc/specialized/specialized_reducescatter_ring_simple_prod_bf16_0_0_4.o
[ 33%] Building RCCLDEV object src/CMakeFiles/rccl_device_gfx950.dir/__/hipify/gensrc/specialized/specialized_reducescatter_ring_simple_prod_bf16_0_1_4.o
[ 33%] Building RCCLDEV object src/CMakeFiles/rccl_device_gfx950.dir/__/hipify/gensrc/specialized/specialized_reducescatter_ring_simple_minmax_u8_0_0_4.o
[ 33%] Building RCCLDEV object src/CMakeFiles/rccl_device_gfx950.dir/__/hipify/gensrc/specialized/specialized_reducescatter_ring_simple_minmax_u32_0_0_4.o
[ 33%] Building RCCLDEV object src/CMakeFiles/rccl_device_gfx950.dir/__/hipify/gensrc/specialized/specialized_reducescatter_ring_simple_minmax_u64_0_0_4.o
[ 33%] Building RCCLDEV object src/CMakeFiles/rccl_device_gfx950.dir/__/hipify/gensrc/specialized/specialized_reducescatter_ring_simple_minmax_f16_0_0_4.o
[ 33%] Building RCCLDEV object src/CMakeFiles/rccl_device_gfx950.dir/__/hipify/gensrc/specialized/specialized_reducescatter_ring_simple_minmax_f32_0_0_4.o
[ 33%] Building RCCLDEV object src/CMakeFiles/rccl_device_gfx950.dir/__/hipify/gensrc/specialized/specialized_reducescatter_ring_simple_minmax_f64_0_0_4.o
[ 33%] Building RCCLDEV object src/CMakeFiles/rccl_device_gfx950.dir/__/hipify/gensrc/specialized/specialized_reducescatter_ring_simple_minmax_bf16_0_0_4.o
[ 33%] Building RCCLDEV object src/CMakeFiles/rccl_device_gfx950.dir/__/hipify/gensrc/specialized/specialized_reducescatter_ring_simple_minmax_bf16_0_1_4.o
[ 33%] Building RCCLDEV object src/CMakeFiles/rccl_device_gfx950.dir/__/hipify/gensrc/specialized/specialized_reducescatter_ring_simple_premulsum_u8_0_0_4.o
[ 33%] Building RCCLDEV object src/CMakeFiles/rccl_device_gfx950.dir/__/hipify/gensrc/specialized/specialized_reducescatter_ring_simple_premulsum_u32_0_0_4.o
[ 33%] Building RCCLDEV object src/CMakeFiles/rccl_device_gfx950.dir/__/hipify/gensrc/specialized/specialized_reducescatter_ring_simple_premulsum_f16_0_0_4.o
[ 33%] Building RCCLDEV object src/CMakeFiles/rccl_device_gfx950.dir/__/hipify/gensrc/specialized/specialized_reducescatter_ring_simple_premulsum_u64_0_0_4.o
[ 33%] Building RCCLDEV object src/CMakeFiles/rccl_device_gfx950.dir/__/hipify/gensrc/specialized/specialized_reducescatter_ring_simple_premulsum_f32_0_0_4.o
[ 33%] Building RCCLDEV object src/CMakeFiles/rccl_device_gfx950.dir/__/hipify/gensrc/specialized/specialized_reducescatter_ring_simple_premulsum_f64_0_0_4.o
[ 33%] Building RCCLDEV object src/CMakeFiles/rccl_device_gfx950.dir/__/hipify/gensrc/specialized/specialized_reducescatter_ring_simple_premulsum_bf16_0_0_4.o
[ 33%] Building RCCLDEV object src/CMakeFiles/rccl_device_gfx950.dir/__/hipify/gensrc/specialized/specialized_reducescatter_ring_simple_premulsum_bf16_0_1_4.o
[ 33%] Building RCCLDEV object src/CMakeFiles/rccl_device_gfx950.dir/__/hipify/gensrc/specialized/specialized_reducescatter_ring_simple_sumpostdiv_u8_0_0_4.o
[ 33%] Building RCCLDEV object src/CMakeFiles/rccl_device_gfx950.dir/__/hipify/gensrc/specialized/specialized_reducescatter_ring_simple_sumpostdiv_u32_0_0_4.o
[ 33%] Building RCCLDEV object src/CMakeFiles/rccl_device_gfx950.dir/__/hipify/gensrc/specialized/specialized_reducescatter_ring_simple_sumpostdiv_u64_0_0_4.o
[ 33%] Building RCCLDEV object src/CMakeFiles/rccl_device_gfx950.dir/__/hipify/gensrc/specialized/specialized_allreduce_ring_simple_sum_u8_0_0_4.o
[ 33%] Building RCCLDEV object src/CMakeFiles/rccl_device_gfx950.dir/__/hipify/gensrc/specialized/specialized_allreduce_ring_simple_sum_u8_1_0_4.o
[ 33%] Building RCCLDEV object src/CMakeFiles/rccl_device_gfx950.dir/__/hipify/gensrc/specialized/specialized_allreduce_ring_simple_sum_u32_0_0_4.o
[ 33%] Building RCCLDEV object src/CMakeFiles/rccl_device_gfx950.dir/__/hipify/gensrc/specialized/specialized_allreduce_ring_simple_sum_u32_1_0_4.o
[ 33%] Building RCCLDEV object src/CMakeFiles/rccl_device_gfx950.dir/__/hipify/gensrc/specialized/specialized_allreduce_ring_simple_sum_u64_0_0_4.o
[ 33%] Building RCCLDEV object src/CMakeFiles/rccl_device_gfx950.dir/__/hipify/gensrc/specialized/specialized_allreduce_ring_simple_sum_u64_1_0_4.o
[ 33%] Building RCCLDEV object src/CMakeFiles/rccl_device_gfx950.dir/__/hipify/gensrc/specialized/specialized_allreduce_ring_simple_sum_f16_1_0_4.o
[ 33%] Building RCCLDEV object src/CMakeFiles/rccl_device_gfx950.dir/__/hipify/gensrc/specialized/specialized_allreduce_ring_simple_sum_f16_0_0_4.o
[ 33%] Building RCCLDEV object src/CMakeFiles/rccl_device_gfx950.dir/__/hipify/gensrc/specialized/specialized_allreduce_ring_simple_sum_f32_0_0_4.o
[ 33%] Building RCCLDEV object src/CMakeFiles/rccl_device_gfx950.dir/__/hipify/gensrc/specialized/specialized_allreduce_ring_simple_sum_f32_1_0_4.o
[ 33%] Building RCCLDEV object src/CMakeFiles/rccl_device_gfx950.dir/__/hipify/gensrc/specialized/specialized_allreduce_ring_simple_sum_f64_0_0_4.o
[ 33%] Building RCCLDEV object src/CMakeFiles/rccl_device_gfx950.dir/__/hipify/gensrc/specialized/specialized_allreduce_ring_simple_sum_f64_1_0_4.o
[ 33%] Building RCCLDEV object src/CMakeFiles/rccl_device_gfx950.dir/__/hipify/gensrc/specialized/specialized_allreduce_ring_simple_sum_bf16_0_0_4.o
[ 33%] Building RCCLDEV object src/CMakeFiles/rccl_device_gfx950.dir/__/hipify/gensrc/specialized/specialized_allreduce_ring_simple_sum_bf16_0_1_4.o
[ 33%] Building RCCLDEV object src/CMakeFiles/rccl_device_gfx950.dir/__/hipify/gensrc/specialized/specialized_allreduce_ring_simple_sum_bf16_1_0_4.o
[ 33%] Building RCCLDEV object src/CMakeFiles/rccl_device_gfx950.dir/__/hipify/gensrc/specialized/specialized_allreduce_ring_simple_sum_bf16_1_1_4.o
[ 33%] Building RCCLDEV object src/CMakeFiles/rccl_device_gfx950.dir/__/hipify/gensrc/specialized/specialized_allreduce_ring_simple_prod_u8_0_0_4.o
[ 33%] Building RCCLDEV object src/CMakeFiles/rccl_device_gfx950.dir/__/hipify/gensrc/specialized/specialized_allreduce_ring_simple_prod_u8_1_0_4.o
[ 33%] Building RCCLDEV object src/CMakeFiles/rccl_device_gfx950.dir/__/hipify/gensrc/specialized/specialized_allreduce_ring_simple_prod_u32_0_0_4.o
[ 33%] Building RCCLDEV object src/CMakeFiles/rccl_device_gfx950.dir/__/hipify/gensrc/specialized/specialized_allreduce_ring_simple_prod_u32_1_0_4.o
[ 33%] Building RCCLDEV object src/CMakeFiles/rccl_device_gfx950.dir/__/hipify/gensrc/specialized/specialized_allreduce_ring_simple_prod_u64_0_0_4.o
[ 33%] Building RCCLDEV object src/CMakeFiles/rccl_device_gfx950.dir/__/hipify/gensrc/specialized/specialized_allreduce_ring_simple_prod_u64_1_0_4.o
[ 33%] Building RCCLDEV object src/CMakeFiles/rccl_device_gfx950.dir/__/hipify/gensrc/specialized/specialized_allreduce_ring_simple_prod_f16_0_0_4.o
[ 33%] Building RCCLDEV object src/CMakeFiles/rccl_device_gfx950.dir/__/hipify/gensrc/specialized/specialized_allreduce_ring_simple_prod_f16_1_0_4.o
[ 33%] Building RCCLDEV object src/CMakeFiles/rccl_device_gfx950.dir/__/hipify/gensrc/specialized/specialized_allreduce_ring_simple_prod_f32_0_0_4.o
[ 33%] Building RCCLDEV object src/CMakeFiles/rccl_device_gfx950.dir/__/hipify/gensrc/specialized/specialized_allreduce_ring_simple_prod_f32_1_0_4.o
[ 35%] Building RCCLDEV object src/CMakeFiles/rccl_device_gfx950.dir/__/hipify/gensrc/specialized/specialized_allreduce_ring_simple_prod_f64_0_0_4.o
[ 35%] Building RCCLDEV object src/CMakeFiles/rccl_device_gfx950.dir/__/hipify/gensrc/specialized/specialized_allreduce_ring_simple_prod_f64_1_0_4.o
[ 35%] Building RCCLDEV object src/CMakeFiles/rccl_device_gfx950.dir/__/hipify/gensrc/specialized/specialized_allreduce_ring_simple_prod_bf16_0_0_4.o
[ 35%] Building RCCLDEV object src/CMakeFiles/rccl_device_gfx950.dir/__/hipify/gensrc/specialized/specialized_allreduce_ring_simple_prod_bf16_0_1_4.o
[ 35%] Building RCCLDEV object src/CMakeFiles/rccl_device_gfx950.dir/__/hipify/gensrc/specialized/specialized_allreduce_ring_simple_prod_bf16_1_0_4.o
[ 35%] Building RCCLDEV object src/CMakeFiles/rccl_device_gfx950.dir/__/hipify/gensrc/specialized/specialized_allreduce_ring_simple_prod_bf16_1_1_4.o
[ 35%] Building RCCLDEV object src/CMakeFiles/rccl_device_gfx950.dir/__/hipify/gensrc/specialized/specialized_allreduce_ring_simple_minmax_u8_0_0_4.o
[ 35%] Building RCCLDEV object src/CMakeFiles/rccl_device_gfx950.dir/__/hipify/gensrc/specialized/specialized_allreduce_ring_simple_minmax_u32_0_0_4.o
[ 35%] Building RCCLDEV object src/CMakeFiles/rccl_device_gfx950.dir/__/hipify/gensrc/specialized/specialized_allreduce_ring_simple_minmax_u8_1_0_4.o
[ 35%] Building RCCLDEV object src/CMakeFiles/rccl_device_gfx950.dir/__/hipify/gensrc/specialized/specialized_allreduce_ring_simple_minmax_u32_1_0_4.o
[ 35%] Building RCCLDEV object src/CMakeFiles/rccl_device_gfx950.dir/__/hipify/gensrc/specialized/specialized_allreduce_ring_simple_minmax_u64_0_0_4.o
[ 35%] Building RCCLDEV object src/CMakeFiles/rccl_device_gfx950.dir/__/hipify/gensrc/specialized/specialized_allreduce_ring_simple_minmax_u64_1_0_4.o
[ 35%] Building RCCLDEV object src/CMakeFiles/rccl_device_gfx950.dir/__/hipify/gensrc/specialized/specialized_allreduce_ring_simple_minmax_f16_0_0_4.o
[ 35%] Building RCCLDEV object src/CMakeFiles/rccl_device_gfx950.dir/__/hipify/gensrc/specialized/specialized_allreduce_ring_simple_minmax_f16_1_0_4.o
[ 35%] Building RCCLDEV object src/CMakeFiles/rccl_device_gfx950.dir/__/hipify/gensrc/specialized/specialized_allreduce_ring_simple_minmax_f32_0_0_4.o
[ 35%] Building RCCLDEV object src/CMakeFiles/rccl_device_gfx950.dir/__/hipify/gensrc/specialized/specialized_allreduce_ring_simple_minmax_f32_1_0_4.o
[ 35%] Building RCCLDEV object src/CMakeFiles/rccl_device_gfx950.dir/__/hipify/gensrc/specialized/specialized_allreduce_ring_simple_minmax_f64_0_0_4.o
[ 35%] Building RCCLDEV object src/CMakeFiles/rccl_device_gfx950.dir/__/hipify/gensrc/specialized/specialized_allreduce_ring_simple_minmax_f64_1_0_4.o
[ 35%] Building RCCLDEV object src/CMakeFiles/rccl_device_gfx950.dir/__/hipify/gensrc/specialized/specialized_allreduce_ring_simple_minmax_bf16_0_0_4.o
[ 35%] Building RCCLDEV object src/CMakeFiles/rccl_device_gfx950.dir/__/hipify/gensrc/specialized/specialized_allreduce_ring_simple_minmax_bf16_0_1_4.o
[ 35%] Building RCCLDEV object src/CMakeFiles/rccl_device_gfx950.dir/__/hipify/gensrc/specialized/specialized_allreduce_ring_simple_minmax_bf16_1_0_4.o
[ 35%] Building RCCLDEV object src/CMakeFiles/rccl_device_gfx950.dir/__/hipify/gensrc/specialized/specialized_allreduce_ring_simple_minmax_bf16_1_1_4.o
[ 35%] Building RCCLDEV object src/CMakeFiles/rccl_device_gfx950.dir/__/hipify/gensrc/specialized/specialized_allreduce_ring_simple_premulsum_u8_0_0_4.o
[ 35%] Building RCCLDEV object src/CMakeFiles/rccl_device_gfx950.dir/__/hipify/gensrc/specialized/specialized_allreduce_ring_simple_premulsum_u8_1_0_4.o
[ 35%] Building RCCLDEV object src/CMakeFiles/rccl_device_gfx950.dir/__/hipify/gensrc/specialized/specialized_allreduce_ring_simple_premulsum_u32_1_0_4.o
[ 35%] Building RCCLDEV object src/CMakeFiles/rccl_device_gfx950.dir/__/hipify/gensrc/specialized/specialized_allreduce_ring_simple_premulsum_u32_0_0_4.o
[ 35%] Building RCCLDEV object src/CMakeFiles/rccl_device_gfx950.dir/__/hipify/gensrc/specialized/specialized_allreduce_ring_simple_premulsum_u64_0_0_4.o
[ 35%] Building RCCLDEV object src/CMakeFiles/rccl_device_gfx950.dir/__/hipify/gensrc/specialized/specialized_allreduce_ring_simple_premulsum_u64_1_0_4.o
[ 35%] Building RCCLDEV object src/CMakeFiles/rccl_device_gfx950.dir/__/hipify/gensrc/specialized/specialized_allreduce_ring_simple_premulsum_f16_0_0_4.o
[ 35%] Building RCCLDEV object src/CMakeFiles/rccl_device_gfx950.dir/__/hipify/gensrc/specialized/specialized_allreduce_ring_simple_premulsum_f16_1_0_4.o
[ 35%] Building RCCLDEV object src/CMakeFiles/rccl_device_gfx950.dir/__/hipify/gensrc/specialized/specialized_allreduce_ring_simple_premulsum_f32_0_0_4.o
[ 35%] Building RCCLDEV object src/CMakeFiles/rccl_device_gfx950.dir/__/hipify/gensrc/specialized/specialized_allreduce_ring_simple_premulsum_f32_1_0_4.o
[ 35%] Building RCCLDEV object src/CMakeFiles/rccl_device_gfx950.dir/__/hipify/gensrc/specialized/specialized_allreduce_ring_simple_premulsum_f64_0_0_4.o
[ 35%] Building RCCLDEV object src/CMakeFiles/rccl_device_gfx950.dir/__/hipify/gensrc/specialized/specialized_allreduce_ring_simple_premulsum_f64_1_0_4.o
[ 35%] Building RCCLDEV object src/CMakeFiles/rccl_device_gfx950.dir/__/hipify/gensrc/specialized/specialized_allreduce_ring_simple_premulsum_bf16_0_0_4.o
[ 35%] Building RCCLDEV object src/CMakeFiles/rccl_device_gfx950.dir/__/hipify/gensrc/specialized/specialized_allreduce_ring_simple_premulsum_bf16_0_1_4.o
[ 35%] Building RCCLDEV object src/CMakeFiles/rccl_device_gfx950.dir/__/hipify/gensrc/specialized/specialized_allreduce_ring_simple_premulsum_bf16_1_0_4.o
[ 35%] Building RCCLDEV object src/CMakeFiles/rccl_device_gfx950.dir/__/hipify/gensrc/specialized/specialized_allreduce_ring_simple_premulsum_bf16_1_1_4.o
[ 35%] Building RCCLDEV object src/CMakeFiles/rccl_device_gfx950.dir/__/hipify/gensrc/specialized/specialized_allreduce_ring_simple_sumpostdiv_u8_0_0_4.o
[ 35%] Building RCCLDEV object src/CMakeFiles/rccl_device_gfx950.dir/__/hipify/gensrc/specialized/specialized_allreduce_ring_simple_sumpostdiv_u8_1_0_4.o
[ 35%] Building RCCLDEV object src/CMakeFiles/rccl_device_gfx950.dir/__/hipify/gensrc/specialized/specialized_allreduce_ring_simple_sumpostdiv_u32_0_0_4.o
[ 35%] Building RCCLDEV object src/CMakeFiles/rccl_device_gfx950.dir/__/hipify/gensrc/specialized/specialized_allreduce_ring_simple_sumpostdiv_u32_1_0_4.o
[ 35%] Building RCCLDEV object src/CMakeFiles/rccl_device_gfx950.dir/__/hipify/gensrc/specialized/specialized_allreduce_ring_simple_sumpostdiv_u64_0_0_4.o
[ 35%] Building RCCLDEV object src/CMakeFiles/rccl_device_gfx950.dir/__/hipify/gensrc/specialized/specialized_allreduce_ring_simple_sumpostdiv_u64_1_0_4.o
[ 35%] Building RCCLDEV object src/CMakeFiles/rccl_device_gfx950.dir/__/hipify/gensrc/specialized/specialized_sendrecv_ring_simple_sum_i8_0_0_4.o
[ 35%] Building RCCLDEV object src/CMakeFiles/rccl_device_gfx950.dir/__/hipify/gensrc/specialized/specialized_alltoallpivot_ring_simple_sum_i8_0_0_4.o
[ 35%] Building RCCLDEV object src/CMakeFiles/rccl_device_gfx950.dir/__/hipify/gensrc/specialized/specialized_broadcast_ring_simple_sum_i8_0_0_2.o
[ 35%] Building RCCLDEV object src/CMakeFiles/rccl_device_gfx950.dir/__/hipify/gensrc/specialized/specialized_reduce_ring_simple_sum_u8_0_0_2.o
[ 35%] Building RCCLDEV object src/CMakeFiles/rccl_device_gfx950.dir/__/hipify/gensrc/specialized/specialized_reduce_ring_simple_sum_u32_0_0_2.o
[ 35%] Building RCCLDEV object src/CMakeFiles/rccl_device_gfx950.dir/__/hipify/gensrc/specialized/specialized_reduce_ring_simple_sum_u64_0_0_2.o
[ 35%] Building RCCLDEV object src/CMakeFiles/rccl_device_gfx950.dir/__/hipify/gensrc/specialized/specialized_reduce_ring_simple_sum_f16_0_0_2.o
[ 35%] Building RCCLDEV object src/CMakeFiles/rccl_device_gfx950.dir/__/hipify/gensrc/specialized/specialized_reduce_ring_simple_sum_f32_0_0_2.o
[ 35%] Building RCCLDEV object src/CMakeFiles/rccl_device_gfx950.dir/__/hipify/gensrc/specialized/specialized_reduce_ring_simple_sum_f64_0_0_2.o
[ 35%] Building RCCLDEV object src/CMakeFiles/rccl_device_gfx950.dir/__/hipify/gensrc/specialized/specialized_reduce_ring_simple_sum_bf16_0_0_2.o
[ 35%] Building RCCLDEV object src/CMakeFiles/rccl_device_gfx950.dir/__/hipify/gensrc/specialized/specialized_reduce_ring_simple_sum_bf16_0_1_2.o
[ 35%] Building RCCLDEV object src/CMakeFiles/rccl_device_gfx950.dir/__/hipify/gensrc/specialized/specialized_reduce_ring_simple_prod_u8_0_0_2.o
[ 35%] Building RCCLDEV object src/CMakeFiles/rccl_device_gfx950.dir/__/hipify/gensrc/specialized/specialized_reduce_ring_simple_prod_u32_0_0_2.o
[ 35%] Building RCCLDEV object src/CMakeFiles/rccl_device_gfx950.dir/__/hipify/gensrc/specialized/specialized_reduce_ring_simple_prod_u64_0_0_2.o
[ 35%] Building RCCLDEV object src/CMakeFiles/rccl_device_gfx950.dir/__/hipify/gensrc/specialized/specialized_reduce_ring_simple_prod_f16_0_0_2.o
[ 35%] Building RCCLDEV object src/CMakeFiles/rccl_device_gfx950.dir/__/hipify/gensrc/specialized/specialized_reduce_ring_simple_prod_f32_0_0_2.o
[ 35%] Building RCCLDEV object src/CMakeFiles/rccl_device_gfx950.dir/__/hipify/gensrc/specialized/specialized_reduce_ring_simple_prod_f64_0_0_2.o
[ 35%] Building RCCLDEV object src/CMakeFiles/rccl_device_gfx950.dir/__/hipify/gensrc/specialized/specialized_reduce_ring_simple_prod_bf16_0_0_2.o
[ 35%] Building RCCLDEV object src/CMakeFiles/rccl_device_gfx950.dir/__/hipify/gensrc/specialized/specialized_reduce_ring_simple_prod_bf16_0_1_2.o
[ 37%] Building RCCLDEV object src/CMakeFiles/rccl_device_gfx950.dir/__/hipify/gensrc/specialized/specialized_reduce_ring_simple_minmax_u8_0_0_2.o
[ 37%] Building RCCLDEV object src/CMakeFiles/rccl_device_gfx950.dir/__/hipify/gensrc/specialized/specialized_reduce_ring_simple_minmax_u32_0_0_2.o
[ 37%] Building RCCLDEV object src/CMakeFiles/rccl_device_gfx950.dir/__/hipify/gensrc/specialized/specialized_reduce_ring_simple_minmax_u64_0_0_2.o
[ 37%] Building RCCLDEV object src/CMakeFiles/rccl_device_gfx950.dir/__/hipify/gensrc/specialized/specialized_reduce_ring_simple_minmax_f16_0_0_2.o
[ 37%] Building RCCLDEV object src/CMakeFiles/rccl_device_gfx950.dir/__/hipify/gensrc/specialized/specialized_reduce_ring_simple_minmax_f32_0_0_2.o
[ 37%] Building RCCLDEV object src/CMakeFiles/rccl_device_gfx950.dir/__/hipify/gensrc/specialized/specialized_reduce_ring_simple_minmax_f64_0_0_2.o
[ 37%] Building RCCLDEV object src/CMakeFiles/rccl_device_gfx950.dir/__/hipify/gensrc/specialized/specialized_reduce_ring_simple_minmax_bf16_0_0_2.o
[ 37%] Building RCCLDEV object src/CMakeFiles/rccl_device_gfx950.dir/__/hipify/gensrc/specialized/specialized_reduce_ring_simple_minmax_bf16_0_1_2.o
[ 37%] Building RCCLDEV object src/CMakeFiles/rccl_device_gfx950.dir/__/hipify/gensrc/specialized/specialized_reduce_ring_simple_premulsum_u8_0_0_2.o
[ 37%] Building RCCLDEV object src/CMakeFiles/rccl_device_gfx950.dir/__/hipify/gensrc/specialized/specialized_reduce_ring_simple_premulsum_u32_0_0_2.o
[ 37%] Building RCCLDEV object src/CMakeFiles/rccl_device_gfx950.dir/__/hipify/gensrc/specialized/specialized_reduce_ring_simple_premulsum_u64_0_0_2.o
[ 37%] Building RCCLDEV object src/CMakeFiles/rccl_device_gfx950.dir/__/hipify/gensrc/specialized/specialized_reduce_ring_simple_premulsum_f16_0_0_2.o
[ 37%] Building RCCLDEV object src/CMakeFiles/rccl_device_gfx950.dir/__/hipify/gensrc/specialized/specialized_reduce_ring_simple_premulsum_f32_0_0_2.o
[ 37%] Building RCCLDEV object src/CMakeFiles/rccl_device_gfx950.dir/__/hipify/gensrc/specialized/specialized_reduce_ring_simple_premulsum_f64_0_0_2.o
[ 37%] Building RCCLDEV object src/CMakeFiles/rccl_device_gfx950.dir/__/hipify/gensrc/specialized/specialized_reduce_ring_simple_premulsum_bf16_0_0_2.o
[ 37%] Building RCCLDEV object src/CMakeFiles/rccl_device_gfx950.dir/__/hipify/gensrc/specialized/specialized_reduce_ring_simple_premulsum_bf16_0_1_2.o
[ 37%] Building RCCLDEV object src/CMakeFiles/rccl_device_gfx950.dir/__/hipify/gensrc/specialized/specialized_reduce_ring_simple_sumpostdiv_u8_0_0_2.o
[ 37%] Building RCCLDEV object src/CMakeFiles/rccl_device_gfx950.dir/__/hipify/gensrc/specialized/specialized_reduce_ring_simple_sumpostdiv_u32_0_0_2.o
[ 37%] Building RCCLDEV object src/CMakeFiles/rccl_device_gfx950.dir/__/hipify/gensrc/specialized/specialized_reduce_ring_simple_sumpostdiv_u64_0_0_2.o
[ 37%] Building RCCLDEV object src/CMakeFiles/rccl_device_gfx950.dir/__/hipify/gensrc/specialized/specialized_allgather_ring_simple_sum_i8_0_0_2.o
[ 37%] Building RCCLDEV object src/CMakeFiles/rccl_device_gfx950.dir/__/hipify/gensrc/specialized/specialized_reducescatter_ring_simple_sum_u8_0_0_2.o
[ 37%] Building RCCLDEV object src/CMakeFiles/rccl_device_gfx950.dir/__/hipify/gensrc/specialized/specialized_reducescatter_ring_simple_sum_u32_0_0_2.o
[ 37%] Building RCCLDEV object src/CMakeFiles/rccl_device_gfx950.dir/__/hipify/gensrc/specialized/specialized_reducescatter_ring_simple_sum_u64_0_0_2.o
[ 37%] Building RCCLDEV object src/CMakeFiles/rccl_device_gfx950.dir/__/hipify/gensrc/specialized/specialized_reducescatter_ring_simple_sum_f16_0_0_2.o
[ 37%] Building RCCLDEV object src/CMakeFiles/rccl_device_gfx950.dir/__/hipify/gensrc/specialized/specialized_reducescatter_ring_simple_sum_f32_0_0_2.o
[ 37%] Building RCCLDEV object src/CMakeFiles/rccl_device_gfx950.dir/__/hipify/gensrc/specialized/specialized_reducescatter_ring_simple_sum_f64_0_0_2.o
[ 37%] Building RCCLDEV object src/CMakeFiles/rccl_device_gfx950.dir/__/hipify/gensrc/specialized/specialized_reducescatter_ring_simple_sum_bf16_0_0_2.o
[ 37%] Building RCCLDEV object src/CMakeFiles/rccl_device_gfx950.dir/__/hipify/gensrc/specialized/specialized_reducescatter_ring_simple_sum_bf16_0_1_2.o
[ 37%] Building RCCLDEV object src/CMakeFiles/rccl_device_gfx950.dir/__/hipify/gensrc/specialized/specialized_reducescatter_ring_simple_prod_u8_0_0_2.o
[ 37%] Building RCCLDEV object src/CMakeFiles/rccl_device_gfx950.dir/__/hipify/gensrc/specialized/specialized_reducescatter_ring_simple_prod_u32_0_0_2.o
[ 37%] Building RCCLDEV object src/CMakeFiles/rccl_device_gfx950.dir/__/hipify/gensrc/specialized/specialized_reducescatter_ring_simple_prod_u64_0_0_2.o
[ 37%] Building RCCLDEV object src/CMakeFiles/rccl_device_gfx950.dir/__/hipify/gensrc/specialized/specialized_reducescatter_ring_simple_prod_f16_0_0_2.o
[ 37%] Building RCCLDEV object src/CMakeFiles/rccl_device_gfx950.dir/__/hipify/gensrc/specialized/specialized_reducescatter_ring_simple_prod_f32_0_0_2.o
[ 37%] Building RCCLDEV object src/CMakeFiles/rccl_device_gfx950.dir/__/hipify/gensrc/specialized/specialized_reducescatter_ring_simple_prod_f64_0_0_2.o
[ 37%] Building RCCLDEV object src/CMakeFiles/rccl_device_gfx950.dir/__/hipify/gensrc/specialized/specialized_reducescatter_ring_simple_prod_bf16_0_0_2.o
[ 37%] Building RCCLDEV object src/CMakeFiles/rccl_device_gfx950.dir/__/hipify/gensrc/specialized/specialized_reducescatter_ring_simple_prod_bf16_0_1_2.o
[ 37%] Building RCCLDEV object src/CMakeFiles/rccl_device_gfx950.dir/__/hipify/gensrc/specialized/specialized_reducescatter_ring_simple_minmax_u8_0_0_2.o
[ 37%] Building RCCLDEV object src/CMakeFiles/rccl_device_gfx950.dir/__/hipify/gensrc/specialized/specialized_reducescatter_ring_simple_minmax_u32_0_0_2.o
[ 37%] Building RCCLDEV object src/CMakeFiles/rccl_device_gfx950.dir/__/hipify/gensrc/specialized/specialized_reducescatter_ring_simple_minmax_u64_0_0_2.o
[ 37%] Building RCCLDEV object src/CMakeFiles/rccl_device_gfx950.dir/__/hipify/gensrc/specialized/specialized_reducescatter_ring_simple_minmax_f16_0_0_2.o
[ 37%] Building RCCLDEV object src/CMakeFiles/rccl_device_gfx950.dir/__/hipify/gensrc/specialized/specialized_reducescatter_ring_simple_minmax_f32_0_0_2.o
[ 37%] Building RCCLDEV object src/CMakeFiles/rccl_device_gfx950.dir/__/hipify/gensrc/specialized/specialized_reducescatter_ring_simple_minmax_f64_0_0_2.o
[ 37%] Building RCCLDEV object src/CMakeFiles/rccl_device_gfx950.dir/__/hipify/gensrc/specialized/specialized_reducescatter_ring_simple_minmax_bf16_0_0_2.o
[ 37%] Building RCCLDEV object src/CMakeFiles/rccl_device_gfx950.dir/__/hipify/gensrc/specialized/specialized_reducescatter_ring_simple_minmax_bf16_0_1_2.o
[ 37%] Building RCCLDEV object src/CMakeFiles/rccl_device_gfx950.dir/__/hipify/gensrc/specialized/specialized_reducescatter_ring_simple_premulsum_u8_0_0_2.o
[ 37%] Building RCCLDEV object src/CMakeFiles/rccl_device_gfx950.dir/__/hipify/gensrc/specialized/specialized_reducescatter_ring_simple_premulsum_u32_0_0_2.o
[ 37%] Building RCCLDEV object src/CMakeFiles/rccl_device_gfx950.dir/__/hipify/gensrc/specialized/specialized_reducescatter_ring_simple_premulsum_u64_0_0_2.o
[ 37%] Building RCCLDEV object src/CMakeFiles/rccl_device_gfx950.dir/__/hipify/gensrc/specialized/specialized_reducescatter_ring_simple_premulsum_f16_0_0_2.o
[ 37%] Building RCCLDEV object src/CMakeFiles/rccl_device_gfx950.dir/__/hipify/gensrc/specialized/specialized_reducescatter_ring_simple_premulsum_f32_0_0_2.o
[ 37%] Building RCCLDEV object src/CMakeFiles/rccl_device_gfx950.dir/__/hipify/gensrc/specialized/specialized_reducescatter_ring_simple_premulsum_f64_0_0_2.o
[ 37%] Building RCCLDEV object src/CMakeFiles/rccl_device_gfx950.dir/__/hipify/gensrc/specialized/specialized_reducescatter_ring_simple_premulsum_bf16_0_0_2.o
[ 37%] Building RCCLDEV object src/CMakeFiles/rccl_device_gfx950.dir/__/hipify/gensrc/specialized/specialized_reducescatter_ring_simple_premulsum_bf16_0_1_2.o
[ 37%] Building RCCLDEV object src/CMakeFiles/rccl_device_gfx950.dir/__/hipify/gensrc/specialized/specialized_reducescatter_ring_simple_sumpostdiv_u8_0_0_2.o
[ 37%] Building RCCLDEV object src/CMakeFiles/rccl_device_gfx950.dir/__/hipify/gensrc/specialized/specialized_reducescatter_ring_simple_sumpostdiv_u32_0_0_2.o
[ 37%] Building RCCLDEV object src/CMakeFiles/rccl_device_gfx950.dir/__/hipify/gensrc/specialized/specialized_reducescatter_ring_simple_sumpostdiv_u64_0_0_2.o
[ 37%] Building RCCLDEV object src/CMakeFiles/rccl_device_gfx950.dir/__/hipify/gensrc/specialized/specialized_allreduce_ring_simple_sum_u8_0_0_2.o
[ 37%] Building RCCLDEV object src/CMakeFiles/rccl_device_gfx950.dir/__/hipify/gensrc/specialized/specialized_allreduce_ring_simple_sum_u8_1_0_2.o
[ 37%] Building RCCLDEV object src/CMakeFiles/rccl_device_gfx950.dir/__/hipify/gensrc/specialized/specialized_allreduce_ring_simple_sum_u32_0_0_2.o
[ 37%] Building RCCLDEV object src/CMakeFiles/rccl_device_gfx950.dir/__/hipify/gensrc/specialized/specialized_allreduce_ring_simple_sum_u32_1_0_2.o
[ 37%] Building RCCLDEV object src/CMakeFiles/rccl_device_gfx950.dir/__/hipify/gensrc/specialized/specialized_allreduce_ring_simple_sum_u64_0_0_2.o
[ 37%] Building RCCLDEV object src/CMakeFiles/rccl_device_gfx950.dir/__/hipify/gensrc/specialized/specialized_allreduce_ring_simple_sum_u64_1_0_2.o
[ 37%] Building RCCLDEV object src/CMakeFiles/rccl_device_gfx950.dir/__/hipify/gensrc/specialized/specialized_allreduce_ring_simple_sum_f16_0_0_2.o
[ 37%] Building RCCLDEV object src/CMakeFiles/rccl_device_gfx950.dir/__/hipify/gensrc/specialized/specialized_allreduce_ring_simple_sum_f16_1_0_2.o
[ 38%] Building RCCLDEV object src/CMakeFiles/rccl_device_gfx950.dir/__/hipify/gensrc/specialized/specialized_allreduce_ring_simple_sum_f32_0_0_2.o
[ 38%] Building RCCLDEV object src/CMakeFiles/rccl_device_gfx950.dir/__/hipify/gensrc/specialized/specialized_allreduce_ring_simple_sum_f32_1_0_2.o
[ 38%] Building RCCLDEV object src/CMakeFiles/rccl_device_gfx950.dir/__/hipify/gensrc/specialized/specialized_allreduce_ring_simple_sum_f64_0_0_2.o
[ 38%] Building RCCLDEV object src/CMakeFiles/rccl_device_gfx950.dir/__/hipify/gensrc/specialized/specialized_allreduce_ring_simple_sum_f64_1_0_2.o
[ 38%] Building RCCLDEV object src/CMakeFiles/rccl_device_gfx950.dir/__/hipify/gensrc/specialized/specialized_allreduce_ring_simple_sum_bf16_0_0_2.o
[ 38%] Building RCCLDEV object src/CMakeFiles/rccl_device_gfx950.dir/__/hipify/gensrc/specialized/specialized_allreduce_ring_simple_sum_bf16_0_1_2.o
[ 38%] Building RCCLDEV object src/CMakeFiles/rccl_device_gfx950.dir/__/hipify/gensrc/specialized/specialized_allreduce_ring_simple_sum_bf16_1_0_2.o
[ 38%] Building RCCLDEV object src/CMakeFiles/rccl_device_gfx950.dir/__/hipify/gensrc/specialized/specialized_allreduce_ring_simple_sum_bf16_1_1_2.o
[ 38%] Building RCCLDEV object src/CMakeFiles/rccl_device_gfx950.dir/__/hipify/gensrc/specialized/specialized_allreduce_ring_simple_prod_u8_0_0_2.o
[ 38%] Building RCCLDEV object src/CMakeFiles/rccl_device_gfx950.dir/__/hipify/gensrc/specialized/specialized_allreduce_ring_simple_prod_u8_1_0_2.o
[ 38%] Building RCCLDEV object src/CMakeFiles/rccl_device_gfx950.dir/__/hipify/gensrc/specialized/specialized_allreduce_ring_simple_prod_u32_0_0_2.o
[ 38%] Building RCCLDEV object src/CMakeFiles/rccl_device_gfx950.dir/__/hipify/gensrc/specialized/specialized_allreduce_ring_simple_prod_u32_1_0_2.o
[ 38%] Building RCCLDEV object src/CMakeFiles/rccl_device_gfx950.dir/__/hipify/gensrc/specialized/specialized_allreduce_ring_simple_prod_u64_0_0_2.o
[ 38%] Building RCCLDEV object src/CMakeFiles/rccl_device_gfx950.dir/__/hipify/gensrc/specialized/specialized_allreduce_ring_simple_prod_u64_1_0_2.o
[ 38%] Building RCCLDEV object src/CMakeFiles/rccl_device_gfx950.dir/__/hipify/gensrc/specialized/specialized_allreduce_ring_simple_prod_f16_0_0_2.o
[ 38%] Building RCCLDEV object src/CMakeFiles/rccl_device_gfx950.dir/__/hipify/gensrc/specialized/specialized_allreduce_ring_simple_prod_f16_1_0_2.o
[ 38%] Building RCCLDEV object src/CMakeFiles/rccl_device_gfx950.dir/__/hipify/gensrc/specialized/specialized_allreduce_ring_simple_prod_f32_0_0_2.o
[ 38%] Building RCCLDEV object src/CMakeFiles/rccl_device_gfx950.dir/__/hipify/gensrc/specialized/specialized_allreduce_ring_simple_prod_f32_1_0_2.o
[ 38%] Building RCCLDEV object src/CMakeFiles/rccl_device_gfx950.dir/__/hipify/gensrc/specialized/specialized_allreduce_ring_simple_prod_f64_0_0_2.o
[ 38%] Building RCCLDEV object src/CMakeFiles/rccl_device_gfx950.dir/__/hipify/gensrc/specialized/specialized_allreduce_ring_simple_prod_f64_1_0_2.o
[ 38%] Building RCCLDEV object src/CMakeFiles/rccl_device_gfx950.dir/__/hipify/gensrc/specialized/specialized_allreduce_ring_simple_prod_bf16_0_0_2.o
[ 38%] Building RCCLDEV object src/CMakeFiles/rccl_device_gfx950.dir/__/hipify/gensrc/specialized/specialized_allreduce_ring_simple_prod_bf16_0_1_2.o
[ 38%] Building RCCLDEV object src/CMakeFiles/rccl_device_gfx950.dir/__/hipify/gensrc/specialized/specialized_allreduce_ring_simple_prod_bf16_1_0_2.o
[ 38%] Building RCCLDEV object src/CMakeFiles/rccl_device_gfx950.dir/__/hipify/gensrc/specialized/specialized_allreduce_ring_simple_prod_bf16_1_1_2.o
[ 38%] Building RCCLDEV object src/CMakeFiles/rccl_device_gfx950.dir/__/hipify/gensrc/specialized/specialized_allreduce_ring_simple_minmax_u8_1_0_2.o
[ 38%] Building RCCLDEV object src/CMakeFiles/rccl_device_gfx950.dir/__/hipify/gensrc/specialized/specialized_allreduce_ring_simple_minmax_u8_0_0_2.o
[ 38%] Building RCCLDEV object src/CMakeFiles/rccl_device_gfx950.dir/__/hipify/gensrc/specialized/specialized_allreduce_ring_simple_minmax_u32_1_0_2.o
[ 38%] Building RCCLDEV object src/CMakeFiles/rccl_device_gfx950.dir/__/hipify/gensrc/specialized/specialized_allreduce_ring_simple_minmax_u32_0_0_2.o
[ 38%] Building RCCLDEV object src/CMakeFiles/rccl_device_gfx950.dir/__/hipify/gensrc/specialized/specialized_allreduce_ring_simple_minmax_u64_0_0_2.o
[ 38%] Building RCCLDEV object src/CMakeFiles/rccl_device_gfx950.dir/__/hipify/gensrc/specialized/specialized_allreduce_ring_simple_minmax_u64_1_0_2.o
[ 38%] Building RCCLDEV object src/CMakeFiles/rccl_device_gfx950.dir/__/hipify/gensrc/specialized/specialized_allreduce_ring_simple_minmax_f16_0_0_2.o
[ 38%] Building RCCLDEV object src/CMakeFiles/rccl_device_gfx950.dir/__/hipify/gensrc/specialized/specialized_allreduce_ring_simple_minmax_f16_1_0_2.o
[ 38%] Building RCCLDEV object src/CMakeFiles/rccl_device_gfx950.dir/__/hipify/gensrc/specialized/specialized_allreduce_ring_simple_minmax_f32_0_0_2.o
[ 38%] Building RCCLDEV object src/CMakeFiles/rccl_device_gfx950.dir/__/hipify/gensrc/specialized/specialized_allreduce_ring_simple_minmax_f32_1_0_2.o
[ 38%] Building RCCLDEV object src/CMakeFiles/rccl_device_gfx950.dir/__/hipify/gensrc/specialized/specialized_allreduce_ring_simple_minmax_f64_0_0_2.o
[ 38%] Building RCCLDEV object src/CMakeFiles/rccl_device_gfx950.dir/__/hipify/gensrc/specialized/specialized_allreduce_ring_simple_minmax_f64_1_0_2.o
[ 38%] Building RCCLDEV object src/CMakeFiles/rccl_device_gfx950.dir/__/hipify/gensrc/specialized/specialized_allreduce_ring_simple_minmax_bf16_0_0_2.o
[ 38%] Building RCCLDEV object src/CMakeFiles/rccl_device_gfx950.dir/__/hipify/gensrc/specialized/specialized_allreduce_ring_simple_minmax_bf16_0_1_2.o
[ 38%] Building RCCLDEV object src/CMakeFiles/rccl_device_gfx950.dir/__/hipify/gensrc/specialized/specialized_allreduce_ring_simple_minmax_bf16_1_0_2.o
[ 38%] Building RCCLDEV object src/CMakeFiles/rccl_device_gfx950.dir/__/hipify/gensrc/specialized/specialized_allreduce_ring_simple_minmax_bf16_1_1_2.o
[ 38%] Building RCCLDEV object src/CMakeFiles/rccl_device_gfx950.dir/__/hipify/gensrc/specialized/specialized_allreduce_ring_simple_premulsum_u8_0_0_2.o
[ 38%] Building RCCLDEV object src/CMakeFiles/rccl_device_gfx950.dir/__/hipify/gensrc/specialized/specialized_allreduce_ring_simple_premulsum_u8_1_0_2.o
[ 38%] Building RCCLDEV object src/CMakeFiles/rccl_device_gfx950.dir/__/hipify/gensrc/specialized/specialized_allreduce_ring_simple_premulsum_u32_0_0_2.o
[ 38%] Building RCCLDEV object src/CMakeFiles/rccl_device_gfx950.dir/__/hipify/gensrc/specialized/specialized_allreduce_ring_simple_premulsum_u32_1_0_2.o
[ 38%] Building RCCLDEV object src/CMakeFiles/rccl_device_gfx950.dir/__/hipify/gensrc/specialized/specialized_allreduce_ring_simple_premulsum_u64_0_0_2.o
[ 38%] Building RCCLDEV object src/CMakeFiles/rccl_device_gfx950.dir/__/hipify/gensrc/specialized/specialized_allreduce_ring_simple_premulsum_u64_1_0_2.o
[ 38%] Building RCCLDEV object src/CMakeFiles/rccl_device_gfx950.dir/__/hipify/gensrc/specialized/specialized_allreduce_ring_simple_premulsum_f16_0_0_2.o
[ 38%] Building RCCLDEV object src/CMakeFiles/rccl_device_gfx950.dir/__/hipify/gensrc/specialized/specialized_allreduce_ring_simple_premulsum_f16_1_0_2.o
[ 38%] Building RCCLDEV object src/CMakeFiles/rccl_device_gfx950.dir/__/hipify/gensrc/specialized/specialized_allreduce_ring_simple_premulsum_f32_0_0_2.o
[ 38%] Building RCCLDEV object src/CMakeFiles/rccl_device_gfx950.dir/__/hipify/gensrc/specialized/specialized_allreduce_ring_simple_premulsum_f32_1_0_2.o
[ 38%] Building RCCLDEV object src/CMakeFiles/rccl_device_gfx950.dir/__/hipify/gensrc/specialized/specialized_allreduce_ring_simple_premulsum_f64_0_0_2.o
[ 38%] Building RCCLDEV object src/CMakeFiles/rccl_device_gfx950.dir/__/hipify/gensrc/specialized/specialized_allreduce_ring_simple_premulsum_f64_1_0_2.o
[ 38%] Building RCCLDEV object src/CMakeFiles/rccl_device_gfx950.dir/__/hipify/gensrc/specialized/specialized_allreduce_ring_simple_premulsum_bf16_0_0_2.o
[ 38%] Building RCCLDEV object src/CMakeFiles/rccl_device_gfx950.dir/__/hipify/gensrc/specialized/specialized_allreduce_ring_simple_premulsum_bf16_0_1_2.o
[ 38%] Building RCCLDEV object src/CMakeFiles/rccl_device_gfx950.dir/__/hipify/gensrc/specialized/specialized_allreduce_ring_simple_premulsum_bf16_1_1_2.o
[ 38%] Building RCCLDEV object src/CMakeFiles/rccl_device_gfx950.dir/__/hipify/gensrc/specialized/specialized_allreduce_ring_simple_premulsum_bf16_1_0_2.o
[ 38%] Building RCCLDEV object src/CMakeFiles/rccl_device_gfx950.dir/__/hipify/gensrc/specialized/specialized_allreduce_ring_simple_sumpostdiv_u8_0_0_2.o
[ 38%] Building RCCLDEV object src/CMakeFiles/rccl_device_gfx950.dir/__/hipify/gensrc/specialized/specialized_allreduce_ring_simple_sumpostdiv_u8_1_0_2.o
[ 38%] Building RCCLDEV object src/CMakeFiles/rccl_device_gfx950.dir/__/hipify/gensrc/specialized/specialized_allreduce_ring_simple_sumpostdiv_u32_0_0_2.o
[ 38%] Building RCCLDEV object src/CMakeFiles/rccl_device_gfx950.dir/__/hipify/gensrc/specialized/specialized_allreduce_ring_simple_sumpostdiv_u32_1_0_2.o
[ 38%] Building RCCLDEV object src/CMakeFiles/rccl_device_gfx950.dir/__/hipify/gensrc/specialized/specialized_allreduce_ring_simple_sumpostdiv_u64_0_0_2.o
[ 38%] Building RCCLDEV object src/CMakeFiles/rccl_device_gfx950.dir/__/hipify/gensrc/specialized/specialized_allreduce_ring_simple_sumpostdiv_u64_1_0_2.o
[ 38%] Building RCCLDEV object src/CMakeFiles/rccl_device_gfx950.dir/__/hipify/gensrc/specialized/specialized_sendrecv_ring_simple_sum_i8_0_0_2.o
[ 40%] Building RCCLDEV object src/CMakeFiles/rccl_device_gfx950.dir/__/hipify/gensrc/specialized/specialized_alltoallpivot_ring_simple_sum_i8_0_0_2.o
[ 40%] Building RCCLDEV object src/CMakeFiles/rccl_device_gfx950.dir/__/hipify/gensrc/specialized/specialized_broadcast_ring_simple_sum_i8_0_0_1.o
[ 40%] Building RCCLDEV object src/CMakeFiles/rccl_device_gfx950.dir/__/hipify/gensrc/specialized/specialized_reduce_ring_simple_sum_u8_0_0_1.o
[ 40%] Building RCCLDEV object src/CMakeFiles/rccl_device_gfx950.dir/__/hipify/gensrc/specialized/specialized_reduce_ring_simple_sum_u32_0_0_1.o
[ 40%] Building RCCLDEV object src/CMakeFiles/rccl_device_gfx950.dir/__/hipify/gensrc/specialized/specialized_reduce_ring_simple_sum_u64_0_0_1.o
[ 40%] Building RCCLDEV object src/CMakeFiles/rccl_device_gfx950.dir/__/hipify/gensrc/specialized/specialized_reduce_ring_simple_sum_f16_0_0_1.o
[ 40%] Building RCCLDEV object src/CMakeFiles/rccl_device_gfx950.dir/__/hipify/gensrc/specialized/specialized_reduce_ring_simple_sum_f32_0_0_1.o
[ 40%] Building RCCLDEV object src/CMakeFiles/rccl_device_gfx950.dir/__/hipify/gensrc/specialized/specialized_reduce_ring_simple_sum_f64_0_0_1.o
[ 40%] Building RCCLDEV object src/CMakeFiles/rccl_device_gfx950.dir/__/hipify/gensrc/specialized/specialized_reduce_ring_simple_sum_bf16_0_0_1.o
[ 40%] Building RCCLDEV object src/CMakeFiles/rccl_device_gfx950.dir/__/hipify/gensrc/specialized/specialized_reduce_ring_simple_sum_bf16_0_1_1.o
[ 40%] Building RCCLDEV object src/CMakeFiles/rccl_device_gfx950.dir/__/hipify/gensrc/specialized/specialized_reduce_ring_simple_prod_u8_0_0_1.o
[ 40%] Building RCCLDEV object src/CMakeFiles/rccl_device_gfx950.dir/__/hipify/gensrc/specialized/specialized_reduce_ring_simple_prod_u32_0_0_1.o
[ 40%] Building RCCLDEV object src/CMakeFiles/rccl_device_gfx950.dir/__/hipify/gensrc/specialized/specialized_reduce_ring_simple_prod_u64_0_0_1.o
[ 40%] Building RCCLDEV object src/CMakeFiles/rccl_device_gfx950.dir/__/hipify/gensrc/specialized/specialized_reduce_ring_simple_prod_f16_0_0_1.o
[ 40%] Building RCCLDEV object src/CMakeFiles/rccl_device_gfx950.dir/__/hipify/gensrc/specialized/specialized_reduce_ring_simple_prod_f32_0_0_1.o
[ 40%] Building RCCLDEV object src/CMakeFiles/rccl_device_gfx950.dir/__/hipify/gensrc/specialized/specialized_reduce_ring_simple_prod_f64_0_0_1.o
[ 40%] Building RCCLDEV object src/CMakeFiles/rccl_device_gfx950.dir/__/hipify/gensrc/specialized/specialized_reduce_ring_simple_prod_bf16_0_0_1.o
[ 40%] Building RCCLDEV object src/CMakeFiles/rccl_device_gfx950.dir/__/hipify/gensrc/specialized/specialized_reduce_ring_simple_prod_bf16_0_1_1.o
[ 40%] Building RCCLDEV object src/CMakeFiles/rccl_device_gfx950.dir/__/hipify/gensrc/specialized/specialized_reduce_ring_simple_minmax_u8_0_0_1.o
[ 40%] Building RCCLDEV object src/CMakeFiles/rccl_device_gfx950.dir/__/hipify/gensrc/specialized/specialized_reduce_ring_simple_minmax_u32_0_0_1.o
[ 40%] Building RCCLDEV object src/CMakeFiles/rccl_device_gfx950.dir/__/hipify/gensrc/specialized/specialized_reduce_ring_simple_minmax_u64_0_0_1.o
[ 40%] Building RCCLDEV object src/CMakeFiles/rccl_device_gfx950.dir/__/hipify/gensrc/specialized/specialized_reduce_ring_simple_minmax_f16_0_0_1.o
[ 40%] Building RCCLDEV object src/CMakeFiles/rccl_device_gfx950.dir/__/hipify/gensrc/specialized/specialized_reduce_ring_simple_minmax_f32_0_0_1.o
[ 40%] Building RCCLDEV object src/CMakeFiles/rccl_device_gfx950.dir/__/hipify/gensrc/specialized/specialized_reduce_ring_simple_minmax_f64_0_0_1.o
[ 40%] Building RCCLDEV object src/CMakeFiles/rccl_device_gfx950.dir/__/hipify/gensrc/specialized/specialized_reduce_ring_simple_minmax_bf16_0_0_1.o
[ 40%] Building RCCLDEV object src/CMakeFiles/rccl_device_gfx950.dir/__/hipify/gensrc/specialized/specialized_reduce_ring_simple_minmax_bf16_0_1_1.o
[ 40%] Building RCCLDEV object src/CMakeFiles/rccl_device_gfx950.dir/__/hipify/gensrc/specialized/specialized_reduce_ring_simple_premulsum_u8_0_0_1.o
[ 40%] Building RCCLDEV object src/CMakeFiles/rccl_device_gfx950.dir/__/hipify/gensrc/specialized/specialized_reduce_ring_simple_premulsum_u32_0_0_1.o
[ 40%] Building RCCLDEV object src/CMakeFiles/rccl_device_gfx950.dir/__/hipify/gensrc/specialized/specialized_reduce_ring_simple_premulsum_u64_0_0_1.o
[ 40%] Building RCCLDEV object src/CMakeFiles/rccl_device_gfx950.dir/__/hipify/gensrc/specialized/specialized_reduce_ring_simple_premulsum_f16_0_0_1.o
[ 40%] Building RCCLDEV object src/CMakeFiles/rccl_device_gfx950.dir/__/hipify/gensrc/specialized/specialized_reduce_ring_simple_premulsum_f32_0_0_1.o
[ 40%] Building RCCLDEV object src/CMakeFiles/rccl_device_gfx950.dir/__/hipify/gensrc/specialized/specialized_reduce_ring_simple_premulsum_bf16_0_0_1.o
[ 40%] Building RCCLDEV object src/CMakeFiles/rccl_device_gfx950.dir/__/hipify/gensrc/specialized/specialized_reduce_ring_simple_premulsum_f64_0_0_1.o
[ 40%] Building RCCLDEV object src/CMakeFiles/rccl_device_gfx950.dir/__/hipify/gensrc/specialized/specialized_reduce_ring_simple_premulsum_bf16_0_1_1.o
[ 40%] Building RCCLDEV object src/CMakeFiles/rccl_device_gfx950.dir/__/hipify/gensrc/specialized/specialized_reduce_ring_simple_sumpostdiv_u8_0_0_1.o
[ 40%] Building RCCLDEV object src/CMakeFiles/rccl_device_gfx950.dir/__/hipify/gensrc/specialized/specialized_reduce_ring_simple_sumpostdiv_u32_0_0_1.o
[ 40%] Building RCCLDEV object src/CMakeFiles/rccl_device_gfx950.dir/__/hipify/gensrc/specialized/specialized_reduce_ring_simple_sumpostdiv_u64_0_0_1.o
[ 40%] Building RCCLDEV object src/CMakeFiles/rccl_device_gfx950.dir/__/hipify/gensrc/specialized/specialized_allgather_ring_simple_sum_i8_0_0_1.o
[ 40%] Building RCCLDEV object src/CMakeFiles/rccl_device_gfx950.dir/__/hipify/gensrc/specialized/specialized_reducescatter_ring_simple_sum_u8_0_0_1.o
[ 40%] Building RCCLDEV object src/CMakeFiles/rccl_device_gfx950.dir/__/hipify/gensrc/specialized/specialized_reducescatter_ring_simple_sum_u32_0_0_1.o
[ 40%] Building RCCLDEV object src/CMakeFiles/rccl_device_gfx950.dir/__/hipify/gensrc/specialized/specialized_reducescatter_ring_simple_sum_u64_0_0_1.o
[ 40%] Building RCCLDEV object src/CMakeFiles/rccl_device_gfx950.dir/__/hipify/gensrc/specialized/specialized_reducescatter_ring_simple_sum_f16_0_0_1.o
[ 40%] Building RCCLDEV object src/CMakeFiles/rccl_device_gfx950.dir/__/hipify/gensrc/specialized/specialized_reducescatter_ring_simple_sum_f32_0_0_1.o
[ 40%] Building RCCLDEV object src/CMakeFiles/rccl_device_gfx950.dir/__/hipify/gensrc/specialized/specialized_reducescatter_ring_simple_sum_f64_0_0_1.o
[ 40%] Building RCCLDEV object src/CMakeFiles/rccl_device_gfx950.dir/__/hipify/gensrc/specialized/specialized_reducescatter_ring_simple_sum_bf16_0_0_1.o
[ 40%] Building RCCLDEV object src/CMakeFiles/rccl_device_gfx950.dir/__/hipify/gensrc/specialized/specialized_reducescatter_ring_simple_sum_bf16_0_1_1.o
[ 40%] Building RCCLDEV object src/CMakeFiles/rccl_device_gfx950.dir/__/hipify/gensrc/specialized/specialized_reducescatter_ring_simple_prod_u8_0_0_1.o
[ 40%] Building RCCLDEV object src/CMakeFiles/rccl_device_gfx950.dir/__/hipify/gensrc/specialized/specialized_reducescatter_ring_simple_prod_u32_0_0_1.o
[ 40%] Building RCCLDEV object src/CMakeFiles/rccl_device_gfx950.dir/__/hipify/gensrc/specialized/specialized_reducescatter_ring_simple_prod_u64_0_0_1.o
[ 40%] Building RCCLDEV object src/CMakeFiles/rccl_device_gfx950.dir/__/hipify/gensrc/specialized/specialized_reducescatter_ring_simple_prod_f16_0_0_1.o
[ 40%] Building RCCLDEV object src/CMakeFiles/rccl_device_gfx950.dir/__/hipify/gensrc/specialized/specialized_reducescatter_ring_simple_prod_f32_0_0_1.o
[ 40%] Building RCCLDEV object src/CMakeFiles/rccl_device_gfx950.dir/__/hipify/gensrc/specialized/specialized_reducescatter_ring_simple_prod_f64_0_0_1.o
[ 40%] Building RCCLDEV object src/CMakeFiles/rccl_device_gfx950.dir/__/hipify/gensrc/specialized/specialized_reducescatter_ring_simple_prod_bf16_0_0_1.o
[ 40%] Building RCCLDEV object src/CMakeFiles/rccl_device_gfx950.dir/__/hipify/gensrc/specialized/specialized_reducescatter_ring_simple_prod_bf16_0_1_1.o
[ 40%] Building RCCLDEV object src/CMakeFiles/rccl_device_gfx950.dir/__/hipify/gensrc/specialized/specialized_reducescatter_ring_simple_minmax_u8_0_0_1.o
[ 40%] Building RCCLDEV object src/CMakeFiles/rccl_device_gfx950.dir/__/hipify/gensrc/specialized/specialized_reducescatter_ring_simple_minmax_u32_0_0_1.o
[ 40%] Building RCCLDEV object src/CMakeFiles/rccl_device_gfx950.dir/__/hipify/gensrc/specialized/specialized_reducescatter_ring_simple_minmax_u64_0_0_1.o
[ 40%] Building RCCLDEV object src/CMakeFiles/rccl_device_gfx950.dir/__/hipify/gensrc/specialized/specialized_reducescatter_ring_simple_minmax_f16_0_0_1.o
[ 40%] Building RCCLDEV object src/CMakeFiles/rccl_device_gfx950.dir/__/hipify/gensrc/specialized/specialized_reducescatter_ring_simple_minmax_f32_0_0_1.o
[ 40%] Building RCCLDEV object src/CMakeFiles/rccl_device_gfx950.dir/__/hipify/gensrc/specialized/specialized_reducescatter_ring_simple_minmax_f64_0_0_1.o
[ 40%] Building RCCLDEV object src/CMakeFiles/rccl_device_gfx950.dir/__/hipify/gensrc/specialized/specialized_reducescatter_ring_simple_minmax_bf16_0_0_1.o
[ 40%] Building RCCLDEV object src/CMakeFiles/rccl_device_gfx950.dir/__/hipify/gensrc/specialized/specialized_reducescatter_ring_simple_minmax_bf16_0_1_1.o
[ 40%] Building RCCLDEV object src/CMakeFiles/rccl_device_gfx950.dir/__/hipify/gensrc/specialized/specialized_reducescatter_ring_simple_premulsum_u8_0_0_1.o
[ 42%] Building RCCLDEV object src/CMakeFiles/rccl_device_gfx950.dir/__/hipify/gensrc/specialized/specialized_reducescatter_ring_simple_premulsum_u32_0_0_1.o
[ 42%] Building RCCLDEV object src/CMakeFiles/rccl_device_gfx950.dir/__/hipify/gensrc/specialized/specialized_reducescatter_ring_simple_premulsum_u64_0_0_1.o
[ 42%] Building RCCLDEV object src/CMakeFiles/rccl_device_gfx950.dir/__/hipify/gensrc/specialized/specialized_reducescatter_ring_simple_premulsum_f16_0_0_1.o
[ 42%] Building RCCLDEV object src/CMakeFiles/rccl_device_gfx950.dir/__/hipify/gensrc/specialized/specialized_reducescatter_ring_simple_premulsum_f32_0_0_1.o
[ 42%] Building RCCLDEV object src/CMakeFiles/rccl_device_gfx950.dir/__/hipify/gensrc/specialized/specialized_reducescatter_ring_simple_premulsum_f64_0_0_1.o
[ 42%] Building RCCLDEV object src/CMakeFiles/rccl_device_gfx950.dir/__/hipify/gensrc/specialized/specialized_reducescatter_ring_simple_premulsum_bf16_0_0_1.o
[ 42%] Building RCCLDEV object src/CMakeFiles/rccl_device_gfx950.dir/__/hipify/gensrc/specialized/specialized_reducescatter_ring_simple_premulsum_bf16_0_1_1.o
[ 42%] Building RCCLDEV object src/CMakeFiles/rccl_device_gfx950.dir/__/hipify/gensrc/specialized/specialized_reducescatter_ring_simple_sumpostdiv_u8_0_0_1.o
[ 42%] Building RCCLDEV object src/CMakeFiles/rccl_device_gfx950.dir/__/hipify/gensrc/specialized/specialized_reducescatter_ring_simple_sumpostdiv_u32_0_0_1.o
[ 42%] Building RCCLDEV object src/CMakeFiles/rccl_device_gfx950.dir/__/hipify/gensrc/specialized/specialized_reducescatter_ring_simple_sumpostdiv_u64_0_0_1.o
[ 42%] Building RCCLDEV object src/CMakeFiles/rccl_device_gfx950.dir/__/hipify/gensrc/specialized/specialized_allreduce_ring_simple_sum_u8_0_0_1.o
[ 42%] Building RCCLDEV object src/CMakeFiles/rccl_device_gfx950.dir/__/hipify/gensrc/specialized/specialized_allreduce_ring_simple_sum_u8_1_0_1.o
[ 42%] Building RCCLDEV object src/CMakeFiles/rccl_device_gfx950.dir/__/hipify/gensrc/specialized/specialized_allreduce_ring_simple_sum_u32_0_0_1.o
[ 42%] Building RCCLDEV object src/CMakeFiles/rccl_device_gfx950.dir/__/hipify/gensrc/specialized/specialized_allreduce_ring_simple_sum_u32_1_0_1.o
[ 42%] Building RCCLDEV object src/CMakeFiles/rccl_device_gfx950.dir/__/hipify/gensrc/specialized/specialized_allreduce_ring_simple_sum_u64_0_0_1.o
[ 42%] Building RCCLDEV object src/CMakeFiles/rccl_device_gfx950.dir/__/hipify/gensrc/specialized/specialized_allreduce_ring_simple_sum_u64_1_0_1.o
[ 42%] Building RCCLDEV object src/CMakeFiles/rccl_device_gfx950.dir/__/hipify/gensrc/specialized/specialized_allreduce_ring_simple_sum_f16_0_0_1.o
[ 42%] Building RCCLDEV object src/CMakeFiles/rccl_device_gfx950.dir/__/hipify/gensrc/specialized/specialized_allreduce_ring_simple_sum_f16_1_0_1.o
[ 42%] Building RCCLDEV object src/CMakeFiles/rccl_device_gfx950.dir/__/hipify/gensrc/specialized/specialized_allreduce_ring_simple_sum_f32_0_0_1.o
[ 42%] Building RCCLDEV object src/CMakeFiles/rccl_device_gfx950.dir/__/hipify/gensrc/specialized/specialized_allreduce_ring_simple_sum_f32_1_0_1.o
[ 42%] Building RCCLDEV object src/CMakeFiles/rccl_device_gfx950.dir/__/hipify/gensrc/specialized/specialized_allreduce_ring_simple_sum_f64_0_0_1.o
[ 42%] Building RCCLDEV object src/CMakeFiles/rccl_device_gfx950.dir/__/hipify/gensrc/specialized/specialized_allreduce_ring_simple_sum_f64_1_0_1.o
[ 42%] Building RCCLDEV object src/CMakeFiles/rccl_device_gfx950.dir/__/hipify/gensrc/specialized/specialized_allreduce_ring_simple_sum_bf16_0_0_1.o
[ 42%] Building RCCLDEV object src/CMakeFiles/rccl_device_gfx950.dir/__/hipify/gensrc/specialized/specialized_allreduce_ring_simple_sum_bf16_0_1_1.o
[ 42%] Building RCCLDEV object src/CMakeFiles/rccl_device_gfx950.dir/__/hipify/gensrc/specialized/specialized_allreduce_ring_simple_sum_bf16_1_0_1.o
[ 42%] Building RCCLDEV object src/CMakeFiles/rccl_device_gfx950.dir/__/hipify/gensrc/specialized/specialized_allreduce_ring_simple_sum_bf16_1_1_1.o
[ 42%] Building RCCLDEV object src/CMakeFiles/rccl_device_gfx950.dir/__/hipify/gensrc/specialized/specialized_allreduce_ring_simple_prod_u8_0_0_1.o
[ 42%] Building RCCLDEV object src/CMakeFiles/rccl_device_gfx950.dir/__/hipify/gensrc/specialized/specialized_allreduce_ring_simple_prod_u8_1_0_1.o
[ 42%] Building RCCLDEV object src/CMakeFiles/rccl_device_gfx950.dir/__/hipify/gensrc/specialized/specialized_allreduce_ring_simple_prod_u32_0_0_1.o
[ 42%] Building RCCLDEV object src/CMakeFiles/rccl_device_gfx950.dir/__/hipify/gensrc/specialized/specialized_allreduce_ring_simple_prod_u32_1_0_1.o
[ 42%] Building RCCLDEV object src/CMakeFiles/rccl_device_gfx950.dir/__/hipify/gensrc/specialized/specialized_allreduce_ring_simple_prod_u64_0_0_1.o
[ 42%] Building RCCLDEV object src/CMakeFiles/rccl_device_gfx950.dir/__/hipify/gensrc/specialized/specialized_allreduce_ring_simple_prod_u64_1_0_1.o
[ 42%] Building RCCLDEV object src/CMakeFiles/rccl_device_gfx950.dir/__/hipify/gensrc/specialized/specialized_allreduce_ring_simple_prod_f16_0_0_1.o
[ 42%] Building RCCLDEV object src/CMakeFiles/rccl_device_gfx950.dir/__/hipify/gensrc/specialized/specialized_allreduce_ring_simple_prod_f16_1_0_1.o
[ 42%] Building RCCLDEV object src/CMakeFiles/rccl_device_gfx950.dir/__/hipify/gensrc/specialized/specialized_allreduce_ring_simple_prod_f32_0_0_1.o
[ 42%] Building RCCLDEV object src/CMakeFiles/rccl_device_gfx950.dir/__/hipify/gensrc/specialized/specialized_allreduce_ring_simple_prod_f32_1_0_1.o
[ 42%] Building RCCLDEV object src/CMakeFiles/rccl_device_gfx950.dir/__/hipify/gensrc/specialized/specialized_allreduce_ring_simple_prod_f64_0_0_1.o
[ 42%] Building RCCLDEV object src/CMakeFiles/rccl_device_gfx950.dir/__/hipify/gensrc/specialized/specialized_allreduce_ring_simple_prod_f64_1_0_1.o
[ 42%] Building RCCLDEV object src/CMakeFiles/rccl_device_gfx950.dir/__/hipify/gensrc/specialized/specialized_allreduce_ring_simple_prod_bf16_0_0_1.o
[ 42%] Building RCCLDEV object src/CMakeFiles/rccl_device_gfx950.dir/__/hipify/gensrc/specialized/specialized_allreduce_ring_simple_prod_bf16_0_1_1.o
[ 42%] Building RCCLDEV object src/CMakeFiles/rccl_device_gfx950.dir/__/hipify/gensrc/specialized/specialized_allreduce_ring_simple_prod_bf16_1_0_1.o
[ 42%] Building RCCLDEV object src/CMakeFiles/rccl_device_gfx950.dir/__/hipify/gensrc/specialized/specialized_allreduce_ring_simple_prod_bf16_1_1_1.o
[ 42%] Building RCCLDEV object src/CMakeFiles/rccl_device_gfx950.dir/__/hipify/gensrc/specialized/specialized_allreduce_ring_simple_minmax_u8_0_0_1.o
[ 42%] Building RCCLDEV object src/CMakeFiles/rccl_device_gfx950.dir/__/hipify/gensrc/specialized/specialized_allreduce_ring_simple_minmax_u8_1_0_1.o
[ 42%] Building RCCLDEV object src/CMakeFiles/rccl_device_gfx950.dir/__/hipify/gensrc/specialized/specialized_allreduce_ring_simple_minmax_u32_0_0_1.o
[ 42%] Building RCCLDEV object src/CMakeFiles/rccl_device_gfx950.dir/__/hipify/gensrc/specialized/specialized_allreduce_ring_simple_minmax_u32_1_0_1.o
[ 42%] Building RCCLDEV object src/CMakeFiles/rccl_device_gfx950.dir/__/hipify/gensrc/specialized/specialized_allreduce_ring_simple_minmax_u64_0_0_1.o
[ 42%] Building RCCLDEV object src/CMakeFiles/rccl_device_gfx950.dir/__/hipify/gensrc/specialized/specialized_allreduce_ring_simple_minmax_u64_1_0_1.o
[ 42%] Building RCCLDEV object src/CMakeFiles/rccl_device_gfx950.dir/__/hipify/gensrc/specialized/specialized_allreduce_ring_simple_minmax_f16_0_0_1.o
[ 42%] Building RCCLDEV object src/CMakeFiles/rccl_device_gfx950.dir/__/hipify/gensrc/specialized/specialized_allreduce_ring_simple_minmax_f16_1_0_1.o
[ 42%] Building RCCLDEV object src/CMakeFiles/rccl_device_gfx950.dir/__/hipify/gensrc/specialized/specialized_allreduce_ring_simple_minmax_f32_0_0_1.o
[ 42%] Building RCCLDEV object src/CMakeFiles/rccl_device_gfx950.dir/__/hipify/gensrc/specialized/specialized_allreduce_ring_simple_minmax_f32_1_0_1.o
[ 42%] Building RCCLDEV object src/CMakeFiles/rccl_device_gfx950.dir/__/hipify/gensrc/specialized/specialized_allreduce_ring_simple_minmax_f64_0_0_1.o
[ 42%] Building RCCLDEV object src/CMakeFiles/rccl_device_gfx950.dir/__/hipify/gensrc/specialized/specialized_allreduce_ring_simple_minmax_f64_1_0_1.o
[ 42%] Building RCCLDEV object src/CMakeFiles/rccl_device_gfx950.dir/__/hipify/gensrc/specialized/specialized_allreduce_ring_simple_minmax_bf16_0_0_1.o
[ 42%] Building RCCLDEV object src/CMakeFiles/rccl_device_gfx950.dir/__/hipify/gensrc/specialized/specialized_allreduce_ring_simple_minmax_bf16_0_1_1.o
[ 42%] Building RCCLDEV object src/CMakeFiles/rccl_device_gfx950.dir/__/hipify/gensrc/specialized/specialized_allreduce_ring_simple_minmax_bf16_1_0_1.o
[ 42%] Building RCCLDEV object src/CMakeFiles/rccl_device_gfx950.dir/__/hipify/gensrc/specialized/specialized_allreduce_ring_simple_minmax_bf16_1_1_1.o
[ 42%] Building RCCLDEV object src/CMakeFiles/rccl_device_gfx950.dir/__/hipify/gensrc/specialized/specialized_allreduce_ring_simple_premulsum_u8_0_0_1.o
[ 42%] Building RCCLDEV object src/CMakeFiles/rccl_device_gfx950.dir/__/hipify/gensrc/specialized/specialized_allreduce_ring_simple_premulsum_u8_1_0_1.o
[ 42%] Building RCCLDEV object src/CMakeFiles/rccl_device_gfx950.dir/__/hipify/gensrc/specialized/specialized_allreduce_ring_simple_premulsum_u32_0_0_1.o
[ 42%] Building RCCLDEV object src/CMakeFiles/rccl_device_gfx950.dir/__/hipify/gensrc/specialized/specialized_allreduce_ring_simple_premulsum_u32_1_0_1.o
[ 42%] Building RCCLDEV object src/CMakeFiles/rccl_device_gfx950.dir/__/hipify/gensrc/specialized/specialized_allreduce_ring_simple_premulsum_u64_0_0_1.o
[ 44%] Building RCCLDEV object src/CMakeFiles/rccl_device_gfx950.dir/__/hipify/gensrc/specialized/specialized_allreduce_ring_simple_premulsum_u64_1_0_1.o
[ 44%] Building RCCLDEV object src/CMakeFiles/rccl_device_gfx950.dir/__/hipify/gensrc/specialized/specialized_allreduce_ring_simple_premulsum_f16_0_0_1.o
[ 44%] Building RCCLDEV object src/CMakeFiles/rccl_device_gfx950.dir/__/hipify/gensrc/specialized/specialized_allreduce_ring_simple_premulsum_f16_1_0_1.o
[ 44%] Building RCCLDEV object src/CMakeFiles/rccl_device_gfx950.dir/__/hipify/gensrc/specialized/specialized_allreduce_ring_simple_premulsum_f32_0_0_1.o
[ 44%] Building RCCLDEV object src/CMakeFiles/rccl_device_gfx950.dir/__/hipify/gensrc/specialized/specialized_allreduce_ring_simple_premulsum_f32_1_0_1.o
[ 44%] Building RCCLDEV object src/CMakeFiles/rccl_device_gfx950.dir/__/hipify/gensrc/specialized/specialized_allreduce_ring_simple_premulsum_f64_0_0_1.o
[ 44%] Building RCCLDEV object src/CMakeFiles/rccl_device_gfx950.dir/__/hipify/gensrc/specialized/specialized_allreduce_ring_simple_premulsum_f64_1_0_1.o
[ 44%] Building RCCLDEV object src/CMakeFiles/rccl_device_gfx950.dir/__/hipify/gensrc/specialized/specialized_allreduce_ring_simple_premulsum_bf16_0_0_1.o
[ 44%] Building RCCLDEV object src/CMakeFiles/rccl_device_gfx950.dir/__/hipify/gensrc/specialized/specialized_allreduce_ring_simple_premulsum_bf16_0_1_1.o
[ 44%] Building RCCLDEV object src/CMakeFiles/rccl_device_gfx950.dir/__/hipify/gensrc/specialized/specialized_allreduce_ring_simple_premulsum_bf16_1_0_1.o
[ 44%] Building RCCLDEV object src/CMakeFiles/rccl_device_gfx950.dir/__/hipify/gensrc/specialized/specialized_allreduce_ring_simple_premulsum_bf16_1_1_1.o
[ 44%] Building RCCLDEV object src/CMakeFiles/rccl_device_gfx950.dir/__/hipify/gensrc/specialized/specialized_allreduce_ring_simple_sumpostdiv_u8_0_0_1.o
[ 44%] Building RCCLDEV object src/CMakeFiles/rccl_device_gfx950.dir/__/hipify/gensrc/specialized/specialized_allreduce_ring_simple_sumpostdiv_u8_1_0_1.o
[ 44%] Building RCCLDEV object src/CMakeFiles/rccl_device_gfx950.dir/__/hipify/gensrc/specialized/specialized_allreduce_ring_simple_sumpostdiv_u32_0_0_1.o
[ 44%] Building RCCLDEV object src/CMakeFiles/rccl_device_gfx950.dir/__/hipify/gensrc/specialized/specialized_allreduce_ring_simple_sumpostdiv_u32_1_0_1.o
[ 44%] Building RCCLDEV object src/CMakeFiles/rccl_device_gfx950.dir/__/hipify/gensrc/specialized/specialized_allreduce_ring_simple_sumpostdiv_u64_0_0_1.o
[ 44%] Building RCCLDEV object src/CMakeFiles/rccl_device_gfx950.dir/__/hipify/gensrc/specialized/specialized_allreduce_ring_simple_sumpostdiv_u64_1_0_1.o
[ 44%] Building RCCLDEV object src/CMakeFiles/rccl_device_gfx950.dir/__/hipify/gensrc/specialized/specialized_sendrecv_ring_simple_sum_i8_0_0_1.o
[ 44%] Building RCCLDEV object src/CMakeFiles/rccl_device_gfx950.dir/__/hipify/gensrc/specialized/specialized_alltoallpivot_ring_simple_sum_i8_0_0_1.o
[ 44%] Building RCCLDEV object src/CMakeFiles/rccl_device_gfx950.dir/__/hipify/gensrc/specialized/specialized_allgather_pat_simple_sum_i8_0_0_4.o
[ 44%] Building RCCLDEV object src/CMakeFiles/rccl_device_gfx950.dir/__/hipify/gensrc/specialized/specialized_reducescatter_pat_simple_sum_u8_0_0_4.o
[ 44%] Building RCCLDEV object src/CMakeFiles/rccl_device_gfx950.dir/__/hipify/gensrc/specialized/specialized_reducescatter_pat_simple_sum_u32_0_0_4.o
[ 44%] Building RCCLDEV object src/CMakeFiles/rccl_device_gfx950.dir/__/hipify/gensrc/specialized/specialized_reducescatter_pat_simple_sum_u64_0_0_4.o
[ 44%] Building RCCLDEV object src/CMakeFiles/rccl_device_gfx950.dir/__/hipify/gensrc/specialized/specialized_reducescatter_pat_simple_sum_f16_0_0_4.o
[ 44%] Building RCCLDEV object src/CMakeFiles/rccl_device_gfx950.dir/__/hipify/gensrc/specialized/specialized_reducescatter_pat_simple_sum_f32_0_0_4.o
[ 44%] Building RCCLDEV object src/CMakeFiles/rccl_device_gfx950.dir/__/hipify/gensrc/specialized/specialized_reducescatter_pat_simple_sum_f64_0_0_4.o
[ 44%] Building RCCLDEV object src/CMakeFiles/rccl_device_gfx950.dir/__/hipify/gensrc/specialized/specialized_reducescatter_pat_simple_sum_bf16_0_0_4.o
[ 44%] Building RCCLDEV object src/CMakeFiles/rccl_device_gfx950.dir/__/hipify/gensrc/specialized/specialized_reducescatter_pat_simple_sum_bf16_0_1_4.o
[ 44%] Building RCCLDEV object src/CMakeFiles/rccl_device_gfx950.dir/__/hipify/gensrc/specialized/specialized_reducescatter_pat_simple_prod_u8_0_0_4.o
[ 44%] Building RCCLDEV object src/CMakeFiles/rccl_device_gfx950.dir/__/hipify/gensrc/specialized/specialized_reducescatter_pat_simple_prod_u32_0_0_4.o
[ 44%] Building RCCLDEV object src/CMakeFiles/rccl_device_gfx950.dir/__/hipify/gensrc/specialized/specialized_reducescatter_pat_simple_prod_u64_0_0_4.o
[ 44%] Building RCCLDEV object src/CMakeFiles/rccl_device_gfx950.dir/__/hipify/gensrc/specialized/specialized_reducescatter_pat_simple_prod_f16_0_0_4.o
[ 44%] Building RCCLDEV object src/CMakeFiles/rccl_device_gfx950.dir/__/hipify/gensrc/specialized/specialized_reducescatter_pat_simple_prod_f32_0_0_4.o
[ 44%] Building RCCLDEV object src/CMakeFiles/rccl_device_gfx950.dir/__/hipify/gensrc/specialized/specialized_reducescatter_pat_simple_prod_f64_0_0_4.o
[ 44%] Building RCCLDEV object src/CMakeFiles/rccl_device_gfx950.dir/__/hipify/gensrc/specialized/specialized_reducescatter_pat_simple_prod_bf16_0_0_4.o
[ 44%] Building RCCLDEV object src/CMakeFiles/rccl_device_gfx950.dir/__/hipify/gensrc/specialized/specialized_reducescatter_pat_simple_prod_bf16_0_1_4.o
[ 44%] Building RCCLDEV object src/CMakeFiles/rccl_device_gfx950.dir/__/hipify/gensrc/specialized/specialized_reducescatter_pat_simple_minmax_u8_0_0_4.o
[ 44%] Building RCCLDEV object src/CMakeFiles/rccl_device_gfx950.dir/__/hipify/gensrc/specialized/specialized_reducescatter_pat_simple_minmax_u32_0_0_4.o
[ 44%] Building RCCLDEV object src/CMakeFiles/rccl_device_gfx950.dir/__/hipify/gensrc/specialized/specialized_reducescatter_pat_simple_minmax_u64_0_0_4.o
[ 44%] Building RCCLDEV object src/CMakeFiles/rccl_device_gfx950.dir/__/hipify/gensrc/specialized/specialized_reducescatter_pat_simple_minmax_f16_0_0_4.o
[ 44%] Building RCCLDEV object src/CMakeFiles/rccl_device_gfx950.dir/__/hipify/gensrc/specialized/specialized_reducescatter_pat_simple_minmax_f32_0_0_4.o
[ 44%] Building RCCLDEV object src/CMakeFiles/rccl_device_gfx950.dir/__/hipify/gensrc/specialized/specialized_reducescatter_pat_simple_minmax_f64_0_0_4.o
[ 44%] Building RCCLDEV object src/CMakeFiles/rccl_device_gfx950.dir/__/hipify/gensrc/specialized/specialized_reducescatter_pat_simple_minmax_bf16_0_0_4.o
[ 44%] Building RCCLDEV object src/CMakeFiles/rccl_device_gfx950.dir/__/hipify/gensrc/specialized/specialized_reducescatter_pat_simple_minmax_bf16_0_1_4.o
[ 44%] Building RCCLDEV object src/CMakeFiles/rccl_device_gfx950.dir/__/hipify/gensrc/specialized/specialized_reducescatter_pat_simple_premulsum_u8_0_0_4.o
[ 44%] Building RCCLDEV object src/CMakeFiles/rccl_device_gfx950.dir/__/hipify/gensrc/specialized/specialized_reducescatter_pat_simple_premulsum_u32_0_0_4.o
[ 44%] Building RCCLDEV object src/CMakeFiles/rccl_device_gfx950.dir/__/hipify/gensrc/specialized/specialized_reducescatter_pat_simple_premulsum_u64_0_0_4.o
[ 44%] Building RCCLDEV object src/CMakeFiles/rccl_device_gfx950.dir/__/hipify/gensrc/specialized/specialized_reducescatter_pat_simple_premulsum_f16_0_0_4.o
[ 44%] Building RCCLDEV object src/CMakeFiles/rccl_device_gfx950.dir/__/hipify/gensrc/specialized/specialized_reducescatter_pat_simple_premulsum_f32_0_0_4.o
[ 44%] Building RCCLDEV object src/CMakeFiles/rccl_device_gfx950.dir/__/hipify/gensrc/specialized/specialized_reducescatter_pat_simple_premulsum_f64_0_0_4.o
[ 44%] Building RCCLDEV object src/CMakeFiles/rccl_device_gfx950.dir/__/hipify/gensrc/specialized/specialized_reducescatter_pat_simple_premulsum_bf16_0_0_4.o
[ 44%] Building RCCLDEV object src/CMakeFiles/rccl_device_gfx950.dir/__/hipify/gensrc/specialized/specialized_reducescatter_pat_simple_premulsum_bf16_0_1_4.o
[ 44%] Building RCCLDEV object src/CMakeFiles/rccl_device_gfx950.dir/__/hipify/gensrc/specialized/specialized_reducescatter_pat_simple_sumpostdiv_u8_0_0_4.o
[ 44%] Building RCCLDEV object src/CMakeFiles/rccl_device_gfx950.dir/__/hipify/gensrc/specialized/specialized_reducescatter_pat_simple_sumpostdiv_u32_0_0_4.o
[ 44%] Building RCCLDEV object src/CMakeFiles/rccl_device_gfx950.dir/__/hipify/gensrc/specialized/specialized_reducescatter_pat_simple_sumpostdiv_u64_0_0_4.o
[ 44%] Building RCCLDEV object src/CMakeFiles/rccl_device_gfx950.dir/__/hipify/gensrc/specialized/specialized_allgather_pat_simple_sum_i8_0_0_2.o
[ 44%] Building RCCLDEV object src/CMakeFiles/rccl_device_gfx950.dir/__/hipify/gensrc/specialized/specialized_reducescatter_pat_simple_sum_u8_0_0_2.o
[ 44%] Building RCCLDEV object src/CMakeFiles/rccl_device_gfx950.dir/__/hipify/gensrc/specialized/specialized_reducescatter_pat_simple_sum_u32_0_0_2.o
[ 44%] Building RCCLDEV object src/CMakeFiles/rccl_device_gfx950.dir/__/hipify/gensrc/specialized/specialized_reducescatter_pat_simple_sum_u64_0_0_2.o
[ 44%] Building RCCLDEV object src/CMakeFiles/rccl_device_gfx950.dir/__/hipify/gensrc/specialized/specialized_reducescatter_pat_simple_sum_f16_0_0_2.o
[ 44%] Building RCCLDEV object src/CMakeFiles/rccl_device_gfx950.dir/__/hipify/gensrc/specialized/specialized_reducescatter_pat_simple_sum_f32_0_0_2.o
[ 44%] Building RCCLDEV object src/CMakeFiles/rccl_device_gfx950.dir/__/hipify/gensrc/specialized/specialized_reducescatter_pat_simple_sum_f64_0_0_2.o
[ 44%] Building RCCLDEV object src/CMakeFiles/rccl_device_gfx950.dir/__/hipify/gensrc/specialized/specialized_reducescatter_pat_simple_sum_bf16_0_0_2.o
[ 45%] Building RCCLDEV object src/CMakeFiles/rccl_device_gfx950.dir/__/hipify/gensrc/specialized/specialized_reducescatter_pat_simple_sum_bf16_0_1_2.o
[ 45%] Building RCCLDEV object src/CMakeFiles/rccl_device_gfx950.dir/__/hipify/gensrc/specialized/specialized_reducescatter_pat_simple_prod_u8_0_0_2.o
[ 45%] Building RCCLDEV object src/CMakeFiles/rccl_device_gfx950.dir/__/hipify/gensrc/specialized/specialized_reducescatter_pat_simple_prod_u32_0_0_2.o
[ 45%] Building RCCLDEV object src/CMakeFiles/rccl_device_gfx950.dir/__/hipify/gensrc/specialized/specialized_reducescatter_pat_simple_prod_f16_0_0_2.o
[ 45%] Building RCCLDEV object src/CMakeFiles/rccl_device_gfx950.dir/__/hipify/gensrc/specialized/specialized_reducescatter_pat_simple_prod_u64_0_0_2.o
[ 45%] Building RCCLDEV object src/CMakeFiles/rccl_device_gfx950.dir/__/hipify/gensrc/specialized/specialized_reducescatter_pat_simple_prod_f32_0_0_2.o
[ 45%] Building RCCLDEV object src/CMakeFiles/rccl_device_gfx950.dir/__/hipify/gensrc/specialized/specialized_reducescatter_pat_simple_prod_f64_0_0_2.o
[ 45%] Building RCCLDEV object src/CMakeFiles/rccl_device_gfx950.dir/__/hipify/gensrc/specialized/specialized_reducescatter_pat_simple_prod_bf16_0_0_2.o
[ 45%] Building RCCLDEV object src/CMakeFiles/rccl_device_gfx950.dir/__/hipify/gensrc/specialized/specialized_reducescatter_pat_simple_prod_bf16_0_1_2.o
[ 45%] Building RCCLDEV object src/CMakeFiles/rccl_device_gfx950.dir/__/hipify/gensrc/specialized/specialized_reducescatter_pat_simple_minmax_u8_0_0_2.o
[ 45%] Building RCCLDEV object src/CMakeFiles/rccl_device_gfx950.dir/__/hipify/gensrc/specialized/specialized_reducescatter_pat_simple_minmax_u32_0_0_2.o
[ 45%] Building RCCLDEV object src/CMakeFiles/rccl_device_gfx950.dir/__/hipify/gensrc/specialized/specialized_reducescatter_pat_simple_minmax_u64_0_0_2.o
[ 45%] Building RCCLDEV object src/CMakeFiles/rccl_device_gfx950.dir/__/hipify/gensrc/specialized/specialized_reducescatter_pat_simple_minmax_f32_0_0_2.o
[ 45%] Building RCCLDEV object src/CMakeFiles/rccl_device_gfx950.dir/__/hipify/gensrc/specialized/specialized_reducescatter_pat_simple_minmax_f16_0_0_2.o
[ 45%] Building RCCLDEV object src/CMakeFiles/rccl_device_gfx950.dir/__/hipify/gensrc/specialized/specialized_reducescatter_pat_simple_minmax_f64_0_0_2.o
[ 45%] Building RCCLDEV object src/CMakeFiles/rccl_device_gfx950.dir/__/hipify/gensrc/specialized/specialized_reducescatter_pat_simple_minmax_bf16_0_0_2.o
[ 45%] Building RCCLDEV object src/CMakeFiles/rccl_device_gfx950.dir/__/hipify/gensrc/specialized/specialized_reducescatter_pat_simple_minmax_bf16_0_1_2.o
[ 45%] Building RCCLDEV object src/CMakeFiles/rccl_device_gfx950.dir/__/hipify/gensrc/specialized/specialized_reducescatter_pat_simple_premulsum_u8_0_0_2.o
[ 45%] Building RCCLDEV object src/CMakeFiles/rccl_device_gfx950.dir/__/hipify/gensrc/specialized/specialized_reducescatter_pat_simple_premulsum_u32_0_0_2.o
[ 45%] Building RCCLDEV object src/CMakeFiles/rccl_device_gfx950.dir/__/hipify/gensrc/specialized/specialized_reducescatter_pat_simple_premulsum_u64_0_0_2.o
[ 45%] Building RCCLDEV object src/CMakeFiles/rccl_device_gfx950.dir/__/hipify/gensrc/specialized/specialized_reducescatter_pat_simple_premulsum_f16_0_0_2.o
[ 45%] Building RCCLDEV object src/CMakeFiles/rccl_device_gfx950.dir/__/hipify/gensrc/specialized/specialized_reducescatter_pat_simple_premulsum_f32_0_0_2.o
[ 45%] Building RCCLDEV object src/CMakeFiles/rccl_device_gfx950.dir/__/hipify/gensrc/specialized/specialized_reducescatter_pat_simple_premulsum_f64_0_0_2.o
[ 45%] Building RCCLDEV object src/CMakeFiles/rccl_device_gfx950.dir/__/hipify/gensrc/specialized/specialized_reducescatter_pat_simple_premulsum_bf16_0_0_2.o
[ 45%] Building RCCLDEV object src/CMakeFiles/rccl_device_gfx950.dir/__/hipify/gensrc/specialized/specialized_reducescatter_pat_simple_premulsum_bf16_0_1_2.o
[ 45%] Building RCCLDEV object src/CMakeFiles/rccl_device_gfx950.dir/__/hipify/gensrc/specialized/specialized_reducescatter_pat_simple_sumpostdiv_u8_0_0_2.o
[ 45%] Building RCCLDEV object src/CMakeFiles/rccl_device_gfx950.dir/__/hipify/gensrc/specialized/specialized_reducescatter_pat_simple_sumpostdiv_u32_0_0_2.o
[ 45%] Building RCCLDEV object src/CMakeFiles/rccl_device_gfx950.dir/__/hipify/gensrc/specialized/specialized_reducescatter_pat_simple_sumpostdiv_u64_0_0_2.o
[ 45%] Building RCCLDEV object src/CMakeFiles/rccl_device_gfx950.dir/__/hipify/gensrc/specialized/specialized_allgather_pat_simple_sum_i8_0_0_1.o
[ 45%] Building RCCLDEV object src/CMakeFiles/rccl_device_gfx950.dir/__/hipify/gensrc/specialized/specialized_reducescatter_pat_simple_sum_u8_0_0_1.o
[ 45%] Building RCCLDEV object src/CMakeFiles/rccl_device_gfx950.dir/__/hipify/gensrc/specialized/specialized_reducescatter_pat_simple_sum_u32_0_0_1.o
[ 45%] Building RCCLDEV object src/CMakeFiles/rccl_device_gfx950.dir/__/hipify/gensrc/specialized/specialized_reducescatter_pat_simple_sum_u64_0_0_1.o
[ 45%] Building RCCLDEV object src/CMakeFiles/rccl_device_gfx950.dir/__/hipify/gensrc/specialized/specialized_reducescatter_pat_simple_sum_f16_0_0_1.o
[ 45%] Building RCCLDEV object src/CMakeFiles/rccl_device_gfx950.dir/__/hipify/gensrc/specialized/specialized_reducescatter_pat_simple_sum_f32_0_0_1.o
[ 45%] Building RCCLDEV object src/CMakeFiles/rccl_device_gfx950.dir/__/hipify/gensrc/specialized/specialized_reducescatter_pat_simple_sum_f64_0_0_1.o
[ 45%] Building RCCLDEV object src/CMakeFiles/rccl_device_gfx950.dir/__/hipify/gensrc/specialized/specialized_reducescatter_pat_simple_sum_bf16_0_0_1.o
[ 45%] Building RCCLDEV object src/CMakeFiles/rccl_device_gfx950.dir/__/hipify/gensrc/specialized/specialized_reducescatter_pat_simple_sum_bf16_0_1_1.o
[ 45%] Building RCCLDEV object src/CMakeFiles/rccl_device_gfx950.dir/__/hipify/gensrc/specialized/specialized_reducescatter_pat_simple_prod_u8_0_0_1.o
[ 45%] Building RCCLDEV object src/CMakeFiles/rccl_device_gfx950.dir/__/hipify/gensrc/specialized/specialized_reducescatter_pat_simple_prod_u32_0_0_1.o
[ 45%] Building RCCLDEV object src/CMakeFiles/rccl_device_gfx950.dir/__/hipify/gensrc/specialized/specialized_reducescatter_pat_simple_prod_u64_0_0_1.o
[ 45%] Building RCCLDEV object src/CMakeFiles/rccl_device_gfx950.dir/__/hipify/gensrc/specialized/specialized_reducescatter_pat_simple_prod_f16_0_0_1.o
[ 45%] Building RCCLDEV object src/CMakeFiles/rccl_device_gfx950.dir/__/hipify/gensrc/specialized/specialized_reducescatter_pat_simple_prod_f32_0_0_1.o
[ 45%] Building RCCLDEV object src/CMakeFiles/rccl_device_gfx950.dir/__/hipify/gensrc/specialized/specialized_reducescatter_pat_simple_prod_f64_0_0_1.o
[ 45%] Building RCCLDEV object src/CMakeFiles/rccl_device_gfx950.dir/__/hipify/gensrc/specialized/specialized_reducescatter_pat_simple_prod_bf16_0_0_1.o
[ 45%] Building RCCLDEV object src/CMakeFiles/rccl_device_gfx950.dir/__/hipify/gensrc/specialized/specialized_reducescatter_pat_simple_prod_bf16_0_1_1.o
[ 45%] Building RCCLDEV object src/CMakeFiles/rccl_device_gfx950.dir/__/hipify/gensrc/specialized/specialized_reducescatter_pat_simple_minmax_u8_0_0_1.o
[ 45%] Building RCCLDEV object src/CMakeFiles/rccl_device_gfx950.dir/__/hipify/gensrc/specialized/specialized_reducescatter_pat_simple_minmax_u32_0_0_1.o
[ 45%] Building RCCLDEV object src/CMakeFiles/rccl_device_gfx950.dir/__/hipify/gensrc/specialized/specialized_reducescatter_pat_simple_minmax_u64_0_0_1.o
[ 45%] Building RCCLDEV object src/CMakeFiles/rccl_device_gfx950.dir/__/hipify/gensrc/specialized/specialized_reducescatter_pat_simple_minmax_f16_0_0_1.o
[ 45%] Building RCCLDEV object src/CMakeFiles/rccl_device_gfx950.dir/__/hipify/gensrc/specialized/specialized_reducescatter_pat_simple_minmax_f32_0_0_1.o
[ 45%] Building RCCLDEV object src/CMakeFiles/rccl_device_gfx950.dir/__/hipify/gensrc/specialized/specialized_reducescatter_pat_simple_minmax_f64_0_0_1.o
[ 45%] Building RCCLDEV object src/CMakeFiles/rccl_device_gfx950.dir/__/hipify/gensrc/specialized/specialized_reducescatter_pat_simple_minmax_bf16_0_0_1.o
[ 45%] Building RCCLDEV object src/CMakeFiles/rccl_device_gfx950.dir/__/hipify/gensrc/specialized/specialized_reducescatter_pat_simple_minmax_bf16_0_1_1.o
[ 45%] Building RCCLDEV object src/CMakeFiles/rccl_device_gfx950.dir/__/hipify/gensrc/specialized/specialized_reducescatter_pat_simple_premulsum_u8_0_0_1.o
[ 45%] Building RCCLDEV object src/CMakeFiles/rccl_device_gfx950.dir/__/hipify/gensrc/specialized/specialized_reducescatter_pat_simple_premulsum_u32_0_0_1.o
[ 45%] Building RCCLDEV object src/CMakeFiles/rccl_device_gfx950.dir/__/hipify/gensrc/specialized/specialized_reducescatter_pat_simple_premulsum_u64_0_0_1.o
[ 45%] Building RCCLDEV object src/CMakeFiles/rccl_device_gfx950.dir/__/hipify/gensrc/specialized/specialized_reducescatter_pat_simple_premulsum_f16_0_0_1.o
[ 45%] Building RCCLDEV object src/CMakeFiles/rccl_device_gfx950.dir/__/hipify/gensrc/specialized/specialized_reducescatter_pat_simple_premulsum_f32_0_0_1.o
[ 45%] Building RCCLDEV object src/CMakeFiles/rccl_device_gfx950.dir/__/hipify/gensrc/specialized/specialized_reducescatter_pat_simple_premulsum_f64_0_0_1.o
[ 45%] Building RCCLDEV object src/CMakeFiles/rccl_device_gfx950.dir/__/hipify/gensrc/specialized/specialized_reducescatter_pat_simple_premulsum_bf16_0_0_1.o
[ 45%] Building RCCLDEV object src/CMakeFiles/rccl_device_gfx950.dir/__/hipify/gensrc/specialized/specialized_reducescatter_pat_simple_premulsum_bf16_0_1_1.o
[ 45%] Building RCCLDEV object src/CMakeFiles/rccl_device_gfx950.dir/__/hipify/gensrc/specialized/specialized_reducescatter_pat_simple_sumpostdiv_u8_0_0_1.o
[ 45%] Building RCCLDEV object src/CMakeFiles/rccl_device_gfx950.dir/__/hipify/gensrc/specialized/specialized_reducescatter_pat_simple_sumpostdiv_u32_0_0_1.o
[ 47%] Building RCCLDEV object src/CMakeFiles/rccl_device_gfx950.dir/__/hipify/gensrc/specialized/specialized_reducescatter_pat_simple_sumpostdiv_u64_0_0_1.o
[ 47%] Building RCCLDEV object src/CMakeFiles/rccl_device_gfx950.dir/__/hipify/gensrc/specialized/specialized_allreduce_tree_ll_sum_u8_0_0_4.o
[ 47%] Building RCCLDEV object src/CMakeFiles/rccl_device_gfx950.dir/__/hipify/gensrc/specialized/specialized_allreduce_tree_ll_sum_u32_0_0_4.o
[ 47%] Building RCCLDEV object src/CMakeFiles/rccl_device_gfx950.dir/__/hipify/gensrc/specialized/specialized_allreduce_tree_ll_sum_u8_1_0_4.o
[ 47%] Building RCCLDEV object src/CMakeFiles/rccl_device_gfx950.dir/__/hipify/gensrc/specialized/specialized_allreduce_tree_ll_sum_u32_1_0_4.o
[ 47%] Building RCCLDEV object src/CMakeFiles/rccl_device_gfx950.dir/__/hipify/gensrc/specialized/specialized_allreduce_tree_ll_sum_u64_0_0_4.o
[ 47%] Building RCCLDEV object src/CMakeFiles/rccl_device_gfx950.dir/__/hipify/gensrc/specialized/specialized_allreduce_tree_ll_sum_u64_1_0_4.o
[ 47%] Building RCCLDEV object src/CMakeFiles/rccl_device_gfx950.dir/__/hipify/gensrc/specialized/specialized_allreduce_tree_ll_sum_f16_0_0_4.o
[ 47%] Building RCCLDEV object src/CMakeFiles/rccl_device_gfx950.dir/__/hipify/gensrc/specialized/specialized_allreduce_tree_ll_sum_f16_1_0_4.o
[ 47%] Building RCCLDEV object src/CMakeFiles/rccl_device_gfx950.dir/__/hipify/gensrc/specialized/specialized_allreduce_tree_ll_sum_f32_0_0_4.o
[ 47%] Building RCCLDEV object src/CMakeFiles/rccl_device_gfx950.dir/__/hipify/gensrc/specialized/specialized_allreduce_tree_ll_sum_f32_1_0_4.o
[ 47%] Building RCCLDEV object src/CMakeFiles/rccl_device_gfx950.dir/__/hipify/gensrc/specialized/specialized_allreduce_tree_ll_sum_f64_0_0_4.o
[ 47%] Building RCCLDEV object src/CMakeFiles/rccl_device_gfx950.dir/__/hipify/gensrc/specialized/specialized_allreduce_tree_ll_sum_bf16_0_0_4.o
[ 47%] Building RCCLDEV object src/CMakeFiles/rccl_device_gfx950.dir/__/hipify/gensrc/specialized/specialized_allreduce_tree_ll_sum_f64_1_0_4.o
[ 47%] Building RCCLDEV object src/CMakeFiles/rccl_device_gfx950.dir/__/hipify/gensrc/specialized/specialized_allreduce_tree_ll_sum_bf16_1_0_4.o
[ 47%] Building RCCLDEV object src/CMakeFiles/rccl_device_gfx950.dir/__/hipify/gensrc/specialized/specialized_allreduce_tree_ll_prod_u8_0_0_4.o
[ 47%] Building RCCLDEV object src/CMakeFiles/rccl_device_gfx950.dir/__/hipify/gensrc/specialized/specialized_allreduce_tree_ll_prod_u8_1_0_4.o
[ 47%] Building RCCLDEV object src/CMakeFiles/rccl_device_gfx950.dir/__/hipify/gensrc/specialized/specialized_allreduce_tree_ll_prod_u32_0_0_4.o
[ 47%] Building RCCLDEV object src/CMakeFiles/rccl_device_gfx950.dir/__/hipify/gensrc/specialized/specialized_allreduce_tree_ll_prod_u32_1_0_4.o
[ 47%] Building RCCLDEV object src/CMakeFiles/rccl_device_gfx950.dir/__/hipify/gensrc/specialized/specialized_allreduce_tree_ll_prod_u64_0_0_4.o
[ 47%] Building RCCLDEV object src/CMakeFiles/rccl_device_gfx950.dir/__/hipify/gensrc/specialized/specialized_allreduce_tree_ll_prod_u64_1_0_4.o
[ 47%] Building RCCLDEV object src/CMakeFiles/rccl_device_gfx950.dir/__/hipify/gensrc/specialized/specialized_allreduce_tree_ll_prod_f16_1_0_4.o
[ 47%] Building RCCLDEV object src/CMakeFiles/rccl_device_gfx950.dir/__/hipify/gensrc/specialized/specialized_allreduce_tree_ll_prod_f16_0_0_4.o
[ 47%] Building RCCLDEV object src/CMakeFiles/rccl_device_gfx950.dir/__/hipify/gensrc/specialized/specialized_allreduce_tree_ll_prod_f32_0_0_4.o
[ 47%] Building RCCLDEV object src/CMakeFiles/rccl_device_gfx950.dir/__/hipify/gensrc/specialized/specialized_allreduce_tree_ll_prod_f32_1_0_4.o
[ 47%] Building RCCLDEV object src/CMakeFiles/rccl_device_gfx950.dir/__/hipify/gensrc/specialized/specialized_allreduce_tree_ll_prod_f64_0_0_4.o
[ 47%] Building RCCLDEV object src/CMakeFiles/rccl_device_gfx950.dir/__/hipify/gensrc/specialized/specialized_allreduce_tree_ll_prod_f64_1_0_4.o
[ 47%] Building RCCLDEV object src/CMakeFiles/rccl_device_gfx950.dir/__/hipify/gensrc/specialized/specialized_allreduce_tree_ll_prod_bf16_0_0_4.o
[ 47%] Building RCCLDEV object src/CMakeFiles/rccl_device_gfx950.dir/__/hipify/gensrc/specialized/specialized_allreduce_tree_ll_prod_bf16_1_0_4.o
[ 47%] Building RCCLDEV object src/CMakeFiles/rccl_device_gfx950.dir/__/hipify/gensrc/specialized/specialized_allreduce_tree_ll_minmax_u8_0_0_4.o
[ 47%] Building RCCLDEV object src/CMakeFiles/rccl_device_gfx950.dir/__/hipify/gensrc/specialized/specialized_allreduce_tree_ll_minmax_u8_1_0_4.o
[ 47%] Building RCCLDEV object src/CMakeFiles/rccl_device_gfx950.dir/__/hipify/gensrc/specialized/specialized_allreduce_tree_ll_minmax_u32_0_0_4.o
[ 47%] Building RCCLDEV object src/CMakeFiles/rccl_device_gfx950.dir/__/hipify/gensrc/specialized/specialized_allreduce_tree_ll_minmax_u32_1_0_4.o
[ 47%] Building RCCLDEV object src/CMakeFiles/rccl_device_gfx950.dir/__/hipify/gensrc/specialized/specialized_allreduce_tree_ll_minmax_u64_0_0_4.o
[ 47%] Building RCCLDEV object src/CMakeFiles/rccl_device_gfx950.dir/__/hipify/gensrc/specialized/specialized_allreduce_tree_ll_minmax_u64_1_0_4.o
[ 47%] Building RCCLDEV object src/CMakeFiles/rccl_device_gfx950.dir/__/hipify/gensrc/specialized/specialized_allreduce_tree_ll_minmax_f16_0_0_4.o
[ 47%] Building RCCLDEV object src/CMakeFiles/rccl_device_gfx950.dir/__/hipify/gensrc/specialized/specialized_allreduce_tree_ll_minmax_f16_1_0_4.o
[ 47%] Building RCCLDEV object src/CMakeFiles/rccl_device_gfx950.dir/__/hipify/gensrc/specialized/specialized_allreduce_tree_ll_minmax_f32_0_0_4.o
[ 47%] Building RCCLDEV object src/CMakeFiles/rccl_device_gfx950.dir/__/hipify/gensrc/specialized/specialized_allreduce_tree_ll_minmax_f32_1_0_4.o
[ 47%] Building RCCLDEV object src/CMakeFiles/rccl_device_gfx950.dir/__/hipify/gensrc/specialized/specialized_allreduce_tree_ll_minmax_f64_0_0_4.o
[ 47%] Building RCCLDEV object src/CMakeFiles/rccl_device_gfx950.dir/__/hipify/gensrc/specialized/specialized_allreduce_tree_ll_minmax_f64_1_0_4.o
[ 47%] Building RCCLDEV object src/CMakeFiles/rccl_device_gfx950.dir/__/hipify/gensrc/specialized/specialized_allreduce_tree_ll_minmax_bf16_0_0_4.o
[ 47%] Building RCCLDEV object src/CMakeFiles/rccl_device_gfx950.dir/__/hipify/gensrc/specialized/specialized_allreduce_tree_ll_minmax_bf16_1_0_4.o
[ 47%] Building RCCLDEV object src/CMakeFiles/rccl_device_gfx950.dir/__/hipify/gensrc/specialized/specialized_allreduce_tree_ll_premulsum_u8_0_0_4.o
[ 47%] Building RCCLDEV object src/CMakeFiles/rccl_device_gfx950.dir/__/hipify/gensrc/specialized/specialized_allreduce_tree_ll_premulsum_u8_1_0_4.o
[ 47%] Building RCCLDEV object src/CMakeFiles/rccl_device_gfx950.dir/__/hipify/gensrc/specialized/specialized_allreduce_tree_ll_premulsum_u32_0_0_4.o
[ 47%] Building RCCLDEV object src/CMakeFiles/rccl_device_gfx950.dir/__/hipify/gensrc/specialized/specialized_allreduce_tree_ll_premulsum_u32_1_0_4.o
[ 47%] Building RCCLDEV object src/CMakeFiles/rccl_device_gfx950.dir/__/hipify/gensrc/specialized/specialized_allreduce_tree_ll_premulsum_u64_0_0_4.o
[ 47%] Building RCCLDEV object src/CMakeFiles/rccl_device_gfx950.dir/__/hipify/gensrc/specialized/specialized_allreduce_tree_ll_premulsum_u64_1_0_4.o
[ 47%] Building RCCLDEV object src/CMakeFiles/rccl_device_gfx950.dir/__/hipify/gensrc/specialized/specialized_allreduce_tree_ll_premulsum_f16_0_0_4.o
[ 47%] Building RCCLDEV object src/CMakeFiles/rccl_device_gfx950.dir/__/hipify/gensrc/specialized/specialized_allreduce_tree_ll_premulsum_f16_1_0_4.o
[ 47%] Building RCCLDEV object src/CMakeFiles/rccl_device_gfx950.dir/__/hipify/gensrc/specialized/specialized_allreduce_tree_ll_premulsum_f32_0_0_4.o
[ 47%] Building RCCLDEV object src/CMakeFiles/rccl_device_gfx950.dir/__/hipify/gensrc/specialized/specialized_allreduce_tree_ll_premulsum_f32_1_0_4.o
[ 47%] Building RCCLDEV object src/CMakeFiles/rccl_device_gfx950.dir/__/hipify/gensrc/specialized/specialized_allreduce_tree_ll_premulsum_f64_0_0_4.o
[ 47%] Building RCCLDEV object src/CMakeFiles/rccl_device_gfx950.dir/__/hipify/gensrc/specialized/specialized_allreduce_tree_ll_premulsum_f64_1_0_4.o
[ 47%] Building RCCLDEV object src/CMakeFiles/rccl_device_gfx950.dir/__/hipify/gensrc/specialized/specialized_allreduce_tree_ll_premulsum_bf16_0_0_4.o
[ 47%] Building RCCLDEV object src/CMakeFiles/rccl_device_gfx950.dir/__/hipify/gensrc/specialized/specialized_allreduce_tree_ll_premulsum_bf16_1_0_4.o
[ 47%] Building RCCLDEV object src/CMakeFiles/rccl_device_gfx950.dir/__/hipify/gensrc/specialized/specialized_allreduce_tree_ll_sumpostdiv_u8_0_0_4.o
[ 47%] Building RCCLDEV object src/CMakeFiles/rccl_device_gfx950.dir/__/hipify/gensrc/specialized/specialized_allreduce_tree_ll_sumpostdiv_u8_1_0_4.o
[ 47%] Building RCCLDEV object src/CMakeFiles/rccl_device_gfx950.dir/__/hipify/gensrc/specialized/specialized_allreduce_tree_ll_sumpostdiv_u32_0_0_4.o
[ 47%] Building RCCLDEV object src/CMakeFiles/rccl_device_gfx950.dir/__/hipify/gensrc/specialized/specialized_allreduce_tree_ll_sumpostdiv_u32_1_0_4.o
[ 47%] Building RCCLDEV object src/CMakeFiles/rccl_device_gfx950.dir/__/hipify/gensrc/specialized/specialized_allreduce_tree_ll_sumpostdiv_u64_0_0_4.o
[ 47%] Building RCCLDEV object src/CMakeFiles/rccl_device_gfx950.dir/__/hipify/gensrc/specialized/specialized_allreduce_tree_ll_sumpostdiv_u64_1_0_4.o
[ 49%] Building RCCLDEV object src/CMakeFiles/rccl_device_gfx950.dir/__/hipify/gensrc/specialized/specialized_allreduce_tree_ll_sum_u8_0_0_2.o
[ 49%] Building RCCLDEV object src/CMakeFiles/rccl_device_gfx950.dir/__/hipify/gensrc/specialized/specialized_allreduce_tree_ll_sum_u8_1_0_2.o
[ 49%] Building RCCLDEV object src/CMakeFiles/rccl_device_gfx950.dir/__/hipify/gensrc/specialized/specialized_allreduce_tree_ll_sum_u32_0_0_2.o
[ 49%] Building RCCLDEV object src/CMakeFiles/rccl_device_gfx950.dir/__/hipify/gensrc/specialized/specialized_allreduce_tree_ll_sum_u32_1_0_2.o
[ 49%] Building RCCLDEV object src/CMakeFiles/rccl_device_gfx950.dir/__/hipify/gensrc/specialized/specialized_allreduce_tree_ll_sum_u64_0_0_2.o
[ 49%] Building RCCLDEV object src/CMakeFiles/rccl_device_gfx950.dir/__/hipify/gensrc/specialized/specialized_allreduce_tree_ll_sum_u64_1_0_2.o
[ 49%] Building RCCLDEV object src/CMakeFiles/rccl_device_gfx950.dir/__/hipify/gensrc/specialized/specialized_allreduce_tree_ll_sum_f16_0_0_2.o
[ 49%] Building RCCLDEV object src/CMakeFiles/rccl_device_gfx950.dir/__/hipify/gensrc/specialized/specialized_allreduce_tree_ll_sum_f16_1_0_2.o
[ 49%] Building RCCLDEV object src/CMakeFiles/rccl_device_gfx950.dir/__/hipify/gensrc/specialized/specialized_allreduce_tree_ll_sum_f32_0_0_2.o
[ 49%] Building RCCLDEV object src/CMakeFiles/rccl_device_gfx950.dir/__/hipify/gensrc/specialized/specialized_allreduce_tree_ll_sum_f32_1_0_2.o
[ 49%] Building RCCLDEV object src/CMakeFiles/rccl_device_gfx950.dir/__/hipify/gensrc/specialized/specialized_allreduce_tree_ll_sum_f64_0_0_2.o
[ 49%] Building RCCLDEV object src/CMakeFiles/rccl_device_gfx950.dir/__/hipify/gensrc/specialized/specialized_allreduce_tree_ll_sum_f64_1_0_2.o
[ 49%] Building RCCLDEV object src/CMakeFiles/rccl_device_gfx950.dir/__/hipify/gensrc/specialized/specialized_allreduce_tree_ll_sum_bf16_0_0_2.o
[ 49%] Building RCCLDEV object src/CMakeFiles/rccl_device_gfx950.dir/__/hipify/gensrc/specialized/specialized_allreduce_tree_ll_sum_bf16_1_0_2.o
[ 49%] Building RCCLDEV object src/CMakeFiles/rccl_device_gfx950.dir/__/hipify/gensrc/specialized/specialized_allreduce_tree_ll_prod_u8_0_0_2.o
[ 49%] Building RCCLDEV object src/CMakeFiles/rccl_device_gfx950.dir/__/hipify/gensrc/specialized/specialized_allreduce_tree_ll_prod_u8_1_0_2.o
[ 49%] Building RCCLDEV object src/CMakeFiles/rccl_device_gfx950.dir/__/hipify/gensrc/specialized/specialized_allreduce_tree_ll_prod_u32_0_0_2.o
[ 49%] Building RCCLDEV object src/CMakeFiles/rccl_device_gfx950.dir/__/hipify/gensrc/specialized/specialized_allreduce_tree_ll_prod_u32_1_0_2.o
[ 49%] Building RCCLDEV object src/CMakeFiles/rccl_device_gfx950.dir/__/hipify/gensrc/specialized/specialized_allreduce_tree_ll_prod_u64_0_0_2.o
[ 49%] Building RCCLDEV object src/CMakeFiles/rccl_device_gfx950.dir/__/hipify/gensrc/specialized/specialized_allreduce_tree_ll_prod_u64_1_0_2.o
[ 49%] Building RCCLDEV object src/CMakeFiles/rccl_device_gfx950.dir/__/hipify/gensrc/specialized/specialized_allreduce_tree_ll_prod_f16_0_0_2.o
[ 49%] Building RCCLDEV object src/CMakeFiles/rccl_device_gfx950.dir/__/hipify/gensrc/specialized/specialized_allreduce_tree_ll_prod_f16_1_0_2.o
[ 49%] Building RCCLDEV object src/CMakeFiles/rccl_device_gfx950.dir/__/hipify/gensrc/specialized/specialized_allreduce_tree_ll_prod_f32_0_0_2.o
[ 49%] Building RCCLDEV object src/CMakeFiles/rccl_device_gfx950.dir/__/hipify/gensrc/specialized/specialized_allreduce_tree_ll_prod_f32_1_0_2.o
[ 49%] Building RCCLDEV object src/CMakeFiles/rccl_device_gfx950.dir/__/hipify/gensrc/specialized/specialized_allreduce_tree_ll_prod_f64_0_0_2.o
[ 49%] Building RCCLDEV object src/CMakeFiles/rccl_device_gfx950.dir/__/hipify/gensrc/specialized/specialized_allreduce_tree_ll_prod_f64_1_0_2.o
[ 49%] Building RCCLDEV object src/CMakeFiles/rccl_device_gfx950.dir/__/hipify/gensrc/specialized/specialized_allreduce_tree_ll_prod_bf16_0_0_2.o
[ 49%] Building RCCLDEV object src/CMakeFiles/rccl_device_gfx950.dir/__/hipify/gensrc/specialized/specialized_allreduce_tree_ll_prod_bf16_1_0_2.o
[ 49%] Building RCCLDEV object src/CMakeFiles/rccl_device_gfx950.dir/__/hipify/gensrc/specialized/specialized_allreduce_tree_ll_minmax_u8_0_0_2.o
[ 49%] Building RCCLDEV object src/CMakeFiles/rccl_device_gfx950.dir/__/hipify/gensrc/specialized/specialized_allreduce_tree_ll_minmax_u8_1_0_2.o
[ 49%] Building RCCLDEV object src/CMakeFiles/rccl_device_gfx950.dir/__/hipify/gensrc/specialized/specialized_allreduce_tree_ll_minmax_u32_0_0_2.o
[ 49%] Building RCCLDEV object src/CMakeFiles/rccl_device_gfx950.dir/__/hipify/gensrc/specialized/specialized_allreduce_tree_ll_minmax_u32_1_0_2.o
[ 49%] Building RCCLDEV object src/CMakeFiles/rccl_device_gfx950.dir/__/hipify/gensrc/specialized/specialized_allreduce_tree_ll_minmax_u64_0_0_2.o
[ 49%] Building RCCLDEV object src/CMakeFiles/rccl_device_gfx950.dir/__/hipify/gensrc/specialized/specialized_allreduce_tree_ll_minmax_u64_1_0_2.o
[ 49%] Building RCCLDEV object src/CMakeFiles/rccl_device_gfx950.dir/__/hipify/gensrc/specialized/specialized_allreduce_tree_ll_minmax_f16_1_0_2.o
[ 49%] Building RCCLDEV object src/CMakeFiles/rccl_device_gfx950.dir/__/hipify/gensrc/specialized/specialized_allreduce_tree_ll_minmax_f16_0_0_2.o
[ 49%] Building RCCLDEV object src/CMakeFiles/rccl_device_gfx950.dir/__/hipify/gensrc/specialized/specialized_allreduce_tree_ll_minmax_f32_0_0_2.o
[ 49%] Building RCCLDEV object src/CMakeFiles/rccl_device_gfx950.dir/__/hipify/gensrc/specialized/specialized_allreduce_tree_ll_minmax_f32_1_0_2.o
[ 49%] Building RCCLDEV object src/CMakeFiles/rccl_device_gfx950.dir/__/hipify/gensrc/specialized/specialized_allreduce_tree_ll_minmax_f64_0_0_2.o
[ 49%] Building RCCLDEV object src/CMakeFiles/rccl_device_gfx950.dir/__/hipify/gensrc/specialized/specialized_allreduce_tree_ll_minmax_f64_1_0_2.o
[ 49%] Building RCCLDEV object src/CMakeFiles/rccl_device_gfx950.dir/__/hipify/gensrc/specialized/specialized_allreduce_tree_ll_minmax_bf16_0_0_2.o
[ 49%] Building RCCLDEV object src/CMakeFiles/rccl_device_gfx950.dir/__/hipify/gensrc/specialized/specialized_allreduce_tree_ll_minmax_bf16_1_0_2.o
[ 49%] Building RCCLDEV object src/CMakeFiles/rccl_device_gfx950.dir/__/hipify/gensrc/specialized/specialized_allreduce_tree_ll_premulsum_u8_0_0_2.o
[ 49%] Building RCCLDEV object src/CMakeFiles/rccl_device_gfx950.dir/__/hipify/gensrc/specialized/specialized_allreduce_tree_ll_premulsum_u8_1_0_2.o
[ 49%] Building RCCLDEV object src/CMakeFiles/rccl_device_gfx950.dir/__/hipify/gensrc/specialized/specialized_allreduce_tree_ll_premulsum_u32_0_0_2.o
[ 49%] Building RCCLDEV object src/CMakeFiles/rccl_device_gfx950.dir/__/hipify/gensrc/specialized/specialized_allreduce_tree_ll_premulsum_u32_1_0_2.o
[ 49%] Building RCCLDEV object src/CMakeFiles/rccl_device_gfx950.dir/__/hipify/gensrc/specialized/specialized_allreduce_tree_ll_premulsum_u64_0_0_2.o
[ 49%] Building RCCLDEV object src/CMakeFiles/rccl_device_gfx950.dir/__/hipify/gensrc/specialized/specialized_allreduce_tree_ll_premulsum_u64_1_0_2.o
[ 49%] Building RCCLDEV object src/CMakeFiles/rccl_device_gfx950.dir/__/hipify/gensrc/specialized/specialized_allreduce_tree_ll_premulsum_f16_0_0_2.o
[ 49%] Building RCCLDEV object src/CMakeFiles/rccl_device_gfx950.dir/__/hipify/gensrc/specialized/specialized_allreduce_tree_ll_premulsum_f16_1_0_2.o
[ 49%] Building RCCLDEV object src/CMakeFiles/rccl_device_gfx950.dir/__/hipify/gensrc/specialized/specialized_allreduce_tree_ll_premulsum_f32_0_0_2.o
[ 49%] Building RCCLDEV object src/CMakeFiles/rccl_device_gfx950.dir/__/hipify/gensrc/specialized/specialized_allreduce_tree_ll_premulsum_f32_1_0_2.o
[ 49%] Building RCCLDEV object src/CMakeFiles/rccl_device_gfx950.dir/__/hipify/gensrc/specialized/specialized_allreduce_tree_ll_premulsum_f64_0_0_2.o
[ 49%] Building RCCLDEV object src/CMakeFiles/rccl_device_gfx950.dir/__/hipify/gensrc/specialized/specialized_allreduce_tree_ll_premulsum_f64_1_0_2.o
[ 49%] Building RCCLDEV object src/CMakeFiles/rccl_device_gfx950.dir/__/hipify/gensrc/specialized/specialized_allreduce_tree_ll_premulsum_bf16_0_0_2.o
[ 49%] Building RCCLDEV object src/CMakeFiles/rccl_device_gfx950.dir/__/hipify/gensrc/specialized/specialized_allreduce_tree_ll_premulsum_bf16_1_0_2.o
[ 49%] Building RCCLDEV object src/CMakeFiles/rccl_device_gfx950.dir/__/hipify/gensrc/specialized/specialized_allreduce_tree_ll_sumpostdiv_u8_0_0_2.o
[ 49%] Building RCCLDEV object src/CMakeFiles/rccl_device_gfx950.dir/__/hipify/gensrc/specialized/specialized_allreduce_tree_ll_sumpostdiv_u8_1_0_2.o
[ 49%] Building RCCLDEV object src/CMakeFiles/rccl_device_gfx950.dir/__/hipify/gensrc/specialized/specialized_allreduce_tree_ll_sumpostdiv_u32_0_0_2.o
[ 49%] Building RCCLDEV object src/CMakeFiles/rccl_device_gfx950.dir/__/hipify/gensrc/specialized/specialized_allreduce_tree_ll_sumpostdiv_u32_1_0_2.o
[ 49%] Building RCCLDEV object src/CMakeFiles/rccl_device_gfx950.dir/__/hipify/gensrc/specialized/specialized_allreduce_tree_ll_sumpostdiv_u64_0_0_2.o
[ 49%] Building RCCLDEV object src/CMakeFiles/rccl_device_gfx950.dir/__/hipify/gensrc/specialized/specialized_allreduce_tree_ll_sumpostdiv_u64_1_0_2.o
[ 49%] Building RCCLDEV object src/CMakeFiles/rccl_device_gfx950.dir/__/hipify/gensrc/specialized/specialized_allreduce_tree_ll_sum_u8_0_0_1.o
[ 50%] Building RCCLDEV object src/CMakeFiles/rccl_device_gfx950.dir/__/hipify/gensrc/specialized/specialized_allreduce_tree_ll_sum_u8_1_0_1.o
[ 50%] Building RCCLDEV object src/CMakeFiles/rccl_device_gfx950.dir/__/hipify/gensrc/specialized/specialized_allreduce_tree_ll_sum_u32_0_0_1.o
[ 50%] Building RCCLDEV object src/CMakeFiles/rccl_device_gfx950.dir/__/hipify/gensrc/specialized/specialized_allreduce_tree_ll_sum_u32_1_0_1.o
[ 50%] Building RCCLDEV object src/CMakeFiles/rccl_device_gfx950.dir/__/hipify/gensrc/specialized/specialized_allreduce_tree_ll_sum_u64_0_0_1.o
[ 50%] Building RCCLDEV object src/CMakeFiles/rccl_device_gfx950.dir/__/hipify/gensrc/specialized/specialized_allreduce_tree_ll_sum_u64_1_0_1.o
[ 50%] Building RCCLDEV object src/CMakeFiles/rccl_device_gfx950.dir/__/hipify/gensrc/specialized/specialized_allreduce_tree_ll_sum_f16_0_0_1.o
[ 50%] Building RCCLDEV object src/CMakeFiles/rccl_device_gfx950.dir/__/hipify/gensrc/specialized/specialized_allreduce_tree_ll_sum_f32_0_0_1.o
[ 50%] Building RCCLDEV object src/CMakeFiles/rccl_device_gfx950.dir/__/hipify/gensrc/specialized/specialized_allreduce_tree_ll_sum_f16_1_0_1.o
[ 50%] Building RCCLDEV object src/CMakeFiles/rccl_device_gfx950.dir/__/hipify/gensrc/specialized/specialized_allreduce_tree_ll_sum_f32_1_0_1.o
[ 50%] Building RCCLDEV object src/CMakeFiles/rccl_device_gfx950.dir/__/hipify/gensrc/specialized/specialized_allreduce_tree_ll_sum_f64_0_0_1.o
[ 50%] Building RCCLDEV object src/CMakeFiles/rccl_device_gfx950.dir/__/hipify/gensrc/specialized/specialized_allreduce_tree_ll_sum_f64_1_0_1.o
[ 50%] Building RCCLDEV object src/CMakeFiles/rccl_device_gfx950.dir/__/hipify/gensrc/specialized/specialized_allreduce_tree_ll_sum_bf16_0_0_1.o
[ 50%] Building RCCLDEV object src/CMakeFiles/rccl_device_gfx950.dir/__/hipify/gensrc/specialized/specialized_allreduce_tree_ll_sum_bf16_1_0_1.o
[ 50%] Building RCCLDEV object src/CMakeFiles/rccl_device_gfx950.dir/__/hipify/gensrc/specialized/specialized_allreduce_tree_ll_prod_u8_0_0_1.o
[ 50%] Building RCCLDEV object src/CMakeFiles/rccl_device_gfx950.dir/__/hipify/gensrc/specialized/specialized_allreduce_tree_ll_prod_u8_1_0_1.o
[ 50%] Building RCCLDEV object src/CMakeFiles/rccl_device_gfx950.dir/__/hipify/gensrc/specialized/specialized_allreduce_tree_ll_prod_u32_0_0_1.o
[ 50%] Building RCCLDEV object src/CMakeFiles/rccl_device_gfx950.dir/__/hipify/gensrc/specialized/specialized_allreduce_tree_ll_prod_u32_1_0_1.o
[ 50%] Building RCCLDEV object src/CMakeFiles/rccl_device_gfx950.dir/__/hipify/gensrc/specialized/specialized_allreduce_tree_ll_prod_u64_0_0_1.o
[ 50%] Building RCCLDEV object src/CMakeFiles/rccl_device_gfx950.dir/__/hipify/gensrc/specialized/specialized_allreduce_tree_ll_prod_u64_1_0_1.o
[ 50%] Building RCCLDEV object src/CMakeFiles/rccl_device_gfx950.dir/__/hipify/gensrc/specialized/specialized_allreduce_tree_ll_prod_f16_0_0_1.o
[ 50%] Building RCCLDEV object src/CMakeFiles/rccl_device_gfx950.dir/__/hipify/gensrc/specialized/specialized_allreduce_tree_ll_prod_f16_1_0_1.o
[ 50%] Building RCCLDEV object src/CMakeFiles/rccl_device_gfx950.dir/__/hipify/gensrc/specialized/specialized_allreduce_tree_ll_prod_f32_0_0_1.o
[ 50%] Building RCCLDEV object src/CMakeFiles/rccl_device_gfx950.dir/__/hipify/gensrc/specialized/specialized_allreduce_tree_ll_prod_f32_1_0_1.o
[ 50%] Building RCCLDEV object src/CMakeFiles/rccl_device_gfx950.dir/__/hipify/gensrc/specialized/specialized_allreduce_tree_ll_prod_f64_0_0_1.o
[ 50%] Building RCCLDEV object src/CMakeFiles/rccl_device_gfx950.dir/__/hipify/gensrc/specialized/specialized_allreduce_tree_ll_prod_f64_1_0_1.o
[ 50%] Building RCCLDEV object src/CMakeFiles/rccl_device_gfx950.dir/__/hipify/gensrc/specialized/specialized_allreduce_tree_ll_prod_bf16_0_0_1.o
[ 50%] Building RCCLDEV object src/CMakeFiles/rccl_device_gfx950.dir/__/hipify/gensrc/specialized/specialized_allreduce_tree_ll_prod_bf16_1_0_1.o
[ 50%] Building RCCLDEV object src/CMakeFiles/rccl_device_gfx950.dir/__/hipify/gensrc/specialized/specialized_allreduce_tree_ll_minmax_u8_0_0_1.o
[ 50%] Building RCCLDEV object src/CMakeFiles/rccl_device_gfx950.dir/__/hipify/gensrc/specialized/specialized_allreduce_tree_ll_minmax_u8_1_0_1.o
[ 50%] Building RCCLDEV object src/CMakeFiles/rccl_device_gfx950.dir/__/hipify/gensrc/specialized/specialized_allreduce_tree_ll_minmax_u32_0_0_1.o
[ 50%] Building RCCLDEV object src/CMakeFiles/rccl_device_gfx950.dir/__/hipify/gensrc/specialized/specialized_allreduce_tree_ll_minmax_u32_1_0_1.o
[ 50%] Building RCCLDEV object src/CMakeFiles/rccl_device_gfx950.dir/__/hipify/gensrc/specialized/specialized_allreduce_tree_ll_minmax_u64_0_0_1.o
[ 50%] Building RCCLDEV object src/CMakeFiles/rccl_device_gfx950.dir/__/hipify/gensrc/specialized/specialized_allreduce_tree_ll_minmax_u64_1_0_1.o
[ 50%] Building RCCLDEV object src/CMakeFiles/rccl_device_gfx950.dir/__/hipify/gensrc/specialized/specialized_allreduce_tree_ll_minmax_f16_0_0_1.o
[ 50%] Building RCCLDEV object src/CMakeFiles/rccl_device_gfx950.dir/__/hipify/gensrc/specialized/specialized_allreduce_tree_ll_minmax_f16_1_0_1.o
[ 50%] Building RCCLDEV object src/CMakeFiles/rccl_device_gfx950.dir/__/hipify/gensrc/specialized/specialized_allreduce_tree_ll_minmax_f32_0_0_1.o
[ 50%] Building RCCLDEV object src/CMakeFiles/rccl_device_gfx950.dir/__/hipify/gensrc/specialized/specialized_allreduce_tree_ll_minmax_f32_1_0_1.o
[ 50%] Building RCCLDEV object src/CMakeFiles/rccl_device_gfx950.dir/__/hipify/gensrc/specialized/specialized_allreduce_tree_ll_minmax_f64_0_0_1.o
[ 50%] Building RCCLDEV object src/CMakeFiles/rccl_device_gfx950.dir/__/hipify/gensrc/specialized/specialized_allreduce_tree_ll_minmax_f64_1_0_1.o
[ 50%] Building RCCLDEV object src/CMakeFiles/rccl_device_gfx950.dir/__/hipify/gensrc/specialized/specialized_allreduce_tree_ll_minmax_bf16_0_0_1.o
[ 50%] Building RCCLDEV object src/CMakeFiles/rccl_device_gfx950.dir/__/hipify/gensrc/specialized/specialized_allreduce_tree_ll_minmax_bf16_1_0_1.o
[ 50%] Building RCCLDEV object src/CMakeFiles/rccl_device_gfx950.dir/__/hipify/gensrc/specialized/specialized_allreduce_tree_ll_premulsum_u8_0_0_1.o
[ 50%] Building RCCLDEV object src/CMakeFiles/rccl_device_gfx950.dir/__/hipify/gensrc/specialized/specialized_allreduce_tree_ll_premulsum_u8_1_0_1.o
[ 50%] Building RCCLDEV object src/CMakeFiles/rccl_device_gfx950.dir/__/hipify/gensrc/specialized/specialized_allreduce_tree_ll_premulsum_u32_0_0_1.o
[ 50%] Building RCCLDEV object src/CMakeFiles/rccl_device_gfx950.dir/__/hipify/gensrc/specialized/specialized_allreduce_tree_ll_premulsum_u32_1_0_1.o
[ 50%] Building RCCLDEV object src/CMakeFiles/rccl_device_gfx950.dir/__/hipify/gensrc/specialized/specialized_allreduce_tree_ll_premulsum_u64_0_0_1.o
[ 50%] Building RCCLDEV object src/CMakeFiles/rccl_device_gfx950.dir/__/hipify/gensrc/specialized/specialized_allreduce_tree_ll_premulsum_u64_1_0_1.o
[ 50%] Building RCCLDEV object src/CMakeFiles/rccl_device_gfx950.dir/__/hipify/gensrc/specialized/specialized_allreduce_tree_ll_premulsum_f16_0_0_1.o
[ 50%] Building RCCLDEV object src/CMakeFiles/rccl_device_gfx950.dir/__/hipify/gensrc/specialized/specialized_allreduce_tree_ll_premulsum_f16_1_0_1.o
[ 50%] Building RCCLDEV object src/CMakeFiles/rccl_device_gfx950.dir/__/hipify/gensrc/specialized/specialized_allreduce_tree_ll_premulsum_f32_0_0_1.o
[ 50%] Building RCCLDEV object src/CMakeFiles/rccl_device_gfx950.dir/__/hipify/gensrc/specialized/specialized_allreduce_tree_ll_premulsum_f32_1_0_1.o
[ 50%] Building RCCLDEV object src/CMakeFiles/rccl_device_gfx950.dir/__/hipify/gensrc/specialized/specialized_allreduce_tree_ll_premulsum_f64_0_0_1.o
[ 50%] Building RCCLDEV object src/CMakeFiles/rccl_device_gfx950.dir/__/hipify/gensrc/specialized/specialized_allreduce_tree_ll_premulsum_f64_1_0_1.o
[ 50%] Building RCCLDEV object src/CMakeFiles/rccl_device_gfx950.dir/__/hipify/gensrc/specialized/specialized_allreduce_tree_ll_premulsum_bf16_0_0_1.o
[ 50%] Building RCCLDEV object src/CMakeFiles/rccl_device_gfx950.dir/__/hipify/gensrc/specialized/specialized_allreduce_tree_ll_premulsum_bf16_1_0_1.o
[ 50%] Building RCCLDEV object src/CMakeFiles/rccl_device_gfx950.dir/__/hipify/gensrc/specialized/specialized_allreduce_tree_ll_sumpostdiv_u8_0_0_1.o
[ 50%] Building RCCLDEV object src/CMakeFiles/rccl_device_gfx950.dir/__/hipify/gensrc/specialized/specialized_allreduce_tree_ll_sumpostdiv_u8_1_0_1.o
[ 50%] Building RCCLDEV object src/CMakeFiles/rccl_device_gfx950.dir/__/hipify/gensrc/specialized/specialized_allreduce_tree_ll_sumpostdiv_u32_0_0_1.o
[ 50%] Building RCCLDEV object src/CMakeFiles/rccl_device_gfx950.dir/__/hipify/gensrc/specialized/specialized_allreduce_tree_ll_sumpostdiv_u64_0_0_1.o
[ 50%] Building RCCLDEV object src/CMakeFiles/rccl_device_gfx950.dir/__/hipify/gensrc/specialized/specialized_allreduce_tree_ll_sumpostdiv_u32_1_0_1.o
[ 50%] Building RCCLDEV object src/CMakeFiles/rccl_device_gfx950.dir/__/hipify/gensrc/specialized/specialized_allreduce_tree_ll_sumpostdiv_u64_1_0_1.o
[ 50%] Building RCCLDEV object src/CMakeFiles/rccl_device_gfx950.dir/__/hipify/gensrc/specialized/specialized_broadcast_ring_ll_sum_i8_0_0_4.o
[ 50%] Building RCCLDEV object src/CMakeFiles/rccl_device_gfx950.dir/__/hipify/gensrc/specialized/specialized_reduce_ring_ll_sum_u8_0_0_4.o
[ 52%] Building RCCLDEV object src/CMakeFiles/rccl_device_gfx950.dir/__/hipify/gensrc/specialized/specialized_reduce_ring_ll_sum_u32_0_0_4.o
[ 52%] Building RCCLDEV object src/CMakeFiles/rccl_device_gfx950.dir/__/hipify/gensrc/specialized/specialized_reduce_ring_ll_sum_u64_0_0_4.o
[ 52%] Building RCCLDEV object src/CMakeFiles/rccl_device_gfx950.dir/__/hipify/gensrc/specialized/specialized_reduce_ring_ll_sum_f16_0_0_4.o
[ 52%] Building RCCLDEV object src/CMakeFiles/rccl_device_gfx950.dir/__/hipify/gensrc/specialized/specialized_reduce_ring_ll_sum_f32_0_0_4.o
[ 52%] Building RCCLDEV object src/CMakeFiles/rccl_device_gfx950.dir/__/hipify/gensrc/specialized/specialized_reduce_ring_ll_sum_f64_0_0_4.o
[ 52%] Building RCCLDEV object src/CMakeFiles/rccl_device_gfx950.dir/__/hipify/gensrc/specialized/specialized_reduce_ring_ll_sum_bf16_0_0_4.o
[ 52%] Building RCCLDEV object src/CMakeFiles/rccl_device_gfx950.dir/__/hipify/gensrc/specialized/specialized_reduce_ring_ll_prod_u8_0_0_4.o
[ 52%] Building RCCLDEV object src/CMakeFiles/rccl_device_gfx950.dir/__/hipify/gensrc/specialized/specialized_reduce_ring_ll_prod_u32_0_0_4.o
[ 52%] Building RCCLDEV object src/CMakeFiles/rccl_device_gfx950.dir/__/hipify/gensrc/specialized/specialized_reduce_ring_ll_prod_u64_0_0_4.o
[ 52%] Building RCCLDEV object src/CMakeFiles/rccl_device_gfx950.dir/__/hipify/gensrc/specialized/specialized_reduce_ring_ll_prod_f16_0_0_4.o
[ 52%] Building RCCLDEV object src/CMakeFiles/rccl_device_gfx950.dir/__/hipify/gensrc/specialized/specialized_reduce_ring_ll_prod_f32_0_0_4.o
[ 52%] Building RCCLDEV object src/CMakeFiles/rccl_device_gfx950.dir/__/hipify/gensrc/specialized/specialized_reduce_ring_ll_prod_f64_0_0_4.o
[ 52%] Building RCCLDEV object src/CMakeFiles/rccl_device_gfx950.dir/__/hipify/gensrc/specialized/specialized_reduce_ring_ll_prod_bf16_0_0_4.o
[ 52%] Building RCCLDEV object src/CMakeFiles/rccl_device_gfx950.dir/__/hipify/gensrc/specialized/specialized_reduce_ring_ll_minmax_u8_0_0_4.o
[ 52%] Building RCCLDEV object src/CMakeFiles/rccl_device_gfx950.dir/__/hipify/gensrc/specialized/specialized_reduce_ring_ll_minmax_u32_0_0_4.o
[ 52%] Building RCCLDEV object src/CMakeFiles/rccl_device_gfx950.dir/__/hipify/gensrc/specialized/specialized_reduce_ring_ll_minmax_u64_0_0_4.o
[ 52%] Building RCCLDEV object src/CMakeFiles/rccl_device_gfx950.dir/__/hipify/gensrc/specialized/specialized_reduce_ring_ll_minmax_f16_0_0_4.o
[ 52%] Building RCCLDEV object src/CMakeFiles/rccl_device_gfx950.dir/__/hipify/gensrc/specialized/specialized_reduce_ring_ll_minmax_f32_0_0_4.o
[ 52%] Building RCCLDEV object src/CMakeFiles/rccl_device_gfx950.dir/__/hipify/gensrc/specialized/specialized_reduce_ring_ll_minmax_f64_0_0_4.o
[ 52%] Building RCCLDEV object src/CMakeFiles/rccl_device_gfx950.dir/__/hipify/gensrc/specialized/specialized_reduce_ring_ll_minmax_bf16_0_0_4.o
[ 52%] Building RCCLDEV object src/CMakeFiles/rccl_device_gfx950.dir/__/hipify/gensrc/specialized/specialized_reduce_ring_ll_premulsum_u8_0_0_4.o
[ 52%] Building RCCLDEV object src/CMakeFiles/rccl_device_gfx950.dir/__/hipify/gensrc/specialized/specialized_reduce_ring_ll_premulsum_u32_0_0_4.o
[ 52%] Building RCCLDEV object src/CMakeFiles/rccl_device_gfx950.dir/__/hipify/gensrc/specialized/specialized_reduce_ring_ll_premulsum_u64_0_0_4.o
[ 52%] Building RCCLDEV object src/CMakeFiles/rccl_device_gfx950.dir/__/hipify/gensrc/specialized/specialized_reduce_ring_ll_premulsum_f16_0_0_4.o
[ 52%] Building RCCLDEV object src/CMakeFiles/rccl_device_gfx950.dir/__/hipify/gensrc/specialized/specialized_reduce_ring_ll_premulsum_f32_0_0_4.o
[ 52%] Building RCCLDEV object src/CMakeFiles/rccl_device_gfx950.dir/__/hipify/gensrc/specialized/specialized_reduce_ring_ll_premulsum_f64_0_0_4.o
[ 52%] Building RCCLDEV object src/CMakeFiles/rccl_device_gfx950.dir/__/hipify/gensrc/specialized/specialized_reduce_ring_ll_premulsum_bf16_0_0_4.o
[ 52%] Building RCCLDEV object src/CMakeFiles/rccl_device_gfx950.dir/__/hipify/gensrc/specialized/specialized_reduce_ring_ll_sumpostdiv_u8_0_0_4.o
[ 52%] Building RCCLDEV object src/CMakeFiles/rccl_device_gfx950.dir/__/hipify/gensrc/specialized/specialized_reduce_ring_ll_sumpostdiv_u32_0_0_4.o
[ 52%] Building RCCLDEV object src/CMakeFiles/rccl_device_gfx950.dir/__/hipify/gensrc/specialized/specialized_reduce_ring_ll_sumpostdiv_u64_0_0_4.o
[ 52%] Building RCCLDEV object src/CMakeFiles/rccl_device_gfx950.dir/__/hipify/gensrc/specialized/specialized_allgather_ring_ll_sum_i8_0_0_4.o
[ 52%] Building RCCLDEV object src/CMakeFiles/rccl_device_gfx950.dir/__/hipify/gensrc/specialized/specialized_reducescatter_ring_ll_sum_u8_0_0_4.o
[ 52%] Building RCCLDEV object src/CMakeFiles/rccl_device_gfx950.dir/__/hipify/gensrc/specialized/specialized_reducescatter_ring_ll_sum_u32_0_0_4.o
[ 52%] Building RCCLDEV object src/CMakeFiles/rccl_device_gfx950.dir/__/hipify/gensrc/specialized/specialized_reducescatter_ring_ll_sum_u64_0_0_4.o
[ 52%] Building RCCLDEV object src/CMakeFiles/rccl_device_gfx950.dir/__/hipify/gensrc/specialized/specialized_reducescatter_ring_ll_sum_f16_0_0_4.o
[ 52%] Building RCCLDEV object src/CMakeFiles/rccl_device_gfx950.dir/__/hipify/gensrc/specialized/specialized_reducescatter_ring_ll_sum_f32_0_0_4.o
[ 52%] Building RCCLDEV object src/CMakeFiles/rccl_device_gfx950.dir/__/hipify/gensrc/specialized/specialized_reducescatter_ring_ll_sum_f64_0_0_4.o
[ 52%] Building RCCLDEV object src/CMakeFiles/rccl_device_gfx950.dir/__/hipify/gensrc/specialized/specialized_reducescatter_ring_ll_sum_bf16_0_0_4.o
[ 52%] Building RCCLDEV object src/CMakeFiles/rccl_device_gfx950.dir/__/hipify/gensrc/specialized/specialized_reducescatter_ring_ll_prod_u8_0_0_4.o
[ 52%] Building RCCLDEV object src/CMakeFiles/rccl_device_gfx950.dir/__/hipify/gensrc/specialized/specialized_reducescatter_ring_ll_prod_u32_0_0_4.o
[ 52%] Building RCCLDEV object src/CMakeFiles/rccl_device_gfx950.dir/__/hipify/gensrc/specialized/specialized_reducescatter_ring_ll_prod_u64_0_0_4.o
[ 52%] Building RCCLDEV object src/CMakeFiles/rccl_device_gfx950.dir/__/hipify/gensrc/specialized/specialized_reducescatter_ring_ll_prod_f16_0_0_4.o
[ 52%] Building RCCLDEV object src/CMakeFiles/rccl_device_gfx950.dir/__/hipify/gensrc/specialized/specialized_reducescatter_ring_ll_prod_f32_0_0_4.o
[ 52%] Building RCCLDEV object src/CMakeFiles/rccl_device_gfx950.dir/__/hipify/gensrc/specialized/specialized_reducescatter_ring_ll_prod_f64_0_0_4.o
[ 52%] Building RCCLDEV object src/CMakeFiles/rccl_device_gfx950.dir/__/hipify/gensrc/specialized/specialized_reducescatter_ring_ll_prod_bf16_0_0_4.o
[ 52%] Building RCCLDEV object src/CMakeFiles/rccl_device_gfx950.dir/__/hipify/gensrc/specialized/specialized_reducescatter_ring_ll_minmax_u8_0_0_4.o
[ 52%] Building RCCLDEV object src/CMakeFiles/rccl_device_gfx950.dir/__/hipify/gensrc/specialized/specialized_reducescatter_ring_ll_minmax_u32_0_0_4.o
[ 52%] Building RCCLDEV object src/CMakeFiles/rccl_device_gfx950.dir/__/hipify/gensrc/specialized/specialized_reducescatter_ring_ll_minmax_u64_0_0_4.o
[ 52%] Building RCCLDEV object src/CMakeFiles/rccl_device_gfx950.dir/__/hipify/gensrc/specialized/specialized_reducescatter_ring_ll_minmax_f16_0_0_4.o
[ 52%] Building RCCLDEV object src/CMakeFiles/rccl_device_gfx950.dir/__/hipify/gensrc/specialized/specialized_reducescatter_ring_ll_minmax_f32_0_0_4.o
[ 52%] Building RCCLDEV object src/CMakeFiles/rccl_device_gfx950.dir/__/hipify/gensrc/specialized/specialized_reducescatter_ring_ll_minmax_f64_0_0_4.o
[ 52%] Building RCCLDEV object src/CMakeFiles/rccl_device_gfx950.dir/__/hipify/gensrc/specialized/specialized_reducescatter_ring_ll_minmax_bf16_0_0_4.o
[ 52%] Building RCCLDEV object src/CMakeFiles/rccl_device_gfx950.dir/__/hipify/gensrc/specialized/specialized_reducescatter_ring_ll_premulsum_u8_0_0_4.o
[ 52%] Building RCCLDEV object src/CMakeFiles/rccl_device_gfx950.dir/__/hipify/gensrc/specialized/specialized_reducescatter_ring_ll_premulsum_u32_0_0_4.o
[ 52%] Building RCCLDEV object src/CMakeFiles/rccl_device_gfx950.dir/__/hipify/gensrc/specialized/specialized_reducescatter_ring_ll_premulsum_u64_0_0_4.o
[ 52%] Building RCCLDEV object src/CMakeFiles/rccl_device_gfx950.dir/__/hipify/gensrc/specialized/specialized_reducescatter_ring_ll_premulsum_f16_0_0_4.o
[ 52%] Building RCCLDEV object src/CMakeFiles/rccl_device_gfx950.dir/__/hipify/gensrc/specialized/specialized_reducescatter_ring_ll_premulsum_f32_0_0_4.o
[ 52%] Building RCCLDEV object src/CMakeFiles/rccl_device_gfx950.dir/__/hipify/gensrc/specialized/specialized_reducescatter_ring_ll_premulsum_f64_0_0_4.o
[ 52%] Building RCCLDEV object src/CMakeFiles/rccl_device_gfx950.dir/__/hipify/gensrc/specialized/specialized_reducescatter_ring_ll_premulsum_bf16_0_0_4.o
[ 52%] Building RCCLDEV object src/CMakeFiles/rccl_device_gfx950.dir/__/hipify/gensrc/specialized/specialized_reducescatter_ring_ll_sumpostdiv_u8_0_0_4.o
[ 52%] Building RCCLDEV object src/CMakeFiles/rccl_device_gfx950.dir/__/hipify/gensrc/specialized/specialized_reducescatter_ring_ll_sumpostdiv_u32_0_0_4.o
[ 52%] Building RCCLDEV object src/CMakeFiles/rccl_device_gfx950.dir/__/hipify/gensrc/specialized/specialized_reducescatter_ring_ll_sumpostdiv_u64_0_0_4.o
[ 52%] Building RCCLDEV object src/CMakeFiles/rccl_device_gfx950.dir/__/hipify/gensrc/specialized/specialized_allreduce_ring_ll_sum_u8_0_0_4.o
[ 54%] Building RCCLDEV object src/CMakeFiles/rccl_device_gfx950.dir/__/hipify/gensrc/specialized/specialized_allreduce_ring_ll_sum_u8_1_0_4.o
[ 54%] Building RCCLDEV object src/CMakeFiles/rccl_device_gfx950.dir/__/hipify/gensrc/specialized/specialized_allreduce_ring_ll_sum_u32_0_0_4.o
[ 54%] Building RCCLDEV object src/CMakeFiles/rccl_device_gfx950.dir/__/hipify/gensrc/specialized/specialized_allreduce_ring_ll_sum_u32_1_0_4.o
[ 54%] Building RCCLDEV object src/CMakeFiles/rccl_device_gfx950.dir/__/hipify/gensrc/specialized/specialized_allreduce_ring_ll_sum_u64_0_0_4.o
[ 54%] Building RCCLDEV object src/CMakeFiles/rccl_device_gfx950.dir/__/hipify/gensrc/specialized/specialized_allreduce_ring_ll_sum_u64_1_0_4.o
[ 54%] Building RCCLDEV object src/CMakeFiles/rccl_device_gfx950.dir/__/hipify/gensrc/specialized/specialized_allreduce_ring_ll_sum_f16_0_0_4.o
[ 54%] Building RCCLDEV object src/CMakeFiles/rccl_device_gfx950.dir/__/hipify/gensrc/specialized/specialized_allreduce_ring_ll_sum_f16_1_0_4.o
[ 54%] Building RCCLDEV object src/CMakeFiles/rccl_device_gfx950.dir/__/hipify/gensrc/specialized/specialized_allreduce_ring_ll_sum_f32_0_0_4.o
[ 54%] Building RCCLDEV object src/CMakeFiles/rccl_device_gfx950.dir/__/hipify/gensrc/specialized/specialized_allreduce_ring_ll_sum_f32_1_0_4.o
[ 54%] Building RCCLDEV object src/CMakeFiles/rccl_device_gfx950.dir/__/hipify/gensrc/specialized/specialized_allreduce_ring_ll_sum_f64_0_0_4.o
[ 54%] Building RCCLDEV object src/CMakeFiles/rccl_device_gfx950.dir/__/hipify/gensrc/specialized/specialized_allreduce_ring_ll_sum_f64_1_0_4.o
[ 54%] Building RCCLDEV object src/CMakeFiles/rccl_device_gfx950.dir/__/hipify/gensrc/specialized/specialized_allreduce_ring_ll_sum_bf16_0_0_4.o
[ 54%] Building RCCLDEV object src/CMakeFiles/rccl_device_gfx950.dir/__/hipify/gensrc/specialized/specialized_allreduce_ring_ll_prod_u8_0_0_4.o
[ 54%] Building RCCLDEV object src/CMakeFiles/rccl_device_gfx950.dir/__/hipify/gensrc/specialized/specialized_allreduce_ring_ll_sum_bf16_1_0_4.o
[ 54%] Building RCCLDEV object src/CMakeFiles/rccl_device_gfx950.dir/__/hipify/gensrc/specialized/specialized_allreduce_ring_ll_prod_u8_1_0_4.o
[ 54%] Building RCCLDEV object src/CMakeFiles/rccl_device_gfx950.dir/__/hipify/gensrc/specialized/specialized_allreduce_ring_ll_prod_u32_0_0_4.o
[ 54%] Building RCCLDEV object src/CMakeFiles/rccl_device_gfx950.dir/__/hipify/gensrc/specialized/specialized_allreduce_ring_ll_prod_u32_1_0_4.o
[ 54%] Building RCCLDEV object src/CMakeFiles/rccl_device_gfx950.dir/__/hipify/gensrc/specialized/specialized_allreduce_ring_ll_prod_u64_0_0_4.o
[ 54%] Building RCCLDEV object src/CMakeFiles/rccl_device_gfx950.dir/__/hipify/gensrc/specialized/specialized_allreduce_ring_ll_prod_u64_1_0_4.o
[ 54%] Building RCCLDEV object src/CMakeFiles/rccl_device_gfx950.dir/__/hipify/gensrc/specialized/specialized_allreduce_ring_ll_prod_f16_0_0_4.o
[ 54%] Building RCCLDEV object src/CMakeFiles/rccl_device_gfx950.dir/__/hipify/gensrc/specialized/specialized_allreduce_ring_ll_prod_f16_1_0_4.o
[ 54%] Building RCCLDEV object src/CMakeFiles/rccl_device_gfx950.dir/__/hipify/gensrc/specialized/specialized_allreduce_ring_ll_prod_f32_0_0_4.o
[ 54%] Building RCCLDEV object src/CMakeFiles/rccl_device_gfx950.dir/__/hipify/gensrc/specialized/specialized_allreduce_ring_ll_prod_f32_1_0_4.o
[ 54%] Building RCCLDEV object src/CMakeFiles/rccl_device_gfx950.dir/__/hipify/gensrc/specialized/specialized_allreduce_ring_ll_prod_f64_0_0_4.o
[ 54%] Building RCCLDEV object src/CMakeFiles/rccl_device_gfx950.dir/__/hipify/gensrc/specialized/specialized_allreduce_ring_ll_prod_f64_1_0_4.o
[ 54%] Building RCCLDEV object src/CMakeFiles/rccl_device_gfx950.dir/__/hipify/gensrc/specialized/specialized_allreduce_ring_ll_prod_bf16_0_0_4.o
[ 54%] Building RCCLDEV object src/CMakeFiles/rccl_device_gfx950.dir/__/hipify/gensrc/specialized/specialized_allreduce_ring_ll_prod_bf16_1_0_4.o
[ 54%] Building RCCLDEV object src/CMakeFiles/rccl_device_gfx950.dir/__/hipify/gensrc/specialized/specialized_allreduce_ring_ll_minmax_u8_0_0_4.o
[ 54%] Building RCCLDEV object src/CMakeFiles/rccl_device_gfx950.dir/__/hipify/gensrc/specialized/specialized_allreduce_ring_ll_minmax_u8_1_0_4.o
[ 54%] Building RCCLDEV object src/CMakeFiles/rccl_device_gfx950.dir/__/hipify/gensrc/specialized/specialized_allreduce_ring_ll_minmax_u32_0_0_4.o
[ 54%] Building RCCLDEV object src/CMakeFiles/rccl_device_gfx950.dir/__/hipify/gensrc/specialized/specialized_allreduce_ring_ll_minmax_u32_1_0_4.o
[ 54%] Building RCCLDEV object src/CMakeFiles/rccl_device_gfx950.dir/__/hipify/gensrc/specialized/specialized_allreduce_ring_ll_minmax_u64_0_0_4.o
[ 54%] Building RCCLDEV object src/CMakeFiles/rccl_device_gfx950.dir/__/hipify/gensrc/specialized/specialized_allreduce_ring_ll_minmax_u64_1_0_4.o
[ 54%] Building RCCLDEV object src/CMakeFiles/rccl_device_gfx950.dir/__/hipify/gensrc/specialized/specialized_allreduce_ring_ll_minmax_f16_0_0_4.o
[ 54%] Building RCCLDEV object src/CMakeFiles/rccl_device_gfx950.dir/__/hipify/gensrc/specialized/specialized_allreduce_ring_ll_minmax_f16_1_0_4.o
[ 54%] Building RCCLDEV object src/CMakeFiles/rccl_device_gfx950.dir/__/hipify/gensrc/specialized/specialized_allreduce_ring_ll_minmax_f32_0_0_4.o
[ 54%] Building RCCLDEV object src/CMakeFiles/rccl_device_gfx950.dir/__/hipify/gensrc/specialized/specialized_allreduce_ring_ll_minmax_f32_1_0_4.o
[ 54%] Building RCCLDEV object src/CMakeFiles/rccl_device_gfx950.dir/__/hipify/gensrc/specialized/specialized_allreduce_ring_ll_minmax_f64_0_0_4.o
[ 54%] Building RCCLDEV object src/CMakeFiles/rccl_device_gfx950.dir/__/hipify/gensrc/specialized/specialized_allreduce_ring_ll_minmax_f64_1_0_4.o
[ 54%] Building RCCLDEV object src/CMakeFiles/rccl_device_gfx950.dir/__/hipify/gensrc/specialized/specialized_allreduce_ring_ll_minmax_bf16_0_0_4.o
[ 54%] Building RCCLDEV object src/CMakeFiles/rccl_device_gfx950.dir/__/hipify/gensrc/specialized/specialized_allreduce_ring_ll_minmax_bf16_1_0_4.o
[ 54%] Building RCCLDEV object src/CMakeFiles/rccl_device_gfx950.dir/__/hipify/gensrc/specialized/specialized_allreduce_ring_ll_premulsum_u8_0_0_4.o
[ 54%] Building RCCLDEV object src/CMakeFiles/rccl_device_gfx950.dir/__/hipify/gensrc/specialized/specialized_allreduce_ring_ll_premulsum_u8_1_0_4.o
[ 54%] Building RCCLDEV object src/CMakeFiles/rccl_device_gfx950.dir/__/hipify/gensrc/specialized/specialized_allreduce_ring_ll_premulsum_u32_0_0_4.o
[ 54%] Building RCCLDEV object src/CMakeFiles/rccl_device_gfx950.dir/__/hipify/gensrc/specialized/specialized_allreduce_ring_ll_premulsum_u32_1_0_4.o
[ 54%] Building RCCLDEV object src/CMakeFiles/rccl_device_gfx950.dir/__/hipify/gensrc/specialized/specialized_allreduce_ring_ll_premulsum_u64_0_0_4.o
[ 54%] Building RCCLDEV object src/CMakeFiles/rccl_device_gfx950.dir/__/hipify/gensrc/specialized/specialized_allreduce_ring_ll_premulsum_u64_1_0_4.o
[ 54%] Building RCCLDEV object src/CMakeFiles/rccl_device_gfx950.dir/__/hipify/gensrc/specialized/specialized_allreduce_ring_ll_premulsum_f16_0_0_4.o
[ 54%] Building RCCLDEV object src/CMakeFiles/rccl_device_gfx950.dir/__/hipify/gensrc/specialized/specialized_allreduce_ring_ll_premulsum_f16_1_0_4.o
[ 54%] Building RCCLDEV object src/CMakeFiles/rccl_device_gfx950.dir/__/hipify/gensrc/specialized/specialized_allreduce_ring_ll_premulsum_f32_0_0_4.o
[ 54%] Building RCCLDEV object src/CMakeFiles/rccl_device_gfx950.dir/__/hipify/gensrc/specialized/specialized_allreduce_ring_ll_premulsum_f32_1_0_4.o
[ 54%] Building RCCLDEV object src/CMakeFiles/rccl_device_gfx950.dir/__/hipify/gensrc/specialized/specialized_allreduce_ring_ll_premulsum_f64_0_0_4.o
[ 54%] Building RCCLDEV object src/CMakeFiles/rccl_device_gfx950.dir/__/hipify/gensrc/specialized/specialized_allreduce_ring_ll_premulsum_f64_1_0_4.o
[ 54%] Building RCCLDEV object src/CMakeFiles/rccl_device_gfx950.dir/__/hipify/gensrc/specialized/specialized_allreduce_ring_ll_premulsum_bf16_0_0_4.o
[ 54%] Building RCCLDEV object src/CMakeFiles/rccl_device_gfx950.dir/__/hipify/gensrc/specialized/specialized_allreduce_ring_ll_premulsum_bf16_1_0_4.o
[ 54%] Building RCCLDEV object src/CMakeFiles/rccl_device_gfx950.dir/__/hipify/gensrc/specialized/specialized_allreduce_ring_ll_sumpostdiv_u8_0_0_4.o
[ 54%] Building RCCLDEV object src/CMakeFiles/rccl_device_gfx950.dir/__/hipify/gensrc/specialized/specialized_allreduce_ring_ll_sumpostdiv_u8_1_0_4.o
[ 54%] Building RCCLDEV object src/CMakeFiles/rccl_device_gfx950.dir/__/hipify/gensrc/specialized/specialized_allreduce_ring_ll_sumpostdiv_u32_0_0_4.o
[ 54%] Building RCCLDEV object src/CMakeFiles/rccl_device_gfx950.dir/__/hipify/gensrc/specialized/specialized_allreduce_ring_ll_sumpostdiv_u32_1_0_4.o
[ 54%] Building RCCLDEV object src/CMakeFiles/rccl_device_gfx950.dir/__/hipify/gensrc/specialized/specialized_allreduce_ring_ll_sumpostdiv_u64_0_0_4.o
[ 54%] Building RCCLDEV object src/CMakeFiles/rccl_device_gfx950.dir/__/hipify/gensrc/specialized/specialized_allreduce_ring_ll_sumpostdiv_u64_1_0_4.o
[ 54%] Building RCCLDEV object src/CMakeFiles/rccl_device_gfx950.dir/__/hipify/gensrc/specialized/specialized_broadcast_ring_ll_sum_i8_0_0_2.o
[ 54%] Building RCCLDEV object src/CMakeFiles/rccl_device_gfx950.dir/__/hipify/gensrc/specialized/specialized_reduce_ring_ll_sum_u32_0_0_2.o
[ 54%] Building RCCLDEV object src/CMakeFiles/rccl_device_gfx950.dir/__/hipify/gensrc/specialized/specialized_reduce_ring_ll_sum_u8_0_0_2.o
[ 55%] Building RCCLDEV object src/CMakeFiles/rccl_device_gfx950.dir/__/hipify/gensrc/specialized/specialized_reduce_ring_ll_sum_u64_0_0_2.o
[ 55%] Building RCCLDEV object src/CMakeFiles/rccl_device_gfx950.dir/__/hipify/gensrc/specialized/specialized_reduce_ring_ll_sum_f16_0_0_2.o
[ 55%] Building RCCLDEV object src/CMakeFiles/rccl_device_gfx950.dir/__/hipify/gensrc/specialized/specialized_reduce_ring_ll_sum_f32_0_0_2.o
[ 55%] Building RCCLDEV object src/CMakeFiles/rccl_device_gfx950.dir/__/hipify/gensrc/specialized/specialized_reduce_ring_ll_sum_f64_0_0_2.o
[ 55%] Building RCCLDEV object src/CMakeFiles/rccl_device_gfx950.dir/__/hipify/gensrc/specialized/specialized_reduce_ring_ll_sum_bf16_0_0_2.o
[ 55%] Building RCCLDEV object src/CMakeFiles/rccl_device_gfx950.dir/__/hipify/gensrc/specialized/specialized_reduce_ring_ll_prod_u32_0_0_2.o
[ 55%] Building RCCLDEV object src/CMakeFiles/rccl_device_gfx950.dir/__/hipify/gensrc/specialized/specialized_reduce_ring_ll_prod_u8_0_0_2.o
[ 55%] Building RCCLDEV object src/CMakeFiles/rccl_device_gfx950.dir/__/hipify/gensrc/specialized/specialized_reduce_ring_ll_prod_u64_0_0_2.o
[ 55%] Building RCCLDEV object src/CMakeFiles/rccl_device_gfx950.dir/__/hipify/gensrc/specialized/specialized_reduce_ring_ll_prod_f16_0_0_2.o
[ 55%] Building RCCLDEV object src/CMakeFiles/rccl_device_gfx950.dir/__/hipify/gensrc/specialized/specialized_reduce_ring_ll_prod_f32_0_0_2.o
[ 55%] Building RCCLDEV object src/CMakeFiles/rccl_device_gfx950.dir/__/hipify/gensrc/specialized/specialized_reduce_ring_ll_prod_f64_0_0_2.o
[ 55%] Building RCCLDEV object src/CMakeFiles/rccl_device_gfx950.dir/__/hipify/gensrc/specialized/specialized_reduce_ring_ll_prod_bf16_0_0_2.o
[ 55%] Building RCCLDEV object src/CMakeFiles/rccl_device_gfx950.dir/__/hipify/gensrc/specialized/specialized_reduce_ring_ll_minmax_u8_0_0_2.o
[ 55%] Building RCCLDEV object src/CMakeFiles/rccl_device_gfx950.dir/__/hipify/gensrc/specialized/specialized_reduce_ring_ll_minmax_u32_0_0_2.o
[ 55%] Building RCCLDEV object src/CMakeFiles/rccl_device_gfx950.dir/__/hipify/gensrc/specialized/specialized_reduce_ring_ll_minmax_u64_0_0_2.o
[ 55%] Building RCCLDEV object src/CMakeFiles/rccl_device_gfx950.dir/__/hipify/gensrc/specialized/specialized_reduce_ring_ll_minmax_f16_0_0_2.o
[ 55%] Building RCCLDEV object src/CMakeFiles/rccl_device_gfx950.dir/__/hipify/gensrc/specialized/specialized_reduce_ring_ll_minmax_f32_0_0_2.o
[ 55%] Building RCCLDEV object src/CMakeFiles/rccl_device_gfx950.dir/__/hipify/gensrc/specialized/specialized_reduce_ring_ll_minmax_f64_0_0_2.o
[ 55%] Building RCCLDEV object src/CMakeFiles/rccl_device_gfx950.dir/__/hipify/gensrc/specialized/specialized_reduce_ring_ll_minmax_bf16_0_0_2.o
[ 55%] Building RCCLDEV object src/CMakeFiles/rccl_device_gfx950.dir/__/hipify/gensrc/specialized/specialized_reduce_ring_ll_premulsum_u8_0_0_2.o
[ 55%] Building RCCLDEV object src/CMakeFiles/rccl_device_gfx950.dir/__/hipify/gensrc/specialized/specialized_reduce_ring_ll_premulsum_u64_0_0_2.o
[ 55%] Building RCCLDEV object src/CMakeFiles/rccl_device_gfx950.dir/__/hipify/gensrc/specialized/specialized_reduce_ring_ll_premulsum_u32_0_0_2.o
[ 55%] Building RCCLDEV object src/CMakeFiles/rccl_device_gfx950.dir/__/hipify/gensrc/specialized/specialized_reduce_ring_ll_premulsum_f16_0_0_2.o
[ 55%] Building RCCLDEV object src/CMakeFiles/rccl_device_gfx950.dir/__/hipify/gensrc/specialized/specialized_reduce_ring_ll_premulsum_f32_0_0_2.o
[ 55%] Building RCCLDEV object src/CMakeFiles/rccl_device_gfx950.dir/__/hipify/gensrc/specialized/specialized_reduce_ring_ll_premulsum_f64_0_0_2.o
[ 55%] Building RCCLDEV object src/CMakeFiles/rccl_device_gfx950.dir/__/hipify/gensrc/specialized/specialized_reduce_ring_ll_premulsum_bf16_0_0_2.o
[ 55%] Building RCCLDEV object src/CMakeFiles/rccl_device_gfx950.dir/__/hipify/gensrc/specialized/specialized_reduce_ring_ll_sumpostdiv_u8_0_0_2.o
[ 55%] Building RCCLDEV object src/CMakeFiles/rccl_device_gfx950.dir/__/hipify/gensrc/specialized/specialized_reduce_ring_ll_sumpostdiv_u32_0_0_2.o
[ 55%] Building RCCLDEV object src/CMakeFiles/rccl_device_gfx950.dir/__/hipify/gensrc/specialized/specialized_reduce_ring_ll_sumpostdiv_u64_0_0_2.o
[ 55%] Building RCCLDEV object src/CMakeFiles/rccl_device_gfx950.dir/__/hipify/gensrc/specialized/specialized_allgather_ring_ll_sum_i8_0_0_2.o
[ 55%] Building RCCLDEV object src/CMakeFiles/rccl_device_gfx950.dir/__/hipify/gensrc/specialized/specialized_reducescatter_ring_ll_sum_u8_0_0_2.o
[ 55%] Building RCCLDEV object src/CMakeFiles/rccl_device_gfx950.dir/__/hipify/gensrc/specialized/specialized_reducescatter_ring_ll_sum_u32_0_0_2.o
[ 55%] Building RCCLDEV object src/CMakeFiles/rccl_device_gfx950.dir/__/hipify/gensrc/specialized/specialized_reducescatter_ring_ll_sum_u64_0_0_2.o
[ 55%] Building RCCLDEV object src/CMakeFiles/rccl_device_gfx950.dir/__/hipify/gensrc/specialized/specialized_reducescatter_ring_ll_sum_f16_0_0_2.o
[ 55%] Building RCCLDEV object src/CMakeFiles/rccl_device_gfx950.dir/__/hipify/gensrc/specialized/specialized_reducescatter_ring_ll_sum_f32_0_0_2.o
[ 55%] Building RCCLDEV object src/CMakeFiles/rccl_device_gfx950.dir/__/hipify/gensrc/specialized/specialized_reducescatter_ring_ll_sum_f64_0_0_2.o
[ 55%] Building RCCLDEV object src/CMakeFiles/rccl_device_gfx950.dir/__/hipify/gensrc/specialized/specialized_reducescatter_ring_ll_sum_bf16_0_0_2.o
[ 55%] Building RCCLDEV object src/CMakeFiles/rccl_device_gfx950.dir/__/hipify/gensrc/specialized/specialized_reducescatter_ring_ll_prod_u8_0_0_2.o
[ 55%] Building RCCLDEV object src/CMakeFiles/rccl_device_gfx950.dir/__/hipify/gensrc/specialized/specialized_reducescatter_ring_ll_prod_u32_0_0_2.o
[ 55%] Building RCCLDEV object src/CMakeFiles/rccl_device_gfx950.dir/__/hipify/gensrc/specialized/specialized_reducescatter_ring_ll_prod_u64_0_0_2.o
[ 55%] Building RCCLDEV object src/CMakeFiles/rccl_device_gfx950.dir/__/hipify/gensrc/specialized/specialized_reducescatter_ring_ll_prod_f16_0_0_2.o
[ 55%] Building RCCLDEV object src/CMakeFiles/rccl_device_gfx950.dir/__/hipify/gensrc/specialized/specialized_reducescatter_ring_ll_prod_f32_0_0_2.o
[ 55%] Building RCCLDEV object src/CMakeFiles/rccl_device_gfx950.dir/__/hipify/gensrc/specialized/specialized_reducescatter_ring_ll_prod_f64_0_0_2.o
[ 55%] Building RCCLDEV object src/CMakeFiles/rccl_device_gfx950.dir/__/hipify/gensrc/specialized/specialized_reducescatter_ring_ll_prod_bf16_0_0_2.o
[ 55%] Building RCCLDEV object src/CMakeFiles/rccl_device_gfx950.dir/__/hipify/gensrc/specialized/specialized_reducescatter_ring_ll_minmax_u8_0_0_2.o
[ 55%] Building RCCLDEV object src/CMakeFiles/rccl_device_gfx950.dir/__/hipify/gensrc/specialized/specialized_reducescatter_ring_ll_minmax_u32_0_0_2.o
[ 55%] Building RCCLDEV object src/CMakeFiles/rccl_device_gfx950.dir/__/hipify/gensrc/specialized/specialized_reducescatter_ring_ll_minmax_u64_0_0_2.o
[ 55%] Building RCCLDEV object src/CMakeFiles/rccl_device_gfx950.dir/__/hipify/gensrc/specialized/specialized_reducescatter_ring_ll_minmax_f16_0_0_2.o
[ 55%] Building RCCLDEV object src/CMakeFiles/rccl_device_gfx950.dir/__/hipify/gensrc/specialized/specialized_reducescatter_ring_ll_minmax_f32_0_0_2.o
[ 55%] Building RCCLDEV object src/CMakeFiles/rccl_device_gfx950.dir/__/hipify/gensrc/specialized/specialized_reducescatter_ring_ll_minmax_f64_0_0_2.o
[ 55%] Building RCCLDEV object src/CMakeFiles/rccl_device_gfx950.dir/__/hipify/gensrc/specialized/specialized_reducescatter_ring_ll_minmax_bf16_0_0_2.o
[ 55%] Building RCCLDEV object src/CMakeFiles/rccl_device_gfx950.dir/__/hipify/gensrc/specialized/specialized_reducescatter_ring_ll_premulsum_u8_0_0_2.o
[ 55%] Building RCCLDEV object src/CMakeFiles/rccl_device_gfx950.dir/__/hipify/gensrc/specialized/specialized_reducescatter_ring_ll_premulsum_u32_0_0_2.o
[ 55%] Building RCCLDEV object src/CMakeFiles/rccl_device_gfx950.dir/__/hipify/gensrc/specialized/specialized_reducescatter_ring_ll_premulsum_u64_0_0_2.o
[ 55%] Building RCCLDEV object src/CMakeFiles/rccl_device_gfx950.dir/__/hipify/gensrc/specialized/specialized_reducescatter_ring_ll_premulsum_f16_0_0_2.o
[ 55%] Building RCCLDEV object src/CMakeFiles/rccl_device_gfx950.dir/__/hipify/gensrc/specialized/specialized_reducescatter_ring_ll_premulsum_f32_0_0_2.o
[ 55%] Building RCCLDEV object src/CMakeFiles/rccl_device_gfx950.dir/__/hipify/gensrc/specialized/specialized_reducescatter_ring_ll_premulsum_f64_0_0_2.o
[ 55%] Building RCCLDEV object src/CMakeFiles/rccl_device_gfx950.dir/__/hipify/gensrc/specialized/specialized_reducescatter_ring_ll_premulsum_bf16_0_0_2.o
[ 55%] Building RCCLDEV object src/CMakeFiles/rccl_device_gfx950.dir/__/hipify/gensrc/specialized/specialized_reducescatter_ring_ll_sumpostdiv_u8_0_0_2.o
[ 55%] Building RCCLDEV object src/CMakeFiles/rccl_device_gfx950.dir/__/hipify/gensrc/specialized/specialized_reducescatter_ring_ll_sumpostdiv_u32_0_0_2.o
[ 55%] Building RCCLDEV object src/CMakeFiles/rccl_device_gfx950.dir/__/hipify/gensrc/specialized/specialized_reducescatter_ring_ll_sumpostdiv_u64_0_0_2.o
[ 55%] Building RCCLDEV object src/CMakeFiles/rccl_device_gfx950.dir/__/hipify/gensrc/specialized/specialized_allreduce_ring_ll_sum_u8_0_0_2.o
[ 55%] Building RCCLDEV object src/CMakeFiles/rccl_device_gfx950.dir/__/hipify/gensrc/specialized/specialized_allreduce_ring_ll_sum_u8_1_0_2.o
[ 57%] Building RCCLDEV object src/CMakeFiles/rccl_device_gfx950.dir/__/hipify/gensrc/specialized/specialized_allreduce_ring_ll_sum_u32_0_0_2.o
[ 57%] Building RCCLDEV object src/CMakeFiles/rccl_device_gfx950.dir/__/hipify/gensrc/specialized/specialized_allreduce_ring_ll_sum_u32_1_0_2.o
[ 57%] Building RCCLDEV object src/CMakeFiles/rccl_device_gfx950.dir/__/hipify/gensrc/specialized/specialized_allreduce_ring_ll_sum_u64_0_0_2.o
[ 57%] Building RCCLDEV object src/CMakeFiles/rccl_device_gfx950.dir/__/hipify/gensrc/specialized/specialized_allreduce_ring_ll_sum_u64_1_0_2.o
[ 57%] Building RCCLDEV object src/CMakeFiles/rccl_device_gfx950.dir/__/hipify/gensrc/specialized/specialized_allreduce_ring_ll_sum_f16_0_0_2.o
[ 57%] Building RCCLDEV object src/CMakeFiles/rccl_device_gfx950.dir/__/hipify/gensrc/specialized/specialized_allreduce_ring_ll_sum_f16_1_0_2.o
[ 57%] Building RCCLDEV object src/CMakeFiles/rccl_device_gfx950.dir/__/hipify/gensrc/specialized/specialized_allreduce_ring_ll_sum_f32_0_0_2.o
[ 57%] Building RCCLDEV object src/CMakeFiles/rccl_device_gfx950.dir/__/hipify/gensrc/specialized/specialized_allreduce_ring_ll_sum_f32_1_0_2.o
[ 57%] Building RCCLDEV object src/CMakeFiles/rccl_device_gfx950.dir/__/hipify/gensrc/specialized/specialized_allreduce_ring_ll_sum_f64_0_0_2.o
[ 57%] Building RCCLDEV object src/CMakeFiles/rccl_device_gfx950.dir/__/hipify/gensrc/specialized/specialized_allreduce_ring_ll_sum_f64_1_0_2.o
[ 57%] Building RCCLDEV object src/CMakeFiles/rccl_device_gfx950.dir/__/hipify/gensrc/specialized/specialized_allreduce_ring_ll_sum_bf16_0_0_2.o
[ 57%] Building RCCLDEV object src/CMakeFiles/rccl_device_gfx950.dir/__/hipify/gensrc/specialized/specialized_allreduce_ring_ll_sum_bf16_1_0_2.o
[ 57%] Building RCCLDEV object src/CMakeFiles/rccl_device_gfx950.dir/__/hipify/gensrc/specialized/specialized_allreduce_ring_ll_prod_u8_0_0_2.o
[ 57%] Building RCCLDEV object src/CMakeFiles/rccl_device_gfx950.dir/__/hipify/gensrc/specialized/specialized_allreduce_ring_ll_prod_u32_0_0_2.o
[ 57%] Building RCCLDEV object src/CMakeFiles/rccl_device_gfx950.dir/__/hipify/gensrc/specialized/specialized_allreduce_ring_ll_prod_u8_1_0_2.o
[ 57%] Building RCCLDEV object src/CMakeFiles/rccl_device_gfx950.dir/__/hipify/gensrc/specialized/specialized_allreduce_ring_ll_prod_u32_1_0_2.o
[ 57%] Building RCCLDEV object src/CMakeFiles/rccl_device_gfx950.dir/__/hipify/gensrc/specialized/specialized_allreduce_ring_ll_prod_u64_0_0_2.o
[ 57%] Building RCCLDEV object src/CMakeFiles/rccl_device_gfx950.dir/__/hipify/gensrc/specialized/specialized_allreduce_ring_ll_prod_u64_1_0_2.o
[ 57%] Building RCCLDEV object src/CMakeFiles/rccl_device_gfx950.dir/__/hipify/gensrc/specialized/specialized_allreduce_ring_ll_prod_f16_0_0_2.o
[ 57%] Building RCCLDEV object src/CMakeFiles/rccl_device_gfx950.dir/__/hipify/gensrc/specialized/specialized_allreduce_ring_ll_prod_f16_1_0_2.o
[ 57%] Building RCCLDEV object src/CMakeFiles/rccl_device_gfx950.dir/__/hipify/gensrc/specialized/specialized_allreduce_ring_ll_prod_f32_0_0_2.o
[ 57%] Building RCCLDEV object src/CMakeFiles/rccl_device_gfx950.dir/__/hipify/gensrc/specialized/specialized_allreduce_ring_ll_prod_f32_1_0_2.o
[ 57%] Building RCCLDEV object src/CMakeFiles/rccl_device_gfx950.dir/__/hipify/gensrc/specialized/specialized_allreduce_ring_ll_prod_f64_0_0_2.o
[ 57%] Building RCCLDEV object src/CMakeFiles/rccl_device_gfx950.dir/__/hipify/gensrc/specialized/specialized_allreduce_ring_ll_prod_f64_1_0_2.o
[ 57%] Building RCCLDEV object src/CMakeFiles/rccl_device_gfx950.dir/__/hipify/gensrc/specialized/specialized_allreduce_ring_ll_prod_bf16_0_0_2.o
[ 57%] Building RCCLDEV object src/CMakeFiles/rccl_device_gfx950.dir/__/hipify/gensrc/specialized/specialized_allreduce_ring_ll_prod_bf16_1_0_2.o
[ 57%] Building RCCLDEV object src/CMakeFiles/rccl_device_gfx950.dir/__/hipify/gensrc/specialized/specialized_allreduce_ring_ll_minmax_u8_0_0_2.o
[ 57%] Building RCCLDEV object src/CMakeFiles/rccl_device_gfx950.dir/__/hipify/gensrc/specialized/specialized_allreduce_ring_ll_minmax_u8_1_0_2.o
[ 57%] Building RCCLDEV object src/CMakeFiles/rccl_device_gfx950.dir/__/hipify/gensrc/specialized/specialized_allreduce_ring_ll_minmax_u32_0_0_2.o
[ 57%] Building RCCLDEV object src/CMakeFiles/rccl_device_gfx950.dir/__/hipify/gensrc/specialized/specialized_allreduce_ring_ll_minmax_u32_1_0_2.o
[ 57%] Building RCCLDEV object src/CMakeFiles/rccl_device_gfx950.dir/__/hipify/gensrc/specialized/specialized_allreduce_ring_ll_minmax_u64_0_0_2.o
[ 57%] Building RCCLDEV object src/CMakeFiles/rccl_device_gfx950.dir/__/hipify/gensrc/specialized/specialized_allreduce_ring_ll_minmax_u64_1_0_2.o
[ 57%] Building RCCLDEV object src/CMakeFiles/rccl_device_gfx950.dir/__/hipify/gensrc/specialized/specialized_allreduce_ring_ll_minmax_f16_0_0_2.o
[ 57%] Building RCCLDEV object src/CMakeFiles/rccl_device_gfx950.dir/__/hipify/gensrc/specialized/specialized_allreduce_ring_ll_minmax_f16_1_0_2.o
[ 57%] Building RCCLDEV object src/CMakeFiles/rccl_device_gfx950.dir/__/hipify/gensrc/specialized/specialized_allreduce_ring_ll_minmax_f32_0_0_2.o
[ 57%] Building RCCLDEV object src/CMakeFiles/rccl_device_gfx950.dir/__/hipify/gensrc/specialized/specialized_allreduce_ring_ll_minmax_f32_1_0_2.o
[ 57%] Building RCCLDEV object src/CMakeFiles/rccl_device_gfx950.dir/__/hipify/gensrc/specialized/specialized_allreduce_ring_ll_minmax_f64_0_0_2.o
[ 57%] Building RCCLDEV object src/CMakeFiles/rccl_device_gfx950.dir/__/hipify/gensrc/specialized/specialized_allreduce_ring_ll_minmax_f64_1_0_2.o
[ 57%] Building RCCLDEV object src/CMakeFiles/rccl_device_gfx950.dir/__/hipify/gensrc/specialized/specialized_allreduce_ring_ll_minmax_bf16_0_0_2.o
[ 57%] Building RCCLDEV object src/CMakeFiles/rccl_device_gfx950.dir/__/hipify/gensrc/specialized/specialized_allreduce_ring_ll_minmax_bf16_1_0_2.o
[ 57%] Building RCCLDEV object src/CMakeFiles/rccl_device_gfx950.dir/__/hipify/gensrc/specialized/specialized_allreduce_ring_ll_premulsum_u8_0_0_2.o
[ 57%] Building RCCLDEV object src/CMakeFiles/rccl_device_gfx950.dir/__/hipify/gensrc/specialized/specialized_allreduce_ring_ll_premulsum_u8_1_0_2.o
[ 57%] Building RCCLDEV object src/CMakeFiles/rccl_device_gfx950.dir/__/hipify/gensrc/specialized/specialized_allreduce_ring_ll_premulsum_u32_0_0_2.o
[ 57%] Building RCCLDEV object src/CMakeFiles/rccl_device_gfx950.dir/__/hipify/gensrc/specialized/specialized_allreduce_ring_ll_premulsum_u32_1_0_2.o
[ 57%] Building RCCLDEV object src/CMakeFiles/rccl_device_gfx950.dir/__/hipify/gensrc/specialized/specialized_allreduce_ring_ll_premulsum_u64_0_0_2.o
[ 57%] Building RCCLDEV object src/CMakeFiles/rccl_device_gfx950.dir/__/hipify/gensrc/specialized/specialized_allreduce_ring_ll_premulsum_u64_1_0_2.o
[ 57%] Building RCCLDEV object src/CMakeFiles/rccl_device_gfx950.dir/__/hipify/gensrc/specialized/specialized_allreduce_ring_ll_premulsum_f16_0_0_2.o
[ 57%] Building RCCLDEV object src/CMakeFiles/rccl_device_gfx950.dir/__/hipify/gensrc/specialized/specialized_allreduce_ring_ll_premulsum_f32_0_0_2.o
[ 57%] Building RCCLDEV object src/CMakeFiles/rccl_device_gfx950.dir/__/hipify/gensrc/specialized/specialized_allreduce_ring_ll_premulsum_f16_1_0_2.o
[ 57%] Building RCCLDEV object src/CMakeFiles/rccl_device_gfx950.dir/__/hipify/gensrc/specialized/specialized_allreduce_ring_ll_premulsum_f32_1_0_2.o
[ 57%] Building RCCLDEV object src/CMakeFiles/rccl_device_gfx950.dir/__/hipify/gensrc/specialized/specialized_allreduce_ring_ll_premulsum_f64_0_0_2.o
[ 57%] Building RCCLDEV object src/CMakeFiles/rccl_device_gfx950.dir/__/hipify/gensrc/specialized/specialized_allreduce_ring_ll_premulsum_f64_1_0_2.o
[ 57%] Building RCCLDEV object src/CMakeFiles/rccl_device_gfx950.dir/__/hipify/gensrc/specialized/specialized_allreduce_ring_ll_premulsum_bf16_0_0_2.o
[ 57%] Building RCCLDEV object src/CMakeFiles/rccl_device_gfx950.dir/__/hipify/gensrc/specialized/specialized_allreduce_ring_ll_premulsum_bf16_1_0_2.o
[ 57%] Building RCCLDEV object src/CMakeFiles/rccl_device_gfx950.dir/__/hipify/gensrc/specialized/specialized_allreduce_ring_ll_sumpostdiv_u8_0_0_2.o
[ 57%] Building RCCLDEV object src/CMakeFiles/rccl_device_gfx950.dir/__/hipify/gensrc/specialized/specialized_allreduce_ring_ll_sumpostdiv_u8_1_0_2.o
[ 57%] Building RCCLDEV object src/CMakeFiles/rccl_device_gfx950.dir/__/hipify/gensrc/specialized/specialized_allreduce_ring_ll_sumpostdiv_u32_0_0_2.o
[ 57%] Building RCCLDEV object src/CMakeFiles/rccl_device_gfx950.dir/__/hipify/gensrc/specialized/specialized_allreduce_ring_ll_sumpostdiv_u32_1_0_2.o
[ 57%] Building RCCLDEV object src/CMakeFiles/rccl_device_gfx950.dir/__/hipify/gensrc/specialized/specialized_allreduce_ring_ll_sumpostdiv_u64_0_0_2.o
[ 57%] Building RCCLDEV object src/CMakeFiles/rccl_device_gfx950.dir/__/hipify/gensrc/specialized/specialized_allreduce_ring_ll_sumpostdiv_u64_1_0_2.o
[ 57%] Building RCCLDEV object src/CMakeFiles/rccl_device_gfx950.dir/__/hipify/gensrc/specialized/specialized_broadcast_ring_ll_sum_i8_0_0_1.o
[ 57%] Building RCCLDEV object src/CMakeFiles/rccl_device_gfx950.dir/__/hipify/gensrc/specialized/specialized_reduce_ring_ll_sum_u8_0_0_1.o
[ 57%] Building RCCLDEV object src/CMakeFiles/rccl_device_gfx950.dir/__/hipify/gensrc/specialized/specialized_reduce_ring_ll_sum_u32_0_0_1.o
[ 59%] Building RCCLDEV object src/CMakeFiles/rccl_device_gfx950.dir/__/hipify/gensrc/specialized/specialized_reduce_ring_ll_sum_u64_0_0_1.o
[ 59%] Building RCCLDEV object src/CMakeFiles/rccl_device_gfx950.dir/__/hipify/gensrc/specialized/specialized_reduce_ring_ll_sum_f16_0_0_1.o
[ 59%] Building RCCLDEV object src/CMakeFiles/rccl_device_gfx950.dir/__/hipify/gensrc/specialized/specialized_reduce_ring_ll_sum_f32_0_0_1.o
[ 59%] Building RCCLDEV object src/CMakeFiles/rccl_device_gfx950.dir/__/hipify/gensrc/specialized/specialized_reduce_ring_ll_sum_f64_0_0_1.o
[ 59%] Building RCCLDEV object src/CMakeFiles/rccl_device_gfx950.dir/__/hipify/gensrc/specialized/specialized_reduce_ring_ll_sum_bf16_0_0_1.o
[ 59%] Building RCCLDEV object src/CMakeFiles/rccl_device_gfx950.dir/__/hipify/gensrc/specialized/specialized_reduce_ring_ll_prod_u8_0_0_1.o
[ 59%] Building RCCLDEV object src/CMakeFiles/rccl_device_gfx950.dir/__/hipify/gensrc/specialized/specialized_reduce_ring_ll_prod_u32_0_0_1.o
[ 59%] Building RCCLDEV object src/CMakeFiles/rccl_device_gfx950.dir/__/hipify/gensrc/specialized/specialized_reduce_ring_ll_prod_u64_0_0_1.o
[ 59%] Building RCCLDEV object src/CMakeFiles/rccl_device_gfx950.dir/__/hipify/gensrc/specialized/specialized_reduce_ring_ll_prod_f16_0_0_1.o
[ 59%] Building RCCLDEV object src/CMakeFiles/rccl_device_gfx950.dir/__/hipify/gensrc/specialized/specialized_reduce_ring_ll_prod_f32_0_0_1.o
[ 59%] Building RCCLDEV object src/CMakeFiles/rccl_device_gfx950.dir/__/hipify/gensrc/specialized/specialized_reduce_ring_ll_prod_f64_0_0_1.o
[ 59%] Building RCCLDEV object src/CMakeFiles/rccl_device_gfx950.dir/__/hipify/gensrc/specialized/specialized_reduce_ring_ll_prod_bf16_0_0_1.o
[ 59%] Building RCCLDEV object src/CMakeFiles/rccl_device_gfx950.dir/__/hipify/gensrc/specialized/specialized_reduce_ring_ll_minmax_u8_0_0_1.o
[ 59%] Building RCCLDEV object src/CMakeFiles/rccl_device_gfx950.dir/__/hipify/gensrc/specialized/specialized_reduce_ring_ll_minmax_u32_0_0_1.o
[ 59%] Building RCCLDEV object src/CMakeFiles/rccl_device_gfx950.dir/__/hipify/gensrc/specialized/specialized_reduce_ring_ll_minmax_u64_0_0_1.o
[ 59%] Building RCCLDEV object src/CMakeFiles/rccl_device_gfx950.dir/__/hipify/gensrc/specialized/specialized_reduce_ring_ll_minmax_f16_0_0_1.o
[ 59%] Building RCCLDEV object src/CMakeFiles/rccl_device_gfx950.dir/__/hipify/gensrc/specialized/specialized_reduce_ring_ll_minmax_f32_0_0_1.o
[ 59%] Building RCCLDEV object src/CMakeFiles/rccl_device_gfx950.dir/__/hipify/gensrc/specialized/specialized_reduce_ring_ll_minmax_f64_0_0_1.o
[ 59%] Building RCCLDEV object src/CMakeFiles/rccl_device_gfx950.dir/__/hipify/gensrc/specialized/specialized_reduce_ring_ll_minmax_bf16_0_0_1.o
[ 59%] Building RCCLDEV object src/CMakeFiles/rccl_device_gfx950.dir/__/hipify/gensrc/specialized/specialized_reduce_ring_ll_premulsum_u8_0_0_1.o
[ 59%] Building RCCLDEV object src/CMakeFiles/rccl_device_gfx950.dir/__/hipify/gensrc/specialized/specialized_reduce_ring_ll_premulsum_u32_0_0_1.o
[ 59%] Building RCCLDEV object src/CMakeFiles/rccl_device_gfx950.dir/__/hipify/gensrc/specialized/specialized_reduce_ring_ll_premulsum_u64_0_0_1.o
[ 59%] Building RCCLDEV object src/CMakeFiles/rccl_device_gfx950.dir/__/hipify/gensrc/specialized/specialized_reduce_ring_ll_premulsum_f16_0_0_1.o
[ 59%] Building RCCLDEV object src/CMakeFiles/rccl_device_gfx950.dir/__/hipify/gensrc/specialized/specialized_reduce_ring_ll_premulsum_f32_0_0_1.o
[ 59%] Building RCCLDEV object src/CMakeFiles/rccl_device_gfx950.dir/__/hipify/gensrc/specialized/specialized_reduce_ring_ll_premulsum_f64_0_0_1.o
[ 59%] Building RCCLDEV object src/CMakeFiles/rccl_device_gfx950.dir/__/hipify/gensrc/specialized/specialized_reduce_ring_ll_premulsum_bf16_0_0_1.o
[ 59%] Building RCCLDEV object src/CMakeFiles/rccl_device_gfx950.dir/__/hipify/gensrc/specialized/specialized_reduce_ring_ll_sumpostdiv_u8_0_0_1.o
[ 59%] Building RCCLDEV object src/CMakeFiles/rccl_device_gfx950.dir/__/hipify/gensrc/specialized/specialized_reduce_ring_ll_sumpostdiv_u32_0_0_1.o
[ 59%] Building RCCLDEV object src/CMakeFiles/rccl_device_gfx950.dir/__/hipify/gensrc/specialized/specialized_reduce_ring_ll_sumpostdiv_u64_0_0_1.o
[ 59%] Building RCCLDEV object src/CMakeFiles/rccl_device_gfx950.dir/__/hipify/gensrc/specialized/specialized_allgather_ring_ll_sum_i8_0_0_1.o
[ 59%] Building RCCLDEV object src/CMakeFiles/rccl_device_gfx950.dir/__/hipify/gensrc/specialized/specialized_reducescatter_ring_ll_sum_u8_0_0_1.o
[ 59%] Building RCCLDEV object src/CMakeFiles/rccl_device_gfx950.dir/__/hipify/gensrc/specialized/specialized_reducescatter_ring_ll_sum_u32_0_0_1.o
[ 59%] Building RCCLDEV object src/CMakeFiles/rccl_device_gfx950.dir/__/hipify/gensrc/specialized/specialized_reducescatter_ring_ll_sum_u64_0_0_1.o
[ 59%] Building RCCLDEV object src/CMakeFiles/rccl_device_gfx950.dir/__/hipify/gensrc/specialized/specialized_reducescatter_ring_ll_sum_f16_0_0_1.o
[ 59%] Building RCCLDEV object src/CMakeFiles/rccl_device_gfx950.dir/__/hipify/gensrc/specialized/specialized_reducescatter_ring_ll_sum_f32_0_0_1.o
[ 59%] Building RCCLDEV object src/CMakeFiles/rccl_device_gfx950.dir/__/hipify/gensrc/specialized/specialized_reducescatter_ring_ll_sum_f64_0_0_1.o
[ 59%] Building RCCLDEV object src/CMakeFiles/rccl_device_gfx950.dir/__/hipify/gensrc/specialized/specialized_reducescatter_ring_ll_sum_bf16_0_0_1.o
[ 59%] Building RCCLDEV object src/CMakeFiles/rccl_device_gfx950.dir/__/hipify/gensrc/specialized/specialized_reducescatter_ring_ll_prod_u8_0_0_1.o
[ 59%] Building RCCLDEV object src/CMakeFiles/rccl_device_gfx950.dir/__/hipify/gensrc/specialized/specialized_reducescatter_ring_ll_prod_u32_0_0_1.o
[ 59%] Building RCCLDEV object src/CMakeFiles/rccl_device_gfx950.dir/__/hipify/gensrc/specialized/specialized_reducescatter_ring_ll_prod_u64_0_0_1.o
[ 59%] Building RCCLDEV object src/CMakeFiles/rccl_device_gfx950.dir/__/hipify/gensrc/specialized/specialized_reducescatter_ring_ll_prod_f16_0_0_1.o
[ 59%] Building RCCLDEV object src/CMakeFiles/rccl_device_gfx950.dir/__/hipify/gensrc/specialized/specialized_reducescatter_ring_ll_prod_f64_0_0_1.o
[ 59%] Building RCCLDEV object src/CMakeFiles/rccl_device_gfx950.dir/__/hipify/gensrc/specialized/specialized_reducescatter_ring_ll_prod_f32_0_0_1.o
[ 59%] Building RCCLDEV object src/CMakeFiles/rccl_device_gfx950.dir/__/hipify/gensrc/specialized/specialized_reducescatter_ring_ll_prod_bf16_0_0_1.o
[ 59%] Building RCCLDEV object src/CMakeFiles/rccl_device_gfx950.dir/__/hipify/gensrc/specialized/specialized_reducescatter_ring_ll_minmax_u8_0_0_1.o
[ 59%] Building RCCLDEV object src/CMakeFiles/rccl_device_gfx950.dir/__/hipify/gensrc/specialized/specialized_reducescatter_ring_ll_minmax_u32_0_0_1.o
[ 59%] Building RCCLDEV object src/CMakeFiles/rccl_device_gfx950.dir/__/hipify/gensrc/specialized/specialized_reducescatter_ring_ll_minmax_u64_0_0_1.o
[ 59%] Building RCCLDEV object src/CMakeFiles/rccl_device_gfx950.dir/__/hipify/gensrc/specialized/specialized_reducescatter_ring_ll_minmax_f32_0_0_1.o
[ 59%] Building RCCLDEV object src/CMakeFiles/rccl_device_gfx950.dir/__/hipify/gensrc/specialized/specialized_reducescatter_ring_ll_minmax_bf16_0_0_1.o
[ 59%] Building RCCLDEV object src/CMakeFiles/rccl_device_gfx950.dir/__/hipify/gensrc/specialized/specialized_reducescatter_ring_ll_minmax_f64_0_0_1.o
[ 59%] Building RCCLDEV object src/CMakeFiles/rccl_device_gfx950.dir/__/hipify/gensrc/specialized/specialized_reducescatter_ring_ll_minmax_f16_0_0_1.o
[ 59%] Building RCCLDEV object src/CMakeFiles/rccl_device_gfx950.dir/__/hipify/gensrc/specialized/specialized_reducescatter_ring_ll_premulsum_u8_0_0_1.o
[ 59%] Building RCCLDEV object src/CMakeFiles/rccl_device_gfx950.dir/__/hipify/gensrc/specialized/specialized_reducescatter_ring_ll_premulsum_u32_0_0_1.o
[ 59%] Building RCCLDEV object src/CMakeFiles/rccl_device_gfx950.dir/__/hipify/gensrc/specialized/specialized_reducescatter_ring_ll_premulsum_u64_0_0_1.o
[ 59%] Building RCCLDEV object src/CMakeFiles/rccl_device_gfx950.dir/__/hipify/gensrc/specialized/specialized_reducescatter_ring_ll_premulsum_f16_0_0_1.o
[ 59%] Building RCCLDEV object src/CMakeFiles/rccl_device_gfx950.dir/__/hipify/gensrc/specialized/specialized_reducescatter_ring_ll_premulsum_f32_0_0_1.o
[ 59%] Building RCCLDEV object src/CMakeFiles/rccl_device_gfx950.dir/__/hipify/gensrc/specialized/specialized_reducescatter_ring_ll_premulsum_f64_0_0_1.o
[ 59%] Building RCCLDEV object src/CMakeFiles/rccl_device_gfx950.dir/__/hipify/gensrc/specialized/specialized_reducescatter_ring_ll_premulsum_bf16_0_0_1.o
[ 59%] Building RCCLDEV object src/CMakeFiles/rccl_device_gfx950.dir/__/hipify/gensrc/specialized/specialized_reducescatter_ring_ll_sumpostdiv_u8_0_0_1.o
[ 59%] Building RCCLDEV object src/CMakeFiles/rccl_device_gfx950.dir/__/hipify/gensrc/specialized/specialized_reducescatter_ring_ll_sumpostdiv_u32_0_0_1.o
[ 59%] Building RCCLDEV object src/CMakeFiles/rccl_device_gfx950.dir/__/hipify/gensrc/specialized/specialized_reducescatter_ring_ll_sumpostdiv_u64_0_0_1.o
[ 59%] Building RCCLDEV object src/CMakeFiles/rccl_device_gfx950.dir/__/hipify/gensrc/specialized/specialized_allreduce_ring_ll_sum_u8_0_0_1.o
[ 61%] Building RCCLDEV object src/CMakeFiles/rccl_device_gfx950.dir/__/hipify/gensrc/specialized/specialized_allreduce_ring_ll_sum_u32_0_0_1.o
[ 61%] Building RCCLDEV object src/CMakeFiles/rccl_device_gfx950.dir/__/hipify/gensrc/specialized/specialized_allreduce_ring_ll_sum_u8_1_0_1.o
[ 61%] Building RCCLDEV object src/CMakeFiles/rccl_device_gfx950.dir/__/hipify/gensrc/specialized/specialized_allreduce_ring_ll_sum_u32_1_0_1.o
[ 61%] Building RCCLDEV object src/CMakeFiles/rccl_device_gfx950.dir/__/hipify/gensrc/specialized/specialized_allreduce_ring_ll_sum_u64_0_0_1.o
[ 61%] Building RCCLDEV object src/CMakeFiles/rccl_device_gfx950.dir/__/hipify/gensrc/specialized/specialized_allreduce_ring_ll_sum_u64_1_0_1.o
[ 61%] Building RCCLDEV object src/CMakeFiles/rccl_device_gfx950.dir/__/hipify/gensrc/specialized/specialized_allreduce_ring_ll_sum_f16_1_0_1.o
[ 61%] Building RCCLDEV object src/CMakeFiles/rccl_device_gfx950.dir/__/hipify/gensrc/specialized/specialized_allreduce_ring_ll_sum_f16_0_0_1.o
[ 61%] Building RCCLDEV object src/CMakeFiles/rccl_device_gfx950.dir/__/hipify/gensrc/specialized/specialized_allreduce_ring_ll_sum_f32_0_0_1.o
[ 61%] Building RCCLDEV object src/CMakeFiles/rccl_device_gfx950.dir/__/hipify/gensrc/specialized/specialized_allreduce_ring_ll_sum_f64_0_0_1.o
[ 61%] Building RCCLDEV object src/CMakeFiles/rccl_device_gfx950.dir/__/hipify/gensrc/specialized/specialized_allreduce_ring_ll_sum_f64_1_0_1.o
[ 61%] Building RCCLDEV object src/CMakeFiles/rccl_device_gfx950.dir/__/hipify/gensrc/specialized/specialized_allreduce_ring_ll_sum_f32_1_0_1.o
[ 61%] Building RCCLDEV object src/CMakeFiles/rccl_device_gfx950.dir/__/hipify/gensrc/specialized/specialized_allreduce_ring_ll_sum_bf16_0_0_1.o
[ 61%] Building RCCLDEV object src/CMakeFiles/rccl_device_gfx950.dir/__/hipify/gensrc/specialized/specialized_allreduce_ring_ll_sum_bf16_1_0_1.o
[ 61%] Building RCCLDEV object src/CMakeFiles/rccl_device_gfx950.dir/__/hipify/gensrc/specialized/specialized_allreduce_ring_ll_prod_u8_0_0_1.o
[ 61%] Building RCCLDEV object src/CMakeFiles/rccl_device_gfx950.dir/__/hipify/gensrc/specialized/specialized_allreduce_ring_ll_prod_u8_1_0_1.o
[ 61%] Building RCCLDEV object src/CMakeFiles/rccl_device_gfx950.dir/__/hipify/gensrc/specialized/specialized_allreduce_ring_ll_prod_u32_0_0_1.o
[ 61%] Building RCCLDEV object src/CMakeFiles/rccl_device_gfx950.dir/__/hipify/gensrc/specialized/specialized_allreduce_ring_ll_prod_u32_1_0_1.o
[ 61%] Building RCCLDEV object src/CMakeFiles/rccl_device_gfx950.dir/__/hipify/gensrc/specialized/specialized_allreduce_ring_ll_prod_u64_0_0_1.o
[ 61%] Building RCCLDEV object src/CMakeFiles/rccl_device_gfx950.dir/__/hipify/gensrc/specialized/specialized_allreduce_ring_ll_prod_u64_1_0_1.o
[ 61%] Building RCCLDEV object src/CMakeFiles/rccl_device_gfx950.dir/__/hipify/gensrc/specialized/specialized_allreduce_ring_ll_prod_f16_0_0_1.o
[ 61%] Building RCCLDEV object src/CMakeFiles/rccl_device_gfx950.dir/__/hipify/gensrc/specialized/specialized_allreduce_ring_ll_prod_f16_1_0_1.o
[ 61%] Building RCCLDEV object src/CMakeFiles/rccl_device_gfx950.dir/__/hipify/gensrc/specialized/specialized_allreduce_ring_ll_prod_f32_0_0_1.o
[ 61%] Building RCCLDEV object src/CMakeFiles/rccl_device_gfx950.dir/__/hipify/gensrc/specialized/specialized_allreduce_ring_ll_prod_f32_1_0_1.o
[ 61%] Building RCCLDEV object src/CMakeFiles/rccl_device_gfx950.dir/__/hipify/gensrc/specialized/specialized_allreduce_ring_ll_prod_f64_0_0_1.o
[ 61%] Building RCCLDEV object src/CMakeFiles/rccl_device_gfx950.dir/__/hipify/gensrc/specialized/specialized_allreduce_ring_ll_prod_f64_1_0_1.o
[ 61%] Building RCCLDEV object src/CMakeFiles/rccl_device_gfx950.dir/__/hipify/gensrc/specialized/specialized_allreduce_ring_ll_prod_bf16_0_0_1.o
[ 61%] Building RCCLDEV object src/CMakeFiles/rccl_device_gfx950.dir/__/hipify/gensrc/specialized/specialized_allreduce_ring_ll_prod_bf16_1_0_1.o
[ 61%] Building RCCLDEV object src/CMakeFiles/rccl_device_gfx950.dir/__/hipify/gensrc/specialized/specialized_allreduce_ring_ll_minmax_u8_1_0_1.o
[ 61%] Building RCCLDEV object src/CMakeFiles/rccl_device_gfx950.dir/__/hipify/gensrc/specialized/specialized_allreduce_ring_ll_minmax_u8_0_0_1.o
[ 61%] Building RCCLDEV object src/CMakeFiles/rccl_device_gfx950.dir/__/hipify/gensrc/specialized/specialized_allreduce_ring_ll_minmax_u32_1_0_1.o
[ 61%] Building RCCLDEV object src/CMakeFiles/rccl_device_gfx950.dir/__/hipify/gensrc/specialized/specialized_allreduce_ring_ll_minmax_u32_0_0_1.o
[ 61%] Building RCCLDEV object src/CMakeFiles/rccl_device_gfx950.dir/__/hipify/gensrc/specialized/specialized_allreduce_ring_ll_minmax_u64_0_0_1.o
[ 61%] Building RCCLDEV object src/CMakeFiles/rccl_device_gfx950.dir/__/hipify/gensrc/specialized/specialized_allreduce_ring_ll_minmax_u64_1_0_1.o
[ 61%] Building RCCLDEV object src/CMakeFiles/rccl_device_gfx950.dir/__/hipify/gensrc/specialized/specialized_allreduce_ring_ll_minmax_f16_0_0_1.o
[ 61%] Building RCCLDEV object src/CMakeFiles/rccl_device_gfx950.dir/__/hipify/gensrc/specialized/specialized_allreduce_ring_ll_minmax_f16_1_0_1.o
[ 61%] Building RCCLDEV object src/CMakeFiles/rccl_device_gfx950.dir/__/hipify/gensrc/specialized/specialized_allreduce_ring_ll_minmax_f32_0_0_1.o
[ 61%] Building RCCLDEV object src/CMakeFiles/rccl_device_gfx950.dir/__/hipify/gensrc/specialized/specialized_allreduce_ring_ll_minmax_f64_0_0_1.o
[ 61%] Building RCCLDEV object src/CMakeFiles/rccl_device_gfx950.dir/__/hipify/gensrc/specialized/specialized_allreduce_ring_ll_minmax_f32_1_0_1.o
[ 61%] Building RCCLDEV object src/CMakeFiles/rccl_device_gfx950.dir/__/hipify/gensrc/specialized/specialized_allreduce_ring_ll_minmax_f64_1_0_1.o
[ 61%] Building RCCLDEV object src/CMakeFiles/rccl_device_gfx950.dir/__/hipify/gensrc/specialized/specialized_allreduce_ring_ll_minmax_bf16_0_0_1.o
[ 61%] Building RCCLDEV object src/CMakeFiles/rccl_device_gfx950.dir/__/hipify/gensrc/specialized/specialized_allreduce_ring_ll_minmax_bf16_1_0_1.o
[ 61%] Building RCCLDEV object src/CMakeFiles/rccl_device_gfx950.dir/__/hipify/gensrc/specialized/specialized_allreduce_ring_ll_premulsum_u8_1_0_1.o
[ 61%] Building RCCLDEV object src/CMakeFiles/rccl_device_gfx950.dir/__/hipify/gensrc/specialized/specialized_allreduce_ring_ll_premulsum_u8_0_0_1.o
[ 61%] Building RCCLDEV object src/CMakeFiles/rccl_device_gfx950.dir/__/hipify/gensrc/specialized/specialized_allreduce_ring_ll_premulsum_u32_0_0_1.o
[ 61%] Building RCCLDEV object src/CMakeFiles/rccl_device_gfx950.dir/__/hipify/gensrc/specialized/specialized_allreduce_ring_ll_premulsum_u32_1_0_1.o
[ 61%] Building RCCLDEV object src/CMakeFiles/rccl_device_gfx950.dir/__/hipify/gensrc/specialized/specialized_allreduce_ring_ll_premulsum_u64_0_0_1.o
[ 61%] Building RCCLDEV object src/CMakeFiles/rccl_device_gfx950.dir/__/hipify/gensrc/specialized/specialized_allreduce_ring_ll_premulsum_u64_1_0_1.o
[ 61%] Building RCCLDEV object src/CMakeFiles/rccl_device_gfx950.dir/__/hipify/gensrc/specialized/specialized_allreduce_ring_ll_premulsum_f16_0_0_1.o
[ 61%] Building RCCLDEV object src/CMakeFiles/rccl_device_gfx950.dir/__/hipify/gensrc/specialized/specialized_allreduce_ring_ll_premulsum_f16_1_0_1.o
[ 61%] Building RCCLDEV object src/CMakeFiles/rccl_device_gfx950.dir/__/hipify/gensrc/specialized/specialized_allreduce_ring_ll_premulsum_f32_0_0_1.o
[ 61%] Building RCCLDEV object src/CMakeFiles/rccl_device_gfx950.dir/__/hipify/gensrc/specialized/specialized_allreduce_ring_ll_premulsum_f32_1_0_1.o
[ 61%] Building RCCLDEV object src/CMakeFiles/rccl_device_gfx950.dir/__/hipify/gensrc/specialized/specialized_allreduce_ring_ll_premulsum_f64_0_0_1.o
[ 61%] Building RCCLDEV object src/CMakeFiles/rccl_device_gfx950.dir/__/hipify/gensrc/specialized/specialized_allreduce_ring_ll_premulsum_bf16_1_0_1.o
[ 61%] Building RCCLDEV object src/CMakeFiles/rccl_device_gfx950.dir/__/hipify/gensrc/specialized/specialized_allreduce_ring_ll_premulsum_f64_1_0_1.o
[ 61%] Building RCCLDEV object src/CMakeFiles/rccl_device_gfx950.dir/__/hipify/gensrc/specialized/specialized_allreduce_ring_ll_premulsum_bf16_0_0_1.o
[ 61%] Building RCCLDEV object src/CMakeFiles/rccl_device_gfx950.dir/__/hipify/gensrc/specialized/specialized_allreduce_ring_ll_sumpostdiv_u8_0_0_1.o
[ 61%] Building RCCLDEV object src/CMakeFiles/rccl_device_gfx950.dir/__/hipify/gensrc/specialized/specialized_allreduce_ring_ll_sumpostdiv_u8_1_0_1.o
[ 61%] Building RCCLDEV object src/CMakeFiles/rccl_device_gfx950.dir/__/hipify/gensrc/specialized/specialized_allreduce_ring_ll_sumpostdiv_u32_0_0_1.o
[ 61%] Building RCCLDEV object src/CMakeFiles/rccl_device_gfx950.dir/__/hipify/gensrc/specialized/specialized_allreduce_ring_ll_sumpostdiv_u32_1_0_1.o
[ 61%] Building RCCLDEV object src/CMakeFiles/rccl_device_gfx950.dir/__/hipify/gensrc/specialized/specialized_allreduce_ring_ll_sumpostdiv_u64_0_0_1.o
[ 61%] Building RCCLDEV object src/CMakeFiles/rccl_device_gfx950.dir/__/hipify/gensrc/specialized/specialized_allreduce_ring_ll_sumpostdiv_u64_1_0_1.o
[ 61%] Building RCCLDEV object src/CMakeFiles/rccl_device_gfx950.dir/__/hipify/gensrc/specialized/specialized_allgather_pat_ll_sum_i8_0_0_4.o
[ 61%] Building RCCLDEV object src/CMakeFiles/rccl_device_gfx950.dir/__/hipify/gensrc/specialized/specialized_reducescatter_pat_ll_sum_u8_0_0_4.o
[ 61%] Building RCCLDEV object src/CMakeFiles/rccl_device_gfx950.dir/__/hipify/gensrc/specialized/specialized_reducescatter_pat_ll_sum_u32_0_0_4.o
[ 62%] Building RCCLDEV object src/CMakeFiles/rccl_device_gfx950.dir/__/hipify/gensrc/specialized/specialized_reducescatter_pat_ll_sum_u64_0_0_4.o
[ 62%] Building RCCLDEV object src/CMakeFiles/rccl_device_gfx950.dir/__/hipify/gensrc/specialized/specialized_reducescatter_pat_ll_sum_f16_0_0_4.o
[ 62%] Building RCCLDEV object src/CMakeFiles/rccl_device_gfx950.dir/__/hipify/gensrc/specialized/specialized_reducescatter_pat_ll_sum_f32_0_0_4.o
[ 62%] Building RCCLDEV object src/CMakeFiles/rccl_device_gfx950.dir/__/hipify/gensrc/specialized/specialized_reducescatter_pat_ll_sum_f64_0_0_4.o
[ 62%] Building RCCLDEV object src/CMakeFiles/rccl_device_gfx950.dir/__/hipify/gensrc/specialized/specialized_reducescatter_pat_ll_sum_bf16_0_0_4.o
[ 62%] Building RCCLDEV object src/CMakeFiles/rccl_device_gfx950.dir/__/hipify/gensrc/specialized/specialized_reducescatter_pat_ll_prod_u32_0_0_4.o
[ 62%] Building RCCLDEV object src/CMakeFiles/rccl_device_gfx950.dir/__/hipify/gensrc/specialized/specialized_reducescatter_pat_ll_prod_f16_0_0_4.o
[ 62%] Building RCCLDEV object src/CMakeFiles/rccl_device_gfx950.dir/__/hipify/gensrc/specialized/specialized_reducescatter_pat_ll_prod_u8_0_0_4.o
[ 62%] Building RCCLDEV object src/CMakeFiles/rccl_device_gfx950.dir/__/hipify/gensrc/specialized/specialized_reducescatter_pat_ll_prod_u64_0_0_4.o
[ 62%] Building RCCLDEV object src/CMakeFiles/rccl_device_gfx950.dir/__/hipify/gensrc/specialized/specialized_reducescatter_pat_ll_prod_f32_0_0_4.o
[ 62%] Building RCCLDEV object src/CMakeFiles/rccl_device_gfx950.dir/__/hipify/gensrc/specialized/specialized_reducescatter_pat_ll_prod_f64_0_0_4.o
[ 62%] Building RCCLDEV object src/CMakeFiles/rccl_device_gfx950.dir/__/hipify/gensrc/specialized/specialized_reducescatter_pat_ll_prod_bf16_0_0_4.o
[ 62%] Building RCCLDEV object src/CMakeFiles/rccl_device_gfx950.dir/__/hipify/gensrc/specialized/specialized_reducescatter_pat_ll_minmax_u8_0_0_4.o
[ 62%] Building RCCLDEV object src/CMakeFiles/rccl_device_gfx950.dir/__/hipify/gensrc/specialized/specialized_reducescatter_pat_ll_minmax_u32_0_0_4.o
[ 62%] Building RCCLDEV object src/CMakeFiles/rccl_device_gfx950.dir/__/hipify/gensrc/specialized/specialized_reducescatter_pat_ll_minmax_f16_0_0_4.o
[ 62%] Building RCCLDEV object src/CMakeFiles/rccl_device_gfx950.dir/__/hipify/gensrc/specialized/specialized_reducescatter_pat_ll_minmax_u64_0_0_4.o
[ 62%] Building RCCLDEV object src/CMakeFiles/rccl_device_gfx950.dir/__/hipify/gensrc/specialized/specialized_reducescatter_pat_ll_minmax_f64_0_0_4.o
[ 62%] Building RCCLDEV object src/CMakeFiles/rccl_device_gfx950.dir/__/hipify/gensrc/specialized/specialized_reducescatter_pat_ll_minmax_f32_0_0_4.o
[ 62%] Building RCCLDEV object src/CMakeFiles/rccl_device_gfx950.dir/__/hipify/gensrc/specialized/specialized_reducescatter_pat_ll_minmax_bf16_0_0_4.o
[ 62%] Building RCCLDEV object src/CMakeFiles/rccl_device_gfx950.dir/__/hipify/gensrc/specialized/specialized_reducescatter_pat_ll_premulsum_u8_0_0_4.o
[ 62%] Building RCCLDEV object src/CMakeFiles/rccl_device_gfx950.dir/__/hipify/gensrc/specialized/specialized_reducescatter_pat_ll_premulsum_u32_0_0_4.o
[ 62%] Building RCCLDEV object src/CMakeFiles/rccl_device_gfx950.dir/__/hipify/gensrc/specialized/specialized_reducescatter_pat_ll_premulsum_u64_0_0_4.o
[ 62%] Building RCCLDEV object src/CMakeFiles/rccl_device_gfx950.dir/__/hipify/gensrc/specialized/specialized_reducescatter_pat_ll_premulsum_f16_0_0_4.o
[ 62%] Building RCCLDEV object src/CMakeFiles/rccl_device_gfx950.dir/__/hipify/gensrc/specialized/specialized_reducescatter_pat_ll_premulsum_f32_0_0_4.o
[ 62%] Building RCCLDEV object src/CMakeFiles/rccl_device_gfx950.dir/__/hipify/gensrc/specialized/specialized_reducescatter_pat_ll_premulsum_f64_0_0_4.o
[ 62%] Building RCCLDEV object src/CMakeFiles/rccl_device_gfx950.dir/__/hipify/gensrc/specialized/specialized_reducescatter_pat_ll_premulsum_bf16_0_0_4.o
[ 62%] Building RCCLDEV object src/CMakeFiles/rccl_device_gfx950.dir/__/hipify/gensrc/specialized/specialized_reducescatter_pat_ll_sumpostdiv_u8_0_0_4.o
[ 62%] Building RCCLDEV object src/CMakeFiles/rccl_device_gfx950.dir/__/hipify/gensrc/specialized/specialized_reducescatter_pat_ll_sumpostdiv_u32_0_0_4.o
[ 62%] Building RCCLDEV object src/CMakeFiles/rccl_device_gfx950.dir/__/hipify/gensrc/specialized/specialized_reducescatter_pat_ll_sumpostdiv_u64_0_0_4.o
[ 62%] Building RCCLDEV object src/CMakeFiles/rccl_device_gfx950.dir/__/hipify/gensrc/specialized/specialized_allgather_pat_ll_sum_i8_0_0_2.o
[ 62%] Building RCCLDEV object src/CMakeFiles/rccl_device_gfx950.dir/__/hipify/gensrc/specialized/specialized_reducescatter_pat_ll_sum_u8_0_0_2.o
[ 62%] Building RCCLDEV object src/CMakeFiles/rccl_device_gfx950.dir/__/hipify/gensrc/specialized/specialized_reducescatter_pat_ll_sum_u32_0_0_2.o
[ 62%] Building RCCLDEV object src/CMakeFiles/rccl_device_gfx950.dir/__/hipify/gensrc/specialized/specialized_reducescatter_pat_ll_sum_u64_0_0_2.o
[ 62%] Building RCCLDEV object src/CMakeFiles/rccl_device_gfx950.dir/__/hipify/gensrc/specialized/specialized_reducescatter_pat_ll_sum_f16_0_0_2.o
[ 62%] Building RCCLDEV object src/CMakeFiles/rccl_device_gfx950.dir/__/hipify/gensrc/specialized/specialized_reducescatter_pat_ll_sum_f32_0_0_2.o
[ 62%] Building RCCLDEV object src/CMakeFiles/rccl_device_gfx950.dir/__/hipify/gensrc/specialized/specialized_reducescatter_pat_ll_sum_f64_0_0_2.o
[ 62%] Building RCCLDEV object src/CMakeFiles/rccl_device_gfx950.dir/__/hipify/gensrc/specialized/specialized_reducescatter_pat_ll_sum_bf16_0_0_2.o
[ 62%] Building RCCLDEV object src/CMakeFiles/rccl_device_gfx950.dir/__/hipify/gensrc/specialized/specialized_reducescatter_pat_ll_prod_u64_0_0_2.o
[ 62%] Building RCCLDEV object src/CMakeFiles/rccl_device_gfx950.dir/__/hipify/gensrc/specialized/specialized_reducescatter_pat_ll_prod_u8_0_0_2.o
[ 62%] Building RCCLDEV object src/CMakeFiles/rccl_device_gfx950.dir/__/hipify/gensrc/specialized/specialized_reducescatter_pat_ll_prod_u32_0_0_2.o
[ 62%] Building RCCLDEV object src/CMakeFiles/rccl_device_gfx950.dir/__/hipify/gensrc/specialized/specialized_reducescatter_pat_ll_prod_f16_0_0_2.o
[ 62%] Building RCCLDEV object src/CMakeFiles/rccl_device_gfx950.dir/__/hipify/gensrc/specialized/specialized_reducescatter_pat_ll_prod_f64_0_0_2.o
[ 62%] Building RCCLDEV object src/CMakeFiles/rccl_device_gfx950.dir/__/hipify/gensrc/specialized/specialized_reducescatter_pat_ll_prod_bf16_0_0_2.o
[ 62%] Building RCCLDEV object src/CMakeFiles/rccl_device_gfx950.dir/__/hipify/gensrc/specialized/specialized_reducescatter_pat_ll_prod_f32_0_0_2.o
[ 62%] Building RCCLDEV object src/CMakeFiles/rccl_device_gfx950.dir/__/hipify/gensrc/specialized/specialized_reducescatter_pat_ll_minmax_u8_0_0_2.o
[ 62%] Building RCCLDEV object src/CMakeFiles/rccl_device_gfx950.dir/__/hipify/gensrc/specialized/specialized_reducescatter_pat_ll_minmax_u32_0_0_2.o
[ 62%] Building RCCLDEV object src/CMakeFiles/rccl_device_gfx950.dir/__/hipify/gensrc/specialized/specialized_reducescatter_pat_ll_minmax_f32_0_0_2.o
[ 62%] Building RCCLDEV object src/CMakeFiles/rccl_device_gfx950.dir/__/hipify/gensrc/specialized/specialized_reducescatter_pat_ll_minmax_f16_0_0_2.o
[ 62%] Building RCCLDEV object src/CMakeFiles/rccl_device_gfx950.dir/__/hipify/gensrc/specialized/specialized_reducescatter_pat_ll_minmax_u64_0_0_2.o
[ 62%] Building RCCLDEV object src/CMakeFiles/rccl_device_gfx950.dir/__/hipify/gensrc/specialized/specialized_reducescatter_pat_ll_minmax_f64_0_0_2.o
[ 62%] Building RCCLDEV object src/CMakeFiles/rccl_device_gfx950.dir/__/hipify/gensrc/specialized/specialized_reducescatter_pat_ll_minmax_bf16_0_0_2.o
[ 62%] Building RCCLDEV object src/CMakeFiles/rccl_device_gfx950.dir/__/hipify/gensrc/specialized/specialized_reducescatter_pat_ll_premulsum_u8_0_0_2.o
[ 62%] Building RCCLDEV object src/CMakeFiles/rccl_device_gfx950.dir/__/hipify/gensrc/specialized/specialized_reducescatter_pat_ll_premulsum_u32_0_0_2.o
[ 62%] Building RCCLDEV object src/CMakeFiles/rccl_device_gfx950.dir/__/hipify/gensrc/specialized/specialized_reducescatter_pat_ll_premulsum_u64_0_0_2.o
[ 62%] Building RCCLDEV object src/CMakeFiles/rccl_device_gfx950.dir/__/hipify/gensrc/specialized/specialized_reducescatter_pat_ll_premulsum_f16_0_0_2.o
[ 62%] Building RCCLDEV object src/CMakeFiles/rccl_device_gfx950.dir/__/hipify/gensrc/specialized/specialized_reducescatter_pat_ll_premulsum_f32_0_0_2.o
[ 62%] Building RCCLDEV object src/CMakeFiles/rccl_device_gfx950.dir/__/hipify/gensrc/specialized/specialized_reducescatter_pat_ll_premulsum_f64_0_0_2.o
[ 62%] Building RCCLDEV object src/CMakeFiles/rccl_device_gfx950.dir/__/hipify/gensrc/specialized/specialized_reducescatter_pat_ll_premulsum_bf16_0_0_2.o
[ 62%] Building RCCLDEV object src/CMakeFiles/rccl_device_gfx950.dir/__/hipify/gensrc/specialized/specialized_reducescatter_pat_ll_sumpostdiv_u8_0_0_2.o
[ 62%] Building RCCLDEV object src/CMakeFiles/rccl_device_gfx950.dir/__/hipify/gensrc/specialized/specialized_reducescatter_pat_ll_sumpostdiv_u32_0_0_2.o
[ 62%] Building RCCLDEV object src/CMakeFiles/rccl_device_gfx950.dir/__/hipify/gensrc/specialized/specialized_allgather_pat_ll_sum_i8_0_0_1.o
[ 62%] Building RCCLDEV object src/CMakeFiles/rccl_device_gfx950.dir/__/hipify/gensrc/specialized/specialized_reducescatter_pat_ll_sumpostdiv_u64_0_0_2.o
[ 62%] Building RCCLDEV object src/CMakeFiles/rccl_device_gfx950.dir/__/hipify/gensrc/specialized/specialized_reducescatter_pat_ll_sum_u8_0_0_1.o
[ 64%] Building RCCLDEV object src/CMakeFiles/rccl_device_gfx950.dir/__/hipify/gensrc/specialized/specialized_reducescatter_pat_ll_sum_u32_0_0_1.o
[ 64%] Building RCCLDEV object src/CMakeFiles/rccl_device_gfx950.dir/__/hipify/gensrc/specialized/specialized_reducescatter_pat_ll_sum_u64_0_0_1.o
[ 64%] Building RCCLDEV object src/CMakeFiles/rccl_device_gfx950.dir/__/hipify/gensrc/specialized/specialized_reducescatter_pat_ll_sum_f16_0_0_1.o
[ 64%] Building RCCLDEV object src/CMakeFiles/rccl_device_gfx950.dir/__/hipify/gensrc/specialized/specialized_reducescatter_pat_ll_sum_f32_0_0_1.o
[ 64%] Building RCCLDEV object src/CMakeFiles/rccl_device_gfx950.dir/__/hipify/gensrc/specialized/specialized_reducescatter_pat_ll_sum_f64_0_0_1.o
[ 64%] Building RCCLDEV object src/CMakeFiles/rccl_device_gfx950.dir/__/hipify/gensrc/specialized/specialized_reducescatter_pat_ll_sum_bf16_0_0_1.o
[ 64%] Building RCCLDEV object src/CMakeFiles/rccl_device_gfx950.dir/__/hipify/gensrc/specialized/specialized_reducescatter_pat_ll_prod_u8_0_0_1.o
[ 64%] Building RCCLDEV object src/CMakeFiles/rccl_device_gfx950.dir/__/hipify/gensrc/specialized/specialized_reducescatter_pat_ll_prod_u32_0_0_1.o
[ 64%] Building RCCLDEV object src/CMakeFiles/rccl_device_gfx950.dir/__/hipify/gensrc/specialized/specialized_reducescatter_pat_ll_prod_f16_0_0_1.o
[ 64%] Building RCCLDEV object src/CMakeFiles/rccl_device_gfx950.dir/__/hipify/gensrc/specialized/specialized_reducescatter_pat_ll_prod_u64_0_0_1.o
[ 64%] Building RCCLDEV object src/CMakeFiles/rccl_device_gfx950.dir/__/hipify/gensrc/specialized/specialized_reducescatter_pat_ll_prod_f32_0_0_1.o
[ 64%] Building RCCLDEV object src/CMakeFiles/rccl_device_gfx950.dir/__/hipify/gensrc/specialized/specialized_reducescatter_pat_ll_prod_f64_0_0_1.o
[ 64%] Building RCCLDEV object src/CMakeFiles/rccl_device_gfx950.dir/__/hipify/gensrc/specialized/specialized_reducescatter_pat_ll_prod_bf16_0_0_1.o
[ 64%] Building RCCLDEV object src/CMakeFiles/rccl_device_gfx950.dir/__/hipify/gensrc/specialized/specialized_reducescatter_pat_ll_minmax_u8_0_0_1.o
[ 64%] Building RCCLDEV object src/CMakeFiles/rccl_device_gfx950.dir/__/hipify/gensrc/specialized/specialized_reducescatter_pat_ll_minmax_u32_0_0_1.o
[ 64%] Building RCCLDEV object src/CMakeFiles/rccl_device_gfx950.dir/__/hipify/gensrc/specialized/specialized_reducescatter_pat_ll_minmax_u64_0_0_1.o
[ 64%] Building RCCLDEV object src/CMakeFiles/rccl_device_gfx950.dir/__/hipify/gensrc/specialized/specialized_reducescatter_pat_ll_minmax_f16_0_0_1.o
[ 64%] Building RCCLDEV object src/CMakeFiles/rccl_device_gfx950.dir/__/hipify/gensrc/specialized/specialized_reducescatter_pat_ll_minmax_f32_0_0_1.o
[ 64%] Building RCCLDEV object src/CMakeFiles/rccl_device_gfx950.dir/__/hipify/gensrc/specialized/specialized_reducescatter_pat_ll_minmax_bf16_0_0_1.o
[ 64%] Building RCCLDEV object src/CMakeFiles/rccl_device_gfx950.dir/__/hipify/gensrc/specialized/specialized_reducescatter_pat_ll_minmax_f64_0_0_1.o
[ 64%] Building RCCLDEV object src/CMakeFiles/rccl_device_gfx950.dir/__/hipify/gensrc/specialized/specialized_reducescatter_pat_ll_premulsum_u8_0_0_1.o
[ 64%] Building RCCLDEV object src/CMakeFiles/rccl_device_gfx950.dir/__/hipify/gensrc/specialized/specialized_reducescatter_pat_ll_premulsum_u32_0_0_1.o
[ 64%] Building RCCLDEV object src/CMakeFiles/rccl_device_gfx950.dir/__/hipify/gensrc/specialized/specialized_reducescatter_pat_ll_premulsum_u64_0_0_1.o
[ 64%] Building RCCLDEV object src/CMakeFiles/rccl_device_gfx950.dir/__/hipify/gensrc/specialized/specialized_reducescatter_pat_ll_premulsum_f16_0_0_1.o
[ 64%] Building RCCLDEV object src/CMakeFiles/rccl_device_gfx950.dir/__/hipify/gensrc/specialized/specialized_reducescatter_pat_ll_premulsum_f32_0_0_1.o
[ 64%] Building RCCLDEV object src/CMakeFiles/rccl_device_gfx950.dir/__/hipify/gensrc/specialized/specialized_reducescatter_pat_ll_premulsum_f64_0_0_1.o
[ 64%] Building RCCLDEV object src/CMakeFiles/rccl_device_gfx950.dir/__/hipify/gensrc/specialized/specialized_reducescatter_pat_ll_premulsum_bf16_0_0_1.o
[ 64%] Building RCCLDEV object src/CMakeFiles/rccl_device_gfx950.dir/__/hipify/gensrc/specialized/specialized_reducescatter_pat_ll_sumpostdiv_u8_0_0_1.o
[ 64%] Building RCCLDEV object src/CMakeFiles/rccl_device_gfx950.dir/__/hipify/gensrc/specialized/specialized_reducescatter_pat_ll_sumpostdiv_u32_0_0_1.o
[ 64%] Building RCCLDEV object src/CMakeFiles/rccl_device_gfx950.dir/__/hipify/gensrc/specialized/specialized_reducescatter_pat_ll_sumpostdiv_u64_0_0_1.o
[ 64%] Building RCCLDEV object src/CMakeFiles/rccl_device_gfx950.dir/__/hipify/gensrc/specialized/specialized_allreduce_tree_ll128_sum_u8_0_0_4.o
[ 64%] Building RCCLDEV object src/CMakeFiles/rccl_device_gfx950.dir/__/hipify/gensrc/specialized/specialized_allreduce_tree_ll128_sum_u8_1_0_4.o
[ 64%] Building RCCLDEV object src/CMakeFiles/rccl_device_gfx950.dir/__/hipify/gensrc/specialized/specialized_allreduce_tree_ll128_sum_u32_0_0_4.o
[ 64%] Building RCCLDEV object src/CMakeFiles/rccl_device_gfx950.dir/__/hipify/gensrc/specialized/specialized_allreduce_tree_ll128_sum_u32_1_0_4.o
[ 64%] Building RCCLDEV object src/CMakeFiles/rccl_device_gfx950.dir/__/hipify/gensrc/specialized/specialized_allreduce_tree_ll128_sum_u64_0_0_4.o
[ 64%] Building RCCLDEV object src/CMakeFiles/rccl_device_gfx950.dir/__/hipify/gensrc/specialized/specialized_allreduce_tree_ll128_sum_u64_1_0_4.o
[ 64%] Building RCCLDEV object src/CMakeFiles/rccl_device_gfx950.dir/__/hipify/gensrc/specialized/specialized_allreduce_tree_ll128_sum_f16_0_0_4.o
[ 64%] Building RCCLDEV object src/CMakeFiles/rccl_device_gfx950.dir/__/hipify/gensrc/specialized/specialized_allreduce_tree_ll128_sum_f16_1_0_4.o
[ 64%] Building RCCLDEV object src/CMakeFiles/rccl_device_gfx950.dir/__/hipify/gensrc/specialized/specialized_allreduce_tree_ll128_sum_f32_0_0_4.o
[ 64%] Building RCCLDEV object src/CMakeFiles/rccl_device_gfx950.dir/__/hipify/gensrc/specialized/specialized_allreduce_tree_ll128_sum_f32_1_0_4.o
[ 64%] Building RCCLDEV object src/CMakeFiles/rccl_device_gfx950.dir/__/hipify/gensrc/specialized/specialized_allreduce_tree_ll128_sum_f64_0_0_4.o
[ 64%] Building RCCLDEV object src/CMakeFiles/rccl_device_gfx950.dir/__/hipify/gensrc/specialized/specialized_allreduce_tree_ll128_sum_f64_1_0_4.o
[ 64%] Building RCCLDEV object src/CMakeFiles/rccl_device_gfx950.dir/__/hipify/gensrc/specialized/specialized_allreduce_tree_ll128_sum_bf16_0_0_4.o
[ 64%] Building RCCLDEV object src/CMakeFiles/rccl_device_gfx950.dir/__/hipify/gensrc/specialized/specialized_allreduce_tree_ll128_sum_bf16_1_0_4.o
[ 64%] Building RCCLDEV object src/CMakeFiles/rccl_device_gfx950.dir/__/hipify/gensrc/specialized/specialized_allreduce_tree_ll128_prod_u8_0_0_4.o
[ 64%] Building RCCLDEV object src/CMakeFiles/rccl_device_gfx950.dir/__/hipify/gensrc/specialized/specialized_allreduce_tree_ll128_prod_u8_1_0_4.o
[ 64%] Building RCCLDEV object src/CMakeFiles/rccl_device_gfx950.dir/__/hipify/gensrc/specialized/specialized_allreduce_tree_ll128_prod_u32_0_0_4.o
[ 64%] Building RCCLDEV object src/CMakeFiles/rccl_device_gfx950.dir/__/hipify/gensrc/specialized/specialized_allreduce_tree_ll128_prod_u32_1_0_4.o
[ 64%] Building RCCLDEV object src/CMakeFiles/rccl_device_gfx950.dir/__/hipify/gensrc/specialized/specialized_allreduce_tree_ll128_prod_u64_0_0_4.o
[ 64%] Building RCCLDEV object src/CMakeFiles/rccl_device_gfx950.dir/__/hipify/gensrc/specialized/specialized_allreduce_tree_ll128_prod_u64_1_0_4.o
[ 64%] Building RCCLDEV object src/CMakeFiles/rccl_device_gfx950.dir/__/hipify/gensrc/specialized/specialized_allreduce_tree_ll128_prod_f16_0_0_4.o
[ 64%] Building RCCLDEV object src/CMakeFiles/rccl_device_gfx950.dir/__/hipify/gensrc/specialized/specialized_allreduce_tree_ll128_prod_f16_1_0_4.o
[ 64%] Building RCCLDEV object src/CMakeFiles/rccl_device_gfx950.dir/__/hipify/gensrc/specialized/specialized_allreduce_tree_ll128_prod_f32_0_0_4.o
[ 64%] Building RCCLDEV object src/CMakeFiles/rccl_device_gfx950.dir/__/hipify/gensrc/specialized/specialized_allreduce_tree_ll128_prod_f32_1_0_4.o
[ 64%] Building RCCLDEV object src/CMakeFiles/rccl_device_gfx950.dir/__/hipify/gensrc/specialized/specialized_allreduce_tree_ll128_prod_f64_0_0_4.o
[ 64%] Building RCCLDEV object src/CMakeFiles/rccl_device_gfx950.dir/__/hipify/gensrc/specialized/specialized_allreduce_tree_ll128_prod_f64_1_0_4.o
[ 64%] Building RCCLDEV object src/CMakeFiles/rccl_device_gfx950.dir/__/hipify/gensrc/specialized/specialized_allreduce_tree_ll128_prod_bf16_0_0_4.o
[ 64%] Building RCCLDEV object src/CMakeFiles/rccl_device_gfx950.dir/__/hipify/gensrc/specialized/specialized_allreduce_tree_ll128_prod_bf16_1_0_4.o
[ 64%] Building RCCLDEV object src/CMakeFiles/rccl_device_gfx950.dir/__/hipify/gensrc/specialized/specialized_allreduce_tree_ll128_minmax_u8_0_0_4.o
[ 64%] Building RCCLDEV object src/CMakeFiles/rccl_device_gfx950.dir/__/hipify/gensrc/specialized/specialized_allreduce_tree_ll128_minmax_u8_1_0_4.o
[ 64%] Building RCCLDEV object src/CMakeFiles/rccl_device_gfx950.dir/__/hipify/gensrc/specialized/specialized_allreduce_tree_ll128_minmax_u32_0_0_4.o
[ 64%] Building RCCLDEV object src/CMakeFiles/rccl_device_gfx950.dir/__/hipify/gensrc/specialized/specialized_allreduce_tree_ll128_minmax_u32_1_0_4.o
[ 64%] Building RCCLDEV object src/CMakeFiles/rccl_device_gfx950.dir/__/hipify/gensrc/specialized/specialized_allreduce_tree_ll128_minmax_u64_0_0_4.o
[ 66%] Building RCCLDEV object src/CMakeFiles/rccl_device_gfx950.dir/__/hipify/gensrc/specialized/specialized_allreduce_tree_ll128_minmax_u64_1_0_4.o
[ 66%] Building RCCLDEV object src/CMakeFiles/rccl_device_gfx950.dir/__/hipify/gensrc/specialized/specialized_allreduce_tree_ll128_minmax_f16_0_0_4.o
[ 66%] Building RCCLDEV object src/CMakeFiles/rccl_device_gfx950.dir/__/hipify/gensrc/specialized/specialized_allreduce_tree_ll128_minmax_f16_1_0_4.o
[ 66%] Building RCCLDEV object src/CMakeFiles/rccl_device_gfx950.dir/__/hipify/gensrc/specialized/specialized_allreduce_tree_ll128_minmax_f32_0_0_4.o
[ 66%] Building RCCLDEV object src/CMakeFiles/rccl_device_gfx950.dir/__/hipify/gensrc/specialized/specialized_allreduce_tree_ll128_minmax_f32_1_0_4.o
[ 66%] Building RCCLDEV object src/CMakeFiles/rccl_device_gfx950.dir/__/hipify/gensrc/specialized/specialized_allreduce_tree_ll128_minmax_f64_0_0_4.o
[ 66%] Building RCCLDEV object src/CMakeFiles/rccl_device_gfx950.dir/__/hipify/gensrc/specialized/specialized_allreduce_tree_ll128_minmax_f64_1_0_4.o
[ 66%] Building RCCLDEV object src/CMakeFiles/rccl_device_gfx950.dir/__/hipify/gensrc/specialized/specialized_allreduce_tree_ll128_minmax_bf16_0_0_4.o
[ 66%] Building RCCLDEV object src/CMakeFiles/rccl_device_gfx950.dir/__/hipify/gensrc/specialized/specialized_allreduce_tree_ll128_minmax_bf16_1_0_4.o
[ 66%] Building RCCLDEV object src/CMakeFiles/rccl_device_gfx950.dir/__/hipify/gensrc/specialized/specialized_allreduce_tree_ll128_premulsum_u8_0_0_4.o
[ 66%] Building RCCLDEV object src/CMakeFiles/rccl_device_gfx950.dir/__/hipify/gensrc/specialized/specialized_allreduce_tree_ll128_premulsum_u8_1_0_4.o
[ 66%] Building RCCLDEV object src/CMakeFiles/rccl_device_gfx950.dir/__/hipify/gensrc/specialized/specialized_allreduce_tree_ll128_premulsum_u32_0_0_4.o
[ 66%] Building RCCLDEV object src/CMakeFiles/rccl_device_gfx950.dir/__/hipify/gensrc/specialized/specialized_allreduce_tree_ll128_premulsum_u32_1_0_4.o
[ 66%] Building RCCLDEV object src/CMakeFiles/rccl_device_gfx950.dir/__/hipify/gensrc/specialized/specialized_allreduce_tree_ll128_premulsum_u64_0_0_4.o
[ 66%] Building RCCLDEV object src/CMakeFiles/rccl_device_gfx950.dir/__/hipify/gensrc/specialized/specialized_allreduce_tree_ll128_premulsum_u64_1_0_4.o
[ 66%] Building RCCLDEV object src/CMakeFiles/rccl_device_gfx950.dir/__/hipify/gensrc/specialized/specialized_allreduce_tree_ll128_premulsum_f16_0_0_4.o
[ 66%] Building RCCLDEV object src/CMakeFiles/rccl_device_gfx950.dir/__/hipify/gensrc/specialized/specialized_allreduce_tree_ll128_premulsum_f16_1_0_4.o
[ 66%] Building RCCLDEV object src/CMakeFiles/rccl_device_gfx950.dir/__/hipify/gensrc/specialized/specialized_allreduce_tree_ll128_premulsum_f32_0_0_4.o
[ 66%] Building RCCLDEV object src/CMakeFiles/rccl_device_gfx950.dir/__/hipify/gensrc/specialized/specialized_allreduce_tree_ll128_premulsum_f32_1_0_4.o
[ 66%] Building RCCLDEV object src/CMakeFiles/rccl_device_gfx950.dir/__/hipify/gensrc/specialized/specialized_allreduce_tree_ll128_premulsum_f64_0_0_4.o
[ 66%] Building RCCLDEV object src/CMakeFiles/rccl_device_gfx950.dir/__/hipify/gensrc/specialized/specialized_allreduce_tree_ll128_premulsum_f64_1_0_4.o
[ 66%] Building RCCLDEV object src/CMakeFiles/rccl_device_gfx950.dir/__/hipify/gensrc/specialized/specialized_allreduce_tree_ll128_premulsum_bf16_0_0_4.o
[ 66%] Building RCCLDEV object src/CMakeFiles/rccl_device_gfx950.dir/__/hipify/gensrc/specialized/specialized_allreduce_tree_ll128_premulsum_bf16_1_0_4.o
[ 66%] Building RCCLDEV object src/CMakeFiles/rccl_device_gfx950.dir/__/hipify/gensrc/specialized/specialized_allreduce_tree_ll128_sumpostdiv_u8_1_0_4.o
[ 66%] Building RCCLDEV object src/CMakeFiles/rccl_device_gfx950.dir/__/hipify/gensrc/specialized/specialized_allreduce_tree_ll128_sumpostdiv_u8_0_0_4.o
[ 66%] Building RCCLDEV object src/CMakeFiles/rccl_device_gfx950.dir/__/hipify/gensrc/specialized/specialized_allreduce_tree_ll128_sumpostdiv_u32_0_0_4.o
[ 66%] Building RCCLDEV object src/CMakeFiles/rccl_device_gfx950.dir/__/hipify/gensrc/specialized/specialized_allreduce_tree_ll128_sumpostdiv_u32_1_0_4.o
[ 66%] Building RCCLDEV object src/CMakeFiles/rccl_device_gfx950.dir/__/hipify/gensrc/specialized/specialized_allreduce_tree_ll128_sumpostdiv_u64_0_0_4.o
[ 66%] Building RCCLDEV object src/CMakeFiles/rccl_device_gfx950.dir/__/hipify/gensrc/specialized/specialized_allreduce_tree_ll128_sumpostdiv_u64_1_0_4.o
[ 66%] Building RCCLDEV object src/CMakeFiles/rccl_device_gfx950.dir/__/hipify/gensrc/specialized/specialized_allreduce_tree_ll128_sum_u8_0_0_2.o
[ 66%] Building RCCLDEV object src/CMakeFiles/rccl_device_gfx950.dir/__/hipify/gensrc/specialized/specialized_allreduce_tree_ll128_sum_u8_1_0_2.o
[ 66%] Building RCCLDEV object src/CMakeFiles/rccl_device_gfx950.dir/__/hipify/gensrc/specialized/specialized_allreduce_tree_ll128_sum_u32_0_0_2.o
[ 66%] Building RCCLDEV object src/CMakeFiles/rccl_device_gfx950.dir/__/hipify/gensrc/specialized/specialized_allreduce_tree_ll128_sum_u32_1_0_2.o
[ 66%] Building RCCLDEV object src/CMakeFiles/rccl_device_gfx950.dir/__/hipify/gensrc/specialized/specialized_allreduce_tree_ll128_sum_u64_0_0_2.o
[ 66%] Building RCCLDEV object src/CMakeFiles/rccl_device_gfx950.dir/__/hipify/gensrc/specialized/specialized_allreduce_tree_ll128_sum_f16_0_0_2.o
[ 66%] Building RCCLDEV object src/CMakeFiles/rccl_device_gfx950.dir/__/hipify/gensrc/specialized/specialized_allreduce_tree_ll128_sum_u64_1_0_2.o
[ 66%] Building RCCLDEV object src/CMakeFiles/rccl_device_gfx950.dir/__/hipify/gensrc/specialized/specialized_allreduce_tree_ll128_sum_f16_1_0_2.o
[ 66%] Building RCCLDEV object src/CMakeFiles/rccl_device_gfx950.dir/__/hipify/gensrc/specialized/specialized_allreduce_tree_ll128_sum_f32_0_0_2.o
[ 66%] Building RCCLDEV object src/CMakeFiles/rccl_device_gfx950.dir/__/hipify/gensrc/specialized/specialized_allreduce_tree_ll128_sum_f32_1_0_2.o
[ 66%] Building RCCLDEV object src/CMakeFiles/rccl_device_gfx950.dir/__/hipify/gensrc/specialized/specialized_allreduce_tree_ll128_sum_f64_0_0_2.o
[ 66%] Building RCCLDEV object src/CMakeFiles/rccl_device_gfx950.dir/__/hipify/gensrc/specialized/specialized_allreduce_tree_ll128_sum_f64_1_0_2.o
[ 66%] Building RCCLDEV object src/CMakeFiles/rccl_device_gfx950.dir/__/hipify/gensrc/specialized/specialized_allreduce_tree_ll128_sum_bf16_0_0_2.o
[ 66%] Building RCCLDEV object src/CMakeFiles/rccl_device_gfx950.dir/__/hipify/gensrc/specialized/specialized_allreduce_tree_ll128_prod_u8_0_0_2.o
[ 66%] Building RCCLDEV object src/CMakeFiles/rccl_device_gfx950.dir/__/hipify/gensrc/specialized/specialized_allreduce_tree_ll128_prod_u8_1_0_2.o
[ 66%] Building RCCLDEV object src/CMakeFiles/rccl_device_gfx950.dir/__/hipify/gensrc/specialized/specialized_allreduce_tree_ll128_sum_bf16_1_0_2.o
[ 66%] Building RCCLDEV object src/CMakeFiles/rccl_device_gfx950.dir/__/hipify/gensrc/specialized/specialized_allreduce_tree_ll128_prod_u32_0_0_2.o
[ 66%] Building RCCLDEV object src/CMakeFiles/rccl_device_gfx950.dir/__/hipify/gensrc/specialized/specialized_allreduce_tree_ll128_prod_u32_1_0_2.o
[ 66%] Building RCCLDEV object src/CMakeFiles/rccl_device_gfx950.dir/__/hipify/gensrc/specialized/specialized_allreduce_tree_ll128_prod_u64_0_0_2.o
[ 66%] Building RCCLDEV object src/CMakeFiles/rccl_device_gfx950.dir/__/hipify/gensrc/specialized/specialized_allreduce_tree_ll128_prod_u64_1_0_2.o
[ 66%] Building RCCLDEV object src/CMakeFiles/rccl_device_gfx950.dir/__/hipify/gensrc/specialized/specialized_allreduce_tree_ll128_prod_f16_0_0_2.o
[ 66%] Building RCCLDEV object src/CMakeFiles/rccl_device_gfx950.dir/__/hipify/gensrc/specialized/specialized_allreduce_tree_ll128_prod_f16_1_0_2.o
[ 66%] Building RCCLDEV object src/CMakeFiles/rccl_device_gfx950.dir/__/hipify/gensrc/specialized/specialized_allreduce_tree_ll128_prod_f32_0_0_2.o
[ 66%] Building RCCLDEV object src/CMakeFiles/rccl_device_gfx950.dir/__/hipify/gensrc/specialized/specialized_allreduce_tree_ll128_prod_f32_1_0_2.o
[ 66%] Building RCCLDEV object src/CMakeFiles/rccl_device_gfx950.dir/__/hipify/gensrc/specialized/specialized_allreduce_tree_ll128_prod_f64_0_0_2.o
[ 66%] Building RCCLDEV object src/CMakeFiles/rccl_device_gfx950.dir/__/hipify/gensrc/specialized/specialized_allreduce_tree_ll128_prod_f64_1_0_2.o
[ 66%] Building RCCLDEV object src/CMakeFiles/rccl_device_gfx950.dir/__/hipify/gensrc/specialized/specialized_allreduce_tree_ll128_prod_bf16_0_0_2.o
[ 66%] Building RCCLDEV object src/CMakeFiles/rccl_device_gfx950.dir/__/hipify/gensrc/specialized/specialized_allreduce_tree_ll128_prod_bf16_1_0_2.o
[ 66%] Building RCCLDEV object src/CMakeFiles/rccl_device_gfx950.dir/__/hipify/gensrc/specialized/specialized_allreduce_tree_ll128_minmax_u8_0_0_2.o
[ 66%] Building RCCLDEV object src/CMakeFiles/rccl_device_gfx950.dir/__/hipify/gensrc/specialized/specialized_allreduce_tree_ll128_minmax_u8_1_0_2.o
[ 66%] Building RCCLDEV object src/CMakeFiles/rccl_device_gfx950.dir/__/hipify/gensrc/specialized/specialized_allreduce_tree_ll128_minmax_u32_0_0_2.o
[ 66%] Building RCCLDEV object src/CMakeFiles/rccl_device_gfx950.dir/__/hipify/gensrc/specialized/specialized_allreduce_tree_ll128_minmax_u32_1_0_2.o
[ 66%] Building RCCLDEV object src/CMakeFiles/rccl_device_gfx950.dir/__/hipify/gensrc/specialized/specialized_allreduce_tree_ll128_minmax_u64_0_0_2.o
[ 66%] Building RCCLDEV object src/CMakeFiles/rccl_device_gfx950.dir/__/hipify/gensrc/specialized/specialized_allreduce_tree_ll128_minmax_u64_1_0_2.o
[ 67%] Building RCCLDEV object src/CMakeFiles/rccl_device_gfx950.dir/__/hipify/gensrc/specialized/specialized_allreduce_tree_ll128_minmax_f16_0_0_2.o
[ 67%] Building RCCLDEV object src/CMakeFiles/rccl_device_gfx950.dir/__/hipify/gensrc/specialized/specialized_allreduce_tree_ll128_minmax_f16_1_0_2.o
[ 67%] Building RCCLDEV object src/CMakeFiles/rccl_device_gfx950.dir/__/hipify/gensrc/specialized/specialized_allreduce_tree_ll128_minmax_f32_0_0_2.o
[ 67%] Building RCCLDEV object src/CMakeFiles/rccl_device_gfx950.dir/__/hipify/gensrc/specialized/specialized_allreduce_tree_ll128_minmax_f32_1_0_2.o
[ 67%] Building RCCLDEV object src/CMakeFiles/rccl_device_gfx950.dir/__/hipify/gensrc/specialized/specialized_allreduce_tree_ll128_minmax_f64_0_0_2.o
[ 67%] Building RCCLDEV object src/CMakeFiles/rccl_device_gfx950.dir/__/hipify/gensrc/specialized/specialized_allreduce_tree_ll128_minmax_f64_1_0_2.o
[ 67%] Building RCCLDEV object src/CMakeFiles/rccl_device_gfx950.dir/__/hipify/gensrc/specialized/specialized_allreduce_tree_ll128_minmax_bf16_0_0_2.o
[ 67%] Building RCCLDEV object src/CMakeFiles/rccl_device_gfx950.dir/__/hipify/gensrc/specialized/specialized_allreduce_tree_ll128_minmax_bf16_1_0_2.o
[ 67%] Building RCCLDEV object src/CMakeFiles/rccl_device_gfx950.dir/__/hipify/gensrc/specialized/specialized_allreduce_tree_ll128_premulsum_u8_0_0_2.o
[ 67%] Building RCCLDEV object src/CMakeFiles/rccl_device_gfx950.dir/__/hipify/gensrc/specialized/specialized_allreduce_tree_ll128_premulsum_u8_1_0_2.o
[ 67%] Building RCCLDEV object src/CMakeFiles/rccl_device_gfx950.dir/__/hipify/gensrc/specialized/specialized_allreduce_tree_ll128_premulsum_u32_0_0_2.o
[ 67%] Building RCCLDEV object src/CMakeFiles/rccl_device_gfx950.dir/__/hipify/gensrc/specialized/specialized_allreduce_tree_ll128_premulsum_u32_1_0_2.o
[ 67%] Building RCCLDEV object src/CMakeFiles/rccl_device_gfx950.dir/__/hipify/gensrc/specialized/specialized_allreduce_tree_ll128_premulsum_u64_0_0_2.o
[ 67%] Building RCCLDEV object src/CMakeFiles/rccl_device_gfx950.dir/__/hipify/gensrc/specialized/specialized_allreduce_tree_ll128_premulsum_u64_1_0_2.o
[ 67%] Building RCCLDEV object src/CMakeFiles/rccl_device_gfx950.dir/__/hipify/gensrc/specialized/specialized_allreduce_tree_ll128_premulsum_f16_0_0_2.o
[ 67%] Building RCCLDEV object src/CMakeFiles/rccl_device_gfx950.dir/__/hipify/gensrc/specialized/specialized_allreduce_tree_ll128_premulsum_f16_1_0_2.o
[ 67%] Building RCCLDEV object src/CMakeFiles/rccl_device_gfx950.dir/__/hipify/gensrc/specialized/specialized_allreduce_tree_ll128_premulsum_f32_0_0_2.o
[ 67%] Building RCCLDEV object src/CMakeFiles/rccl_device_gfx950.dir/__/hipify/gensrc/specialized/specialized_allreduce_tree_ll128_premulsum_f32_1_0_2.o
[ 67%] Building RCCLDEV object src/CMakeFiles/rccl_device_gfx950.dir/__/hipify/gensrc/specialized/specialized_allreduce_tree_ll128_premulsum_f64_0_0_2.o
[ 67%] Building RCCLDEV object src/CMakeFiles/rccl_device_gfx950.dir/__/hipify/gensrc/specialized/specialized_allreduce_tree_ll128_premulsum_f64_1_0_2.o
[ 67%] Building RCCLDEV object src/CMakeFiles/rccl_device_gfx950.dir/__/hipify/gensrc/specialized/specialized_allreduce_tree_ll128_premulsum_bf16_0_0_2.o
[ 67%] Building RCCLDEV object src/CMakeFiles/rccl_device_gfx950.dir/__/hipify/gensrc/specialized/specialized_allreduce_tree_ll128_premulsum_bf16_1_0_2.o
[ 67%] Building RCCLDEV object src/CMakeFiles/rccl_device_gfx950.dir/__/hipify/gensrc/specialized/specialized_allreduce_tree_ll128_sumpostdiv_u8_1_0_2.o
[ 67%] Building RCCLDEV object src/CMakeFiles/rccl_device_gfx950.dir/__/hipify/gensrc/specialized/specialized_allreduce_tree_ll128_sumpostdiv_u8_0_0_2.o
[ 67%] Building RCCLDEV object src/CMakeFiles/rccl_device_gfx950.dir/__/hipify/gensrc/specialized/specialized_allreduce_tree_ll128_sumpostdiv_u32_0_0_2.o
[ 67%] Building RCCLDEV object src/CMakeFiles/rccl_device_gfx950.dir/__/hipify/gensrc/specialized/specialized_allreduce_tree_ll128_sumpostdiv_u32_1_0_2.o
[ 67%] Building RCCLDEV object src/CMakeFiles/rccl_device_gfx950.dir/__/hipify/gensrc/specialized/specialized_allreduce_tree_ll128_sumpostdiv_u64_0_0_2.o
[ 67%] Building RCCLDEV object src/CMakeFiles/rccl_device_gfx950.dir/__/hipify/gensrc/specialized/specialized_allreduce_tree_ll128_sumpostdiv_u64_1_0_2.o
[ 67%] Building RCCLDEV object src/CMakeFiles/rccl_device_gfx950.dir/__/hipify/gensrc/specialized/specialized_allreduce_tree_ll128_sum_u8_0_0_1.o
[ 67%] Building RCCLDEV object src/CMakeFiles/rccl_device_gfx950.dir/__/hipify/gensrc/specialized/specialized_allreduce_tree_ll128_sum_u8_1_0_1.o
[ 67%] Building RCCLDEV object src/CMakeFiles/rccl_device_gfx950.dir/__/hipify/gensrc/specialized/specialized_allreduce_tree_ll128_sum_u32_0_0_1.o
[ 67%] Building RCCLDEV object src/CMakeFiles/rccl_device_gfx950.dir/__/hipify/gensrc/specialized/specialized_allreduce_tree_ll128_sum_u32_1_0_1.o
[ 67%] Building RCCLDEV object src/CMakeFiles/rccl_device_gfx950.dir/__/hipify/gensrc/specialized/specialized_allreduce_tree_ll128_sum_u64_0_0_1.o
[ 67%] Building RCCLDEV object src/CMakeFiles/rccl_device_gfx950.dir/__/hipify/gensrc/specialized/specialized_allreduce_tree_ll128_sum_u64_1_0_1.o
[ 67%] Building RCCLDEV object src/CMakeFiles/rccl_device_gfx950.dir/__/hipify/gensrc/specialized/specialized_allreduce_tree_ll128_sum_f16_0_0_1.o
[ 67%] Building RCCLDEV object src/CMakeFiles/rccl_device_gfx950.dir/__/hipify/gensrc/specialized/specialized_allreduce_tree_ll128_sum_f16_1_0_1.o
[ 67%] Building RCCLDEV object src/CMakeFiles/rccl_device_gfx950.dir/__/hipify/gensrc/specialized/specialized_allreduce_tree_ll128_sum_f32_0_0_1.o
[ 67%] Building RCCLDEV object src/CMakeFiles/rccl_device_gfx950.dir/__/hipify/gensrc/specialized/specialized_allreduce_tree_ll128_sum_f32_1_0_1.o
[ 67%] Building RCCLDEV object src/CMakeFiles/rccl_device_gfx950.dir/__/hipify/gensrc/specialized/specialized_allreduce_tree_ll128_sum_f64_0_0_1.o
[ 67%] Building RCCLDEV object src/CMakeFiles/rccl_device_gfx950.dir/__/hipify/gensrc/specialized/specialized_allreduce_tree_ll128_sum_f64_1_0_1.o
[ 67%] Building RCCLDEV object src/CMakeFiles/rccl_device_gfx950.dir/__/hipify/gensrc/specialized/specialized_allreduce_tree_ll128_sum_bf16_0_0_1.o
[ 67%] Building RCCLDEV object src/CMakeFiles/rccl_device_gfx950.dir/__/hipify/gensrc/specialized/specialized_allreduce_tree_ll128_sum_bf16_1_0_1.o
[ 67%] Building RCCLDEV object src/CMakeFiles/rccl_device_gfx950.dir/__/hipify/gensrc/specialized/specialized_allreduce_tree_ll128_prod_u8_0_0_1.o
[ 67%] Building RCCLDEV object src/CMakeFiles/rccl_device_gfx950.dir/__/hipify/gensrc/specialized/specialized_allreduce_tree_ll128_prod_u8_1_0_1.o
[ 67%] Building RCCLDEV object src/CMakeFiles/rccl_device_gfx950.dir/__/hipify/gensrc/specialized/specialized_allreduce_tree_ll128_prod_u32_0_0_1.o
[ 67%] Building RCCLDEV object src/CMakeFiles/rccl_device_gfx950.dir/__/hipify/gensrc/specialized/specialized_allreduce_tree_ll128_prod_u32_1_0_1.o
[ 67%] Building RCCLDEV object src/CMakeFiles/rccl_device_gfx950.dir/__/hipify/gensrc/specialized/specialized_allreduce_tree_ll128_prod_u64_0_0_1.o
[ 67%] Building RCCLDEV object src/CMakeFiles/rccl_device_gfx950.dir/__/hipify/gensrc/specialized/specialized_allreduce_tree_ll128_prod_u64_1_0_1.o
[ 67%] Building RCCLDEV object src/CMakeFiles/rccl_device_gfx950.dir/__/hipify/gensrc/specialized/specialized_allreduce_tree_ll128_prod_f16_0_0_1.o
[ 67%] Building RCCLDEV object src/CMakeFiles/rccl_device_gfx950.dir/__/hipify/gensrc/specialized/specialized_allreduce_tree_ll128_prod_f16_1_0_1.o
[ 67%] Building RCCLDEV object src/CMakeFiles/rccl_device_gfx950.dir/__/hipify/gensrc/specialized/specialized_allreduce_tree_ll128_prod_f32_0_0_1.o
[ 67%] Building RCCLDEV object src/CMakeFiles/rccl_device_gfx950.dir/__/hipify/gensrc/specialized/specialized_allreduce_tree_ll128_prod_f32_1_0_1.o
[ 67%] Building RCCLDEV object src/CMakeFiles/rccl_device_gfx950.dir/__/hipify/gensrc/specialized/specialized_allreduce_tree_ll128_prod_f64_0_0_1.o
[ 67%] Building RCCLDEV object src/CMakeFiles/rccl_device_gfx950.dir/__/hipify/gensrc/specialized/specialized_allreduce_tree_ll128_prod_f64_1_0_1.o
[ 67%] Building RCCLDEV object src/CMakeFiles/rccl_device_gfx950.dir/__/hipify/gensrc/specialized/specialized_allreduce_tree_ll128_prod_bf16_0_0_1.o
[ 67%] Building RCCLDEV object src/CMakeFiles/rccl_device_gfx950.dir/__/hipify/gensrc/specialized/specialized_allreduce_tree_ll128_prod_bf16_1_0_1.o
[ 67%] Building RCCLDEV object src/CMakeFiles/rccl_device_gfx950.dir/__/hipify/gensrc/specialized/specialized_allreduce_tree_ll128_minmax_u8_0_0_1.o
[ 67%] Building RCCLDEV object src/CMakeFiles/rccl_device_gfx950.dir/__/hipify/gensrc/specialized/specialized_allreduce_tree_ll128_minmax_u8_1_0_1.o
[ 67%] Building RCCLDEV object src/CMakeFiles/rccl_device_gfx950.dir/__/hipify/gensrc/specialized/specialized_allreduce_tree_ll128_minmax_u32_0_0_1.o
[ 67%] Building RCCLDEV object src/CMakeFiles/rccl_device_gfx950.dir/__/hipify/gensrc/specialized/specialized_allreduce_tree_ll128_minmax_u32_1_0_1.o
[ 67%] Building RCCLDEV object src/CMakeFiles/rccl_device_gfx950.dir/__/hipify/gensrc/specialized/specialized_allreduce_tree_ll128_minmax_u64_0_0_1.o
[ 67%] Building RCCLDEV object src/CMakeFiles/rccl_device_gfx950.dir/__/hipify/gensrc/specialized/specialized_allreduce_tree_ll128_minmax_f16_0_0_1.o
[ 67%] Building RCCLDEV object src/CMakeFiles/rccl_device_gfx950.dir/__/hipify/gensrc/specialized/specialized_allreduce_tree_ll128_minmax_u64_1_0_1.o
[ 69%] Building RCCLDEV object src/CMakeFiles/rccl_device_gfx950.dir/__/hipify/gensrc/specialized/specialized_allreduce_tree_ll128_minmax_f16_1_0_1.o
[ 69%] Building RCCLDEV object src/CMakeFiles/rccl_device_gfx950.dir/__/hipify/gensrc/specialized/specialized_allreduce_tree_ll128_minmax_f32_0_0_1.o
[ 69%] Building RCCLDEV object src/CMakeFiles/rccl_device_gfx950.dir/__/hipify/gensrc/specialized/specialized_allreduce_tree_ll128_minmax_f32_1_0_1.o
[ 69%] Building RCCLDEV object src/CMakeFiles/rccl_device_gfx950.dir/__/hipify/gensrc/specialized/specialized_allreduce_tree_ll128_minmax_f64_1_0_1.o
[ 69%] Building RCCLDEV object src/CMakeFiles/rccl_device_gfx950.dir/__/hipify/gensrc/specialized/specialized_allreduce_tree_ll128_minmax_f64_0_0_1.o
[ 69%] Building RCCLDEV object src/CMakeFiles/rccl_device_gfx950.dir/__/hipify/gensrc/specialized/specialized_allreduce_tree_ll128_minmax_bf16_0_0_1.o
[ 69%] Building RCCLDEV object src/CMakeFiles/rccl_device_gfx950.dir/__/hipify/gensrc/specialized/specialized_allreduce_tree_ll128_minmax_bf16_1_0_1.o
[ 69%] Building RCCLDEV object src/CMakeFiles/rccl_device_gfx950.dir/__/hipify/gensrc/specialized/specialized_allreduce_tree_ll128_premulsum_u8_0_0_1.o
[ 69%] Building RCCLDEV object src/CMakeFiles/rccl_device_gfx950.dir/__/hipify/gensrc/specialized/specialized_allreduce_tree_ll128_premulsum_u8_1_0_1.o
[ 69%] Building RCCLDEV object src/CMakeFiles/rccl_device_gfx950.dir/__/hipify/gensrc/specialized/specialized_allreduce_tree_ll128_premulsum_u32_0_0_1.o
[ 69%] Building RCCLDEV object src/CMakeFiles/rccl_device_gfx950.dir/__/hipify/gensrc/specialized/specialized_allreduce_tree_ll128_premulsum_u32_1_0_1.o
[ 69%] Building RCCLDEV object src/CMakeFiles/rccl_device_gfx950.dir/__/hipify/gensrc/specialized/specialized_allreduce_tree_ll128_premulsum_u64_0_0_1.o
[ 69%] Building RCCLDEV object src/CMakeFiles/rccl_device_gfx950.dir/__/hipify/gensrc/specialized/specialized_allreduce_tree_ll128_premulsum_u64_1_0_1.o
[ 69%] Building RCCLDEV object src/CMakeFiles/rccl_device_gfx950.dir/__/hipify/gensrc/specialized/specialized_allreduce_tree_ll128_premulsum_f16_0_0_1.o
[ 69%] Building RCCLDEV object src/CMakeFiles/rccl_device_gfx950.dir/__/hipify/gensrc/specialized/specialized_allreduce_tree_ll128_premulsum_f16_1_0_1.o
[ 69%] Building RCCLDEV object src/CMakeFiles/rccl_device_gfx950.dir/__/hipify/gensrc/specialized/specialized_allreduce_tree_ll128_premulsum_f32_0_0_1.o
[ 69%] Building RCCLDEV object src/CMakeFiles/rccl_device_gfx950.dir/__/hipify/gensrc/specialized/specialized_allreduce_tree_ll128_premulsum_f32_1_0_1.o
[ 69%] Building RCCLDEV object src/CMakeFiles/rccl_device_gfx950.dir/__/hipify/gensrc/specialized/specialized_allreduce_tree_ll128_premulsum_f64_0_0_1.o
[ 69%] Building RCCLDEV object src/CMakeFiles/rccl_device_gfx950.dir/__/hipify/gensrc/specialized/specialized_allreduce_tree_ll128_premulsum_f64_1_0_1.o
[ 69%] Building RCCLDEV object src/CMakeFiles/rccl_device_gfx950.dir/__/hipify/gensrc/specialized/specialized_allreduce_tree_ll128_premulsum_bf16_0_0_1.o
[ 69%] Building RCCLDEV object src/CMakeFiles/rccl_device_gfx950.dir/__/hipify/gensrc/specialized/specialized_allreduce_tree_ll128_premulsum_bf16_1_0_1.o
[ 69%] Building RCCLDEV object src/CMakeFiles/rccl_device_gfx950.dir/__/hipify/gensrc/specialized/specialized_allreduce_tree_ll128_sumpostdiv_u8_0_0_1.o
[ 69%] Building RCCLDEV object src/CMakeFiles/rccl_device_gfx950.dir/__/hipify/gensrc/specialized/specialized_allreduce_tree_ll128_sumpostdiv_u8_1_0_1.o
[ 69%] Building RCCLDEV object src/CMakeFiles/rccl_device_gfx950.dir/__/hipify/gensrc/specialized/specialized_allreduce_tree_ll128_sumpostdiv_u32_0_0_1.o
[ 69%] Building RCCLDEV object src/CMakeFiles/rccl_device_gfx950.dir/__/hipify/gensrc/specialized/specialized_allreduce_tree_ll128_sumpostdiv_u32_1_0_1.o
[ 69%] Building RCCLDEV object src/CMakeFiles/rccl_device_gfx950.dir/__/hipify/gensrc/specialized/specialized_allreduce_tree_ll128_sumpostdiv_u64_0_0_1.o
[ 69%] Building RCCLDEV object src/CMakeFiles/rccl_device_gfx950.dir/__/hipify/gensrc/specialized/specialized_allreduce_tree_ll128_sumpostdiv_u64_1_0_1.o
[ 69%] Building RCCLDEV object src/CMakeFiles/rccl_device_gfx950.dir/__/hipify/gensrc/specialized/specialized_broadcast_ring_ll128_sum_i8_0_0_4.o
[ 69%] Building RCCLDEV object src/CMakeFiles/rccl_device_gfx950.dir/__/hipify/gensrc/specialized/specialized_reduce_ring_ll128_sum_u8_0_0_4.o
[ 69%] Building RCCLDEV object src/CMakeFiles/rccl_device_gfx950.dir/__/hipify/gensrc/specialized/specialized_reduce_ring_ll128_sum_u32_0_0_4.o
[ 69%] Building RCCLDEV object src/CMakeFiles/rccl_device_gfx950.dir/__/hipify/gensrc/specialized/specialized_reduce_ring_ll128_sum_u64_0_0_4.o
[ 69%] Building RCCLDEV object src/CMakeFiles/rccl_device_gfx950.dir/__/hipify/gensrc/specialized/specialized_reduce_ring_ll128_sum_f16_0_0_4.o
[ 69%] Building RCCLDEV object src/CMakeFiles/rccl_device_gfx950.dir/__/hipify/gensrc/specialized/specialized_reduce_ring_ll128_sum_f32_0_0_4.o
[ 69%] Building RCCLDEV object src/CMakeFiles/rccl_device_gfx950.dir/__/hipify/gensrc/specialized/specialized_reduce_ring_ll128_sum_f64_0_0_4.o
[ 69%] Building RCCLDEV object src/CMakeFiles/rccl_device_gfx950.dir/__/hipify/gensrc/specialized/specialized_reduce_ring_ll128_sum_bf16_0_0_4.o
[ 69%] Building RCCLDEV object src/CMakeFiles/rccl_device_gfx950.dir/__/hipify/gensrc/specialized/specialized_reduce_ring_ll128_prod_u8_0_0_4.o
[ 69%] Building RCCLDEV object src/CMakeFiles/rccl_device_gfx950.dir/__/hipify/gensrc/specialized/specialized_reduce_ring_ll128_prod_u32_0_0_4.o
[ 69%] Building RCCLDEV object src/CMakeFiles/rccl_device_gfx950.dir/__/hipify/gensrc/specialized/specialized_reduce_ring_ll128_prod_u64_0_0_4.o
[ 69%] Building RCCLDEV object src/CMakeFiles/rccl_device_gfx950.dir/__/hipify/gensrc/specialized/specialized_reduce_ring_ll128_prod_f16_0_0_4.o
[ 69%] Building RCCLDEV object src/CMakeFiles/rccl_device_gfx950.dir/__/hipify/gensrc/specialized/specialized_reduce_ring_ll128_prod_f32_0_0_4.o
[ 69%] Building RCCLDEV object src/CMakeFiles/rccl_device_gfx950.dir/__/hipify/gensrc/specialized/specialized_reduce_ring_ll128_prod_f64_0_0_4.o
[ 69%] Building RCCLDEV object src/CMakeFiles/rccl_device_gfx950.dir/__/hipify/gensrc/specialized/specialized_reduce_ring_ll128_minmax_u8_0_0_4.o
[ 69%] Building RCCLDEV object src/CMakeFiles/rccl_device_gfx950.dir/__/hipify/gensrc/specialized/specialized_reduce_ring_ll128_prod_bf16_0_0_4.o
[ 69%] Building RCCLDEV object src/CMakeFiles/rccl_device_gfx950.dir/__/hipify/gensrc/specialized/specialized_reduce_ring_ll128_minmax_u32_0_0_4.o
[ 69%] Building RCCLDEV object src/CMakeFiles/rccl_device_gfx950.dir/__/hipify/gensrc/specialized/specialized_reduce_ring_ll128_minmax_u64_0_0_4.o
[ 69%] Building RCCLDEV object src/CMakeFiles/rccl_device_gfx950.dir/__/hipify/gensrc/specialized/specialized_reduce_ring_ll128_minmax_f16_0_0_4.o
[ 69%] Building RCCLDEV object src/CMakeFiles/rccl_device_gfx950.dir/__/hipify/gensrc/specialized/specialized_reduce_ring_ll128_minmax_f32_0_0_4.o
[ 69%] Building RCCLDEV object src/CMakeFiles/rccl_device_gfx950.dir/__/hipify/gensrc/specialized/specialized_reduce_ring_ll128_minmax_f64_0_0_4.o
[ 69%] Building RCCLDEV object src/CMakeFiles/rccl_device_gfx950.dir/__/hipify/gensrc/specialized/specialized_reduce_ring_ll128_minmax_bf16_0_0_4.o
[ 69%] Building RCCLDEV object src/CMakeFiles/rccl_device_gfx950.dir/__/hipify/gensrc/specialized/specialized_reduce_ring_ll128_premulsum_u8_0_0_4.o
[ 69%] Building RCCLDEV object src/CMakeFiles/rccl_device_gfx950.dir/__/hipify/gensrc/specialized/specialized_reduce_ring_ll128_premulsum_u32_0_0_4.o
[ 69%] Building RCCLDEV object src/CMakeFiles/rccl_device_gfx950.dir/__/hipify/gensrc/specialized/specialized_reduce_ring_ll128_premulsum_u64_0_0_4.o
[ 69%] Building RCCLDEV object src/CMakeFiles/rccl_device_gfx950.dir/__/hipify/gensrc/specialized/specialized_reduce_ring_ll128_premulsum_f16_0_0_4.o
[ 69%] Building RCCLDEV object src/CMakeFiles/rccl_device_gfx950.dir/__/hipify/gensrc/specialized/specialized_reduce_ring_ll128_premulsum_f32_0_0_4.o
[ 69%] Building RCCLDEV object src/CMakeFiles/rccl_device_gfx950.dir/__/hipify/gensrc/specialized/specialized_reduce_ring_ll128_premulsum_f64_0_0_4.o
[ 69%] Building RCCLDEV object src/CMakeFiles/rccl_device_gfx950.dir/__/hipify/gensrc/specialized/specialized_reduce_ring_ll128_premulsum_bf16_0_0_4.o
[ 69%] Building RCCLDEV object src/CMakeFiles/rccl_device_gfx950.dir/__/hipify/gensrc/specialized/specialized_reduce_ring_ll128_sumpostdiv_u8_0_0_4.o
[ 69%] Building RCCLDEV object src/CMakeFiles/rccl_device_gfx950.dir/__/hipify/gensrc/specialized/specialized_reduce_ring_ll128_sumpostdiv_u32_0_0_4.o
[ 69%] Building RCCLDEV object src/CMakeFiles/rccl_device_gfx950.dir/__/hipify/gensrc/specialized/specialized_reduce_ring_ll128_sumpostdiv_u64_0_0_4.o
[ 69%] Building RCCLDEV object src/CMakeFiles/rccl_device_gfx950.dir/__/hipify/gensrc/specialized/specialized_allgather_ring_ll128_sum_i8_0_0_4.o
[ 69%] Building RCCLDEV object src/CMakeFiles/rccl_device_gfx950.dir/__/hipify/gensrc/specialized/specialized_reducescatter_ring_ll128_sum_u8_0_0_4.o
[ 69%] Building RCCLDEV object src/CMakeFiles/rccl_device_gfx950.dir/__/hipify/gensrc/specialized/specialized_reducescatter_ring_ll128_sum_u32_0_0_4.o
[ 69%] Building RCCLDEV object src/CMakeFiles/rccl_device_gfx950.dir/__/hipify/gensrc/specialized/specialized_reducescatter_ring_ll128_sum_u64_0_0_4.o
[ 71%] Building RCCLDEV object src/CMakeFiles/rccl_device_gfx950.dir/__/hipify/gensrc/specialized/specialized_reducescatter_ring_ll128_sum_f16_0_0_4.o
[ 71%] Building RCCLDEV object src/CMakeFiles/rccl_device_gfx950.dir/__/hipify/gensrc/specialized/specialized_reducescatter_ring_ll128_sum_f32_0_0_4.o
[ 71%] Building RCCLDEV object src/CMakeFiles/rccl_device_gfx950.dir/__/hipify/gensrc/specialized/specialized_reducescatter_ring_ll128_sum_f64_0_0_4.o
[ 71%] Building RCCLDEV object src/CMakeFiles/rccl_device_gfx950.dir/__/hipify/gensrc/specialized/specialized_reducescatter_ring_ll128_sum_bf16_0_0_4.o
[ 71%] Building RCCLDEV object src/CMakeFiles/rccl_device_gfx950.dir/__/hipify/gensrc/specialized/specialized_reducescatter_ring_ll128_prod_u8_0_0_4.o
[ 71%] Building RCCLDEV object src/CMakeFiles/rccl_device_gfx950.dir/__/hipify/gensrc/specialized/specialized_reducescatter_ring_ll128_prod_u32_0_0_4.o
[ 71%] Building RCCLDEV object src/CMakeFiles/rccl_device_gfx950.dir/__/hipify/gensrc/specialized/specialized_reducescatter_ring_ll128_prod_u64_0_0_4.o
[ 71%] Building RCCLDEV object src/CMakeFiles/rccl_device_gfx950.dir/__/hipify/gensrc/specialized/specialized_reducescatter_ring_ll128_prod_f16_0_0_4.o
[ 71%] Building RCCLDEV object src/CMakeFiles/rccl_device_gfx950.dir/__/hipify/gensrc/specialized/specialized_reducescatter_ring_ll128_prod_f64_0_0_4.o
[ 71%] Building RCCLDEV object src/CMakeFiles/rccl_device_gfx950.dir/__/hipify/gensrc/specialized/specialized_reducescatter_ring_ll128_prod_f32_0_0_4.o
[ 71%] Building RCCLDEV object src/CMakeFiles/rccl_device_gfx950.dir/__/hipify/gensrc/specialized/specialized_reducescatter_ring_ll128_prod_bf16_0_0_4.o
[ 71%] Building RCCLDEV object src/CMakeFiles/rccl_device_gfx950.dir/__/hipify/gensrc/specialized/specialized_reducescatter_ring_ll128_minmax_u8_0_0_4.o
[ 71%] Building RCCLDEV object src/CMakeFiles/rccl_device_gfx950.dir/__/hipify/gensrc/specialized/specialized_reducescatter_ring_ll128_minmax_u32_0_0_4.o
[ 71%] Building RCCLDEV object src/CMakeFiles/rccl_device_gfx950.dir/__/hipify/gensrc/specialized/specialized_reducescatter_ring_ll128_minmax_u64_0_0_4.o
[ 71%] Building RCCLDEV object src/CMakeFiles/rccl_device_gfx950.dir/__/hipify/gensrc/specialized/specialized_reducescatter_ring_ll128_minmax_f16_0_0_4.o
[ 71%] Building RCCLDEV object src/CMakeFiles/rccl_device_gfx950.dir/__/hipify/gensrc/specialized/specialized_reducescatter_ring_ll128_minmax_f32_0_0_4.o
[ 71%] Building RCCLDEV object src/CMakeFiles/rccl_device_gfx950.dir/__/hipify/gensrc/specialized/specialized_reducescatter_ring_ll128_minmax_f64_0_0_4.o
[ 71%] Building RCCLDEV object src/CMakeFiles/rccl_device_gfx950.dir/__/hipify/gensrc/specialized/specialized_reducescatter_ring_ll128_minmax_bf16_0_0_4.o
[ 71%] Building RCCLDEV object src/CMakeFiles/rccl_device_gfx950.dir/__/hipify/gensrc/specialized/specialized_reducescatter_ring_ll128_premulsum_u8_0_0_4.o
[ 71%] Building RCCLDEV object src/CMakeFiles/rccl_device_gfx950.dir/__/hipify/gensrc/specialized/specialized_reducescatter_ring_ll128_premulsum_u32_0_0_4.o
[ 71%] Building RCCLDEV object src/CMakeFiles/rccl_device_gfx950.dir/__/hipify/gensrc/specialized/specialized_reducescatter_ring_ll128_premulsum_u64_0_0_4.o
[ 71%] Building RCCLDEV object src/CMakeFiles/rccl_device_gfx950.dir/__/hipify/gensrc/specialized/specialized_reducescatter_ring_ll128_premulsum_f16_0_0_4.o
[ 71%] Building RCCLDEV object src/CMakeFiles/rccl_device_gfx950.dir/__/hipify/gensrc/specialized/specialized_reducescatter_ring_ll128_premulsum_f32_0_0_4.o
[ 71%] Building RCCLDEV object src/CMakeFiles/rccl_device_gfx950.dir/__/hipify/gensrc/specialized/specialized_reducescatter_ring_ll128_premulsum_f64_0_0_4.o
[ 71%] Building RCCLDEV object src/CMakeFiles/rccl_device_gfx950.dir/__/hipify/gensrc/specialized/specialized_reducescatter_ring_ll128_premulsum_bf16_0_0_4.o
[ 71%] Building RCCLDEV object src/CMakeFiles/rccl_device_gfx950.dir/__/hipify/gensrc/specialized/specialized_reducescatter_ring_ll128_sumpostdiv_u8_0_0_4.o
[ 71%] Building RCCLDEV object src/CMakeFiles/rccl_device_gfx950.dir/__/hipify/gensrc/specialized/specialized_reducescatter_ring_ll128_sumpostdiv_u32_0_0_4.o
[ 71%] Building RCCLDEV object src/CMakeFiles/rccl_device_gfx950.dir/__/hipify/gensrc/specialized/specialized_reducescatter_ring_ll128_sumpostdiv_u64_0_0_4.o
[ 71%] Building RCCLDEV object src/CMakeFiles/rccl_device_gfx950.dir/__/hipify/gensrc/specialized/specialized_allreduce_ring_ll128_sum_u8_0_0_4.o
[ 71%] Building RCCLDEV object src/CMakeFiles/rccl_device_gfx950.dir/__/hipify/gensrc/specialized/specialized_allreduce_ring_ll128_sum_u8_1_0_4.o
[ 71%] Building RCCLDEV object src/CMakeFiles/rccl_device_gfx950.dir/__/hipify/gensrc/specialized/specialized_allreduce_ring_ll128_sum_u32_0_0_4.o
[ 71%] Building RCCLDEV object src/CMakeFiles/rccl_device_gfx950.dir/__/hipify/gensrc/specialized/specialized_allreduce_ring_ll128_sum_u32_1_0_4.o
[ 71%] Building RCCLDEV object src/CMakeFiles/rccl_device_gfx950.dir/__/hipify/gensrc/specialized/specialized_allreduce_ring_ll128_sum_u64_0_0_4.o
[ 71%] Building RCCLDEV object src/CMakeFiles/rccl_device_gfx950.dir/__/hipify/gensrc/specialized/specialized_allreduce_ring_ll128_sum_u64_1_0_4.o
[ 71%] Building RCCLDEV object src/CMakeFiles/rccl_device_gfx950.dir/__/hipify/gensrc/specialized/specialized_allreduce_ring_ll128_sum_f16_0_0_4.o
[ 71%] Building RCCLDEV object src/CMakeFiles/rccl_device_gfx950.dir/__/hipify/gensrc/specialized/specialized_allreduce_ring_ll128_sum_f16_1_0_4.o
[ 71%] Building RCCLDEV object src/CMakeFiles/rccl_device_gfx950.dir/__/hipify/gensrc/specialized/specialized_allreduce_ring_ll128_sum_f32_0_0_4.o
[ 71%] Building RCCLDEV object src/CMakeFiles/rccl_device_gfx950.dir/__/hipify/gensrc/specialized/specialized_allreduce_ring_ll128_sum_f32_1_0_4.o
[ 71%] Building RCCLDEV object src/CMakeFiles/rccl_device_gfx950.dir/__/hipify/gensrc/specialized/specialized_allreduce_ring_ll128_sum_f64_0_0_4.o
[ 71%] Building RCCLDEV object src/CMakeFiles/rccl_device_gfx950.dir/__/hipify/gensrc/specialized/specialized_allreduce_ring_ll128_sum_f64_1_0_4.o
[ 71%] Building RCCLDEV object src/CMakeFiles/rccl_device_gfx950.dir/__/hipify/gensrc/specialized/specialized_allreduce_ring_ll128_sum_bf16_0_0_4.o
[ 71%] Building RCCLDEV object src/CMakeFiles/rccl_device_gfx950.dir/__/hipify/gensrc/specialized/specialized_allreduce_ring_ll128_sum_bf16_1_0_4.o
[ 71%] Building RCCLDEV object src/CMakeFiles/rccl_device_gfx950.dir/__/hipify/gensrc/specialized/specialized_allreduce_ring_ll128_prod_u8_0_0_4.o
[ 71%] Building RCCLDEV object src/CMakeFiles/rccl_device_gfx950.dir/__/hipify/gensrc/specialized/specialized_allreduce_ring_ll128_prod_u8_1_0_4.o
[ 71%] Building RCCLDEV object src/CMakeFiles/rccl_device_gfx950.dir/__/hipify/gensrc/specialized/specialized_allreduce_ring_ll128_prod_u32_0_0_4.o
[ 71%] Building RCCLDEV object src/CMakeFiles/rccl_device_gfx950.dir/__/hipify/gensrc/specialized/specialized_allreduce_ring_ll128_prod_u32_1_0_4.o
[ 71%] Building RCCLDEV object src/CMakeFiles/rccl_device_gfx950.dir/__/hipify/gensrc/specialized/specialized_allreduce_ring_ll128_prod_u64_0_0_4.o
[ 71%] Building RCCLDEV object src/CMakeFiles/rccl_device_gfx950.dir/__/hipify/gensrc/specialized/specialized_allreduce_ring_ll128_prod_u64_1_0_4.o
[ 71%] Building RCCLDEV object src/CMakeFiles/rccl_device_gfx950.dir/__/hipify/gensrc/specialized/specialized_allreduce_ring_ll128_prod_f16_0_0_4.o
[ 71%] Building RCCLDEV object src/CMakeFiles/rccl_device_gfx950.dir/__/hipify/gensrc/specialized/specialized_allreduce_ring_ll128_prod_f16_1_0_4.o
[ 71%] Building RCCLDEV object src/CMakeFiles/rccl_device_gfx950.dir/__/hipify/gensrc/specialized/specialized_allreduce_ring_ll128_prod_f32_0_0_4.o
[ 71%] Building RCCLDEV object src/CMakeFiles/rccl_device_gfx950.dir/__/hipify/gensrc/specialized/specialized_allreduce_ring_ll128_prod_f32_1_0_4.o
[ 71%] Building RCCLDEV object src/CMakeFiles/rccl_device_gfx950.dir/__/hipify/gensrc/specialized/specialized_allreduce_ring_ll128_prod_f64_0_0_4.o
[ 71%] Building RCCLDEV object src/CMakeFiles/rccl_device_gfx950.dir/__/hipify/gensrc/specialized/specialized_allreduce_ring_ll128_prod_f64_1_0_4.o
[ 71%] Building RCCLDEV object src/CMakeFiles/rccl_device_gfx950.dir/__/hipify/gensrc/specialized/specialized_allreduce_ring_ll128_prod_bf16_0_0_4.o
[ 71%] Building RCCLDEV object src/CMakeFiles/rccl_device_gfx950.dir/__/hipify/gensrc/specialized/specialized_allreduce_ring_ll128_prod_bf16_1_0_4.o
[ 71%] Building RCCLDEV object src/CMakeFiles/rccl_device_gfx950.dir/__/hipify/gensrc/specialized/specialized_allreduce_ring_ll128_minmax_u8_0_0_4.o
[ 71%] Building RCCLDEV object src/CMakeFiles/rccl_device_gfx950.dir/__/hipify/gensrc/specialized/specialized_allreduce_ring_ll128_minmax_u8_1_0_4.o
[ 71%] Building RCCLDEV object src/CMakeFiles/rccl_device_gfx950.dir/__/hipify/gensrc/specialized/specialized_allreduce_ring_ll128_minmax_u32_0_0_4.o
[ 71%] Building RCCLDEV object src/CMakeFiles/rccl_device_gfx950.dir/__/hipify/gensrc/specialized/specialized_allreduce_ring_ll128_minmax_u32_1_0_4.o
[ 71%] Building RCCLDEV object src/CMakeFiles/rccl_device_gfx950.dir/__/hipify/gensrc/specialized/specialized_allreduce_ring_ll128_minmax_u64_0_0_4.o
[ 71%] Building RCCLDEV object src/CMakeFiles/rccl_device_gfx950.dir/__/hipify/gensrc/specialized/specialized_allreduce_ring_ll128_minmax_u64_1_0_4.o
[ 71%] Building RCCLDEV object src/CMakeFiles/rccl_device_gfx950.dir/__/hipify/gensrc/specialized/specialized_allreduce_ring_ll128_minmax_f16_0_0_4.o
[ 72%] Building RCCLDEV object src/CMakeFiles/rccl_device_gfx950.dir/__/hipify/gensrc/specialized/specialized_allreduce_ring_ll128_minmax_f16_1_0_4.o
[ 72%] Building RCCLDEV object src/CMakeFiles/rccl_device_gfx950.dir/__/hipify/gensrc/specialized/specialized_allreduce_ring_ll128_minmax_f32_0_0_4.o
[ 72%] Building RCCLDEV object src/CMakeFiles/rccl_device_gfx950.dir/__/hipify/gensrc/specialized/specialized_allreduce_ring_ll128_minmax_f32_1_0_4.o
[ 72%] Building RCCLDEV object src/CMakeFiles/rccl_device_gfx950.dir/__/hipify/gensrc/specialized/specialized_allreduce_ring_ll128_minmax_f64_0_0_4.o
[ 72%] Building RCCLDEV object src/CMakeFiles/rccl_device_gfx950.dir/__/hipify/gensrc/specialized/specialized_allreduce_ring_ll128_minmax_f64_1_0_4.o
[ 72%] Building RCCLDEV object src/CMakeFiles/rccl_device_gfx950.dir/__/hipify/gensrc/specialized/specialized_allreduce_ring_ll128_minmax_bf16_0_0_4.o
[ 72%] Building RCCLDEV object src/CMakeFiles/rccl_device_gfx950.dir/__/hipify/gensrc/specialized/specialized_allreduce_ring_ll128_minmax_bf16_1_0_4.o
[ 72%] Building RCCLDEV object src/CMakeFiles/rccl_device_gfx950.dir/__/hipify/gensrc/specialized/specialized_allreduce_ring_ll128_premulsum_u8_0_0_4.o
[ 72%] Building RCCLDEV object src/CMakeFiles/rccl_device_gfx950.dir/__/hipify/gensrc/specialized/specialized_allreduce_ring_ll128_premulsum_u8_1_0_4.o
[ 72%] Building RCCLDEV object src/CMakeFiles/rccl_device_gfx950.dir/__/hipify/gensrc/specialized/specialized_allreduce_ring_ll128_premulsum_u32_0_0_4.o
[ 72%] Building RCCLDEV object src/CMakeFiles/rccl_device_gfx950.dir/__/hipify/gensrc/specialized/specialized_allreduce_ring_ll128_premulsum_u32_1_0_4.o
[ 72%] Building RCCLDEV object src/CMakeFiles/rccl_device_gfx950.dir/__/hipify/gensrc/specialized/specialized_allreduce_ring_ll128_premulsum_u64_0_0_4.o
[ 72%] Building RCCLDEV object src/CMakeFiles/rccl_device_gfx950.dir/__/hipify/gensrc/specialized/specialized_allreduce_ring_ll128_premulsum_u64_1_0_4.o
[ 72%] Building RCCLDEV object src/CMakeFiles/rccl_device_gfx950.dir/__/hipify/gensrc/specialized/specialized_allreduce_ring_ll128_premulsum_f16_0_0_4.o
[ 72%] Building RCCLDEV object src/CMakeFiles/rccl_device_gfx950.dir/__/hipify/gensrc/specialized/specialized_allreduce_ring_ll128_premulsum_f16_1_0_4.o
[ 72%] Building RCCLDEV object src/CMakeFiles/rccl_device_gfx950.dir/__/hipify/gensrc/specialized/specialized_allreduce_ring_ll128_premulsum_f32_0_0_4.o
[ 72%] Building RCCLDEV object src/CMakeFiles/rccl_device_gfx950.dir/__/hipify/gensrc/specialized/specialized_allreduce_ring_ll128_premulsum_f32_1_0_4.o
[ 72%] Building RCCLDEV object src/CMakeFiles/rccl_device_gfx950.dir/__/hipify/gensrc/specialized/specialized_allreduce_ring_ll128_premulsum_f64_0_0_4.o
[ 72%] Building RCCLDEV object src/CMakeFiles/rccl_device_gfx950.dir/__/hipify/gensrc/specialized/specialized_allreduce_ring_ll128_premulsum_f64_1_0_4.o
[ 72%] Building RCCLDEV object src/CMakeFiles/rccl_device_gfx950.dir/__/hipify/gensrc/specialized/specialized_allreduce_ring_ll128_premulsum_bf16_0_0_4.o
[ 72%] Building RCCLDEV object src/CMakeFiles/rccl_device_gfx950.dir/__/hipify/gensrc/specialized/specialized_allreduce_ring_ll128_premulsum_bf16_1_0_4.o
[ 72%] Building RCCLDEV object src/CMakeFiles/rccl_device_gfx950.dir/__/hipify/gensrc/specialized/specialized_allreduce_ring_ll128_sumpostdiv_u8_0_0_4.o
[ 72%] Building RCCLDEV object src/CMakeFiles/rccl_device_gfx950.dir/__/hipify/gensrc/specialized/specialized_allreduce_ring_ll128_sumpostdiv_u8_1_0_4.o
[ 72%] Building RCCLDEV object src/CMakeFiles/rccl_device_gfx950.dir/__/hipify/gensrc/specialized/specialized_allreduce_ring_ll128_sumpostdiv_u32_0_0_4.o
[ 72%] Building RCCLDEV object src/CMakeFiles/rccl_device_gfx950.dir/__/hipify/gensrc/specialized/specialized_allreduce_ring_ll128_sumpostdiv_u32_1_0_4.o
[ 72%] Building RCCLDEV object src/CMakeFiles/rccl_device_gfx950.dir/__/hipify/gensrc/specialized/specialized_allreduce_ring_ll128_sumpostdiv_u64_0_0_4.o
[ 72%] Building RCCLDEV object src/CMakeFiles/rccl_device_gfx950.dir/__/hipify/gensrc/specialized/specialized_allreduce_ring_ll128_sumpostdiv_u64_1_0_4.o
[ 72%] Building RCCLDEV object src/CMakeFiles/rccl_device_gfx950.dir/__/hipify/gensrc/specialized/specialized_broadcast_ring_ll128_sum_i8_0_0_2.o
[ 72%] Building RCCLDEV object src/CMakeFiles/rccl_device_gfx950.dir/__/hipify/gensrc/specialized/specialized_reduce_ring_ll128_sum_u8_0_0_2.o
[ 72%] Building RCCLDEV object src/CMakeFiles/rccl_device_gfx950.dir/__/hipify/gensrc/specialized/specialized_reduce_ring_ll128_sum_u32_0_0_2.o
[ 72%] Building RCCLDEV object src/CMakeFiles/rccl_device_gfx950.dir/__/hipify/gensrc/specialized/specialized_reduce_ring_ll128_sum_u64_0_0_2.o
[ 72%] Building RCCLDEV object src/CMakeFiles/rccl_device_gfx950.dir/__/hipify/gensrc/specialized/specialized_reduce_ring_ll128_sum_f16_0_0_2.o
[ 72%] Building RCCLDEV object src/CMakeFiles/rccl_device_gfx950.dir/__/hipify/gensrc/specialized/specialized_reduce_ring_ll128_sum_f32_0_0_2.o
[ 72%] Building RCCLDEV object src/CMakeFiles/rccl_device_gfx950.dir/__/hipify/gensrc/specialized/specialized_reduce_ring_ll128_sum_f64_0_0_2.o
[ 72%] Building RCCLDEV object src/CMakeFiles/rccl_device_gfx950.dir/__/hipify/gensrc/specialized/specialized_reduce_ring_ll128_sum_bf16_0_0_2.o
[ 72%] Building RCCLDEV object src/CMakeFiles/rccl_device_gfx950.dir/__/hipify/gensrc/specialized/specialized_reduce_ring_ll128_prod_u8_0_0_2.o
[ 72%] Building RCCLDEV object src/CMakeFiles/rccl_device_gfx950.dir/__/hipify/gensrc/specialized/specialized_reduce_ring_ll128_prod_u32_0_0_2.o
[ 72%] Building RCCLDEV object src/CMakeFiles/rccl_device_gfx950.dir/__/hipify/gensrc/specialized/specialized_reduce_ring_ll128_prod_u64_0_0_2.o
[ 72%] Building RCCLDEV object src/CMakeFiles/rccl_device_gfx950.dir/__/hipify/gensrc/specialized/specialized_reduce_ring_ll128_prod_f16_0_0_2.o
[ 72%] Building RCCLDEV object src/CMakeFiles/rccl_device_gfx950.dir/__/hipify/gensrc/specialized/specialized_reduce_ring_ll128_prod_f32_0_0_2.o
[ 72%] Building RCCLDEV object src/CMakeFiles/rccl_device_gfx950.dir/__/hipify/gensrc/specialized/specialized_reduce_ring_ll128_prod_f64_0_0_2.o
[ 72%] Building RCCLDEV object src/CMakeFiles/rccl_device_gfx950.dir/__/hipify/gensrc/specialized/specialized_reduce_ring_ll128_prod_bf16_0_0_2.o
[ 72%] Building RCCLDEV object src/CMakeFiles/rccl_device_gfx950.dir/__/hipify/gensrc/specialized/specialized_reduce_ring_ll128_minmax_u8_0_0_2.o
[ 72%] Building RCCLDEV object src/CMakeFiles/rccl_device_gfx950.dir/__/hipify/gensrc/specialized/specialized_reduce_ring_ll128_minmax_u32_0_0_2.o
[ 72%] Building RCCLDEV object src/CMakeFiles/rccl_device_gfx950.dir/__/hipify/gensrc/specialized/specialized_reduce_ring_ll128_minmax_u64_0_0_2.o
[ 72%] Building RCCLDEV object src/CMakeFiles/rccl_device_gfx950.dir/__/hipify/gensrc/specialized/specialized_reduce_ring_ll128_minmax_f16_0_0_2.o
[ 72%] Building RCCLDEV object src/CMakeFiles/rccl_device_gfx950.dir/__/hipify/gensrc/specialized/specialized_reduce_ring_ll128_minmax_f32_0_0_2.o
[ 72%] Building RCCLDEV object src/CMakeFiles/rccl_device_gfx950.dir/__/hipify/gensrc/specialized/specialized_reduce_ring_ll128_minmax_f64_0_0_2.o
[ 72%] Building RCCLDEV object src/CMakeFiles/rccl_device_gfx950.dir/__/hipify/gensrc/specialized/specialized_reduce_ring_ll128_minmax_bf16_0_0_2.o
[ 72%] Building RCCLDEV object src/CMakeFiles/rccl_device_gfx950.dir/__/hipify/gensrc/specialized/specialized_reduce_ring_ll128_premulsum_u8_0_0_2.o
[ 72%] Building RCCLDEV object src/CMakeFiles/rccl_device_gfx950.dir/__/hipify/gensrc/specialized/specialized_reduce_ring_ll128_premulsum_u32_0_0_2.o
[ 72%] Building RCCLDEV object src/CMakeFiles/rccl_device_gfx950.dir/__/hipify/gensrc/specialized/specialized_reduce_ring_ll128_premulsum_u64_0_0_2.o
[ 72%] Building RCCLDEV object src/CMakeFiles/rccl_device_gfx950.dir/__/hipify/gensrc/specialized/specialized_reduce_ring_ll128_premulsum_f16_0_0_2.o
[ 72%] Building RCCLDEV object src/CMakeFiles/rccl_device_gfx950.dir/__/hipify/gensrc/specialized/specialized_reduce_ring_ll128_premulsum_f32_0_0_2.o
[ 72%] Building RCCLDEV object src/CMakeFiles/rccl_device_gfx950.dir/__/hipify/gensrc/specialized/specialized_reduce_ring_ll128_premulsum_f64_0_0_2.o
[ 72%] Building RCCLDEV object src/CMakeFiles/rccl_device_gfx950.dir/__/hipify/gensrc/specialized/specialized_reduce_ring_ll128_premulsum_bf16_0_0_2.o
[ 72%] Building RCCLDEV object src/CMakeFiles/rccl_device_gfx950.dir/__/hipify/gensrc/specialized/specialized_reduce_ring_ll128_sumpostdiv_u8_0_0_2.o
[ 72%] Building RCCLDEV object src/CMakeFiles/rccl_device_gfx950.dir/__/hipify/gensrc/specialized/specialized_reduce_ring_ll128_sumpostdiv_u32_0_0_2.o
[ 72%] Building RCCLDEV object src/CMakeFiles/rccl_device_gfx950.dir/__/hipify/gensrc/specialized/specialized_reduce_ring_ll128_sumpostdiv_u64_0_0_2.o
[ 72%] Building RCCLDEV object src/CMakeFiles/rccl_device_gfx950.dir/__/hipify/gensrc/specialized/specialized_allgather_ring_ll128_sum_i8_0_0_2.o
[ 72%] Building RCCLDEV object src/CMakeFiles/rccl_device_gfx950.dir/__/hipify/gensrc/specialized/specialized_reducescatter_ring_ll128_sum_u8_0_0_2.o
[ 72%] Building RCCLDEV object src/CMakeFiles/rccl_device_gfx950.dir/__/hipify/gensrc/specialized/specialized_reducescatter_ring_ll128_sum_u32_0_0_2.o
[ 72%] Building RCCLDEV object src/CMakeFiles/rccl_device_gfx950.dir/__/hipify/gensrc/specialized/specialized_reducescatter_ring_ll128_sum_u64_0_0_2.o
[ 74%] Building RCCLDEV object src/CMakeFiles/rccl_device_gfx950.dir/__/hipify/gensrc/specialized/specialized_reducescatter_ring_ll128_sum_f16_0_0_2.o
[ 74%] Building RCCLDEV object src/CMakeFiles/rccl_device_gfx950.dir/__/hipify/gensrc/specialized/specialized_reducescatter_ring_ll128_sum_f32_0_0_2.o
[ 74%] Building RCCLDEV object src/CMakeFiles/rccl_device_gfx950.dir/__/hipify/gensrc/specialized/specialized_reducescatter_ring_ll128_sum_f64_0_0_2.o
[ 74%] Building RCCLDEV object src/CMakeFiles/rccl_device_gfx950.dir/__/hipify/gensrc/specialized/specialized_reducescatter_ring_ll128_sum_bf16_0_0_2.o
[ 74%] Building RCCLDEV object src/CMakeFiles/rccl_device_gfx950.dir/__/hipify/gensrc/specialized/specialized_reducescatter_ring_ll128_prod_u8_0_0_2.o
[ 74%] Building RCCLDEV object src/CMakeFiles/rccl_device_gfx950.dir/__/hipify/gensrc/specialized/specialized_reducescatter_ring_ll128_prod_u32_0_0_2.o
[ 74%] Building RCCLDEV object src/CMakeFiles/rccl_device_gfx950.dir/__/hipify/gensrc/specialized/specialized_reducescatter_ring_ll128_prod_f16_0_0_2.o
[ 74%] Building RCCLDEV object src/CMakeFiles/rccl_device_gfx950.dir/__/hipify/gensrc/specialized/specialized_reducescatter_ring_ll128_prod_u64_0_0_2.o
[ 74%] Building RCCLDEV object src/CMakeFiles/rccl_device_gfx950.dir/__/hipify/gensrc/specialized/specialized_reducescatter_ring_ll128_prod_f32_0_0_2.o
[ 74%] Building RCCLDEV object src/CMakeFiles/rccl_device_gfx950.dir/__/hipify/gensrc/specialized/specialized_reducescatter_ring_ll128_prod_f64_0_0_2.o
[ 74%] Building RCCLDEV object src/CMakeFiles/rccl_device_gfx950.dir/__/hipify/gensrc/specialized/specialized_reducescatter_ring_ll128_prod_bf16_0_0_2.o
[ 74%] Building RCCLDEV object src/CMakeFiles/rccl_device_gfx950.dir/__/hipify/gensrc/specialized/specialized_reducescatter_ring_ll128_minmax_u8_0_0_2.o
[ 74%] Building RCCLDEV object src/CMakeFiles/rccl_device_gfx950.dir/__/hipify/gensrc/specialized/specialized_reducescatter_ring_ll128_minmax_u32_0_0_2.o
[ 74%] Building RCCLDEV object src/CMakeFiles/rccl_device_gfx950.dir/__/hipify/gensrc/specialized/specialized_reducescatter_ring_ll128_minmax_u64_0_0_2.o
[ 74%] Building RCCLDEV object src/CMakeFiles/rccl_device_gfx950.dir/__/hipify/gensrc/specialized/specialized_reducescatter_ring_ll128_minmax_f16_0_0_2.o
[ 74%] Building RCCLDEV object src/CMakeFiles/rccl_device_gfx950.dir/__/hipify/gensrc/specialized/specialized_reducescatter_ring_ll128_minmax_f32_0_0_2.o
[ 74%] Building RCCLDEV object src/CMakeFiles/rccl_device_gfx950.dir/__/hipify/gensrc/specialized/specialized_reducescatter_ring_ll128_minmax_f64_0_0_2.o
[ 74%] Building RCCLDEV object src/CMakeFiles/rccl_device_gfx950.dir/__/hipify/gensrc/specialized/specialized_reducescatter_ring_ll128_minmax_bf16_0_0_2.o
[ 74%] Building RCCLDEV object src/CMakeFiles/rccl_device_gfx950.dir/__/hipify/gensrc/specialized/specialized_reducescatter_ring_ll128_premulsum_u8_0_0_2.o
[ 74%] Building RCCLDEV object src/CMakeFiles/rccl_device_gfx950.dir/__/hipify/gensrc/specialized/specialized_reducescatter_ring_ll128_premulsum_u32_0_0_2.o
[ 74%] Building RCCLDEV object src/CMakeFiles/rccl_device_gfx950.dir/__/hipify/gensrc/specialized/specialized_reducescatter_ring_ll128_premulsum_u64_0_0_2.o
[ 74%] Building RCCLDEV object src/CMakeFiles/rccl_device_gfx950.dir/__/hipify/gensrc/specialized/specialized_reducescatter_ring_ll128_premulsum_f16_0_0_2.o
[ 74%] Building RCCLDEV object src/CMakeFiles/rccl_device_gfx950.dir/__/hipify/gensrc/specialized/specialized_reducescatter_ring_ll128_premulsum_f32_0_0_2.o
[ 74%] Building RCCLDEV object src/CMakeFiles/rccl_device_gfx950.dir/__/hipify/gensrc/specialized/specialized_reducescatter_ring_ll128_premulsum_f64_0_0_2.o
[ 74%] Building RCCLDEV object src/CMakeFiles/rccl_device_gfx950.dir/__/hipify/gensrc/specialized/specialized_reducescatter_ring_ll128_sumpostdiv_u8_0_0_2.o
[ 74%] Building RCCLDEV object src/CMakeFiles/rccl_device_gfx950.dir/__/hipify/gensrc/specialized/specialized_reducescatter_ring_ll128_premulsum_bf16_0_0_2.o
[ 74%] Building RCCLDEV object src/CMakeFiles/rccl_device_gfx950.dir/__/hipify/gensrc/specialized/specialized_reducescatter_ring_ll128_sumpostdiv_u32_0_0_2.o
[ 74%] Building RCCLDEV object src/CMakeFiles/rccl_device_gfx950.dir/__/hipify/gensrc/specialized/specialized_reducescatter_ring_ll128_sumpostdiv_u64_0_0_2.o
[ 74%] Building RCCLDEV object src/CMakeFiles/rccl_device_gfx950.dir/__/hipify/gensrc/specialized/specialized_allreduce_ring_ll128_sum_u8_0_0_2.o
[ 74%] Building RCCLDEV object src/CMakeFiles/rccl_device_gfx950.dir/__/hipify/gensrc/specialized/specialized_allreduce_ring_ll128_sum_u8_1_0_2.o
[ 74%] Building RCCLDEV object src/CMakeFiles/rccl_device_gfx950.dir/__/hipify/gensrc/specialized/specialized_allreduce_ring_ll128_sum_u32_0_0_2.o
[ 74%] Building RCCLDEV object src/CMakeFiles/rccl_device_gfx950.dir/__/hipify/gensrc/specialized/specialized_allreduce_ring_ll128_sum_u32_1_0_2.o
[ 74%] Building RCCLDEV object src/CMakeFiles/rccl_device_gfx950.dir/__/hipify/gensrc/specialized/specialized_allreduce_ring_ll128_sum_u64_0_0_2.o
[ 74%] Building RCCLDEV object src/CMakeFiles/rccl_device_gfx950.dir/__/hipify/gensrc/specialized/specialized_allreduce_ring_ll128_sum_f16_0_0_2.o
[ 74%] Building RCCLDEV object src/CMakeFiles/rccl_device_gfx950.dir/__/hipify/gensrc/specialized/specialized_allreduce_ring_ll128_sum_u64_1_0_2.o
[ 74%] Building RCCLDEV object src/CMakeFiles/rccl_device_gfx950.dir/__/hipify/gensrc/specialized/specialized_allreduce_ring_ll128_sum_f16_1_0_2.o
[ 74%] Building RCCLDEV object src/CMakeFiles/rccl_device_gfx950.dir/__/hipify/gensrc/specialized/specialized_allreduce_ring_ll128_sum_f32_0_0_2.o
[ 74%] Building RCCLDEV object src/CMakeFiles/rccl_device_gfx950.dir/__/hipify/gensrc/specialized/specialized_allreduce_ring_ll128_sum_f32_1_0_2.o
[ 74%] Building RCCLDEV object src/CMakeFiles/rccl_device_gfx950.dir/__/hipify/gensrc/specialized/specialized_allreduce_ring_ll128_sum_f64_0_0_2.o
[ 74%] Building RCCLDEV object src/CMakeFiles/rccl_device_gfx950.dir/__/hipify/gensrc/specialized/specialized_allreduce_ring_ll128_sum_f64_1_0_2.o
[ 74%] Building RCCLDEV object src/CMakeFiles/rccl_device_gfx950.dir/__/hipify/gensrc/specialized/specialized_allreduce_ring_ll128_sum_bf16_0_0_2.o
[ 74%] Building RCCLDEV object src/CMakeFiles/rccl_device_gfx950.dir/__/hipify/gensrc/specialized/specialized_allreduce_ring_ll128_sum_bf16_1_0_2.o
[ 74%] Building RCCLDEV object src/CMakeFiles/rccl_device_gfx950.dir/__/hipify/gensrc/specialized/specialized_allreduce_ring_ll128_prod_u8_0_0_2.o
[ 74%] Building RCCLDEV object src/CMakeFiles/rccl_device_gfx950.dir/__/hipify/gensrc/specialized/specialized_allreduce_ring_ll128_prod_u8_1_0_2.o
[ 74%] Building RCCLDEV object src/CMakeFiles/rccl_device_gfx950.dir/__/hipify/gensrc/specialized/specialized_allreduce_ring_ll128_prod_u32_0_0_2.o
[ 74%] Building RCCLDEV object src/CMakeFiles/rccl_device_gfx950.dir/__/hipify/gensrc/specialized/specialized_allreduce_ring_ll128_prod_u32_1_0_2.o
[ 74%] Building RCCLDEV object src/CMakeFiles/rccl_device_gfx950.dir/__/hipify/gensrc/specialized/specialized_allreduce_ring_ll128_prod_u64_0_0_2.o
[ 74%] Building RCCLDEV object src/CMakeFiles/rccl_device_gfx950.dir/__/hipify/gensrc/specialized/specialized_allreduce_ring_ll128_prod_u64_1_0_2.o
[ 74%] Building RCCLDEV object src/CMakeFiles/rccl_device_gfx950.dir/__/hipify/gensrc/specialized/specialized_allreduce_ring_ll128_prod_f16_0_0_2.o
[ 74%] Building RCCLDEV object src/CMakeFiles/rccl_device_gfx950.dir/__/hipify/gensrc/specialized/specialized_allreduce_ring_ll128_prod_f16_1_0_2.o
[ 74%] Building RCCLDEV object src/CMakeFiles/rccl_device_gfx950.dir/__/hipify/gensrc/specialized/specialized_allreduce_ring_ll128_prod_f32_0_0_2.o
[ 74%] Building RCCLDEV object src/CMakeFiles/rccl_device_gfx950.dir/__/hipify/gensrc/specialized/specialized_allreduce_ring_ll128_prod_f32_1_0_2.o
[ 74%] Building RCCLDEV object src/CMakeFiles/rccl_device_gfx950.dir/__/hipify/gensrc/specialized/specialized_allreduce_ring_ll128_prod_f64_0_0_2.o
[ 74%] Building RCCLDEV object src/CMakeFiles/rccl_device_gfx950.dir/__/hipify/gensrc/specialized/specialized_allreduce_ring_ll128_prod_f64_1_0_2.o
[ 74%] Building RCCLDEV object src/CMakeFiles/rccl_device_gfx950.dir/__/hipify/gensrc/specialized/specialized_allreduce_ring_ll128_prod_bf16_0_0_2.o
[ 74%] Building RCCLDEV object src/CMakeFiles/rccl_device_gfx950.dir/__/hipify/gensrc/specialized/specialized_allreduce_ring_ll128_prod_bf16_1_0_2.o
[ 74%] Building RCCLDEV object src/CMakeFiles/rccl_device_gfx950.dir/__/hipify/gensrc/specialized/specialized_allreduce_ring_ll128_minmax_u8_0_0_2.o
[ 74%] Building RCCLDEV object src/CMakeFiles/rccl_device_gfx950.dir/__/hipify/gensrc/specialized/specialized_allreduce_ring_ll128_minmax_u8_1_0_2.o
[ 74%] Building RCCLDEV object src/CMakeFiles/rccl_device_gfx950.dir/__/hipify/gensrc/specialized/specialized_allreduce_ring_ll128_minmax_u32_0_0_2.o
[ 74%] Building RCCLDEV object src/CMakeFiles/rccl_device_gfx950.dir/__/hipify/gensrc/specialized/specialized_allreduce_ring_ll128_minmax_u32_1_0_2.o
[ 74%] Building RCCLDEV object src/CMakeFiles/rccl_device_gfx950.dir/__/hipify/gensrc/specialized/specialized_allreduce_ring_ll128_minmax_u64_0_0_2.o
[ 74%] Building RCCLDEV object src/CMakeFiles/rccl_device_gfx950.dir/__/hipify/gensrc/specialized/specialized_allreduce_ring_ll128_minmax_u64_1_0_2.o
[ 74%] Building RCCLDEV object src/CMakeFiles/rccl_device_gfx950.dir/__/hipify/gensrc/specialized/specialized_allreduce_ring_ll128_minmax_f16_0_0_2.o
[ 76%] Building RCCLDEV object src/CMakeFiles/rccl_device_gfx950.dir/__/hipify/gensrc/specialized/specialized_allreduce_ring_ll128_minmax_f16_1_0_2.o
[ 76%] Building RCCLDEV object src/CMakeFiles/rccl_device_gfx950.dir/__/hipify/gensrc/specialized/specialized_allreduce_ring_ll128_minmax_f32_0_0_2.o
[ 76%] Building RCCLDEV object src/CMakeFiles/rccl_device_gfx950.dir/__/hipify/gensrc/specialized/specialized_allreduce_ring_ll128_minmax_f32_1_0_2.o
[ 76%] Building RCCLDEV object src/CMakeFiles/rccl_device_gfx950.dir/__/hipify/gensrc/specialized/specialized_allreduce_ring_ll128_minmax_f64_0_0_2.o
[ 76%] Building RCCLDEV object src/CMakeFiles/rccl_device_gfx950.dir/__/hipify/gensrc/specialized/specialized_allreduce_ring_ll128_minmax_f64_1_0_2.o
[ 76%] Building RCCLDEV object src/CMakeFiles/rccl_device_gfx950.dir/__/hipify/gensrc/specialized/specialized_allreduce_ring_ll128_minmax_bf16_0_0_2.o
[ 76%] Building RCCLDEV object src/CMakeFiles/rccl_device_gfx950.dir/__/hipify/gensrc/specialized/specialized_allreduce_ring_ll128_minmax_bf16_1_0_2.o
[ 76%] Building RCCLDEV object src/CMakeFiles/rccl_device_gfx950.dir/__/hipify/gensrc/specialized/specialized_allreduce_ring_ll128_premulsum_u8_1_0_2.o
[ 76%] Building RCCLDEV object src/CMakeFiles/rccl_device_gfx950.dir/__/hipify/gensrc/specialized/specialized_allreduce_ring_ll128_premulsum_u8_0_0_2.o
[ 76%] Building RCCLDEV object src/CMakeFiles/rccl_device_gfx950.dir/__/hipify/gensrc/specialized/specialized_allreduce_ring_ll128_premulsum_u32_0_0_2.o
[ 76%] Building RCCLDEV object src/CMakeFiles/rccl_device_gfx950.dir/__/hipify/gensrc/specialized/specialized_allreduce_ring_ll128_premulsum_u32_1_0_2.o
[ 76%] Building RCCLDEV object src/CMakeFiles/rccl_device_gfx950.dir/__/hipify/gensrc/specialized/specialized_allreduce_ring_ll128_premulsum_u64_0_0_2.o
[ 76%] Building RCCLDEV object src/CMakeFiles/rccl_device_gfx950.dir/__/hipify/gensrc/specialized/specialized_allreduce_ring_ll128_premulsum_u64_1_0_2.o
[ 76%] Building RCCLDEV object src/CMakeFiles/rccl_device_gfx950.dir/__/hipify/gensrc/specialized/specialized_allreduce_ring_ll128_premulsum_f16_1_0_2.o
[ 76%] Building RCCLDEV object src/CMakeFiles/rccl_device_gfx950.dir/__/hipify/gensrc/specialized/specialized_allreduce_ring_ll128_premulsum_f16_0_0_2.o
[ 76%] Building RCCLDEV object src/CMakeFiles/rccl_device_gfx950.dir/__/hipify/gensrc/specialized/specialized_allreduce_ring_ll128_premulsum_f32_0_0_2.o
[ 76%] Building RCCLDEV object src/CMakeFiles/rccl_device_gfx950.dir/__/hipify/gensrc/specialized/specialized_allreduce_ring_ll128_premulsum_f32_1_0_2.o
[ 76%] Building RCCLDEV object src/CMakeFiles/rccl_device_gfx950.dir/__/hipify/gensrc/specialized/specialized_allreduce_ring_ll128_premulsum_f64_1_0_2.o
[ 76%] Building RCCLDEV object src/CMakeFiles/rccl_device_gfx950.dir/__/hipify/gensrc/specialized/specialized_allreduce_ring_ll128_premulsum_f64_0_0_2.o
[ 76%] Building RCCLDEV object src/CMakeFiles/rccl_device_gfx950.dir/__/hipify/gensrc/specialized/specialized_allreduce_ring_ll128_premulsum_bf16_0_0_2.o
[ 76%] Building RCCLDEV object src/CMakeFiles/rccl_device_gfx950.dir/__/hipify/gensrc/specialized/specialized_allreduce_ring_ll128_premulsum_bf16_1_0_2.o
[ 76%] Building RCCLDEV object src/CMakeFiles/rccl_device_gfx950.dir/__/hipify/gensrc/specialized/specialized_allreduce_ring_ll128_sumpostdiv_u8_0_0_2.o
[ 76%] Building RCCLDEV object src/CMakeFiles/rccl_device_gfx950.dir/__/hipify/gensrc/specialized/specialized_allreduce_ring_ll128_sumpostdiv_u8_1_0_2.o
[ 76%] Building RCCLDEV object src/CMakeFiles/rccl_device_gfx950.dir/__/hipify/gensrc/specialized/specialized_allreduce_ring_ll128_sumpostdiv_u32_0_0_2.o
[ 76%] Building RCCLDEV object src/CMakeFiles/rccl_device_gfx950.dir/__/hipify/gensrc/specialized/specialized_allreduce_ring_ll128_sumpostdiv_u64_0_0_2.o
[ 76%] Building RCCLDEV object src/CMakeFiles/rccl_device_gfx950.dir/__/hipify/gensrc/specialized/specialized_allreduce_ring_ll128_sumpostdiv_u32_1_0_2.o
[ 76%] Building RCCLDEV object src/CMakeFiles/rccl_device_gfx950.dir/__/hipify/gensrc/specialized/specialized_allreduce_ring_ll128_sumpostdiv_u64_1_0_2.o
[ 76%] Building RCCLDEV object src/CMakeFiles/rccl_device_gfx950.dir/__/hipify/gensrc/specialized/specialized_broadcast_ring_ll128_sum_i8_0_0_1.o
[ 76%] Building RCCLDEV object src/CMakeFiles/rccl_device_gfx950.dir/__/hipify/gensrc/specialized/specialized_reduce_ring_ll128_sum_u8_0_0_1.o
[ 76%] Building RCCLDEV object src/CMakeFiles/rccl_device_gfx950.dir/__/hipify/gensrc/specialized/specialized_reduce_ring_ll128_sum_u32_0_0_1.o
[ 76%] Building RCCLDEV object src/CMakeFiles/rccl_device_gfx950.dir/__/hipify/gensrc/specialized/specialized_reduce_ring_ll128_sum_u64_0_0_1.o
[ 76%] Building RCCLDEV object src/CMakeFiles/rccl_device_gfx950.dir/__/hipify/gensrc/specialized/specialized_reduce_ring_ll128_sum_f16_0_0_1.o
[ 76%] Building RCCLDEV object src/CMakeFiles/rccl_device_gfx950.dir/__/hipify/gensrc/specialized/specialized_reduce_ring_ll128_sum_f32_0_0_1.o
[ 76%] Building RCCLDEV object src/CMakeFiles/rccl_device_gfx950.dir/__/hipify/gensrc/specialized/specialized_reduce_ring_ll128_sum_f64_0_0_1.o
[ 76%] Building RCCLDEV object src/CMakeFiles/rccl_device_gfx950.dir/__/hipify/gensrc/specialized/specialized_reduce_ring_ll128_sum_bf16_0_0_1.o
[ 76%] Building RCCLDEV object src/CMakeFiles/rccl_device_gfx950.dir/__/hipify/gensrc/specialized/specialized_reduce_ring_ll128_prod_u8_0_0_1.o
[ 76%] Building RCCLDEV object src/CMakeFiles/rccl_device_gfx950.dir/__/hipify/gensrc/specialized/specialized_reduce_ring_ll128_prod_u32_0_0_1.o
[ 76%] Building RCCLDEV object src/CMakeFiles/rccl_device_gfx950.dir/__/hipify/gensrc/specialized/specialized_reduce_ring_ll128_prod_u64_0_0_1.o
[ 76%] Building RCCLDEV object src/CMakeFiles/rccl_device_gfx950.dir/__/hipify/gensrc/specialized/specialized_reduce_ring_ll128_prod_f16_0_0_1.o
[ 76%] Building RCCLDEV object src/CMakeFiles/rccl_device_gfx950.dir/__/hipify/gensrc/specialized/specialized_reduce_ring_ll128_prod_f64_0_0_1.o
[ 76%] Building RCCLDEV object src/CMakeFiles/rccl_device_gfx950.dir/__/hipify/gensrc/specialized/specialized_reduce_ring_ll128_prod_f32_0_0_1.o
[ 76%] Building RCCLDEV object src/CMakeFiles/rccl_device_gfx950.dir/__/hipify/gensrc/specialized/specialized_reduce_ring_ll128_prod_bf16_0_0_1.o
[ 76%] Building RCCLDEV object src/CMakeFiles/rccl_device_gfx950.dir/__/hipify/gensrc/specialized/specialized_reduce_ring_ll128_minmax_u8_0_0_1.o
[ 76%] Building RCCLDEV object src/CMakeFiles/rccl_device_gfx950.dir/__/hipify/gensrc/specialized/specialized_reduce_ring_ll128_minmax_u32_0_0_1.o
[ 76%] Building RCCLDEV object src/CMakeFiles/rccl_device_gfx950.dir/__/hipify/gensrc/specialized/specialized_reduce_ring_ll128_minmax_u64_0_0_1.o
[ 76%] Building RCCLDEV object src/CMakeFiles/rccl_device_gfx950.dir/__/hipify/gensrc/specialized/specialized_reduce_ring_ll128_minmax_f16_0_0_1.o
[ 76%] Building RCCLDEV object src/CMakeFiles/rccl_device_gfx950.dir/__/hipify/gensrc/specialized/specialized_reduce_ring_ll128_minmax_f32_0_0_1.o
[ 76%] Building RCCLDEV object src/CMakeFiles/rccl_device_gfx950.dir/__/hipify/gensrc/specialized/specialized_reduce_ring_ll128_minmax_f64_0_0_1.o
[ 76%] Building RCCLDEV object src/CMakeFiles/rccl_device_gfx950.dir/__/hipify/gensrc/specialized/specialized_reduce_ring_ll128_minmax_bf16_0_0_1.o
[ 76%] Building RCCLDEV object src/CMakeFiles/rccl_device_gfx950.dir/__/hipify/gensrc/specialized/specialized_reduce_ring_ll128_premulsum_u8_0_0_1.o
[ 76%] Building RCCLDEV object src/CMakeFiles/rccl_device_gfx950.dir/__/hipify/gensrc/specialized/specialized_reduce_ring_ll128_premulsum_u32_0_0_1.o
[ 76%] Building RCCLDEV object src/CMakeFiles/rccl_device_gfx950.dir/__/hipify/gensrc/specialized/specialized_reduce_ring_ll128_premulsum_u64_0_0_1.o
[ 76%] Building RCCLDEV object src/CMakeFiles/rccl_device_gfx950.dir/__/hipify/gensrc/specialized/specialized_reduce_ring_ll128_premulsum_f16_0_0_1.o
[ 76%] Building RCCLDEV object src/CMakeFiles/rccl_device_gfx950.dir/__/hipify/gensrc/specialized/specialized_reduce_ring_ll128_premulsum_f32_0_0_1.o
[ 76%] Building RCCLDEV object src/CMakeFiles/rccl_device_gfx950.dir/__/hipify/gensrc/specialized/specialized_reduce_ring_ll128_premulsum_f64_0_0_1.o
[ 76%] Building RCCLDEV object src/CMakeFiles/rccl_device_gfx950.dir/__/hipify/gensrc/specialized/specialized_reduce_ring_ll128_premulsum_bf16_0_0_1.o
[ 76%] Building RCCLDEV object src/CMakeFiles/rccl_device_gfx950.dir/__/hipify/gensrc/specialized/specialized_reduce_ring_ll128_sumpostdiv_u8_0_0_1.o
[ 76%] Building RCCLDEV object src/CMakeFiles/rccl_device_gfx950.dir/__/hipify/gensrc/specialized/specialized_reduce_ring_ll128_sumpostdiv_u32_0_0_1.o
[ 76%] Building RCCLDEV object src/CMakeFiles/rccl_device_gfx950.dir/__/hipify/gensrc/specialized/specialized_reduce_ring_ll128_sumpostdiv_u64_0_0_1.o
[ 76%] Building RCCLDEV object src/CMakeFiles/rccl_device_gfx950.dir/__/hipify/gensrc/specialized/specialized_allgather_ring_ll128_sum_i8_0_0_1.o
[ 76%] Building RCCLDEV object src/CMakeFiles/rccl_device_gfx950.dir/__/hipify/gensrc/specialized/specialized_reducescatter_ring_ll128_sum_u8_0_0_1.o
[ 76%] Building RCCLDEV object src/CMakeFiles/rccl_device_gfx950.dir/__/hipify/gensrc/specialized/specialized_reducescatter_ring_ll128_sum_u32_0_0_1.o
[ 76%] Building RCCLDEV object src/CMakeFiles/rccl_device_gfx950.dir/__/hipify/gensrc/specialized/specialized_reducescatter_ring_ll128_sum_u64_0_0_1.o
[ 77%] Building RCCLDEV object src/CMakeFiles/rccl_device_gfx950.dir/__/hipify/gensrc/specialized/specialized_reducescatter_ring_ll128_sum_f16_0_0_1.o
[ 77%] Building RCCLDEV object src/CMakeFiles/rccl_device_gfx950.dir/__/hipify/gensrc/specialized/specialized_reducescatter_ring_ll128_sum_f32_0_0_1.o
[ 77%] Building RCCLDEV object src/CMakeFiles/rccl_device_gfx950.dir/__/hipify/gensrc/specialized/specialized_reducescatter_ring_ll128_sum_f64_0_0_1.o
[ 77%] Building RCCLDEV object src/CMakeFiles/rccl_device_gfx950.dir/__/hipify/gensrc/specialized/specialized_reducescatter_ring_ll128_sum_bf16_0_0_1.o
[ 77%] Building RCCLDEV object src/CMakeFiles/rccl_device_gfx950.dir/__/hipify/gensrc/specialized/specialized_reducescatter_ring_ll128_prod_u8_0_0_1.o
[ 77%] Building RCCLDEV object src/CMakeFiles/rccl_device_gfx950.dir/__/hipify/gensrc/specialized/specialized_reducescatter_ring_ll128_prod_u32_0_0_1.o
[ 77%] Building RCCLDEV object src/CMakeFiles/rccl_device_gfx950.dir/__/hipify/gensrc/specialized/specialized_reducescatter_ring_ll128_prod_u64_0_0_1.o
[ 77%] Building RCCLDEV object src/CMakeFiles/rccl_device_gfx950.dir/__/hipify/gensrc/specialized/specialized_reducescatter_ring_ll128_prod_f16_0_0_1.o
[ 77%] Building RCCLDEV object src/CMakeFiles/rccl_device_gfx950.dir/__/hipify/gensrc/specialized/specialized_reducescatter_ring_ll128_prod_f32_0_0_1.o
[ 77%] Building RCCLDEV object src/CMakeFiles/rccl_device_gfx950.dir/__/hipify/gensrc/specialized/specialized_reducescatter_ring_ll128_prod_f64_0_0_1.o
[ 77%] Building RCCLDEV object src/CMakeFiles/rccl_device_gfx950.dir/__/hipify/gensrc/specialized/specialized_reducescatter_ring_ll128_prod_bf16_0_0_1.o
[ 77%] Building RCCLDEV object src/CMakeFiles/rccl_device_gfx950.dir/__/hipify/gensrc/specialized/specialized_reducescatter_ring_ll128_minmax_u8_0_0_1.o
[ 77%] Building RCCLDEV object src/CMakeFiles/rccl_device_gfx950.dir/__/hipify/gensrc/specialized/specialized_reducescatter_ring_ll128_minmax_u32_0_0_1.o
[ 77%] Building RCCLDEV object src/CMakeFiles/rccl_device_gfx950.dir/__/hipify/gensrc/specialized/specialized_reducescatter_ring_ll128_minmax_u64_0_0_1.o
[ 77%] Building RCCLDEV object src/CMakeFiles/rccl_device_gfx950.dir/__/hipify/gensrc/specialized/specialized_reducescatter_ring_ll128_minmax_f16_0_0_1.o
[ 77%] Building RCCLDEV object src/CMakeFiles/rccl_device_gfx950.dir/__/hipify/gensrc/specialized/specialized_reducescatter_ring_ll128_minmax_f32_0_0_1.o
[ 77%] Building RCCLDEV object src/CMakeFiles/rccl_device_gfx950.dir/__/hipify/gensrc/specialized/specialized_reducescatter_ring_ll128_minmax_f64_0_0_1.o
[ 77%] Building RCCLDEV object src/CMakeFiles/rccl_device_gfx950.dir/__/hipify/gensrc/specialized/specialized_reducescatter_ring_ll128_minmax_bf16_0_0_1.o
[ 77%] Building RCCLDEV object src/CMakeFiles/rccl_device_gfx950.dir/__/hipify/gensrc/specialized/specialized_reducescatter_ring_ll128_premulsum_u8_0_0_1.o
[ 77%] Building RCCLDEV object src/CMakeFiles/rccl_device_gfx950.dir/__/hipify/gensrc/specialized/specialized_reducescatter_ring_ll128_premulsum_u32_0_0_1.o
[ 77%] Building RCCLDEV object src/CMakeFiles/rccl_device_gfx950.dir/__/hipify/gensrc/specialized/specialized_reducescatter_ring_ll128_premulsum_u64_0_0_1.o
[ 77%] Building RCCLDEV object src/CMakeFiles/rccl_device_gfx950.dir/__/hipify/gensrc/specialized/specialized_reducescatter_ring_ll128_premulsum_f16_0_0_1.o
[ 77%] Building RCCLDEV object src/CMakeFiles/rccl_device_gfx950.dir/__/hipify/gensrc/specialized/specialized_reducescatter_ring_ll128_premulsum_f32_0_0_1.o
[ 77%] Building RCCLDEV object src/CMakeFiles/rccl_device_gfx950.dir/__/hipify/gensrc/specialized/specialized_reducescatter_ring_ll128_premulsum_f64_0_0_1.o
[ 77%] Building RCCLDEV object src/CMakeFiles/rccl_device_gfx950.dir/__/hipify/gensrc/specialized/specialized_reducescatter_ring_ll128_premulsum_bf16_0_0_1.o
[ 77%] Building RCCLDEV object src/CMakeFiles/rccl_device_gfx950.dir/__/hipify/gensrc/specialized/specialized_reducescatter_ring_ll128_sumpostdiv_u8_0_0_1.o
[ 77%] Building RCCLDEV object src/CMakeFiles/rccl_device_gfx950.dir/__/hipify/gensrc/specialized/specialized_reducescatter_ring_ll128_sumpostdiv_u32_0_0_1.o
[ 77%] Building RCCLDEV object src/CMakeFiles/rccl_device_gfx950.dir/__/hipify/gensrc/specialized/specialized_reducescatter_ring_ll128_sumpostdiv_u64_0_0_1.o
[ 77%] Building RCCLDEV object src/CMakeFiles/rccl_device_gfx950.dir/__/hipify/gensrc/specialized/specialized_allreduce_ring_ll128_sum_u8_0_0_1.o
[ 77%] Building RCCLDEV object src/CMakeFiles/rccl_device_gfx950.dir/__/hipify/gensrc/specialized/specialized_allreduce_ring_ll128_sum_u8_1_0_1.o
[ 77%] Building RCCLDEV object src/CMakeFiles/rccl_device_gfx950.dir/__/hipify/gensrc/specialized/specialized_allreduce_ring_ll128_sum_u32_1_0_1.o
[ 77%] Building RCCLDEV object src/CMakeFiles/rccl_device_gfx950.dir/__/hipify/gensrc/specialized/specialized_allreduce_ring_ll128_sum_u32_0_0_1.o
[ 77%] Building RCCLDEV object src/CMakeFiles/rccl_device_gfx950.dir/__/hipify/gensrc/specialized/specialized_allreduce_ring_ll128_sum_u64_0_0_1.o
[ 77%] Building RCCLDEV object src/CMakeFiles/rccl_device_gfx950.dir/__/hipify/gensrc/specialized/specialized_allreduce_ring_ll128_sum_u64_1_0_1.o
[ 77%] Building RCCLDEV object src/CMakeFiles/rccl_device_gfx950.dir/__/hipify/gensrc/specialized/specialized_allreduce_ring_ll128_sum_f16_0_0_1.o
[ 77%] Building RCCLDEV object src/CMakeFiles/rccl_device_gfx950.dir/__/hipify/gensrc/specialized/specialized_allreduce_ring_ll128_sum_f16_1_0_1.o
[ 77%] Building RCCLDEV object src/CMakeFiles/rccl_device_gfx950.dir/__/hipify/gensrc/specialized/specialized_allreduce_ring_ll128_sum_f32_0_0_1.o
[ 77%] Building RCCLDEV object src/CMakeFiles/rccl_device_gfx950.dir/__/hipify/gensrc/specialized/specialized_allreduce_ring_ll128_sum_f32_1_0_1.o
[ 77%] Building RCCLDEV object src/CMakeFiles/rccl_device_gfx950.dir/__/hipify/gensrc/specialized/specialized_allreduce_ring_ll128_sum_f64_0_0_1.o
[ 77%] Building RCCLDEV object src/CMakeFiles/rccl_device_gfx950.dir/__/hipify/gensrc/specialized/specialized_allreduce_ring_ll128_sum_bf16_0_0_1.o
[ 77%] Building RCCLDEV object src/CMakeFiles/rccl_device_gfx950.dir/__/hipify/gensrc/specialized/specialized_allreduce_ring_ll128_sum_f64_1_0_1.o
[ 77%] Building RCCLDEV object src/CMakeFiles/rccl_device_gfx950.dir/__/hipify/gensrc/specialized/specialized_allreduce_ring_ll128_sum_bf16_1_0_1.o
[ 77%] Building RCCLDEV object src/CMakeFiles/rccl_device_gfx950.dir/__/hipify/gensrc/specialized/specialized_allreduce_ring_ll128_prod_u8_0_0_1.o
[ 77%] Building RCCLDEV object src/CMakeFiles/rccl_device_gfx950.dir/__/hipify/gensrc/specialized/specialized_allreduce_ring_ll128_prod_u8_1_0_1.o
[ 77%] Building RCCLDEV object src/CMakeFiles/rccl_device_gfx950.dir/__/hipify/gensrc/specialized/specialized_allreduce_ring_ll128_prod_u32_0_0_1.o
[ 77%] Building RCCLDEV object src/CMakeFiles/rccl_device_gfx950.dir/__/hipify/gensrc/specialized/specialized_allreduce_ring_ll128_prod_u32_1_0_1.o
[ 77%] Building RCCLDEV object src/CMakeFiles/rccl_device_gfx950.dir/__/hipify/gensrc/specialized/specialized_allreduce_ring_ll128_prod_u64_0_0_1.o
[ 77%] Building RCCLDEV object src/CMakeFiles/rccl_device_gfx950.dir/__/hipify/gensrc/specialized/specialized_allreduce_ring_ll128_prod_u64_1_0_1.o
[ 77%] Building RCCLDEV object src/CMakeFiles/rccl_device_gfx950.dir/__/hipify/gensrc/specialized/specialized_allreduce_ring_ll128_prod_f16_0_0_1.o
[ 77%] Building RCCLDEV object src/CMakeFiles/rccl_device_gfx950.dir/__/hipify/gensrc/specialized/specialized_allreduce_ring_ll128_prod_f16_1_0_1.o
[ 77%] Building RCCLDEV object src/CMakeFiles/rccl_device_gfx950.dir/__/hipify/gensrc/specialized/specialized_allreduce_ring_ll128_prod_f32_0_0_1.o
[ 77%] Building RCCLDEV object src/CMakeFiles/rccl_device_gfx950.dir/__/hipify/gensrc/specialized/specialized_allreduce_ring_ll128_prod_f32_1_0_1.o
[ 77%] Building RCCLDEV object src/CMakeFiles/rccl_device_gfx950.dir/__/hipify/gensrc/specialized/specialized_allreduce_ring_ll128_prod_f64_0_0_1.o
[ 77%] Building RCCLDEV object src/CMakeFiles/rccl_device_gfx950.dir/__/hipify/gensrc/specialized/specialized_allreduce_ring_ll128_prod_f64_1_0_1.o
[ 77%] Building RCCLDEV object src/CMakeFiles/rccl_device_gfx950.dir/__/hipify/gensrc/specialized/specialized_allreduce_ring_ll128_prod_bf16_0_0_1.o
[ 77%] Building RCCLDEV object src/CMakeFiles/rccl_device_gfx950.dir/__/hipify/gensrc/specialized/specialized_allreduce_ring_ll128_prod_bf16_1_0_1.o
[ 77%] Building RCCLDEV object src/CMakeFiles/rccl_device_gfx950.dir/__/hipify/gensrc/specialized/specialized_allreduce_ring_ll128_minmax_u8_0_0_1.o
[ 77%] Building RCCLDEV object src/CMakeFiles/rccl_device_gfx950.dir/__/hipify/gensrc/specialized/specialized_allreduce_ring_ll128_minmax_u8_1_0_1.o
[ 77%] Building RCCLDEV object src/CMakeFiles/rccl_device_gfx950.dir/__/hipify/gensrc/specialized/specialized_allreduce_ring_ll128_minmax_u32_0_0_1.o
[ 77%] Building RCCLDEV object src/CMakeFiles/rccl_device_gfx950.dir/__/hipify/gensrc/specialized/specialized_allreduce_ring_ll128_minmax_u32_1_0_1.o
[ 77%] Building RCCLDEV object src/CMakeFiles/rccl_device_gfx950.dir/__/hipify/gensrc/specialized/specialized_allreduce_ring_ll128_minmax_u64_0_0_1.o
[ 77%] Building RCCLDEV object src/CMakeFiles/rccl_device_gfx950.dir/__/hipify/gensrc/specialized/specialized_allreduce_ring_ll128_minmax_u64_1_0_1.o
[ 77%] Building RCCLDEV object src/CMakeFiles/rccl_device_gfx950.dir/__/hipify/gensrc/specialized/specialized_allreduce_ring_ll128_minmax_f16_0_0_1.o
[ 79%] Building RCCLDEV object src/CMakeFiles/rccl_device_gfx950.dir/__/hipify/gensrc/specialized/specialized_allreduce_ring_ll128_minmax_f16_1_0_1.o
[ 79%] Building RCCLDEV object src/CMakeFiles/rccl_device_gfx950.dir/__/hipify/gensrc/specialized/specialized_allreduce_ring_ll128_minmax_f32_0_0_1.o
[ 79%] Building RCCLDEV object src/CMakeFiles/rccl_device_gfx950.dir/__/hipify/gensrc/specialized/specialized_allreduce_ring_ll128_minmax_f32_1_0_1.o
[ 79%] Building RCCLDEV object src/CMakeFiles/rccl_device_gfx950.dir/__/hipify/gensrc/specialized/specialized_allreduce_ring_ll128_minmax_f64_0_0_1.o
[ 79%] Building RCCLDEV object src/CMakeFiles/rccl_device_gfx950.dir/__/hipify/gensrc/specialized/specialized_allreduce_ring_ll128_minmax_f64_1_0_1.o
[ 79%] Building RCCLDEV object src/CMakeFiles/rccl_device_gfx950.dir/__/hipify/gensrc/specialized/specialized_allreduce_ring_ll128_minmax_bf16_0_0_1.o
[ 79%] Building RCCLDEV object src/CMakeFiles/rccl_device_gfx950.dir/__/hipify/gensrc/specialized/specialized_allreduce_ring_ll128_minmax_bf16_1_0_1.o
[ 79%] Building RCCLDEV object src/CMakeFiles/rccl_device_gfx950.dir/__/hipify/gensrc/specialized/specialized_allreduce_ring_ll128_premulsum_u8_0_0_1.o
[ 79%] Building RCCLDEV object src/CMakeFiles/rccl_device_gfx950.dir/__/hipify/gensrc/specialized/specialized_allreduce_ring_ll128_premulsum_u8_1_0_1.o
[ 79%] Building RCCLDEV object src/CMakeFiles/rccl_device_gfx950.dir/__/hipify/gensrc/specialized/specialized_allreduce_ring_ll128_premulsum_u32_0_0_1.o
[ 79%] Building RCCLDEV object src/CMakeFiles/rccl_device_gfx950.dir/__/hipify/gensrc/specialized/specialized_allreduce_ring_ll128_premulsum_u32_1_0_1.o
[ 79%] Building RCCLDEV object src/CMakeFiles/rccl_device_gfx950.dir/__/hipify/gensrc/specialized/specialized_allreduce_ring_ll128_premulsum_u64_0_0_1.o
[ 79%] Building RCCLDEV object src/CMakeFiles/rccl_device_gfx950.dir/__/hipify/gensrc/specialized/specialized_allreduce_ring_ll128_premulsum_u64_1_0_1.o
[ 79%] Building RCCLDEV object src/CMakeFiles/rccl_device_gfx950.dir/__/hipify/gensrc/specialized/specialized_allreduce_ring_ll128_premulsum_f16_0_0_1.o
[ 79%] Building RCCLDEV object src/CMakeFiles/rccl_device_gfx950.dir/__/hipify/gensrc/specialized/specialized_allreduce_ring_ll128_premulsum_f16_1_0_1.o
[ 79%] Building RCCLDEV object src/CMakeFiles/rccl_device_gfx950.dir/__/hipify/gensrc/specialized/specialized_allreduce_ring_ll128_premulsum_f32_0_0_1.o
[ 79%] Building RCCLDEV object src/CMakeFiles/rccl_device_gfx950.dir/__/hipify/gensrc/specialized/specialized_allreduce_ring_ll128_premulsum_f32_1_0_1.o
[ 79%] Building RCCLDEV object src/CMakeFiles/rccl_device_gfx950.dir/__/hipify/gensrc/specialized/specialized_allreduce_ring_ll128_premulsum_f64_0_0_1.o
[ 79%] Building RCCLDEV object src/CMakeFiles/rccl_device_gfx950.dir/__/hipify/gensrc/specialized/specialized_allreduce_ring_ll128_premulsum_f64_1_0_1.o
[ 79%] Building RCCLDEV object src/CMakeFiles/rccl_device_gfx950.dir/__/hipify/gensrc/specialized/specialized_allreduce_ring_ll128_premulsum_bf16_0_0_1.o
[ 79%] Building RCCLDEV object src/CMakeFiles/rccl_device_gfx950.dir/__/hipify/gensrc/specialized/specialized_allreduce_ring_ll128_premulsum_bf16_1_0_1.o
[ 79%] Building RCCLDEV object src/CMakeFiles/rccl_device_gfx950.dir/__/hipify/gensrc/specialized/specialized_allreduce_ring_ll128_sumpostdiv_u8_0_0_1.o
[ 79%] Building RCCLDEV object src/CMakeFiles/rccl_device_gfx950.dir/__/hipify/gensrc/specialized/specialized_allreduce_ring_ll128_sumpostdiv_u8_1_0_1.o
[ 79%] Building RCCLDEV object src/CMakeFiles/rccl_device_gfx950.dir/__/hipify/gensrc/specialized/specialized_allreduce_ring_ll128_sumpostdiv_u32_0_0_1.o
[ 79%] Building RCCLDEV object src/CMakeFiles/rccl_device_gfx950.dir/__/hipify/gensrc/specialized/specialized_allreduce_ring_ll128_sumpostdiv_u32_1_0_1.o
[ 79%] Building RCCLDEV object src/CMakeFiles/rccl_device_gfx950.dir/__/hipify/gensrc/specialized/specialized_allreduce_ring_ll128_sumpostdiv_u64_0_0_1.o
[ 79%] Building RCCLDEV object src/CMakeFiles/rccl_device_gfx950.dir/__/hipify/gensrc/specialized/specialized_allreduce_ring_ll128_sumpostdiv_u64_1_0_1.o
[ 79%] Building RCCLDEV object src/CMakeFiles/rccl_device_gfx950.dir/__/hipify/gensrc/specialized/specialized_allgather_pat_ll128_sum_i8_0_0_4.o
[ 79%] Building RCCLDEV object src/CMakeFiles/rccl_device_gfx950.dir/__/hipify/gensrc/specialized/specialized_reducescatter_pat_ll128_sum_u8_0_0_4.o
[ 79%] Building RCCLDEV object src/CMakeFiles/rccl_device_gfx950.dir/__/hipify/gensrc/specialized/specialized_reducescatter_pat_ll128_sum_u32_0_0_4.o
[ 79%] Building RCCLDEV object src/CMakeFiles/rccl_device_gfx950.dir/__/hipify/gensrc/specialized/specialized_reducescatter_pat_ll128_sum_u64_0_0_4.o
[ 79%] Building RCCLDEV object src/CMakeFiles/rccl_device_gfx950.dir/__/hipify/gensrc/specialized/specialized_reducescatter_pat_ll128_sum_f16_0_0_4.o
[ 79%] Building RCCLDEV object src/CMakeFiles/rccl_device_gfx950.dir/__/hipify/gensrc/specialized/specialized_reducescatter_pat_ll128_sum_f32_0_0_4.o
[ 79%] Building RCCLDEV object src/CMakeFiles/rccl_device_gfx950.dir/__/hipify/gensrc/specialized/specialized_reducescatter_pat_ll128_sum_f64_0_0_4.o
[ 79%] Building RCCLDEV object src/CMakeFiles/rccl_device_gfx950.dir/__/hipify/gensrc/specialized/specialized_reducescatter_pat_ll128_sum_bf16_0_0_4.o
[ 79%] Building RCCLDEV object src/CMakeFiles/rccl_device_gfx950.dir/__/hipify/gensrc/specialized/specialized_reducescatter_pat_ll128_prod_u8_0_0_4.o
[ 79%] Building RCCLDEV object src/CMakeFiles/rccl_device_gfx950.dir/__/hipify/gensrc/specialized/specialized_reducescatter_pat_ll128_prod_u32_0_0_4.o
[ 79%] Building RCCLDEV object src/CMakeFiles/rccl_device_gfx950.dir/__/hipify/gensrc/specialized/specialized_reducescatter_pat_ll128_prod_u64_0_0_4.o
[ 79%] Building RCCLDEV object src/CMakeFiles/rccl_device_gfx950.dir/__/hipify/gensrc/specialized/specialized_reducescatter_pat_ll128_prod_f16_0_0_4.o
[ 79%] Building RCCLDEV object src/CMakeFiles/rccl_device_gfx950.dir/__/hipify/gensrc/specialized/specialized_reducescatter_pat_ll128_prod_f32_0_0_4.o
[ 79%] Building RCCLDEV object src/CMakeFiles/rccl_device_gfx950.dir/__/hipify/gensrc/specialized/specialized_reducescatter_pat_ll128_prod_f64_0_0_4.o
[ 79%] Building RCCLDEV object src/CMakeFiles/rccl_device_gfx950.dir/__/hipify/gensrc/specialized/specialized_reducescatter_pat_ll128_prod_bf16_0_0_4.o
[ 79%] Building RCCLDEV object src/CMakeFiles/rccl_device_gfx950.dir/__/hipify/gensrc/specialized/specialized_reducescatter_pat_ll128_minmax_u8_0_0_4.o
[ 79%] Building RCCLDEV object src/CMakeFiles/rccl_device_gfx950.dir/__/hipify/gensrc/specialized/specialized_reducescatter_pat_ll128_minmax_u32_0_0_4.o
[ 79%] Building RCCLDEV object src/CMakeFiles/rccl_device_gfx950.dir/__/hipify/gensrc/specialized/specialized_reducescatter_pat_ll128_minmax_u64_0_0_4.o
[ 79%] Building RCCLDEV object src/CMakeFiles/rccl_device_gfx950.dir/__/hipify/gensrc/specialized/specialized_reducescatter_pat_ll128_minmax_f16_0_0_4.o
[ 79%] Building RCCLDEV object src/CMakeFiles/rccl_device_gfx950.dir/__/hipify/gensrc/specialized/specialized_reducescatter_pat_ll128_minmax_f32_0_0_4.o
[ 79%] Building RCCLDEV object src/CMakeFiles/rccl_device_gfx950.dir/__/hipify/gensrc/specialized/specialized_reducescatter_pat_ll128_minmax_f64_0_0_4.o
[ 79%] Building RCCLDEV object src/CMakeFiles/rccl_device_gfx950.dir/__/hipify/gensrc/specialized/specialized_reducescatter_pat_ll128_minmax_bf16_0_0_4.o
[ 79%] Building RCCLDEV object src/CMakeFiles/rccl_device_gfx950.dir/__/hipify/gensrc/specialized/specialized_reducescatter_pat_ll128_premulsum_u8_0_0_4.o
[ 79%] Building RCCLDEV object src/CMakeFiles/rccl_device_gfx950.dir/__/hipify/gensrc/specialized/specialized_reducescatter_pat_ll128_premulsum_u32_0_0_4.o
[ 79%] Building RCCLDEV object src/CMakeFiles/rccl_device_gfx950.dir/__/hipify/gensrc/specialized/specialized_reducescatter_pat_ll128_premulsum_u64_0_0_4.o
[ 79%] Building RCCLDEV object src/CMakeFiles/rccl_device_gfx950.dir/__/hipify/gensrc/specialized/specialized_reducescatter_pat_ll128_premulsum_f16_0_0_4.o
[ 79%] Building RCCLDEV object src/CMakeFiles/rccl_device_gfx950.dir/__/hipify/gensrc/specialized/specialized_reducescatter_pat_ll128_premulsum_f32_0_0_4.o
[ 79%] Building RCCLDEV object src/CMakeFiles/rccl_device_gfx950.dir/__/hipify/gensrc/specialized/specialized_reducescatter_pat_ll128_premulsum_f64_0_0_4.o
[ 79%] Building RCCLDEV object src/CMakeFiles/rccl_device_gfx950.dir/__/hipify/gensrc/specialized/specialized_reducescatter_pat_ll128_premulsum_bf16_0_0_4.o
[ 79%] Building RCCLDEV object src/CMakeFiles/rccl_device_gfx950.dir/__/hipify/gensrc/specialized/specialized_reducescatter_pat_ll128_sumpostdiv_u8_0_0_4.o
[ 79%] Building RCCLDEV object src/CMakeFiles/rccl_device_gfx950.dir/__/hipify/gensrc/specialized/specialized_reducescatter_pat_ll128_sumpostdiv_u32_0_0_4.o
[ 79%] Building RCCLDEV object src/CMakeFiles/rccl_device_gfx950.dir/__/hipify/gensrc/specialized/specialized_reducescatter_pat_ll128_sumpostdiv_u64_0_0_4.o
[ 79%] Building RCCLDEV object src/CMakeFiles/rccl_device_gfx950.dir/__/hipify/gensrc/specialized/specialized_allgather_pat_ll128_sum_i8_0_0_2.o
[ 79%] Building RCCLDEV object src/CMakeFiles/rccl_device_gfx950.dir/__/hipify/gensrc/specialized/specialized_reducescatter_pat_ll128_sum_u8_0_0_2.o
[ 79%] Building RCCLDEV object src/CMakeFiles/rccl_device_gfx950.dir/__/hipify/gensrc/specialized/specialized_reducescatter_pat_ll128_sum_u32_0_0_2.o
[ 79%] Building RCCLDEV object src/CMakeFiles/rccl_device_gfx950.dir/__/hipify/gensrc/specialized/specialized_reducescatter_pat_ll128_sum_u64_0_0_2.o
[ 81%] Building RCCLDEV object src/CMakeFiles/rccl_device_gfx950.dir/__/hipify/gensrc/specialized/specialized_reducescatter_pat_ll128_sum_f16_0_0_2.o
[ 81%] Building RCCLDEV object src/CMakeFiles/rccl_device_gfx950.dir/__/hipify/gensrc/specialized/specialized_reducescatter_pat_ll128_sum_f32_0_0_2.o
[ 81%] Building RCCLDEV object src/CMakeFiles/rccl_device_gfx950.dir/__/hipify/gensrc/specialized/specialized_reducescatter_pat_ll128_sum_f64_0_0_2.o
[ 81%] Building RCCLDEV object src/CMakeFiles/rccl_device_gfx950.dir/__/hipify/gensrc/specialized/specialized_reducescatter_pat_ll128_sum_bf16_0_0_2.o
[ 81%] Building RCCLDEV object src/CMakeFiles/rccl_device_gfx950.dir/__/hipify/gensrc/specialized/specialized_reducescatter_pat_ll128_prod_u8_0_0_2.o
[ 81%] Building RCCLDEV object src/CMakeFiles/rccl_device_gfx950.dir/__/hipify/gensrc/specialized/specialized_reducescatter_pat_ll128_prod_u32_0_0_2.o
[ 81%] Building RCCLDEV object src/CMakeFiles/rccl_device_gfx950.dir/__/hipify/gensrc/specialized/specialized_reducescatter_pat_ll128_prod_u64_0_0_2.o
[ 81%] Building RCCLDEV object src/CMakeFiles/rccl_device_gfx950.dir/__/hipify/gensrc/specialized/specialized_reducescatter_pat_ll128_prod_f16_0_0_2.o
[ 81%] Building RCCLDEV object src/CMakeFiles/rccl_device_gfx950.dir/__/hipify/gensrc/specialized/specialized_reducescatter_pat_ll128_prod_f32_0_0_2.o
[ 81%] Building RCCLDEV object src/CMakeFiles/rccl_device_gfx950.dir/__/hipify/gensrc/specialized/specialized_reducescatter_pat_ll128_prod_f64_0_0_2.o
[ 81%] Building RCCLDEV object src/CMakeFiles/rccl_device_gfx950.dir/__/hipify/gensrc/specialized/specialized_reducescatter_pat_ll128_prod_bf16_0_0_2.o
[ 81%] Building RCCLDEV object src/CMakeFiles/rccl_device_gfx950.dir/__/hipify/gensrc/specialized/specialized_reducescatter_pat_ll128_minmax_u8_0_0_2.o
[ 81%] Building RCCLDEV object src/CMakeFiles/rccl_device_gfx950.dir/__/hipify/gensrc/specialized/specialized_reducescatter_pat_ll128_minmax_u32_0_0_2.o
[ 81%] Building RCCLDEV object src/CMakeFiles/rccl_device_gfx950.dir/__/hipify/gensrc/specialized/specialized_reducescatter_pat_ll128_minmax_u64_0_0_2.o
[ 81%] Building RCCLDEV object src/CMakeFiles/rccl_device_gfx950.dir/__/hipify/gensrc/specialized/specialized_reducescatter_pat_ll128_minmax_f16_0_0_2.o
[ 81%] Building RCCLDEV object src/CMakeFiles/rccl_device_gfx950.dir/__/hipify/gensrc/specialized/specialized_reducescatter_pat_ll128_minmax_f32_0_0_2.o
[ 81%] Building RCCLDEV object src/CMakeFiles/rccl_device_gfx950.dir/__/hipify/gensrc/specialized/specialized_reducescatter_pat_ll128_minmax_f64_0_0_2.o
[ 81%] Building RCCLDEV object src/CMakeFiles/rccl_device_gfx950.dir/__/hipify/gensrc/specialized/specialized_reducescatter_pat_ll128_premulsum_u8_0_0_2.o
[ 81%] Building RCCLDEV object src/CMakeFiles/rccl_device_gfx950.dir/__/hipify/gensrc/specialized/specialized_reducescatter_pat_ll128_minmax_bf16_0_0_2.o
[ 81%] Building RCCLDEV object src/CMakeFiles/rccl_device_gfx950.dir/__/hipify/gensrc/specialized/specialized_reducescatter_pat_ll128_premulsum_u32_0_0_2.o
[ 81%] Building RCCLDEV object src/CMakeFiles/rccl_device_gfx950.dir/__/hipify/gensrc/specialized/specialized_reducescatter_pat_ll128_premulsum_u64_0_0_2.o
[ 81%] Building RCCLDEV object src/CMakeFiles/rccl_device_gfx950.dir/__/hipify/gensrc/specialized/specialized_reducescatter_pat_ll128_premulsum_f16_0_0_2.o
[ 81%] Building RCCLDEV object src/CMakeFiles/rccl_device_gfx950.dir/__/hipify/gensrc/specialized/specialized_reducescatter_pat_ll128_premulsum_f32_0_0_2.o
[ 81%] Building RCCLDEV object src/CMakeFiles/rccl_device_gfx950.dir/__/hipify/gensrc/specialized/specialized_reducescatter_pat_ll128_premulsum_f64_0_0_2.o
[ 81%] Building RCCLDEV object src/CMakeFiles/rccl_device_gfx950.dir/__/hipify/gensrc/specialized/specialized_reducescatter_pat_ll128_premulsum_bf16_0_0_2.o
[ 81%] Building RCCLDEV object src/CMakeFiles/rccl_device_gfx950.dir/__/hipify/gensrc/specialized/specialized_reducescatter_pat_ll128_sumpostdiv_u32_0_0_2.o
[ 81%] Building RCCLDEV object src/CMakeFiles/rccl_device_gfx950.dir/__/hipify/gensrc/specialized/specialized_reducescatter_pat_ll128_sumpostdiv_u8_0_0_2.o
[ 81%] Building RCCLDEV object src/CMakeFiles/rccl_device_gfx950.dir/__/hipify/gensrc/specialized/specialized_reducescatter_pat_ll128_sumpostdiv_u64_0_0_2.o
[ 81%] Building RCCLDEV object src/CMakeFiles/rccl_device_gfx950.dir/__/hipify/gensrc/specialized/specialized_allgather_pat_ll128_sum_i8_0_0_1.o
[ 81%] Building RCCLDEV object src/CMakeFiles/rccl_device_gfx950.dir/__/hipify/gensrc/specialized/specialized_reducescatter_pat_ll128_sum_u32_0_0_1.o
[ 81%] Building RCCLDEV object src/CMakeFiles/rccl_device_gfx950.dir/__/hipify/gensrc/specialized/specialized_reducescatter_pat_ll128_sum_u8_0_0_1.o
[ 81%] Building RCCLDEV object src/CMakeFiles/rccl_device_gfx950.dir/__/hipify/gensrc/specialized/specialized_reducescatter_pat_ll128_sum_u64_0_0_1.o
[ 81%] Building RCCLDEV object src/CMakeFiles/rccl_device_gfx950.dir/__/hipify/gensrc/specialized/specialized_reducescatter_pat_ll128_sum_f16_0_0_1.o
[ 81%] Building RCCLDEV object src/CMakeFiles/rccl_device_gfx950.dir/__/hipify/gensrc/specialized/specialized_reducescatter_pat_ll128_sum_f32_0_0_1.o
[ 81%] Building RCCLDEV object src/CMakeFiles/rccl_device_gfx950.dir/__/hipify/gensrc/specialized/specialized_reducescatter_pat_ll128_sum_f64_0_0_1.o
[ 81%] Building RCCLDEV object src/CMakeFiles/rccl_device_gfx950.dir/__/hipify/gensrc/specialized/specialized_reducescatter_pat_ll128_sum_bf16_0_0_1.o
[ 81%] Building RCCLDEV object src/CMakeFiles/rccl_device_gfx950.dir/__/hipify/gensrc/specialized/specialized_reducescatter_pat_ll128_prod_u8_0_0_1.o
[ 81%] Building RCCLDEV object src/CMakeFiles/rccl_device_gfx950.dir/__/hipify/gensrc/specialized/specialized_reducescatter_pat_ll128_prod_u32_0_0_1.o
[ 81%] Building RCCLDEV object src/CMakeFiles/rccl_device_gfx950.dir/__/hipify/gensrc/specialized/specialized_reducescatter_pat_ll128_prod_u64_0_0_1.o
[ 81%] Building RCCLDEV object src/CMakeFiles/rccl_device_gfx950.dir/__/hipify/gensrc/specialized/specialized_reducescatter_pat_ll128_prod_f16_0_0_1.o
[ 81%] Building RCCLDEV object src/CMakeFiles/rccl_device_gfx950.dir/__/hipify/gensrc/specialized/specialized_reducescatter_pat_ll128_prod_f32_0_0_1.o
[ 81%] Building RCCLDEV object src/CMakeFiles/rccl_device_gfx950.dir/__/hipify/gensrc/specialized/specialized_reducescatter_pat_ll128_prod_f64_0_0_1.o
[ 81%] Building RCCLDEV object src/CMakeFiles/rccl_device_gfx950.dir/__/hipify/gensrc/specialized/specialized_reducescatter_pat_ll128_prod_bf16_0_0_1.o
[ 81%] Building RCCLDEV object src/CMakeFiles/rccl_device_gfx950.dir/__/hipify/gensrc/specialized/specialized_reducescatter_pat_ll128_minmax_u8_0_0_1.o
[ 81%] Building RCCLDEV object src/CMakeFiles/rccl_device_gfx950.dir/__/hipify/gensrc/specialized/specialized_reducescatter_pat_ll128_minmax_u32_0_0_1.o
[ 81%] Building RCCLDEV object src/CMakeFiles/rccl_device_gfx950.dir/__/hipify/gensrc/specialized/specialized_reducescatter_pat_ll128_minmax_u64_0_0_1.o
[ 81%] Building RCCLDEV object src/CMakeFiles/rccl_device_gfx950.dir/__/hipify/gensrc/specialized/specialized_reducescatter_pat_ll128_minmax_f16_0_0_1.o
[ 81%] Building RCCLDEV object src/CMakeFiles/rccl_device_gfx950.dir/__/hipify/gensrc/specialized/specialized_reducescatter_pat_ll128_minmax_f32_0_0_1.o
[ 81%] Building RCCLDEV object src/CMakeFiles/rccl_device_gfx950.dir/__/hipify/gensrc/specialized/specialized_reducescatter_pat_ll128_minmax_f64_0_0_1.o
[ 81%] Building RCCLDEV object src/CMakeFiles/rccl_device_gfx950.dir/__/hipify/gensrc/specialized/specialized_reducescatter_pat_ll128_minmax_bf16_0_0_1.o
[ 81%] Building RCCLDEV object src/CMakeFiles/rccl_device_gfx950.dir/__/hipify/gensrc/specialized/specialized_reducescatter_pat_ll128_premulsum_u32_0_0_1.o
[ 81%] Building RCCLDEV object src/CMakeFiles/rccl_device_gfx950.dir/__/hipify/gensrc/specialized/specialized_reducescatter_pat_ll128_premulsum_u8_0_0_1.o
[ 81%] Building RCCLDEV object src/CMakeFiles/rccl_device_gfx950.dir/__/hipify/gensrc/specialized/specialized_reducescatter_pat_ll128_premulsum_u64_0_0_1.o
[ 81%] Building RCCLDEV object src/CMakeFiles/rccl_device_gfx950.dir/__/hipify/gensrc/specialized/specialized_reducescatter_pat_ll128_premulsum_f16_0_0_1.o
[ 81%] Building RCCLDEV object src/CMakeFiles/rccl_device_gfx950.dir/__/hipify/gensrc/specialized/specialized_reducescatter_pat_ll128_premulsum_f32_0_0_1.o
[ 81%] Building RCCLDEV object src/CMakeFiles/rccl_device_gfx950.dir/__/hipify/gensrc/specialized/specialized_reducescatter_pat_ll128_premulsum_f64_0_0_1.o
[ 81%] Building RCCLDEV object src/CMakeFiles/rccl_device_gfx950.dir/__/hipify/gensrc/specialized/specialized_reducescatter_pat_ll128_premulsum_bf16_0_0_1.o
[ 81%] Building RCCLDEV object src/CMakeFiles/rccl_device_gfx950.dir/__/hipify/gensrc/specialized/specialized_reducescatter_pat_ll128_sumpostdiv_u8_0_0_1.o
[ 81%] Building RCCLDEV object src/CMakeFiles/rccl_device_gfx950.dir/__/hipify/gensrc/specialized/specialized_reducescatter_pat_ll128_sumpostdiv_u64_0_0_1.o
[ 81%] Building RCCLDEV object src/CMakeFiles/rccl_device_gfx950.dir/__/hipify/gensrc/specialized/specialized_reducescatter_pat_ll128_sumpostdiv_u32_0_0_1.o
[ 81%] Built target rccl_device_gfx950
[ 81%] DL compile: collectives.cc (has __global__ kernel, header-tracking via DEPFILE)
[ 81%] DL compile: dda_quick_reduce_ipc.cu.cpp (has device kernels)
[ 81%] DL host compile: common.cu.cpp with embedded device binary
[ 81%] DL compile: sym all_reduce_sum_f32 (multi-arch fat object)
[ 81%] DL compile: sym all_gather (multi-arch fat object)
[ 81%] DL compile: sym all_reduce_sum_bf16 (multi-arch fat object)
[ 81%] DL compile: sym all_reduce (multi-arch fat object)
[ 81%] DL compile: sym reduce_scatter (multi-arch fat object)
[ 81%] DL compile: sym all_reduce_sum_f16 (multi-arch fat object)
[ 81%] DL compile: sym all_reduce_sum_f8e5m2 (multi-arch fat object)
[ 81%] DL compile: sym all_reduce_sum_f8e4m3 (multi-arch fat object)
[ 81%] DL compile: sym reduce_scatter_avg_bf16 (multi-arch fat object)
[ 81%] DL compile: sym reduce_scatter_avg_f16 (multi-arch fat object)
[ 81%] DL compile: sym reduce_scatter_avg_f8e5m2 (multi-arch fat object)
[ 81%] DL compile: sym reduce_scatter_avg_f8e4m3 (multi-arch fat object)
[ 81%] DL compile: sym reduce_scatter_avg_f32 (multi-arch fat object)
[ 81%] DL compile: sym reduce_scatter_gin_avg_bf16 (multi-arch fat object)
[ 81%] DL compile: sym reduce_scatter_gin_avg_f16 (multi-arch fat object)
[ 81%] DL compile: sym reduce_scatter_gin_avg_f32 (multi-arch fat object)
[ 81%] DL compile: sym reduce_scatter_gin_avg_f8e4m3 (multi-arch fat object)
[ 83%] DL compile: sym reduce_scatter_gin_sum_f16 (multi-arch fat object)
[ 83%] DL compile: sym reduce_scatter_gin_avg_f8e5m2 (multi-arch fat object)
[ 83%] DL compile: sym reduce_scatter_gin_sum_bf16 (multi-arch fat object)
[ 83%] DL compile: sym reduce_scatter_sum_bf16 (multi-arch fat object)
[ 83%] DL compile: sym reduce_scatter_gin_sum_f32 (multi-arch fat object)
[ 83%] DL compile: sym reduce_scatter_gin_sum_f8e4m3 (multi-arch fat object)
[ 83%] DL compile: sym reduce_scatter_sum_f8e4m3 (multi-arch fat object)
[ 83%] DL compile: sym reduce_scatter_sum_f8e5m2 (multi-arch fat object)
[ 83%] DL compile: sym reduce_scatter_gin_sum_f8e5m2 (multi-arch fat object)
[ 83%] DL compile: sym reduce_scatter_sum_f32 (multi-arch fat object)
[ 83%] DL compile: sym reduce_scatter_sum_f16 (multi-arch fat object)
[ 83%] Built target device_linker_build
[ 83%] Building CXX object src/CMakeFiles/rccl.dir/__/hipify/src/allocator.cc.o
[ 83%] Building CXX object src/CMakeFiles/rccl.dir/__/hipify/src/bootstrap.cc.o
[ 83%] Building CXX object src/CMakeFiles/rccl.dir/__/hipify/src/channel.cc.o
[ 83%] Building CXX object src/CMakeFiles/rccl.dir/__/hipify/src/ce_coll.cc.o
[ 83%] Building CXX object src/CMakeFiles/rccl.dir/__/hipify/src/debug.cc.o
[ 83%] Building CXX object src/CMakeFiles/rccl.dir/__/hipify/src/dev_runtime.cc.o
[ 83%] Building CXX object src/CMakeFiles/rccl.dir/__/hipify/src/device_buffer.cc.o
[ 83%] Building CXX object src/CMakeFiles/rccl.dir/__/hipify/src/commDump.cc.o
[ 83%] Building CXX object src/CMakeFiles/rccl.dir/__/hipify/src/mem_manager.cc.o
[ 83%] Building CXX object src/CMakeFiles/rccl.dir/__/hipify/src/ipc_gpu_barrier.cu.cpp.o
[ 83%] Building CXX object src/CMakeFiles/rccl.dir/__/hipify/src/enqueue.cc.o
[ 83%] Building CXX object src/CMakeFiles/rccl.dir/__/hipify/src/ipc_mem_handler.cc.o
[ 83%] Building CXX object src/CMakeFiles/rccl.dir/__/hipify/src/group.cc.o
[ 83%] Building CXX object src/CMakeFiles/rccl.dir/__/hipify/src/proxy.cc.o
[ 83%] Building CXX object src/CMakeFiles/rccl.dir/__/hipify/src/ipc_init.cu.cpp.o
[ 83%] Building CXX object src/CMakeFiles/rccl.dir/__/hipify/src/transport.cc.o
[ 83%] Building CXX object src/CMakeFiles/rccl.dir/__/hipify/src/init.cc.o
[ 84%] Building CXX object src/CMakeFiles/rccl.dir/__/hipify/src/rccl_wrap.cc.o
[ 84%] Building CXX object src/CMakeFiles/rccl.dir/__/hipify/src/mnnvl.cc.o
[ 84%] Building CXX object src/CMakeFiles/rccl.dir/__/hipify/src/init_nvtx.cc.o
[ 84%] Building CXX object src/CMakeFiles/rccl.dir/__/hipify/src/graph/connect.cc.o
[ 84%] Building CXX object src/CMakeFiles/rccl.dir/__/hipify/src/sym_kernels.cc.o
[ 84%] Building CXX object src/CMakeFiles/rccl.dir/__/hipify/src/graph/paths.cc.o
clang++: warning: argument unused during compilation: '--offload-compress' [-Wunused-command-line-argument]
clang++: warning: argument unused during compilation: '--offload-compress' [-Wunused-command-line-argument]
clang++: warning: argument unused during compilation: '--offload-compress' [-Wunused-command-line-argument]
clang++clang++: : warning: warning: argument unused during compilation: '--offload-compress' [-Wunused-command-line-argument]argument unused during compilation: '--offload-compress' [-Wunused-command-line-argument]

[ 84%] Building CXX object src/CMakeFiles/rccl.dir/__/hipify/src/graph/rings.cc.o
clang++: warning: argument unused during compilation: '--offload-compress' [-Wunused-command-line-argument]
[ 84%] Building CXX object src/CMakeFiles/rccl.dir/__/hipify/src/graph/rome_models.cc.o
[ 84%] Building CXX object src/CMakeFiles/rccl.dir/__/hipify/src/graph/topo.cc.o
[ 84%] Building CXX object src/CMakeFiles/rccl.dir/__/hipify/src/graph/rome_topo_consensus.cc.o
[ 84%] Building CXX object src/CMakeFiles/rccl.dir/__/hipify/src/graph/trees.cc.o
[ 84%] Building CXX object src/CMakeFiles/rccl.dir/__/hipify/src/graph/search.cc.o
clang++: warning: argument unused during compilation: '--offload-compress' [-Wunused-command-line-argument]
[ 84%] Building CXX object src/CMakeFiles/rccl.dir/__/hipify/src/graph/tuning.cc.o
clang++: warning: argument unused during compilation: '--offload-compress' [-Wunused-command-line-argument]
[ 84%] Building CXX object src/CMakeFiles/rccl.dir/__/hipify/src/misc/archinfo.cc.o
clang++: warning: argument unused during compilation: '--offload-compress' [-Wunused-command-line-argument]
[ 84%] Building CXX object src/CMakeFiles/rccl.dir/__/hipify/src/misc/argcheck.cc.o
clang++clang++[ 84%] Building CXX object src/CMakeFiles/rccl.dir/__/hipify/src/misc/alt_rsmi.cc.o
[ 84%] Building CXX object src/CMakeFiles/rccl.dir/__/hipify/src/graph/xml.cc.o
: : warning: argument unused during compilation: '--offload-compress' [-Wunused-command-line-argument]
warning: argument unused during compilation: '--offload-compress' [-Wunused-command-line-argument]
clang++clang++[ 84%] Building CXX object src/CMakeFiles/rccl.dir/__/hipify/src/misc/ionicdvsymbols.cc.o
[ 84%] Building CXX object src/CMakeFiles/rccl.dir/__/hipify/src/misc/ibvsymbols.cc.o
[ 84%] Building CXX object src/CMakeFiles/rccl.dir/__/hipify/src/misc/api_trace.cc.o
: : [ 84%] Building CXX object src/CMakeFiles/rccl.dir/__/hipify/src/misc/ibvwrap.cc.o
warning: warning: argument unused during compilation: '--offload-compress' [-Wunused-command-line-argument]argument unused during compilation: '--offload-compress' [-Wunused-command-line-argument]

[ 84%] Building CXX object src/CMakeFiles/rccl.dir/__/hipify/src/os/linux_ipcsocket.cc.o
clang++: warning: argument unused during compilation: '--offload-compress' [-Wunused-command-line-argument]
[ 84%] Building CXX object src/CMakeFiles/rccl.dir/__/hipify/src/misc/mlx5dvwrap.cc.o
clang++: warning: argument unused during compilation: '--offload-compress' [-Wunused-command-line-argument]
[ 84%] Building CXX object src/CMakeFiles/rccl.dir/__/hipify/src/misc/mlx5dvsymbols.cc.o
clang++[ 84%] Building CXX object src/CMakeFiles/rccl.dir/__/hipify/src/misc/ionicdvwrap.cc.o
[ 84%] Building CXX object src/CMakeFiles/rccl.dir/__/hipify/src/misc/nvmlwrap_stub.cc.o
: warning: argument unused during compilation: '--offload-compress' [-Wunused-command-line-argument]
clang++: warning: argument unused during compilation: '--offload-compress' [-Wunused-command-line-argument]
clang++: warning: argument unused during compilation: '--offload-compress' [-Wunused-command-line-argument]
clang++: warning: argument unused during compilation: '--offload-compress' [-Wunused-command-line-argument]
clang++: warning: argument unused during compilation: '--offload-compress' [-Wunused-command-line-argument]
[ 84%] Building CXX object src/CMakeFiles/rccl.dir/__/hipify/src/misc/kernel_config.cc.o
clang++: warning: argument unused during compilation: '--offload-compress' [-Wunused-command-line-argument]
clang++: warning: argument unused during compilation: '--offload-compress' [-Wunused-command-line-argument]
clang++: warning: argument unused during compilation: '--offload-compress' [-Wunused-command-line-argument]
clang++: warning: argument unused during compilation: '--offload-compress' [-Wunused-command-line-argument]
clang++: warning: argument unused during compilation: '--offload-compress' [-Wunused-command-line-argument]
clang++: warning: argument unused during compilation: '--offload-compress' [-Wunused-command-line-argument]
clang++: warning: argument unused during compilation: '--offload-compress' [-Wunused-command-line-argument]
[ 84%] Building CXX object src/CMakeFiles/rccl.dir/__/hipify/src/misc/strongstream.cc.o
clang++[ 84%] Building CXX object src/CMakeFiles/rccl.dir/__/hipify/src/misc/param.cc.o
: [ 84%] Building CXX object src/CMakeFiles/rccl.dir/__/hipify/src/misc/rocmwrap.cc.o
[ 84%] Building CXX object src/CMakeFiles/rccl.dir/__/hipify/src/misc/signals.cc.o
warning: argument unused during compilation: '--offload-compress' [-Wunused-command-line-argument]
[ 84%] Building CXX object src/CMakeFiles/rccl.dir/__/hipify/src/misc/roctx.cc.o
[ 84%] Building CXX object src/CMakeFiles/rccl.dir/__/hipify/src/misc/recorder.cc.o
[ 84%] Building CXX object src/CMakeFiles/rccl.dir/__/hipify/src/nccl_device/gin_barrier.cc.o
[ 84%] Building CXX object src/CMakeFiles/rccl.dir/__/hipify/src/misc/shmutils.cc.o
[ 84%] Building CXX object src/CMakeFiles/rccl.dir/__/hipify/src/misc/socket.cc.o
[ 84%] Building CXX object src/CMakeFiles/rccl.dir/__/hipify/src/nccl_device/lsa_barrier.cc.o
[ 84%] Building CXX object src/CMakeFiles/rccl.dir/__/hipify/src/nccl_device/gin_scratch.cc.o
clang++: warning: argument unused during compilation: '--offload-compress' [-Wunused-command-line-argument]
[ 84%] Building CXX object src/CMakeFiles/rccl.dir/__/hipify/src/misc/utils.cc.o
[ 84%] Building CXX object src/CMakeFiles/rccl.dir/__/hipify/src/os/linux.cc.o
clang++: warning: argument unused during compilation: '--offload-compress' [-Wunused-command-line-argument]
[ 84%] Building CXX object src/CMakeFiles/rccl.dir/__/hipify/src/nccl_device/ll_a2a.cc.o
[ 84%] Building CXX object src/CMakeFiles/rccl.dir/__/hipify/src/param/c_api.cc.o
[ 84%] Building CXX object src/CMakeFiles/rccl.dir/__/hipify/src/nccl_device/core.cc.o
clang++: warning: argument unused during compilation: '--offload-compress' [-Wunused-command-line-argument]
[ 84%] Building CXX object src/CMakeFiles/rccl.dir/__/hipify/src/rma/rma.cc.o
clang++: warning: argument unused during compilation: '--offload-compress' [-Wunused-command-line-argument]
[ 84%] Building CXX object src/CMakeFiles/rccl.dir/__/hipify/src/param/param_tmp.cc.o
clang++: warning: argument unused during compilation: '--offload-compress' [-Wunused-command-line-argument]
clang++: warning: argument unused during compilation: '--offload-compress' [-Wunused-command-line-argument]
[ 84%] Building CXX object src/CMakeFiles/rccl.dir/__/hipify/src/param/param_registry.cc.o
[ 84%] Building CXX object src/CMakeFiles/rccl.dir/__/hipify/src/rma/rma_ce.cc.o
clang++: warning: argument unused during compilation: '--offload-compress' [-Wunused-command-line-argument]
clang++: warning: argument unused during compilation: '--offload-compress' [-Wunused-command-line-argument]
clang++: warning: argument unused during compilation: '--offload-compress' [-Wunused-command-line-argument]
clang++: warning: argument unused during compilation: '--offload-compress' [-Wunused-command-line-argument]
clang++: warning: argument unused during compilation: '--offload-compress' [-Wunused-command-line-argument]
clang++: warning: argument unused during compilation: '--offload-compress' [-Wunused-command-line-argument]
clang++clang++: : warning: warning: argument unused during compilation: '--offload-compress' [-Wunused-command-line-argument]argument unused during compilation: '--offload-compress' [-Wunused-command-line-argument]

clang++: warning: argument unused during compilation: '--offload-compress' [-Wunused-command-line-argument]
clang++: warning: argument unused during compilation: '--offload-compress' [-Wunused-command-line-argument]
clang++: warning: argument unused during compilation: '--offload-compress' [-Wunused-command-line-argument]
clang++: warning: argument unused during compilation: '--offload-compress' [-Wunused-command-line-argument]
clang++: warning: argument unused during compilation: '--offload-compress' [-Wunused-command-line-argument]
clang++clang++: : warning: warning: argument unused during compilation: '--offload-compress' [-Wunused-command-line-argument]argument unused during compilation: '--offload-compress' [-Wunused-command-line-argument]

clang++: warning: argument unused during compilation: '--offload-compress' [-Wunused-command-line-argument]
clang++: warning: argument unused during compilation: '--offload-compress' [-Wunused-command-line-argument]
clang++: warning: argument unused during compilation: '--offload-compress' [-Wunused-command-line-argument]
clang++: warning: argument unused during compilation: '--offload-compress' [-Wunused-command-line-argument]
clang++clang++clang++clang++: : : : warning: warning: warning: warning: argument unused during compilation: '--offload-compress' [-Wunused-command-line-argument]argument unused during compilation: '--offload-compress' [-Wunused-command-line-argument]argument unused during compilation: '--offload-compress' [-Wunused-command-line-argument]argument unused during compilation: '--offload-compress' [-Wunused-command-line-argument]



clang++: warning: argument unused during compilation: '--offload-compress' [-Wunused-command-line-argument]
clang++: warning: argument unused during compilation: '--offload-compress' [-Wunused-command-line-argument]
clang++clang++: : warning: warning: argument unused during compilation: '--offload-compress' [-Wunused-command-line-argument]argument unused during compilation: '--offload-compress' [-Wunused-command-line-argument]

clang++: warning: argument unused during compilation: '--offload-compress' [-Wunused-command-line-argument]
clang++: warning: argument unused during compilation: '--offload-compress' [-Wunused-command-line-argument]
clang++: warning: argument unused during compilation: '--offload-compress' [-Wunused-command-line-argument]
[ 84%] Building CXX object src/CMakeFiles/rccl.dir/__/hipify/src/rma/rma_proxy.cc.o
clang++: warning: argument unused during compilation: '--offload-compress' [-Wunused-command-line-argument]
In file included from /home/yelkhamr/dark-factory/rocm-systems/projects/rccl/build/release/hipify/src/sym_kernels.cc:9:
In file included from /home/yelkhamr/dark-factory/rocm-systems/projects/rccl/build/release/hipify/src/include/sym_kernels.h:11:
In file included from /home/yelkhamr/dark-factory/rocm-systems/projects/rccl/build/release/hipify/src/include/nccl_device.h:10:
In file included from /home/yelkhamr/dark-factory/rocm-systems/projects/rccl/build/release/hipify/src/include/nccl_device/impl/barrier__funcs.h:12:
In file included from /home/yelkhamr/dark-factory/rocm-systems/projects/rccl/build/release/hipify/src/include/nccl_device/impl/barrier__types.h:10:
In file included from /home/yelkhamr/dark-factory/rocm-systems/projects/rccl/build/release/hipify/src/include/nccl_device/impl/../barrier.h:11:
/home/yelkhamr/dark-factory/rocm-systems/projects/rccl/build/release/hipify/src/include/nccl_device/impl/../impl/core__types.h:26:9: warning: 'NCCL_GIN_MAX_CONNECTIONS' macro redefined [-Wmacro-redefined]
   26 | #define NCCL_GIN_MAX_CONNECTIONS 4
      |         ^
/home/yelkhamr/dark-factory/rocm-systems/projects/rccl/build/release/include/nccl_device/gin/gin_device_host_common.h:18:9: note: previous definition is here
   18 | #define NCCL_GIN_MAX_CONNECTIONS NCCL_GIN_MAX_CONTEXTS
      |         ^
In file included from /home/yelkhamr/dark-factory/rocm-systems/projects/rccl/build/release/hipify/src/dev_runtime.cc:9:
In file included from /home/yelkhamr/dark-factory/rocm-systems/projects/rccl/build/release/hipify/src/include/dev_runtime.h:11:
In file included from /home/yelkhamr/dark-factory/rocm-systems/projects/rccl/build/release/hipify/src/include/nccl_device.h:10:
In file included from /home/yelkhamr/dark-factory/rocm-systems/projects/rccl/build/release/hipify/src/include/nccl_device/impl/barrier__funcs.h:12:
In file included from /home/yelkhamr/dark-factory/rocm-systems/projects/rccl/build/release/hipify/src/include/nccl_device/impl/barrier__types.h:10:
In file included from /home/yelkhamr/dark-factory/rocm-systems/projects/rccl/build/release/hipify/src/include/nccl_device/impl/../barrier.h:11:
/home/yelkhamr/dark-factory/rocm-systems/projects/rccl/build/release/hipify/src/include/nccl_device/impl/../impl/core__types.h:26:9: warning: 'NCCL_GIN_MAX_CONNECTIONS' macro redefined [-Wmacro-redefined]
   26 | #define NCCL_GIN_MAX_CONNECTIONS 4
      |         ^
/home/yelkhamr/dark-factory/rocm-systems/projects/rccl/build/release/include/nccl_device/gin/gin_device_host_common.h:18:9: note: previous definition is here
   18 | #define NCCL_GIN_MAX_CONNECTIONS NCCL_GIN_MAX_CONTEXTS
      |         ^
In file included from /home/yelkhamr/dark-factory/rocm-systems/projects/rccl/build/release/hipify/src/sym_kernels.cc:9:
In file included from /home/yelkhamr/dark-factory/rocm-systems/projects/rccl/build/release/hipify/src/include/sym_kernels.h:11:
In file included from /home/yelkhamr/dark-factory/rocm-systems/projects/rccl/build/release/hipify/src/include/nccl_device.h:16:
/home/yelkhamr/dark-factory/rocm-systems/projects/rccl/build/release/hipify/src/include/nccl_device/impl/gin__funcs.h:413:60: warning: result of comparison of constant 3 with expression of type 'const hipMemLocationType' is always false [-Wtautological-constant-out-of-range-compare]
  413 |           if (!doneSysmemFence && srcSegmentWindow.memType == CU_MEM_LOCATION_TYPE_HOST_NUMA) {
      |                                   ~~~~~~~~~~~~~~~~~~~~~~~~ ^  ~~~~~~~~~~~~~~~~~~~~~~~~~~~~~~
[ 84%] Building CXX object src/CMakeFiles/rccl.dir/__/hipify/src/rma/rma_proxy_launch.cc.o
In file included from /home/yelkhamr/dark-factory/rocm-systems/projects/rccl/build/release/hipify/src/dev_runtime.cc:9:
In file included from /home/yelkhamr/dark-factory/rocm-systems/projects/rccl/build/release/hipify/src/include/dev_runtime.h:11:
In file included from /home/yelkhamr/dark-factory/rocm-systems/projects/rccl/build/release/hipify/src/include/nccl_device.h:16:
/home/yelkhamr/dark-factory/rocm-systems/projects/rccl/build/release/hipify/src/include/nccl_device/impl/gin__funcs.h:413:60: warning: result of comparison of constant 3 with expression of type 'const hipMemLocationType' is always false [-Wtautological-constant-out-of-range-compare]
  413 |           if (!doneSysmemFence && srcSegmentWindow.memType == CU_MEM_LOCATION_TYPE_HOST_NUMA) {
      |                                   ~~~~~~~~~~~~~~~~~~~~~~~~ ^  ~~~~~~~~~~~~~~~~~~~~~~~~~~~~~~
clang++: warning: argument unused during compilation: '--offload-compress' [-Wunused-command-line-argument]
[ 84%] Building CXX object src/CMakeFiles/rccl.dir/__/hipify/src/rma/rma_proxy_progress.cc.o
clang++: warning: argument unused during compilation: '--offload-compress' [-Wunused-command-line-argument]
[ 84%] Building CXX object src/CMakeFiles/rccl.dir/__/hipify/src/plugin/net.cc.o
[ 84%] Building CXX object src/CMakeFiles/rccl.dir/__/hipify/src/plugin/env.cc.o
clang++: warning: argument unused during compilation: '--offload-compress' [-Wunused-command-line-argument]
In file included from /home/yelkhamr/dark-factory/rocm-systems/projects/rccl/build/release/hipify/src/ipc_gpu_barrier.cu.cpp:12:
/home/yelkhamr/dark-factory/rocm-systems/projects/rccl/build/release/hipify/src/include/ipc_gpu_barrier.h:85:7: warning: private field 'nBlocks_' is not used [-Wunused-private-field]
   85 |   int nBlocks_;
      |       ^
/home/yelkhamr/dark-factory/rocm-systems/projects/rccl/build/release/hipify/src/include/ipc_gpu_barrier.h:157:7: warning: private field 'nBlocks_' is not used [-Wunused-private-field]
  157 |   int nBlocks_{-1};
      |       ^
clang++: warning: argument unused during compilation: '--offload-compress' [-Wunused-command-line-argument]
[ 84%] Building CXX object src/CMakeFiles/rccl.dir/__/hipify/src/plugin/env/env_v1.cc.o
clang++: warning: argument unused during compilation: '--offload-compress' [-Wunused-command-line-argument]
2 warnings generated when compiling for host.
[ 84%] Building CXX object src/CMakeFiles/rccl.dir/__/hipify/src/plugin/plugin_open.cc.o
clang++: warning: argument unused during compilation: '--offload-compress' [-Wunused-command-line-argument]
[ 84%] Building CXX object src/CMakeFiles/rccl.dir/__/hipify/src/plugin/profiler.cc.o
[ 84%] Building CXX object src/CMakeFiles/rccl.dir/__/hipify/src/plugin/tuner.cc.o
clang++: warning: argument unused during compilation: '--offload-compress' [-Wunused-command-line-argument]
clang++: warning: argument unused during compilation: '--offload-compress' [-Wunused-command-line-argument]
[ 84%] Building CXX object src/CMakeFiles/rccl.dir/__/hipify/src/plugin/net/net_v6.cc.o
[ 84%] Building CXX object src/CMakeFiles/rccl.dir/__/hipify/src/plugin/net/net_v7.cc.o
clang++: warning: argument unused during compilation: '--offload-compress' [-Wunused-command-line-argument]
[ 84%] Building CXX object src/CMakeFiles/rccl.dir/__/hipify/src/plugin/net/net_v8.cc.o
clang++: warning: argument unused during compilation: '--offload-compress' [-Wunused-command-line-argument]
clang++: warning: argument unused during compilation: '--offload-compress' [-Wunused-command-line-argument]
In file included from /home/yelkhamr/dark-factory/rocm-systems/projects/rccl/build/release/hipify/src/nccl_device/lsa_barrier.cc:9:
In file included from /home/yelkhamr/dark-factory/rocm-systems/projects/rccl/build/release/include/nccl_device/impl/lsa_barrier__funcs.h:12:
In file included from /home/yelkhamr/dark-factory/rocm-systems/projects/rccl/build/release/include/nccl_device/impl/lsa_barrier__types.h:10:
In file included from /home/yelkhamr/dark-factory/rocm-systems/projects/rccl/build/release/include/nccl_device/impl/../lsa_barrier.h:11:
/home/yelkhamr/dark-factory/rocm-systems/projects/rccl/build/release/include/nccl_device/impl/../impl/core__types.h:26:9: warning: 'NCCL_GIN_MAX_CONNECTIONS' macro redefined [-Wmacro-redefined]
   26 | #define NCCL_GIN_MAX_CONNECTIONS 4
      |         ^
/home/yelkhamr/dark-factory/rocm-systems/projects/rccl/build/release/include/nccl_device/gin/gin_device_host_common.h:18:9: note: previous definition is here
   18 | #define NCCL_GIN_MAX_CONNECTIONS NCCL_GIN_MAX_CONTEXTS
      |         ^
In file included from /home/yelkhamr/dark-factory/rocm-systems/projects/rccl/build/release/hipify/src/nccl_device/gin_barrier.cc:9:
In file included from /home/yelkhamr/dark-factory/rocm-systems/projects/rccl/build/release/include/nccl_device/impl/gin_barrier__funcs.h:11:
In file included from /home/yelkhamr/dark-factory/rocm-systems/projects/rccl/build/release/include/nccl_device/impl/gin_barrier__types.h:11:
/home/yelkhamr/dark-factory/rocm-systems/projects/rccl/build/release/include/nccl_device/impl/core__types.h:26:9: warning: 'NCCL_GIN_MAX_CONNECTIONS' macro redefined [-Wmacro-redefined]
   26 | #define NCCL_GIN_MAX_CONNECTIONS 4
      |         ^
/home/yelkhamr/dark-factory/rocm-systems/projects/rccl/build/release/include/nccl_device/impl/../gin/gin_device_host_common.h:18:9: note: previous definition is here
   18 | #define NCCL_GIN_MAX_CONNECTIONS NCCL_GIN_MAX_CONTEXTS
      |         ^
/home/yelkhamr/dark-factory/rocm-systems/projects/rccl/build/release/hipify/src/misc/utils.cc:21:7: warning: logical not is only applied to the left hand side of this comparison [-Wlogical-not-parentheses]
   21 |   if (!CUDASUCCESS(hipGetDevice(&cudaDev))) return 0;
      |       ^~~~~~~~~~~~~~~~~~~~~~~~~~~~~~~~~~~~
/home/yelkhamr/dark-factory/rocm-systems/projects/rccl/build/release/hipify/src/misc/utils.cc:21:7: note: add parentheses after the '!' to evaluate the comparison first
   21 |   if (!CUDASUCCESS(hipGetDevice(&cudaDev))) return 0;
      |       ^                                   
      |        (                                  )
/home/yelkhamr/dark-factory/rocm-systems/projects/rccl/build/release/hipify/src/misc/utils.cc:21:7: note: add parentheses around left hand side expression to silence this warning
/home/yelkhamr/dark-factory/rocm-systems/projects/rccl/build/release/hipify/src/misc/utils.cc:23:7: warning: logical not is only applied to the left hand side of this comparison [-Wlogical-not-parentheses]
   23 |   if (!CUDASUCCESS(hipDeviceGetAttribute(&ccMajor, hipDeviceAttributeComputeCapabilityMajor, cudaDev))) return 0;
      |       ^~~~~~~~~~~~~~~~~~~~~~~~~~~~~~~~~~~~~~~~~~~~~~~~~~~~~~~~~~~~~~~~~~~~~~~~~~~~~~~~~~~~~~~~~~~~~~~~
/home/yelkhamr/dark-factory/rocm-systems/projects/rccl/build/release/hipify/src/misc/utils.cc:23:7: note: add parentheses after the '!' to evaluate the comparison first
   23 |   if (!CUDASUCCESS(hipDeviceGetAttribute(&ccMajor, hipDeviceAttributeComputeCapabilityMajor, cudaDev))) return 0;
      |       ^                                                                                               
      |        (                                                                                              )
/home/yelkhamr/dark-factory/rocm-systems/projects/rccl/build/release/hipify/src/misc/utils.cc:23:7: note: add parentheses around left hand side expression to silence this warning
/home/yelkhamr/dark-factory/rocm-systems/projects/rccl/build/release/hipify/src/misc/utils.cc:24:7: warning: logical not is only applied to the left hand side of this comparison [-Wlogical-not-parentheses]
   24 |   if (!CUDASUCCESS(hipDeviceGetAttribute(&ccMinor, hipDeviceAttributeComputeCapabilityMinor, cudaDev))) return 0;
      |       ^~~~~~~~~~~~~~~~~~~~~~~~~~~~~~~~~~~~~~~~~~~~~~~~~~~~~~~~~~~~~~~~~~~~~~~~~~~~~~~~~~~~~~~~~~~~~~~~
/home/yelkhamr/dark-factory/rocm-systems/projects/rccl/build/release/hipify/src/misc/utils.cc:24:7: note: add parentheses after the '!' to evaluate the comparison first
   24 |   if (!CUDASUCCESS(hipDeviceGetAttribute(&ccMinor, hipDeviceAttributeComputeCapabilityMinor, cudaDev))) return 0;
      |       ^                                                                                               
      |        (                                                                                              )
/home/yelkhamr/dark-factory/rocm-systems/projects/rccl/build/release/hipify/src/misc/utils.cc:24:7: note: add parentheses around left hand side expression to silence this warning
In file included from /home/yelkhamr/dark-factory/rocm-systems/projects/rccl/build/release/hipify/src/nccl_device/ll_a2a.cc:9:
In file included from /home/yelkhamr/dark-factory/rocm-systems/projects/rccl/build/release/include/nccl_device/impl/ll_a2a__funcs.h:10:
In file included from /home/yelkhamr/dark-factory/rocm-systems/projects/rccl/build/release/include/nccl_device/impl/ll_a2a__types.h:10:
In file included from /home/yelkhamr/dark-factory/rocm-systems/projects/rccl/build/release/include/nccl_device/impl/../ll_a2a.h:10:
/home/yelkhamr/dark-factory/rocm-systems/projects/rccl/build/release/include/nccl_device/impl/../impl/core__types.h:26:9: warning: 'NCCL_GIN_MAX_CONNECTIONS' macro redefined [-Wmacro-redefined]
   26 | #define NCCL_GIN_MAX_CONNECTIONS 4
      |         ^
/home/yelkhamr/dark-factory/rocm-systems/projects/rccl/build/release/include/nccl_device/gin/gin_device_host_common.h:18:9: note: previous definition is here
   18 | #define NCCL_GIN_MAX_CONNECTIONS NCCL_GIN_MAX_CONTEXTS
      |         ^
In file included from /home/yelkhamr/dark-factory/rocm-systems/projects/rccl/build/release/hipify/src/nccl_device/gin_scratch.cc:10:
In file included from /home/yelkhamr/dark-factory/rocm-systems/projects/rccl/build/release/hipify/src/nccl_device/../device/symmetric/gin_scratch__funcs.h:11:
In file included from /home/yelkhamr/dark-factory/rocm-systems/projects/rccl/build/release/hipify/src/nccl_device/../device/symmetric/gin_scratch__types.h:11:
In file included from /home/yelkhamr/dark-factory/rocm-systems/projects/rccl/build/release/hipify/src/nccl_device/../device/symmetric/gin_scratch.h:11:
In file included from /home/yelkhamr/dark-factory/rocm-systems/projects/rccl/build/release/include/nccl_device.h:10:
In file included from /home/yelkhamr/dark-factory/rocm-systems/projects/rccl/build/release/include/nccl_device/impl/barrier__funcs.h:12:
In file included from /home/yelkhamr/dark-factory/rocm-systems/projects/rccl/build/release/include/nccl_device/impl/barrier__types.h:10:
In file included from /home/yelkhamr/dark-factory/rocm-systems/projects/rccl/build/release/include/nccl_device/impl/../barrier.h:11:
/home/yelkhamr/dark-factory/rocm-systems/projects/rccl/build/release/include/nccl_device/impl/../impl/core__types.h:26:9: warning: 'NCCL_GIN_MAX_CONNECTIONS' macro redefined [-Wmacro-redefined]
   26 | #define NCCL_GIN_MAX_CONNECTIONS 4
      |         ^
/home/yelkhamr/dark-factory/rocm-systems/projects/rccl/build/release/include/nccl_device/gin/gin_device_host_common.h:18:9: note: previous definition is here
   18 | #define NCCL_GIN_MAX_CONNECTIONS NCCL_GIN_MAX_CONTEXTS
      |         ^
In file included from /home/yelkhamr/dark-factory/rocm-systems/projects/rccl/build/release/hipify/src/nccl_device/gin_scratch.cc:10:
In file included from /home/yelkhamr/dark-factory/rocm-systems/projects/rccl/build/release/hipify/src/nccl_device/../device/symmetric/gin_scratch__funcs.h:11:
In file included from /home/yelkhamr/dark-factory/rocm-systems/projects/rccl/build/release/hipify/src/nccl_device/../device/symmetric/gin_scratch__types.h:11:
In file included from /home/yelkhamr/dark-factory/rocm-systems/projects/rccl/build/release/hipify/src/nccl_device/../device/symmetric/gin_scratch.h:11:
In file included from /home/yelkhamr/dark-factory/rocm-systems/projects/rccl/build/release/include/nccl_device.h:16:
/home/yelkhamr/dark-factory/rocm-systems/projects/rccl/build/release/include/nccl_device/impl/gin__funcs.h:413:60: warning: result of comparison of constant 3 with expression of type 'const hipMemLocationType' is always false [-Wtautological-constant-out-of-range-compare]
  413 |           if (!doneSysmemFence && srcSegmentWindow.memType == CU_MEM_LOCATION_TYPE_HOST_NUMA) {
      |                                   ~~~~~~~~~~~~~~~~~~~~~~~~ ^  ~~~~~~~~~~~~~~~~~~~~~~~~~~~~~~
[ 84%] Building CXX object src/CMakeFiles/rccl.dir/__/hipify/src/plugin/net/net_v9.cc.o
clang++: warning: argument unused during compilation: '--offload-compress' [-Wunused-command-line-argument]
1 warning generated when compiling for host.
1 warning generated when compiling for host.
1 warning generated when compiling for host.
[ 84%] Building CXX object src/CMakeFiles/rccl.dir/__/hipify/src/plugin/net/net_v10.cc.o
[ 84%] Building CXX object src/CMakeFiles/rccl.dir/__/hipify/src/plugin/net/net_v11.cc.o
[ 86%] Building CXX object src/CMakeFiles/rccl.dir/__/hipify/src/plugin/net/net_v12.cc.o
[ 86%] Building CXX object src/CMakeFiles/rccl.dir/__/hipify/src/plugin/profiler/profiler_v3.cc.o
[ 86%] Building CXX object src/CMakeFiles/rccl.dir/__/hipify/src/plugin/profiler/profiler_v2.cc.o
[ 86%] Building CXX object src/CMakeFiles/rccl.dir/__/hipify/src/plugin/profiler/profiler_v1.cc.o
[ 86%] Building CXX object src/CMakeFiles/rccl.dir/__/hipify/src/plugin/profiler/profiler_v5.cc.o
[ 86%] Building CXX object src/CMakeFiles/rccl.dir/__/hipify/src/plugin/profiler/profiler_v4.cc.o
[ 86%] Building CXX object src/CMakeFiles/rccl.dir/__/hipify/src/plugin/profiler/profiler_v6.cc.o
clang++: warning: argument unused during compilation: '--offload-compress' [-Wunused-command-line-argument]
[ 86%] Building CXX object src/CMakeFiles/rccl.dir/__/hipify/src/plugin/tuner/tuner_v2.cc.o
clang++: warning: argument unused during compilation: '--offload-compress' [-Wunused-command-line-argument]
clang++: warning: argument unused during compilation: '--offload-compress' [-Wunused-command-line-argument]
clang++clang++: : warning: warning: argument unused during compilation: '--offload-compress' [-Wunused-command-line-argument]argument unused during compilation: '--offload-compress' [-Wunused-command-line-argument]

clang++: warning: argument unused during compilation: '--offload-compress' [-Wunused-command-line-argument]
clang++: warning: argument unused during compilation: '--offload-compress' [-Wunused-command-line-argument]
clang++clang++: : warning: warning: argument unused during compilation: '--offload-compress' [-Wunused-command-line-argument]argument unused during compilation: '--offload-compress' [-Wunused-command-line-argument]

clang++: warning: argument unused during compilation: '--offload-compress' [-Wunused-command-line-argument]
[ 86%] Building CXX object src/CMakeFiles/rccl.dir/__/hipify/src/plugin/tuner/tuner_v3.cc.o
[ 86%] Building CXX object src/CMakeFiles/rccl.dir/__/hipify/src/plugin/tuner/tuner_v4.cc.o
clang++: warning: argument unused during compilation: '--offload-compress' [-Wunused-command-line-argument]
clang++: warning: argument unused during compilation: '--offload-compress' [-Wunused-command-line-argument]
2 warnings generated when compiling for host.
[ 86%] Building CXX object src/CMakeFiles/rccl.dir/__/hipify/src/plugin/tuner/tuner_v5.cc.o
3 warnings generated when compiling for host.
[ 86%] Building CXX object src/CMakeFiles/rccl.dir/__/hipify/src/plugin/tuner/tuner_v6.cc.o
clang++: warning: argument unused during compilation: '--offload-compress' [-Wunused-command-line-argument]
[ 86%] Building CXX object src/CMakeFiles/rccl.dir/__/hipify/src/plugin/tuner/csv_tuner.cc.o
clang++: warning: argument unused during compilation: '--offload-compress' [-Wunused-command-line-argument]
[ 86%] Building CXX object src/CMakeFiles/rccl.dir/__/hipify/src/plugin/gin.cc.o
clang++: warning: argument unused during compilation: '--offload-compress' [-Wunused-command-line-argument]
clang++: warning: argument unused during compilation: '--offload-compress' [-Wunused-command-line-argument]
In file included from /home/yelkhamr/dark-factory/rocm-systems/projects/rccl/build/release/hipify/src/allocator.cc:9:
In file included from /home/yelkhamr/dark-factory/rocm-systems/projects/rccl/build/release/hipify/src/include/comm.h:25:
In file included from /home/yelkhamr/dark-factory/rocm-systems/projects/rccl/build/release/hipify/src/include/dev_runtime.h:11:
In file included from /home/yelkhamr/dark-factory/rocm-systems/projects/rccl/build/release/hipify/src/include/nccl_device.h:10:
In file included from /home/yelkhamr/dark-factory/rocm-systems/projects/rccl/build/release/hipify/src/include/nccl_device/impl/barrier__funcs.h:12:
In file included from /home/yelkhamr/dark-factory/rocm-systems/projects/rccl/build/release/hipify/src/include/nccl_device/impl/barrier__types.h:10:
In file included from /home/yelkhamr/dark-factory/rocm-systems/projects/rccl/build/release/hipify/src/include/nccl_device/impl/../barrier.h:11:
/home/yelkhamr/dark-factory/rocm-systems/projects/rccl/build/release/hipify/src/include/nccl_device/impl/../impl/core__types.h:26:9: warning: 'NCCL_GIN_MAX_CONNECTIONS' macro redefined [-Wmacro-redefined]
   26 | #define NCCL_GIN_MAX_CONNECTIONS 4
      |         ^
/home/yelkhamr/dark-factory/rocm-systems/projects/rccl/build/release/include/nccl_device/gin/gin_device_host_common.h:18:9: note: previous definition is here
   18 | #define NCCL_GIN_MAX_CONNECTIONS NCCL_GIN_MAX_CONTEXTS
      |         ^
In file included from /home/yelkhamr/dark-factory/rocm-systems/projects/rccl/build/release/hipify/src/transport.cc:8:
In file included from /home/yelkhamr/dark-factory/rocm-systems/projects/rccl/build/release/hipify/src/include/comm.h:25:
In file included from /home/yelkhamr/dark-factory/rocm-systems/projects/rccl/build/release/hipify/src/include/dev_runtime.h:11:
In file included from /home/yelkhamr/dark-factory/rocm-systems/projects/rccl/build/release/hipify/src/include/nccl_device.h:10:
In file included from /home/yelkhamr/dark-factory/rocm-systems/projects/rccl/build/release/hipify/src/include/nccl_device/impl/barrier__funcs.h:12:
In file included from /home/yelkhamr/dark-factory/rocm-systems/projects/rccl/build/release/hipify/src/include/nccl_device/impl/barrier__types.h:10:
In file included from /home/yelkhamr/dark-factory/rocm-systems/projects/rccl/build/release/hipify/src/include/nccl_device/impl/../barrier.h:11:
/home/yelkhamr/dark-factory/rocm-systems/projects/rccl/build/release/hipify/src/include/nccl_device/impl/../impl/core__types.h:26:9: warning: 'NCCL_GIN_MAX_CONNECTIONS' macro redefined [-Wmacro-redefined]
   26 | #define NCCL_GIN_MAX_CONNECTIONS 4
      |         ^
/home/yelkhamr/dark-factory/rocm-systems/projects/rccl/build/release/include/nccl_device/gin/gin_device_host_common.h:18:9: note: previous definition is here
   18 | #define NCCL_GIN_MAX_CONNECTIONS NCCL_GIN_MAX_CONTEXTS
      |         ^
In file included from /home/yelkhamr/dark-factory/rocm-systems/projects/rccl/build/release/hipify/src/init.cc:12:
In file included from /home/yelkhamr/dark-factory/rocm-systems/projects/rccl/build/release/hipify/src/include/channel.h:10:
In file included from /home/yelkhamr/dark-factory/rocm-systems/projects/rccl/build/release/hipify/src/include/comm.h:25:
In file included from /home/yelkhamr/dark-factory/rocm-systems/projects/rccl/build/release/hipify/src/include/dev_runtime.h:11:
In file included from /home/yelkhamr/dark-factory/rocm-systems/projects/rccl/build/release/hipify/src/include/nccl_device.h:10:
In file included from /home/yelkhamr/dark-factory/rocm-systems/projects/rccl/build/release/hipify/src/include/nccl_device/impl/barrier__funcs.h:12:
In file included from /home/yelkhamr/dark-factory/rocm-systems/projects/rccl/build/release/hipify/src/include/nccl_device/impl/barrier__types.h:10:
In file included from /home/yelkhamr/dark-factory/rocm-systems/projects/rccl/build/release/hipify/src/include/nccl_device/impl/../barrier.h:11:
/home/yelkhamr/dark-factory/rocm-systems/projects/rccl/build/release/hipify/src/include/nccl_device/impl/../impl/core__types.h:26:9: warning: 'NCCL_GIN_MAX_CONNECTIONS' macro redefined [-Wmacro-redefined]
   26 | #define NCCL_GIN_MAX_CONNECTIONS 4
      |         ^
/home/yelkhamr/dark-factory/rocm-systems/projects/rccl/build/release/include/nccl_device/gin/gin_device_host_common.h:18:9: note: previous definition is here
   18 | #define NCCL_GIN_MAX_CONNECTIONS NCCL_GIN_MAX_CONTEXTS
      |         ^
In file included from /home/yelkhamr/dark-factory/rocm-systems/projects/rccl/build/release/hipify/src/ipc_init.cu.cpp:12:
In file included from /home/yelkhamr/dark-factory/rocm-systems/projects/rccl/build/release/hipify/src/include/comm.h:25:
In file included from /home/yelkhamr/dark-factory/rocm-systems/projects/rccl/build/release/hipify/src/include/dev_runtime.h:11:
In file included from /home/yelkhamr/dark-factory/rocm-systems/projects/rccl/build/release/hipify/src/include/nccl_device.h:10:
In file included from /home/yelkhamr/dark-factory/rocm-systems/projects/rccl/build/release/hipify/src/include/nccl_device/impl/barrier__funcs.h:12:
In file included from /home/yelkhamr/dark-factory/rocm-systems/projects/rccl/build/release/hipify/src/include/nccl_device/impl/barrier__types.h:10:
In file included from /home/yelkhamr/dark-factory/rocm-systems/projects/rccl/build/release/hipify/src/include/nccl_device/impl/../barrier.h:11:
/home/yelkhamr/dark-factory/rocm-systems/projects/rccl/build/release/hipify/src/include/nccl_device/impl/../impl/core__types.h:26:9: warning: 'NCCL_GIN_MAX_CONNECTIONS' macro redefined [-Wmacro-redefined]
   26 | #define NCCL_GIN_MAX_CONNECTIONS 4
      |         ^
/home/yelkhamr/dark-factory/rocm-systems/projects/rccl/build/release/include/nccl_device/gin/gin_device_host_common.h:18:9: note: previous definition is here
   18 | #define NCCL_GIN_MAX_CONNECTIONS NCCL_GIN_MAX_CONTEXTS
      |         ^
[ 86%] Building CXX object src/CMakeFiles/rccl.dir/__/hipify/src/plugin/gin/gin_v11.cc.o
In file included from /home/yelkhamr/dark-factory/rocm-systems/projects/rccl/build/release/hipify/src/channel.cc:8:
In file included from /home/yelkhamr/dark-factory/rocm-systems/projects/rccl/build/release/hipify/src/include/channel.h:10:
In file included from /home/yelkhamr/dark-factory/rocm-systems/projects/rccl/build/release/hipify/src/include/comm.h:25:
In file included from /home/yelkhamr/dark-factory/rocm-systems/projects/rccl/build/release/hipify/src/include/dev_runtime.h:11:
In file included from /home/yelkhamr/dark-factory/rocm-systems/projects/rccl/build/release/hipify/src/include/nccl_device.h:10:
In file included from /home/yelkhamr/dark-factory/rocm-systems/projects/rccl/build/release/hipify/src/include/nccl_device/impl/barrier__funcs.h:12:
In file included from /home/yelkhamr/dark-factory/rocm-systems/projects/rccl/build/release/hipify/src/include/nccl_device/impl/barrier__types.h:10:
In file included from /home/yelkhamr/dark-factory/rocm-systems/projects/rccl/build/release/hipify/src/include/nccl_device/impl/../barrier.h:11:
/home/yelkhamr/dark-factory/rocm-systems/projects/rccl/build/release/hipify/src/include/nccl_device/impl/../impl/core__types.h:26:9: warning: 'NCCL_GIN_MAX_CONNECTIONS' macro redefined [-Wmacro-redefined]
   26 | #define NCCL_GIN_MAX_CONNECTIONS 4
      |         ^
/home/yelkhamr/dark-factory/rocm-systems/projects/rccl/build/release/include/nccl_device/gin/gin_device_host_common.h:18:9: note: previous definition is here
   18 | #define NCCL_GIN_MAX_CONNECTIONS NCCL_GIN_MAX_CONTEXTS
      |         ^
In file included from /home/yelkhamr/dark-factory/rocm-systems/projects/rccl/build/release/hipify/src/graph/paths.cc:11:
In file included from /home/yelkhamr/dark-factory/rocm-systems/projects/rccl/build/release/hipify/src/graph/topo.h:15:
In file included from /home/yelkhamr/dark-factory/rocm-systems/projects/rccl/build/release/hipify/src/include/net.h:13:
In file included from /home/yelkhamr/dark-factory/rocm-systems/projects/rccl/build/release/hipify/src/include/comm.h:25:
In file included from /home/yelkhamr/dark-factory/rocm-systems/projects/rccl/build/release/hipify/src/include/dev_runtime.h:11:
In file included from /home/yelkhamr/dark-factory/rocm-systems/projects/rccl/build/release/hipify/src/include/nccl_device.h:10:
In file included from /home/yelkhamr/dark-factory/rocm-systems/projects/rccl/build/release/hipify/src/include/nccl_device/impl/barrier__funcs.h:12:
In file included from /home/yelkhamr/dark-factory/rocm-systems/projects/rccl/build/release/hipify/src/include/nccl_device/impl/barrier__types.h:10:
In file included from /home/yelkhamr/dark-factory/rocm-systems/projects/rccl/build/release/hipify/src/include/nccl_device/impl/../barrier.h:11:
/home/yelkhamr/dark-factory/rocm-systems/projects/rccl/build/release/hipify/src/include/nccl_device/impl/../impl/core__types.h:26:9: warning: 'NCCL_GIN_MAX_CONNECTIONS' macro redefined [-Wmacro-redefined]
   26 | #define NCCL_GIN_MAX_CONNECTIONS 4
      |         ^
/home/yelkhamr/dark-factory/rocm-systems/projects/rccl/build/release/include/nccl_device/gin/gin_device_host_common.h:18:9: note: previous definition is here
   18 | #define NCCL_GIN_MAX_CONNECTIONS NCCL_GIN_MAX_CONTEXTS
      |         ^
In file included from /home/yelkhamr/dark-factory/rocm-systems/projects/rccl/build/release/hipify/src/ce_coll.cc:9:
In file included from /home/yelkhamr/dark-factory/rocm-systems/projects/rccl/build/release/hipify/src/include/comm.h:25:
In file included from /home/yelkhamr/dark-factory/rocm-systems/projects/rccl/build/release/hipify/src/include/dev_runtime.h:11:
In file included from /home/yelkhamr/dark-factory/rocm-systems/projects/rccl/build/release/hipify/src/include/nccl_device.h:10:
In file included from /home/yelkhamr/dark-factory/rocm-systems/projects/rccl/build/release/hipify/src/include/nccl_device/impl/barrier__funcs.h:12:
In file included from /home/yelkhamr/dark-factory/rocm-systems/projects/rccl/build/release/hipify/src/include/nccl_device/impl/barrier__types.h:10:
In file included from /home/yelkhamr/dark-factory/rocm-systems/projects/rccl/build/release/hipify/src/include/nccl_device/impl/../barrier.h:11:
/home/yelkhamr/dark-factory/rocm-systems/projects/rccl/build/release/hipify/src/include/nccl_device/impl/../impl/core__types.h:26:9: warning: 'NCCL_GIN_MAX_CONNECTIONS' macro redefined [-Wmacro-redefined]
   26 | #define NCCL_GIN_MAX_CONNECTIONS 4
      |         ^
/home/yelkhamr/dark-factory/rocm-systems/projects/rccl/build/release/include/nccl_device/gin/gin_device_host_common.h:18:9: note: previous definition is here
   18 | #define NCCL_GIN_MAX_CONNECTIONS NCCL_GIN_MAX_CONTEXTS
      |         ^
In file included from /home/yelkhamr/dark-factory/rocm-systems/projects/rccl/build/release/hipify/src/mem_manager.cc:11:
In file included from /home/yelkhamr/dark-factory/rocm-systems/projects/rccl/build/release/hipify/src/include/comm.h:25:
In file included from /home/yelkhamr/dark-factory/rocm-systems/projects/rccl/build/release/hipify/src/include/dev_runtime.h:11:
In file included from /home/yelkhamr/dark-factory/rocm-systems/projects/rccl/build/release/hipify/src/include/nccl_device.h:10:
In file included from /home/yelkhamr/dark-factory/rocm-systems/projects/rccl/build/release/hipify/src/include/nccl_device/impl/barrier__funcs.h:12:
In file included from /home/yelkhamr/dark-factory/rocm-systems/projects/rccl/build/release/hipify/src/include/nccl_device/impl/barrier__types.h:10:
In file included from /home/yelkhamr/dark-factory/rocm-systems/projects/rccl/build/release/hipify/src/include/nccl_device/impl/../barrier.h:11:
/home/yelkhamr/dark-factory/rocm-systems/projects/rccl/build/release/hipify/src/include/nccl_device/impl/../impl/core__types.h:26:9: warning: 'NCCL_GIN_MAX_CONNECTIONS' macro redefined [-Wmacro-redefined]
   26 | #define NCCL_GIN_MAX_CONNECTIONS 4
      |         ^
/home/yelkhamr/dark-factory/rocm-systems/projects/rccl/build/release/include/nccl_device/gin/gin_device_host_common.h:18:9: note: previous definition is here
   18 | #define NCCL_GIN_MAX_CONNECTIONS NCCL_GIN_MAX_CONTEXTS
      |         ^
In file included from /home/yelkhamr/dark-factory/rocm-systems/projects/rccl/build/release/hipify/src/graph/connect.cc:9:
In file included from /home/yelkhamr/dark-factory/rocm-systems/projects/rccl/build/release/hipify/src/include/comm.h:25:
In file included from /home/yelkhamr/dark-factory/rocm-systems/projects/rccl/build/release/hipify/src/include/dev_runtime.h:11:
In file included from /home/yelkhamr/dark-factory/rocm-systems/projects/rccl/build/release/hipify/src/include/nccl_device.h:10:
In file included from /home/yelkhamr/dark-factory/rocm-systems/projects/rccl/build/release/hipify/src/include/nccl_device/impl/barrier__funcs.h:12:
In file included from /home/yelkhamr/dark-factory/rocm-systems/projects/rccl/build/release/hipify/src/include/nccl_device/impl/barrier__types.h:10:
In file included from /home/yelkhamr/dark-factory/rocm-systems/projects/rccl/build/release/hipify/src/include/nccl_device/impl/../barrier.h:11:
/home/yelkhamr/dark-factory/rocm-systems/projects/rccl/build/release/hipify/src/include/nccl_device/impl/../impl/core__types.h:26:9: warning: 'NCCL_GIN_MAX_CONNECTIONS' macro redefined [-Wmacro-redefined]
   26 | #define NCCL_GIN_MAX_CONNECTIONS 4
      |         ^
/home/yelkhamr/dark-factory/rocm-systems/projects/rccl/build/release/include/nccl_device/gin/gin_device_host_common.h:18:9: note: previous definition is here
   18 | #define NCCL_GIN_MAX_CONNECTIONS NCCL_GIN_MAX_CONTEXTS
      |         ^
In file included from /home/yelkhamr/dark-factory/rocm-systems/projects/rccl/build/release/hipify/src/graph/tuning.cc:12:
In file included from /home/yelkhamr/dark-factory/rocm-systems/projects/rccl/build/release/hipify/src/include/comm.h:25:
In file included from /home/yelkhamr/dark-factory/rocm-systems/projects/rccl/build/release/hipify/src/include/dev_runtime.h:11:
In file included from /home/yelkhamr/dark-factory/rocm-systems/projects/rccl/build/release/hipify/src/include/nccl_device.h:10:
In file included from /home/yelkhamr/dark-factory/rocm-systems/projects/rccl/build/release/hipify/src/include/nccl_device/impl/barrier__funcs.h:12:
In file included from /home/yelkhamr/dark-factory/rocm-systems/projects/rccl/build/release/hipify/src/include/nccl_device/impl/barrier__types.h:10:
In file included from /home/yelkhamr/dark-factory/rocm-systems/projects/rccl/build/release/hipify/src/include/nccl_device/impl/../barrier.h:11:
/home/yelkhamr/dark-factory/rocm-systems/projects/rccl/build/release/hipify/src/include/nccl_device/impl/../impl/core__types.h:26:9: warning: 'NCCL_GIN_MAX_CONNECTIONS' macro redefined [-Wmacro-redefined]
   26 | #define NCCL_GIN_MAX_CONNECTIONS 4
      |         ^
/home/yelkhamr/dark-factory/rocm-systems/projects/rccl/build/release/include/nccl_device/gin/gin_device_host_common.h:18:9: note: previous definition is here
   18 | #define NCCL_GIN_MAX_CONNECTIONS NCCL_GIN_MAX_CONTEXTS
      |         ^
In file included from /home/yelkhamr/dark-factory/rocm-systems/projects/rccl/build/release/hipify/src/allocator.cc:9:
In file included from /home/yelkhamr/dark-factory/rocm-systems/projects/rccl/build/release/hipify/src/include/comm.h:25:
In file included from /home/yelkhamr/dark-factory/rocm-systems/projects/rccl/build/release/hipify/src/include/dev_runtime.h:11:
In file included from /home/yelkhamr/dark-factory/rocm-systems/projects/rccl/build/release/hipify/src/include/nccl_device.h:16:
/home/yelkhamr/dark-factory/rocm-systems/projects/rccl/build/release/hipify/src/include/nccl_device/impl/gin__funcs.h:413:60: warning: result of comparison of constant 3 with expression of type 'const hipMemLocationType' is always false [-Wtautological-constant-out-of-range-compare]
  413 |           if (!doneSysmemFence && srcSegmentWindow.memType == CU_MEM_LOCATION_TYPE_HOST_NUMA) {
      |                                   ~~~~~~~~~~~~~~~~~~~~~~~~ ^  ~~~~~~~~~~~~~~~~~~~~~~~~~~~~~~
In file included from /home/yelkhamr/dark-factory/rocm-systems/projects/rccl/build/release/hipify/src/proxy.cc:10:
In file included from /home/yelkhamr/dark-factory/rocm-systems/projects/rccl/build/release/hipify/src/include/comm.h:25:
In file included from /home/yelkhamr/dark-factory/rocm-systems/projects/rccl/build/release/hipify/src/include/dev_runtime.h:11:
In file included from /home/yelkhamr/dark-factory/rocm-systems/projects/rccl/build/release/hipify/src/include/nccl_device.h:10:
In file included from /home/yelkhamr/dark-factory/rocm-systems/projects/rccl/build/release/hipify/src/include/nccl_device/impl/barrier__funcs.h:12:
In file included from /home/yelkhamr/dark-factory/rocm-systems/projects/rccl/build/release/hipify/src/include/nccl_device/impl/barrier__types.h:10:
In file included from /home/yelkhamr/dark-factory/rocm-systems/projects/rccl/build/release/hipify/src/include/nccl_device/impl/../barrier.h:11:
/home/yelkhamr/dark-factory/rocm-systems/projects/rccl/build/release/hipify/src/include/nccl_device/impl/../impl/core__types.h:26:9: warning: 'NCCL_GIN_MAX_CONNECTIONS' macro redefined [-Wmacro-redefined]
   26 | #define NCCL_GIN_MAX_CONNECTIONS 4
      |         ^
/home/yelkhamr/dark-factory/rocm-systems/projects/rccl/build/release/include/nccl_device/gin/gin_device_host_common.h:18:9: note: previous definition is here
   18 | #define NCCL_GIN_MAX_CONNECTIONS NCCL_GIN_MAX_CONTEXTS
      |         ^
In file included from /home/yelkhamr/dark-factory/rocm-systems/projects/rccl/build/release/hipify/src/misc/argcheck.cc:9:
In file included from /home/yelkhamr/dark-factory/rocm-systems/projects/rccl/build/release/hipify/src/include/comm.h:25:
In file included from /home/yelkhamr/dark-factory/rocm-systems/projects/rccl/build/release/hipify/src/include/dev_runtime.h:11:
In file included from /home/yelkhamr/dark-factory/rocm-systems/projects/rccl/build/release/hipify/src/include/nccl_device.h:10:
In file included from /home/yelkhamr/dark-factory/rocm-systems/projects/rccl/build/release/hipify/src/include/nccl_device/impl/barrier__funcs.h:12:
In file included from /home/yelkhamr/dark-factory/rocm-systems/projects/rccl/build/release/hipify/src/include/nccl_device/impl/barrier__types.h:10:
In file included from /home/yelkhamr/dark-factory/rocm-systems/projects/rccl/build/release/hipify/src/include/nccl_device/impl/../barrier.h:11:
/home/yelkhamr/dark-factory/rocm-systems/projects/rccl/build/release/hipify/src/include/nccl_device/impl/../impl/core__types.h:26:9: warning: 'NCCL_GIN_MAX_CONNECTIONS' macro redefined [-Wmacro-redefined]
   26 | #define NCCL_GIN_MAX_CONNECTIONS 4
      |         ^
/home/yelkhamr/dark-factory/rocm-systems/projects/rccl/build/release/include/nccl_device/gin/gin_device_host_common.h:18:9: note: previous definition is here
   18 | #define NCCL_GIN_MAX_CONNECTIONS NCCL_GIN_MAX_CONTEXTS
      |         ^
clang++: warning: argument unused during compilation: '--offload-compress' [-Wunused-command-line-argument]
In file included from /home/yelkhamr/dark-factory/rocm-systems/projects/rccl/build/release/hipify/src/bootstrap.cc:12:
In file included from /home/yelkhamr/dark-factory/rocm-systems/projects/rccl/build/release/hipify/src/include/bootstrap.h:12:
In file included from /home/yelkhamr/dark-factory/rocm-systems/projects/rccl/build/release/hipify/src/include/comm.h:25:
In file included from /home/yelkhamr/dark-factory/rocm-systems/projects/rccl/build/release/hipify/src/include/dev_runtime.h:11:
In file included from /home/yelkhamr/dark-factory/rocm-systems/projects/rccl/build/release/hipify/src/include/nccl_device.h:10:
In file included from /home/yelkhamr/dark-factory/rocm-systems/projects/rccl/build/release/hipify/src/include/nccl_device/impl/barrier__funcs.h:12:
In file included from /home/yelkhamr/dark-factory/rocm-systems/projects/rccl/build/release/hipify/src/include/nccl_device/impl/barrier__types.h:10:
In file included from /home/yelkhamr/dark-factory/rocm-systems/projects/rccl/build/release/hipify/src/include/nccl_device/impl/../barrier.h:11:
/home/yelkhamr/dark-factory/rocm-systems/projects/rccl/build/release/hipify/src/include/nccl_device/impl/../impl/core__types.h:26:9: warning: 'NCCL_GIN_MAX_CONNECTIONS' macro redefined [-Wmacro-redefined]
   26 | #define NCCL_GIN_MAX_CONNECTIONS 4
      |         ^
/home/yelkhamr/dark-factory/rocm-systems/projects/rccl/build/release/include/nccl_device/gin/gin_device_host_common.h:18:9: note: previous definition is here
   18 | #define NCCL_GIN_MAX_CONNECTIONS NCCL_GIN_MAX_CONTEXTS
      |         ^
In file included from /home/yelkhamr/dark-factory/rocm-systems/projects/rccl/build/release/hipify/src/group.cc:10:
In file included from /home/yelkhamr/dark-factory/rocm-systems/projects/rccl/build/release/hipify/src/include/group.h:12:
In file included from /home/yelkhamr/dark-factory/rocm-systems/projects/rccl/build/release/hipify/src/include/comm.h:25:
In file included from /home/yelkhamr/dark-factory/rocm-systems/projects/rccl/build/release/hipify/src/include/dev_runtime.h:11:
In file included from /home/yelkhamr/dark-factory/rocm-systems/projects/rccl/build/release/hipify/src/include/nccl_device.h:10:
In file included from /home/yelkhamr/dark-factory/rocm-systems/projects/rccl/build/release/hipify/src/include/nccl_device/impl/barrier__funcs.h:12:
In file included from /home/yelkhamr/dark-factory/rocm-systems/projects/rccl/build/release/hipify/src/include/nccl_device/impl/barrier__types.h:10:
In file included from /home/yelkhamr/dark-factory/rocm-systems/projects/rccl/build/release/hipify/src/include/nccl_device/impl/../barrier.h:11:
/home/yelkhamr/dark-factory/rocm-systems/projects/rccl/build/release/hipify/src/include/nccl_device/impl/../impl/core__types.h:26:9: warning: 'NCCL_GIN_MAX_CONNECTIONS' macro redefined [-Wmacro-redefined]
   26 | #define NCCL_GIN_MAX_CONNECTIONS 4
      |         ^
/home/yelkhamr/dark-factory/rocm-systems/projects/rccl/build/release/include/nccl_device/gin/gin_device_host_common.h:18:9: note: previous definition is here
   18 | #define NCCL_GIN_MAX_CONNECTIONS NCCL_GIN_MAX_CONTEXTS
      |         ^
In file included from /home/yelkhamr/dark-factory/rocm-systems/projects/rccl/build/release/hipify/src/mnnvl.cc:9:
In file included from /home/yelkhamr/dark-factory/rocm-systems/projects/rccl/build/release/hipify/src/include/mnnvl.h:12:
In file included from /home/yelkhamr/dark-factory/rocm-systems/projects/rccl/build/release/hipify/src/include/comm.h:25:
In file included from /home/yelkhamr/dark-factory/rocm-systems/projects/rccl/build/release/hipify/src/include/dev_runtime.h:11:
In file included from /home/yelkhamr/dark-factory/rocm-systems/projects/rccl/build/release/hipify/src/include/nccl_device.h:10:
In file included from /home/yelkhamr/dark-factory/rocm-systems/projects/rccl/build/release/hipify/src/include/nccl_device/impl/barrier__funcs.h:12:
In file included from /home/yelkhamr/dark-factory/rocm-systems/projects/rccl/build/release/hipify/src/include/nccl_device/impl/barrier__types.h:10:
In file included from /home/yelkhamr/dark-factory/rocm-systems/projects/rccl/build/release/hipify/src/include/nccl_device/impl/../barrier.h:11:
/home/yelkhamr/dark-factory/rocm-systems/projects/rccl/build/release/hipify/src/include/nccl_device/impl/../impl/core__types.h:26:9: warning: 'NCCL_GIN_MAX_CONNECTIONS' macro redefined [-Wmacro-redefined]
   26 | #define NCCL_GIN_MAX_CONNECTIONS 4
      |         ^
/home/yelkhamr/dark-factory/rocm-systems/projects/rccl/build/release/include/nccl_device/gin/gin_device_host_common.h:18:9: note: previous definition is here
   18 | #define NCCL_GIN_MAX_CONNECTIONS NCCL_GIN_MAX_CONTEXTS
      |         ^
In file included from /home/yelkhamr/dark-factory/rocm-systems/projects/rccl/build/release/hipify/src/graph/topo.cc:11:
In file included from /home/yelkhamr/dark-factory/rocm-systems/projects/rccl/build/release/hipify/src/graph/topo.h:15:
In file included from /home/yelkhamr/dark-factory/rocm-systems/projects/rccl/build/release/hipify/src/include/net.h:13:
In file included from /home/yelkhamr/dark-factory/rocm-systems/projects/rccl/build/release/hipify/src/include/comm.h:25:
In file included from /home/yelkhamr/dark-factory/rocm-systems/projects/rccl/build/release/hipify/src/include/dev_runtime.h:11:
In file included from /home/yelkhamr/dark-factory/rocm-systems/projects/rccl/build/release/hipify/src/include/nccl_device.h:10:
In file included from /home/yelkhamr/dark-factory/rocm-systems/projects/rccl/build/release/hipify/src/include/nccl_device/impl/barrier__funcs.h:12:
In file included from /home/yelkhamr/dark-factory/rocm-systems/projects/rccl/build/release/hipify/src/include/nccl_device/impl/barrier__types.h:10:
In file included from /home/yelkhamr/dark-factory/rocm-systems/projects/rccl/build/release/hipify/src/include/nccl_device/impl/../barrier.h:11:
/home/yelkhamr/dark-factory/rocm-systems/projects/rccl/build/release/hipify/src/include/nccl_device/impl/../impl/core__types.h:26:9: warning: 'NCCL_GIN_MAX_CONNECTIONS' macro redefined [-Wmacro-redefined]
   26 | #define NCCL_GIN_MAX_CONNECTIONS 4
      |         ^
/home/yelkhamr/dark-factory/rocm-systems/projects/rccl/build/release/include/nccl_device/gin/gin_device_host_common.h:18:9: note: previous definition is here
   18 | #define NCCL_GIN_MAX_CONNECTIONS NCCL_GIN_MAX_CONTEXTS
      |         ^
In file included from /home/yelkhamr/dark-factory/rocm-systems/projects/rccl/build/release/hipify/src/init.cc:12:
In file included from /home/yelkhamr/dark-factory/rocm-systems/projects/rccl/build/release/hipify/src/include/channel.h:10:
In file included from /home/yelkhamr/dark-factory/rocm-systems/projects/rccl/build/release/hipify/src/include/comm.h:25:
In file included from /home/yelkhamr/dark-factory/rocm-systems/projects/rccl/build/release/hipify/src/include/dev_runtime.h:11:
In file included from /home/yelkhamr/dark-factory/rocm-systems/projects/rccl/build/release/hipify/src/include/nccl_device.h:16:
/home/yelkhamr/dark-factory/rocm-systems/projects/rccl/build/release/hipify/src/include/nccl_device/impl/gin__funcs.h:413:60: warning: result of comparison of constant 3 with expression of type 'const hipMemLocationType' is always false [-Wtautological-constant-out-of-range-compare]
  413 |           if (!doneSysmemFence && srcSegmentWindow.memType == CU_MEM_LOCATION_TYPE_HOST_NUMA) {
      |                                   ~~~~~~~~~~~~~~~~~~~~~~~~ ^  ~~~~~~~~~~~~~~~~~~~~~~~~~~~~~~
In file included from /home/yelkhamr/dark-factory/rocm-systems/projects/rccl/build/release/hipify/src/transport.cc:8:
In file included from /home/yelkhamr/dark-factory/rocm-systems/projects/rccl/build/release/hipify/src/include/comm.h:25:
In file included from /home/yelkhamr/dark-factory/rocm-systems/projects/rccl/build/release/hipify/src/include/dev_runtime.h:11:
In file included from /home/yelkhamr/dark-factory/rocm-systems/projects/rccl/build/release/hipify/src/include/nccl_device.h:16:
/home/yelkhamr/dark-factory/rocm-systems/projects/rccl/build/release/hipify/src/include/nccl_device/impl/gin__funcs.h:413:60: warning: result of comparison of constant 3 with expression of type 'const hipMemLocationType' is always false [-Wtautological-constant-out-of-range-compare]
  413 |           if (!doneSysmemFence && srcSegmentWindow.memType == CU_MEM_LOCATION_TYPE_HOST_NUMA) {
      |                                   ~~~~~~~~~~~~~~~~~~~~~~~~ ^  ~~~~~~~~~~~~~~~~~~~~~~~~~~~~~~
In file included from /home/yelkhamr/dark-factory/rocm-systems/projects/rccl/build/release/hipify/src/graph/rome_models.cc:24:
In file included from /home/yelkhamr/dark-factory/rocm-systems/projects/rccl/build/release/hipify/src/include/comm.h:25:
In file included from /home/yelkhamr/dark-factory/rocm-systems/projects/rccl/build/release/hipify/src/include/dev_runtime.h:11:
In file included from /home/yelkhamr/dark-factory/rocm-systems/projects/rccl/build/release/hipify/src/include/nccl_device.h:10:
In file included from /home/yelkhamr/dark-factory/rocm-systems/projects/rccl/build/release/hipify/src/include/nccl_device/impl/barrier__funcs.h:12:
In file included from /home/yelkhamr/dark-factory/rocm-systems/projects/rccl/build/release/hipify/src/include/nccl_device/impl/barrier__types.h:10:
In file included from /home/yelkhamr/dark-factory/rocm-systems/projects/rccl/build/release/hipify/src/include/nccl_device/impl/../barrier.h:11:
/home/yelkhamr/dark-factory/rocm-systems/projects/rccl/build/release/hipify/src/include/nccl_device/impl/../impl/core__types.h:26:9: warning: 'NCCL_GIN_MAX_CONNECTIONS' macro redefined [-Wmacro-redefined]
   26 | #define NCCL_GIN_MAX_CONNECTIONS 4
      |         ^
/home/yelkhamr/dark-factory/rocm-systems/projects/rccl/build/release/include/nccl_device/gin/gin_device_host_common.h:18:9: note: previous definition is here
   18 | #define NCCL_GIN_MAX_CONNECTIONS NCCL_GIN_MAX_CONTEXTS
      |         ^
In file included from /home/yelkhamr/dark-factory/rocm-systems/projects/rccl/build/release/hipify/src/ipc_init.cu.cpp:12:
In file included from /home/yelkhamr/dark-factory/rocm-systems/projects/rccl/build/release/hipify/src/include/comm.h:25:
In file included from /home/yelkhamr/dark-factory/rocm-systems/projects/rccl/build/release/hipify/src/include/dev_runtime.h:11:
In file included from /home/yelkhamr/dark-factory/rocm-systems/projects/rccl/build/release/hipify/src/include/nccl_device.h:16:
/home/yelkhamr/dark-factory/rocm-systems/projects/rccl/build/release/hipify/src/include/nccl_device/impl/gin__funcs.h:413:60: warning: result of comparison of constant 3 with expression of type 'const hipMemLocationType' is always false [-Wtautological-constant-out-of-range-compare]
  413 |           if (!doneSysmemFence && srcSegmentWindow.memType == CU_MEM_LOCATION_TYPE_HOST_NUMA) {
      |                                   ~~~~~~~~~~~~~~~~~~~~~~~~ ^  ~~~~~~~~~~~~~~~~~~~~~~~~~~~~~~
In file included from /home/yelkhamr/dark-factory/rocm-systems/projects/rccl/build/release/hipify/src/commDump.cc:6:
In file included from /home/yelkhamr/dark-factory/rocm-systems/projects/rccl/build/release/hipify/src/include/comm.h:25:
In file included from /home/yelkhamr/dark-factory/rocm-systems/projects/rccl/build/release/hipify/src/include/dev_runtime.h:11:
In file included from /home/yelkhamr/dark-factory/rocm-systems/projects/rccl/build/release/hipify/src/include/nccl_device.h:10:
In file included from /home/yelkhamr/dark-factory/rocm-systems/projects/rccl/build/release/hipify/src/include/nccl_device/impl/barrier__funcs.h:12:
In file included from /home/yelkhamr/dark-factory/rocm-systems/projects/rccl/build/release/hipify/src/include/nccl_device/impl/barrier__types.h:10:
In file included from /home/yelkhamr/dark-factory/rocm-systems/projects/rccl/build/release/hipify/src/include/nccl_device/impl/../barrier.h:11:
/home/yelkhamr/dark-factory/rocm-systems/projects/rccl/build/release/hipify/src/include/nccl_device/impl/../impl/core__types.h:26:9: warning: 'NCCL_GIN_MAX_CONNECTIONS' macro redefined [-Wmacro-redefined]
   26 | #define NCCL_GIN_MAX_CONNECTIONS 4
      |         ^
/home/yelkhamr/dark-factory/rocm-systems/projects/rccl/build/release/include/nccl_device/gin/gin_device_host_common.h:18:9: note: previous definition is here
   18 | #define NCCL_GIN_MAX_CONNECTIONS NCCL_GIN_MAX_CONTEXTS
      |         ^
In file included from /home/yelkhamr/dark-factory/rocm-systems/projects/rccl/build/release/hipify/src/ipc_mem_handler.cc:11:
In file included from /home/yelkhamr/dark-factory/rocm-systems/projects/rccl/build/release/hipify/src/include/bootstrap.h:12:
In file included from /home/yelkhamr/dark-factory/rocm-systems/projects/rccl/build/release/hipify/src/include/comm.h:25:
In file included from /home/yelkhamr/dark-factory/rocm-systems/projects/rccl/build/release/hipify/src/include/dev_runtime.h:11:
In file included from /home/yelkhamr/dark-factory/rocm-systems/projects/rccl/build/release/hipify/src/include/nccl_device.h:10:
In file included from /home/yelkhamr/dark-factory/rocm-systems/projects/rccl/build/release/hipify/src/include/nccl_device/impl/barrier__funcs.h:12:
In file included from /home/yelkhamr/dark-factory/rocm-systems/projects/rccl/build/release/hipify/src/include/nccl_device/impl/barrier__types.h:10:
In file included from /home/yelkhamr/dark-factory/rocm-systems/projects/rccl/build/release/hipify/src/include/nccl_device/impl/../barrier.h:11:
/home/yelkhamr/dark-factory/rocm-systems/projects/rccl/build/release/hipify/src/include/nccl_device/impl/../impl/core__types.h:26:9: warning: 'NCCL_GIN_MAX_CONNECTIONS' macro redefined [-Wmacro-redefined]
   26 | #define NCCL_GIN_MAX_CONNECTIONS 4
      |         ^
/home/yelkhamr/dark-factory/rocm-systems/projects/rccl/build/release/include/nccl_device/gin/gin_device_host_common.h:18:9: note: previous definition is here
   18 | #define NCCL_GIN_MAX_CONNECTIONS NCCL_GIN_MAX_CONTEXTS
      |         ^
In file included from /home/yelkhamr/dark-factory/rocm-systems/projects/rccl/build/release/hipify/src/rma/rma_ce.cc:13:
In file included from /home/yelkhamr/dark-factory/rocm-systems/projects/rccl/build/release/hipify/src/include/comm.h:25:
In file included from /home/yelkhamr/dark-factory/rocm-systems/projects/rccl/build/release/hipify/src/include/dev_runtime.h:11:
In file included from /home/yelkhamr/dark-factory/rocm-systems/projects/rccl/build/release/hipify/src/include/nccl_device.h:10:
In file included from /home/yelkhamr/dark-factory/rocm-systems/projects/rccl/build/release/hipify/src/include/nccl_device/impl/barrier__funcs.h:12:
In file included from /home/yelkhamr/dark-factory/rocm-systems/projects/rccl/build/release/hipify/src/include/nccl_device/impl/barrier__types.h:10:
In file included from /home/yelkhamr/dark-factory/rocm-systems/projects/rccl/build/release/hipify/src/include/nccl_device/impl/../barrier.h:11:
/home/yelkhamr/dark-factory/rocm-systems/projects/rccl/build/release/hipify/src/include/nccl_device/impl/../impl/core__types.h:26:9: warning: 'NCCL_GIN_MAX_CONNECTIONS' macro redefined [-Wmacro-redefined]
   26 | #define NCCL_GIN_MAX_CONNECTIONS 4
      |         ^
/home/yelkhamr/dark-factory/rocm-systems/projects/rccl/build/release/include/nccl_device/gin/gin_device_host_common.h:18:9: note: previous definition is here
   18 | #define NCCL_GIN_MAX_CONNECTIONS NCCL_GIN_MAX_CONTEXTS
      |         ^
In file included from /home/yelkhamr/dark-factory/rocm-systems/projects/rccl/build/release/hipify/src/channel.cc:8:
In file included from /home/yelkhamr/dark-factory/rocm-systems/projects/rccl/build/release/hipify/src/include/channel.h:10:
In file included from /home/yelkhamr/dark-factory/rocm-systems/projects/rccl/build/release/hipify/src/include/comm.h:25:
In file included from /home/yelkhamr/dark-factory/rocm-systems/projects/rccl/build/release/hipify/src/include/dev_runtime.h:11:
In file included from /home/yelkhamr/dark-factory/rocm-systems/projects/rccl/build/release/hipify/src/include/nccl_device.h:16:
/home/yelkhamr/dark-factory/rocm-systems/projects/rccl/build/release/hipify/src/include/nccl_device/impl/gin__funcs.h:413:60: warning: result of comparison of constant 3 with expression of type 'const hipMemLocationType' is always false [-Wtautological-constant-out-of-range-compare]
  413 |           if (!doneSysmemFence && srcSegmentWindow.memType == CU_MEM_LOCATION_TYPE_HOST_NUMA) {
      |                                   ~~~~~~~~~~~~~~~~~~~~~~~~ ^  ~~~~~~~~~~~~~~~~~~~~~~~~~~~~~~
In file included from /home/yelkhamr/dark-factory/rocm-systems/projects/rccl/build/release/hipify/src/enqueue.cc:10:
In file included from /home/yelkhamr/dark-factory/rocm-systems/projects/rccl/build/release/hipify/src/include/enqueue.h:11:
In file included from /home/yelkhamr/dark-factory/rocm-systems/projects/rccl/build/release/hipify/src/include/comm.h:25:
In file included from /home/yelkhamr/dark-factory/rocm-systems/projects/rccl/build/release/hipify/src/include/dev_runtime.h:11:
In file included from /home/yelkhamr/dark-factory/rocm-systems/projects/rccl/build/release/hipify/src/include/nccl_device.h:10:
In file included from /home/yelkhamr/dark-factory/rocm-systems/projects/rccl/build/release/hipify/src/include/nccl_device/impl/barrier__funcs.h:12:
In file included from /home/yelkhamr/dark-factory/rocm-systems/projects/rccl/build/release/hipify/src/include/nccl_device/impl/barrier__types.h:10:
In file included from /home/yelkhamr/dark-factory/rocm-systems/projects/rccl/build/release/hipify/src/include/nccl_device/impl/../barrier.h:11:
/home/yelkhamr/dark-factory/rocm-systems/projects/rccl/build/release/hipify/src/include/nccl_device/impl/../impl/core__types.h:26:9: warning: 'NCCL_GIN_MAX_CONNECTIONS' macro redefined [-Wmacro-redefined]
   26 | #define NCCL_GIN_MAX_CONNECTIONS 4
      |         ^
/home/yelkhamr/dark-factory/rocm-systems/projects/rccl/build/release/include/nccl_device/gin/gin_device_host_common.h:18:9: note: previous definition is here
   18 | #define NCCL_GIN_MAX_CONNECTIONS NCCL_GIN_MAX_CONTEXTS
      |         ^
In file included from /home/yelkhamr/dark-factory/rocm-systems/projects/rccl/build/release/hipify/src/rccl_wrap.cc:25:
In file included from /home/yelkhamr/dark-factory/rocm-systems/projects/rccl/build/release/hipify/src/include/comm.h:25:
In file included from /home/yelkhamr/dark-factory/rocm-systems/projects/rccl/build/release/hipify/src/include/dev_runtime.h:11:
In file included from /home/yelkhamr/dark-factory/rocm-systems/projects/rccl/build/release/hipify/src/include/nccl_device.h:10:
In file included from /home/yelkhamr/dark-factory/rocm-systems/projects/rccl/build/release/hipify/src/include/nccl_device/impl/barrier__funcs.h:12:
In file included from /home/yelkhamr/dark-factory/rocm-systems/projects/rccl/build/release/hipify/src/include/nccl_device/impl/barrier__types.h:10:
In file included from /home/yelkhamr/dark-factory/rocm-systems/projects/rccl/build/release/hipify/src/include/nccl_device/impl/../barrier.h:11:
/home/yelkhamr/dark-factory/rocm-systems/projects/rccl/build/release/hipify/src/include/nccl_device/impl/../impl/core__types.h:26:9: warning: 'NCCL_GIN_MAX_CONNECTIONS' macro redefined [-Wmacro-redefined]
   26 | #define NCCL_GIN_MAX_CONNECTIONS 4
      |         ^
/home/yelkhamr/dark-factory/rocm-systems/projects/rccl/build/release/include/nccl_device/gin/gin_device_host_common.h:18:9: note: previous definition is here
   18 | #define NCCL_GIN_MAX_CONNECTIONS NCCL_GIN_MAX_CONTEXTS
      |         ^
In file included from /home/yelkhamr/dark-factory/rocm-systems/projects/rccl/build/release/hipify/src/graph/paths.cc:11:
In file included from /home/yelkhamr/dark-factory/rocm-systems/projects/rccl/build/release/hipify/src/graph/topo.h:15:
In file included from /home/yelkhamr/dark-factory/rocm-systems/projects/rccl/build/release/hipify/src/include/net.h:13:
In file included from /home/yelkhamr/dark-factory/rocm-systems/projects/rccl/build/release/hipify/src/include/comm.h:25:
In file included from /home/yelkhamr/dark-factory/rocm-systems/projects/rccl/build/release/hipify/src/include/dev_runtime.h:11:
In file included from /home/yelkhamr/dark-factory/rocm-systems/projects/rccl/build/release/hipify/src/include/nccl_device.h:16:
/home/yelkhamr/dark-factory/rocm-systems/projects/rccl/build/release/hipify/src/include/nccl_device/impl/gin__funcs.h:413:60: warning: result of comparison of constant 3 with expression of type 'const hipMemLocationType' is always false [-Wtautological-constant-out-of-range-compare]
  413 |           if (!doneSysmemFence && srcSegmentWindow.memType == CU_MEM_LOCATION_TYPE_HOST_NUMA) {
      |                                   ~~~~~~~~~~~~~~~~~~~~~~~~ ^  ~~~~~~~~~~~~~~~~~~~~~~~~~~~~~~
In file included from /home/yelkhamr/dark-factory/rocm-systems/projects/rccl/build/release/hipify/src/ce_coll.cc:9:
In file included from /home/yelkhamr/dark-factory/rocm-systems/projects/rccl/build/release/hipify/src/include/comm.h:25:
In file included from /home/yelkhamr/dark-factory/rocm-systems/projects/rccl/build/release/hipify/src/include/dev_runtime.h:11:
In file included from /home/yelkhamr/dark-factory/rocm-systems/projects/rccl/build/release/hipify/src/include/nccl_device.h:16:
/home/yelkhamr/dark-factory/rocm-systems/projects/rccl/build/release/hipify/src/include/nccl_device/impl/gin__funcs.h:413:60: warning: result of comparison of constant 3 with expression of type 'const hipMemLocationType' is always false [-Wtautological-constant-out-of-range-compare]
  413 |           if (!doneSysmemFence && srcSegmentWindow.memType == CU_MEM_LOCATION_TYPE_HOST_NUMA) {
      |                                   ~~~~~~~~~~~~~~~~~~~~~~~~ ^  ~~~~~~~~~~~~~~~~~~~~~~~~~~~~~~
In file included from /home/yelkhamr/dark-factory/rocm-systems/projects/rccl/build/release/hipify/src/mem_manager.cc:11:
In file included from /home/yelkhamr/dark-factory/rocm-systems/projects/rccl/build/release/hipify/src/include/comm.h:25:
In file included from /home/yelkhamr/dark-factory/rocm-systems/projects/rccl/build/release/hipify/src/include/dev_runtime.h:11:
In file included from /home/yelkhamr/dark-factory/rocm-systems/projects/rccl/build/release/hipify/src/include/nccl_device.h:16:
/home/yelkhamr/dark-factory/rocm-systems/projects/rccl/build/release/hipify/src/include/nccl_device/impl/gin__funcs.h:413:60: warning: result of comparison of constant 3 with expression of type 'const hipMemLocationType' is always false [-Wtautological-constant-out-of-range-compare]
  413 |           if (!doneSysmemFence && srcSegmentWindow.memType == CU_MEM_LOCATION_TYPE_HOST_NUMA) {
      |                                   ~~~~~~~~~~~~~~~~~~~~~~~~ ^  ~~~~~~~~~~~~~~~~~~~~~~~~~~~~~~
In file included from /home/yelkhamr/dark-factory/rocm-systems/projects/rccl/build/release/hipify/src/graph/connect.cc:9:
In file included from /home/yelkhamr/dark-factory/rocm-systems/projects/rccl/build/release/hipify/src/include/comm.h:25:
In file included from /home/yelkhamr/dark-factory/rocm-systems/projects/rccl/build/release/hipify/src/include/dev_runtime.h:11:
In file included from /home/yelkhamr/dark-factory/rocm-systems/projects/rccl/build/release/hipify/src/include/nccl_device.h:16:
/home/yelkhamr/dark-factory/rocm-systems/projects/rccl/build/release/hipify/src/include/nccl_device/impl/gin__funcs.h:413:60: warning: result of comparison of constant 3 with expression of type 'const hipMemLocationType' is always false [-Wtautological-constant-out-of-range-compare]
  413 |           if (!doneSysmemFence && srcSegmentWindow.memType == CU_MEM_LOCATION_TYPE_HOST_NUMA) {
      |                                   ~~~~~~~~~~~~~~~~~~~~~~~~ ^  ~~~~~~~~~~~~~~~~~~~~~~~~~~~~~~
In file included from /home/yelkhamr/dark-factory/rocm-systems/projects/rccl/build/release/hipify/src/graph/tuning.cc:12:
In file included from /home/yelkhamr/dark-factory/rocm-systems/projects/rccl/build/release/hipify/src/include/comm.h:25:
In file included from /home/yelkhamr/dark-factory/rocm-systems/projects/rccl/build/release/hipify/src/include/dev_runtime.h:11:
In file included from /home/yelkhamr/dark-factory/rocm-systems/projects/rccl/build/release/hipify/src/include/nccl_device.h:16:
/home/yelkhamr/dark-factory/rocm-systems/projects/rccl/build/release/hipify/src/include/nccl_device/impl/gin__funcs.h:413:60: warning: result of comparison of constant 3 with expression of type 'const hipMemLocationType' is always false [-Wtautological-constant-out-of-range-compare]
  413 |           if (!doneSysmemFence && srcSegmentWindow.memType == CU_MEM_LOCATION_TYPE_HOST_NUMA) {
      |                                   ~~~~~~~~~~~~~~~~~~~~~~~~ ^  ~~~~~~~~~~~~~~~~~~~~~~~~~~~~~~
In file included from /home/yelkhamr/dark-factory/rocm-systems/projects/rccl/build/release/hipify/src/graph/search.cc:10:
In file included from /home/yelkhamr/dark-factory/rocm-systems/projects/rccl/build/release/hipify/src/include/comm.h:25:
In file included from /home/yelkhamr/dark-factory/rocm-systems/projects/rccl/build/release/hipify/src/include/dev_runtime.h:11:
In file included from /home/yelkhamr/dark-factory/rocm-systems/projects/rccl/build/release/hipify/src/include/nccl_device.h:10:
In file included from /home/yelkhamr/dark-factory/rocm-systems/projects/rccl/build/release/hipify/src/include/nccl_device/impl/barrier__funcs.h:12:
In file included from /home/yelkhamr/dark-factory/rocm-systems/projects/rccl/build/release/hipify/src/include/nccl_device/impl/barrier__types.h:10:
In file included from /home/yelkhamr/dark-factory/rocm-systems/projects/rccl/build/release/hipify/src/include/nccl_device/impl/../barrier.h:11:
/home/yelkhamr/dark-factory/rocm-systems/projects/rccl/build/release/hipify/src/include/nccl_device/impl/../impl/core__types.h:26:9: warning: 'NCCL_GIN_MAX_CONNECTIONS' macro redefined [-Wmacro-redefined]
   26 | #define NCCL_GIN_MAX_CONNECTIONS 4
      |         ^
/home/yelkhamr/dark-factory/rocm-systems/projects/rccl/build/release/include/nccl_device/gin/gin_device_host_common.h:18:9: note: previous definition is here
   18 | #define NCCL_GIN_MAX_CONNECTIONS NCCL_GIN_MAX_CONTEXTS
      |         ^
In file included from /home/yelkhamr/dark-factory/rocm-systems/projects/rccl/build/release/hipify/src/proxy.cc:10:
In file included from /home/yelkhamr/dark-factory/rocm-systems/projects/rccl/build/release/hipify/src/include/comm.h:25:
In file included from /home/yelkhamr/dark-factory/rocm-systems/projects/rccl/build/release/hipify/src/include/dev_runtime.h:11:
In file included from /home/yelkhamr/dark-factory/rocm-systems/projects/rccl/build/release/hipify/src/include/nccl_device.h:16:
/home/yelkhamr/dark-factory/rocm-systems/projects/rccl/build/release/hipify/src/include/nccl_device/impl/gin__funcs.h:413:60: warning: result of comparison of constant 3 with expression of type 'const hipMemLocationType' is always false [-Wtautological-constant-out-of-range-compare]
  413 |           if (!doneSysmemFence && srcSegmentWindow.memType == CU_MEM_LOCATION_TYPE_HOST_NUMA) {
      |                                   ~~~~~~~~~~~~~~~~~~~~~~~~ ^  ~~~~~~~~~~~~~~~~~~~~~~~~~~~~~~
In file included from /home/yelkhamr/dark-factory/rocm-systems/projects/rccl/build/release/hipify/src/misc/recorder.cc:3:
In file included from /home/yelkhamr/dark-factory/rocm-systems/projects/rccl/build/release/hipify/src/include/bootstrap.h:12:
In file included from /home/yelkhamr/dark-factory/rocm-systems/projects/rccl/build/release/hipify/src/include/comm.h:25:
In file included from /home/yelkhamr/dark-factory/rocm-systems/projects/rccl/build/release/hipify/src/include/dev_runtime.h:11:
In file included from /home/yelkhamr/dark-factory/rocm-systems/projects/rccl/build/release/hipify/src/include/nccl_device.h:10:
In file included from /home/yelkhamr/dark-factory/rocm-systems/projects/rccl/build/release/hipify/src/include/nccl_device/impl/barrier__funcs.h:12:
In file included from /home/yelkhamr/dark-factory/rocm-systems/projects/rccl/build/release/hipify/src/include/nccl_device/impl/barrier__types.h:10:
In file included from /home/yelkhamr/dark-factory/rocm-systems/projects/rccl/build/release/hipify/src/include/nccl_device/impl/../barrier.h:11:
/home/yelkhamr/dark-factory/rocm-systems/projects/rccl/build/release/hipify/src/include/nccl_device/impl/../impl/core__types.h:26:9: warning: 'NCCL_GIN_MAX_CONNECTIONS' macro redefined [-Wmacro-redefined]
   26 | #define NCCL_GIN_MAX_CONNECTIONS 4
      |         ^
/home/yelkhamr/dark-factory/rocm-systems/projects/rccl/build/release/include/nccl_device/gin/gin_device_host_common.h:18:9: note: previous definition is here
   18 | #define NCCL_GIN_MAX_CONNECTIONS NCCL_GIN_MAX_CONTEXTS
      |         ^
In file included from /home/yelkhamr/dark-factory/rocm-systems/projects/rccl/build/release/hipify/src/misc/argcheck.cc:9:
In file included from /home/yelkhamr/dark-factory/rocm-systems/projects/rccl/build/release/hipify/src/include/comm.h:25:
In file included from /home/yelkhamr/dark-factory/rocm-systems/projects/rccl/build/release/hipify/src/include/dev_runtime.h:11:
In file included from /home/yelkhamr/dark-factory/rocm-systems/projects/rccl/build/release/hipify/src/include/nccl_device.h:16:
/home/yelkhamr/dark-factory/rocm-systems/projects/rccl/build/release/hipify/src/include/nccl_device/impl/gin__funcs.h:413:60: warning: result of comparison of constant 3 with expression of type 'const hipMemLocationType' is always false [-Wtautological-constant-out-of-range-compare]
  413 |           if (!doneSysmemFence && srcSegmentWindow.memType == CU_MEM_LOCATION_TYPE_HOST_NUMA) {
      |                                   ~~~~~~~~~~~~~~~~~~~~~~~~ ^  ~~~~~~~~~~~~~~~~~~~~~~~~~~~~~~
In file included from /home/yelkhamr/dark-factory/rocm-systems/projects/rccl/build/release/hipify/src/bootstrap.cc:12:
In file included from /home/yelkhamr/dark-factory/rocm-systems/projects/rccl/build/release/hipify/src/include/bootstrap.h:12:
In file included from /home/yelkhamr/dark-factory/rocm-systems/projects/rccl/build/release/hipify/src/include/comm.h:25:
In file included from /home/yelkhamr/dark-factory/rocm-systems/projects/rccl/build/release/hipify/src/include/dev_runtime.h:11:
In file included from /home/yelkhamr/dark-factory/rocm-systems/projects/rccl/build/release/hipify/src/include/nccl_device.h:16:
/home/yelkhamr/dark-factory/rocm-systems/projects/rccl/build/release/hipify/src/include/nccl_device/impl/gin__funcs.h:413:60: warning: result of comparison of constant 3 with expression of type 'const hipMemLocationType' is always false [-Wtautological-constant-out-of-range-compare]
  413 |           if (!doneSysmemFence && srcSegmentWindow.memType == CU_MEM_LOCATION_TYPE_HOST_NUMA) {
      |                                   ~~~~~~~~~~~~~~~~~~~~~~~~ ^  ~~~~~~~~~~~~~~~~~~~~~~~~~~~~~~
In file included from /home/yelkhamr/dark-factory/rocm-systems/projects/rccl/build/release/hipify/src/os/linux.cc:604:
In file included from /home/yelkhamr/dark-factory/rocm-systems/projects/rccl/build/release/hipify/src/include/comm.h:25:
In file included from /home/yelkhamr/dark-factory/rocm-systems/projects/rccl/build/release/hipify/src/include/dev_runtime.h:11:
In file included from /home/yelkhamr/dark-factory/rocm-systems/projects/rccl/build/release/hipify/src/include/nccl_device.h:10:
In file included from /home/yelkhamr/dark-factory/rocm-systems/projects/rccl/build/release/hipify/src/include/nccl_device/impl/barrier__funcs.h:12:
In file included from /home/yelkhamr/dark-factory/rocm-systems/projects/rccl/build/release/hipify/src/include/nccl_device/impl/barrier__types.h:10:
In file included from /home/yelkhamr/dark-factory/rocm-systems/projects/rccl/build/release/hipify/src/include/nccl_device/impl/../barrier.h:11:
/home/yelkhamr/dark-factory/rocm-systems/projects/rccl/build/release/hipify/src/include/nccl_device/impl/../impl/core__types.h:26:9: warning: 'NCCL_GIN_MAX_CONNECTIONS' macro redefined [-Wmacro-redefined]
   26 | #define NCCL_GIN_MAX_CONNECTIn file included from IONS /home/yelkhamr/dark-factory/rocm-systems/projects/rccl/build/release/hipify/src/mnnvl.cc:49
:
In file included from       /home/yelkhamr/dark-factory/rocm-systems/projects/rccl/build/release/hipify/src/include/mnnvl.h:| 12:
In file included from         ^/home/yelkhamr/dark-factory/rocm-systems/projects/rccl/build/release/hipify/src/include/comm.h:
25:
In file included from /home/yelkhamr/dark-factory/rocm-systems/projects/rccl/build/release/hipify/src/include/dev_runtime.h:11:
In file included from /home/yelkhamr/dark-factory/rocm-systems/projects/rccl/build/release/hipify/src/include/nccl_device.h/home/yelkhamr/dark-factory/rocm-systems/projects/rccl/build/release/include/nccl_device/gin/gin_device_host_common.h:16::
18/home/yelkhamr/dark-factory/rocm-systems/projects/rccl/build/release/hipify/src/include/nccl_device/impl/gin__funcs.h::413:609: :warning:  result of comparison of constant 3 with expression of type 'const hipMemLocationType' is always false [-Wtautological-constant-out-of-range-compare]note: 
previous definition is here
   18 | #define NCCL_GIN_MAX_CONNECTIONS NCCL_GIN_MAX  413 | _    C   O   iNf (T!dEoXneTSSy
sme      mFe| nce        ^ &&
 srcSegmentWindow.memType == CU_MEM_LOCATION_TYPE_HOST_NUMA) {
      |                                   ~~~~~~~~~~~~~~~~~~~~~~~~ ^  ~~~~~~~~~~~~~~~~~~~~~~~~~~~~~~
In file included from /home/yelkhamr/dark-factory/rocm-systems/projects/rccl/build/release/hipify/src/group.cc:10:
In file included from /home/yelkhamr/dark-factory/rocm-systems/projects/rccl/build/release/hipify/src/include/group.h:12:
In file included from /home/yelkhamr/dark-factory/rocm-systems/projects/rccl/build/release/hipify/src/include/comm.h:25:
In file included from /home/yelkhamr/dark-factory/rocm-systems/projects/rccl/build/release/hipify/src/include/dev_runtime.h:11:
In file included from /home/yelkhamr/dark-factory/rocm-systems/projects/rccl/build/release/hipify/src/include/nccl_device.h:16:
/home/yelkhamr/dark-factory/rocm-systems/projects/rccl/build/release/hipify/src/include/nccl_device/impl/gin__funcs.h:413:60: warning: result of comparison of constant 3 with expression of type 'const hipMemLocationType' is always false [-Wtautological-constant-out-of-range-compare]
  413 |           if (!doneSysmemFence && srcSegmentWindow.memType == CU_MEM_LOCATION_TYPE_HOST_NUMA) {
      |                                   ~~~~~~~~~~~~~~~~~~~~~~~~ ^  ~~~~~~~~~~~~~~~~~~~~~~~~~~~~~~
In file included from /home/yelkhamr/dark-factory/rocm-systems/projects/rccl/build/release/hipify/src/graph/topo.cc:11:
In file included from /home/yelkhamr/dark-factory/rocm-systems/projects/rccl/build/release/hipify/src/graph/topo.h:15:
In file included from /home/yelkhamr/dark-factory/rocm-systems/projects/rccl/build/release/hipify/src/include/net.h:13:
In file included from /home/yelkhamr/dark-factory/rocm-systems/projects/rccl/build/release/hipify/src/include/comm.h:25:
In file included from /home/yelkhamr/dark-factory/rocm-systems/projects/rccl/build/release/hipify/src/include/dev_runtime.h:11:
In file included from /home/yelkhamr/dark-factory/rocm-systems/projects/rccl/build/release/hipify/src/include/nccl_device.h:16:
/home/yelkhamr/dark-factory/rocm-systems/projects/rccl/build/release/hipify/src/include/nccl_device/impl/gin__funcs.h:413:60: warning: result of comparison of constant 3 with expression of type 'const hipMemLocationType' is always false [-Wtautological-constant-out-of-range-compare]
  413 |           if (!doneSysmemFence && srcSegmentWindow.memType == CU_MEM_LOCATION_TYPE_HOST_NUMA) {
      |                                   ~~~~~~~~~~~~~~~~~~~~~~~~ ^  ~~~~~~~~~~~~~~~~~~~~~~~~~~~~~~
In file included from /home/yelkhamr/dark-factory/rocm-systems/projects/rccl/build/release/hipify/src/graph/rome_models.cc:24:
In file included from /home/yelkhamr/dark-factory/rocm-systems/projects/rccl/build/release/hipify/src/include/comm.h:25:
In file included from /home/yelkhamr/dark-factory/rocm-systems/projects/rccl/build/release/hipify/src/include/dev_runtime.h:11:
In file included from /home/yelkhamr/dark-factory/rocm-systems/projects/rccl/build/release/hipify/src/include/nccl_device.h:16:
/home/yelkhamr/dark-factory/rocm-systems/projects/rccl/build/release/hipify/src/include/nccl_device/impl/gin__funcs.h:413:60: warning: result of comparison of constant 3 with expression of type 'const hipMemLocationType' is always false [-Wtautological-constant-out-of-range-compare]
  413 |           if (!doneSysmemFence && srcSegmentWindow.memType == CU_MEM_LOCATION_TYPE_HOST_NUMA) {
      |                                   ~~~~~~~~~~~~~~~~~~~~~~~~ ^  ~~~~~~~~~~~~~~~~~~~~~~~~~~~~~~
In file included from /home/yelkhamr/dark-factory/rocm-systems/projects/rccl/build/release/hipify/src/misc/shmutils.cc:10:
In file included from /home/yelkhamr/dark-factory/rocm-systems/projects/rccl/build/release/hipify/src/include/comm.h:25:
In file included from /home/yelkhamr/dark-factory/rocm-systems/projects/rccl/build/release/hipify/src/include/dev_runtime.h:11:
In file included from /home/yelkhamr/dark-factory/rocm-systems/projects/rccl/build/release/hipify/src/include/nccl_device.h:10:
In file included from /home/yelkhamr/dark-factory/rocm-systems/projects/rccl/build/release/hipify/src/include/nccl_device/impl/barrier__funcs.h:12:
In file included from /home/yelkhamr/dark-factory/rocm-systems/projects/rccl/build/release/hipify/src/include/nccl_device/impl/barrier__types.h:10:
In file included from /home/yelkhamr/dark-factory/rocm-systems/projects/rccl/build/release/hipify/src/include/nccl_device/impl/../barrier.h:11:
/home/yelkhamr/dark-factory/rocm-systems/projects/rccl/build/release/hipify/src/include/nccl_device/impl/../impl/core__types.h:26:9: warning: 'NCCL_GIN_MAX_CONNECTIONS' macro redefined [-Wmacro-redefined]
   26 | #define NCCL_GIN_MAX_CONNECTIONS 4
      |         ^
/home/yelkhamr/dark-factory/rocm-systems/projects/rccl/build/release/include/nccl_device/gin/gin_device_host_common.h:18:9: note: previous definition is here
   18 | #define NCCL_GIN_MAX_CONNECTIONS NCCL_GIN_MAX_CONTEXTS
      |         ^
In file included from /home/yelkhamr/dark-factory/rocm-systems/projects/rccl/build/release/hipify/src/commDump.cc:6:
In file included from /home/yelkhamr/dark-factory/rocm-systems/projects/rccl/build/release/hipify/src/include/comm.h:25:
In file included from /home/yelkhamr/dark-factory/rocm-systems/projects/rccl/build/release/hipify/src/include/dev_runtime.h:11:
In file included from /home/yelkhamr/dark-factory/rocm-systems/projects/rccl/build/release/hipify/src/include/nccl_device.h:16:
/home/yelkhamr/dark-factory/rocm-systems/projects/rccl/build/release/hipify/src/include/nccl_device/impl/gin__funcs.h:413:60: warning: result of comparison of constant 3 with expression of type 'const hipMemLocationType' is always false [-Wtautological-constant-out-of-range-compare]
  413 |           if (!doneSysmemFence && srcSegmentWindow.memType == CU_MEM_LOCATION_TYPE_HOST_NUMA) {
      |                                   ~~~~~~~~~~~~~~~~~~~~~~~~ ^  ~~~~~~~~~~~~~~~~~~~~~~~~~~~~~~
In file included from /home/yelkhamr/dark-factory/rocm-systems/projects/rccl/build/release/hipify/src/nccl_device/core.cc:9:
In file included from /home/yelkhamr/dark-factory/rocm-systems/projects/rccl/build/release/hipify/src/include/comm.h:25:
In file included from /home/yelkhamr/dark-factory/rocm-systems/projects/rccl/build/release/hipify/src/include/dev_runtime.h:11:
In file included from /home/yelkhamr/dark-factory/rocm-systems/projects/rccl/build/release/hipify/src/include/nccl_device.h:10:
In file included from /home/yelkhamr/dark-factory/rocm-systems/projects/rccl/build/release/hipify/src/include/nccl_device/impl/barrier__funcs.h:12:
In file included from /home/yelkhamr/dark-factory/rocm-systems/projects/rccl/build/release/hipify/src/include/nccl_device/impl/barrier__types.h:10:
In file included from /home/yelkhamr/dark-factory/rocm-systems/projects/rccl/build/release/hipify/src/include/nccl_device/impl/../barrier.h:11:
/home/yelkhamr/dark-factory/rocm-systems/projects/rccl/build/release/hipify/src/include/nccl_device/impl/../impl/core__types.h:26:9: warning: 'NCCL_GIN_MAX_CONNECTIONS' macro redefined [-Wmacro-redefined]
   26 | #define NCCL_GIN_MAX_CONNECTIONS 4
      |         ^
/home/yelkhamr/dark-factory/rocm-systems/projects/rccl/build/release/include/nccl_device/gin/gin_device_host_common.h:18:9: note: previous definition is here
   18 | #define NCCL_GIN_MAX_CONNECTIONS NCCL_GIN_MAX_CONTEXTS
      |         ^
In file included from /home/yelkhamr/dark-factory/rocm-systems/projects/rccl/build/release/hipify/src/rma/rma_ce.cc:13:
In file included from /home/yelkhamr/dark-factory/rocm-systems/projects/rccl/build/release/hipify/src/include/comm.h:25:
In file included from /home/yelkhamr/dark-factory/rocm-systems/projects/rccl/build/release/hipify/src/include/dev_runtime.h:11:
In file included from /home/yelkhamr/dark-factory/rocm-systems/projects/rccl/build/release/hipify/src/include/nccl_device.h:16:
/home/yelkhamr/dark-factory/rocm-systems/projects/rccl/build/release/hipify/src/include/nccl_device/impl/gin__funcs.h:413:60: warning: result of comparison of constant 3 with expression of type 'const hipMemLocationType' is always false [-Wtautological-constant-out-of-range-compare]
  413 |           if (!doneSysmemFence && srcSegmentWindow.memType == CU_MEM_LOCATION_TYPE_HOST_NUMA) {
      |                                   ~~~~~~~~~~~~~~~~~~~~~~~~ ^  ~~~~~~~~~~~~~~~~~~~~~~~~~~~~~~
In file included from /home/yelkhamr/dark-factory/rocm-systems/projects/rccl/build/release/hipify/src/ipc_mem_handler.cc:11:
In file included from /home/yelkhamr/dark-factory/rocm-systems/projects/rccl/build/release/hipify/src/include/bootstrap.h:12:
In file included from /home/yelkhamr/dark-factory/rocm-systems/projects/rccl/build/release/hipify/src/include/comm.h:25:
In file included from /home/yelkhamr/dark-factory/rocm-systems/projects/rccl/build/release/hipify/src/include/dev_runtime.h:11:
In file included from /home/yelkhamr/dark-factory/rocm-systems/projects/rccl/build/release/hipify/src/include/nccl_device.h:16:
/home/yelkhamr/dark-factory/rocm-systems/projects/rccl/build/release/hipify/src/include/nccl_device/impl/gin__funcs.h:413:60: warning: result of comparison of constant 3 with expression of type 'const hipMemLocationType' is always false [-Wtautological-constant-out-of-range-compare]
  413 |           if (!doneSysmemFence && srcSegmentWindow.memType == CU_MEM_LOCATION_TYPE_HOST_NUMA) {
      |                                   ~~~~~~~~~~~~~~~~~~~~~~~~ ^  ~~~~~~~~~~~~~~~~~~~~~~~~~~~~~~
In file included from /home/yelkhamr/dark-factory/rocm-systems/projects/rccl/build/release/hipify/src/enqueue.cc:10:
In file included from /home/yelkhamr/dark-factory/rocm-systems/projects/rccl/build/release/hipify/src/include/enqueue.h:11:
In file included from /home/yelkhamr/dark-factory/rocm-systems/projects/rccl/build/release/hipify/src/include/comm.h:25:
In file included from /home/yelkhamr/dark-factory/rocm-systems/projects/rccl/build/release/hipify/src/include/dev_runtime.h:11:
In file included from /home/yelkhamr/dark-factory/rocm-systems/projects/rccl/build/release/hipify/src/include/nccl_device.h:16:
/home/yelkhamr/dark-factory/rocm-systems/projects/rccl/build/release/hipify/src/include/nccl_device/impl/gin__funcs.h:413:60: warning: result of comparison of constant 3 with expression of type 'const hipMemLocationType' is always false [-Wtautological-constant-out-of-range-compare]
  413 |           if (!doneSysmemFence && srcSegmentWindow.memType == CU_MEM_LOCATION_TYPE_HOST_NUMA) {
      |                                   ~~~~~~~~~~~~~~~~~~~~~~~~ ^  ~~~~~~~~~~~~~~~~~~~~~~~~~~~~~~
In file included from /home/yelkhamr/dark-factory/rocm-systems/projects/rccl/build/release/hipify/src/rccl_wrap.cc:25:
In file included from /home/yelkhamr/dark-factory/rocm-systems/projects/rccl/build/release/hipify/src/include/comm.h:25:
In file included from /home/yelkhamr/dark-factory/rocm-systems/projects/rccl/build/release/hipify/src/include/dev_runtime.h:11:
In file included from /home/yelkhamr/dark-factory/rocm-systems/projects/rccl/build/release/hipify/src/include/nccl_device.h:16:
/home/yelkhamr/dark-factory/rocm-systems/projects/rccl/build/release/hipify/src/include/nccl_device/impl/gin__funcs.h:413:60: warning: result of comparison of constant 3 with expression of type 'const hipMemLocationType' is always false [-Wtautological-constant-out-of-range-compare]
  413 |           if (!doneSysmemFence && srcSegmentWindow.memType == CU_MEM_LOCATION_TYPE_HOST_NUMA) {
      |                                   ~~~~~~~~~~~~~~~~~~~~~~~~ ^  ~~~~~~~~~~~~~~~~~~~~~~~~~~~~~~
In file included from /home/yelkhamr/dark-factory/rocm-systems/projects/rccl/build/release/hipify/src/misc/rocmwrap.cc:14:
In file included from /home/yelkhamr/dark-factory/rocm-systems/projects/rccl/build/release/hipify/src/include/bootstrap.h:12:
In file included from /home/yelkhamr/dark-factory/rocm-systems/projects/rccl/build/release/hipify/src/include/comm.h:25:
In file included from /home/yelkhamr/dark-factory/rocm-systems/projects/rccl/build/release/hipify/src/include/dev_runtime.h:11:
In file included from /home/yelkhamr/dark-factory/rocm-systems/projects/rccl/build/release/hipify/src/include/nccl_device.h:10:
In file included from /home/yelkhamr/dark-factory/rocm-systems/projects/rccl/build/release/hipify/src/include/nccl_device/impl/barrier__funcs.h:12:
In file included from /home/yelkhamr/dark-factory/rocm-systems/projects/rccl/build/release/hipify/src/include/nccl_device/impl/barrier__types.h:10:
In file included from /home/yelkhamr/dark-factory/rocm-systems/projects/rccl/build/release/hipify/src/include/nccl_device/impl/../barrier.h:11:
/home/yelkhamr/dark-factory/rocm-systems/projects/rccl/build/release/hipify/src/include/nccl_device/impl/../impl/core__types.h:26:9: warning: 'NCCL_GIN_MAX_CONNECTIONS' macro redefined [-Wmacro-redefined]
   26 | #define NCCL_GIN_MAX_CONNECTIONS 4
      |         ^
/home/yelkhamr/dark-factory/rocm-systems/projects/rccl/build/release/include/nccl_device/gin/gin_device_host_common.h:18:9: note: previous definition is here
   18 | #define NCCL_GIN_MAX_CONNECTIONS NCCL_GIN_MAX_CONTEXTS
      |         ^
In file included from /home/yelkhamr/dark-factory/rocm-systems/projects/rccl/build/release/hipify/src/graph/search.cc:10:
In file included from /home/yelkhamr/dark-factory/rocm-systems/projects/rccl/build/release/hipify/src/include/comm.h:25:
In file included from /home/yelkhamr/dark-factory/rocm-systems/projects/rccl/build/release/hipify/src/include/dev_runtime.h:11:
In file included from /home/yelkhamr/dark-factory/rocm-systems/projects/rccl/build/release/hipify/src/include/nccl_device.h:16:
/home/yelkhamr/dark-factory/rocm-systems/projects/rccl/build/release/hipify/src/include/nccl_device/impl/gin__funcs.h:413:60: warning: result of comparison of constant 3 with expression of type 'const hipMemLocationType' is always false [-Wtautological-constant-out-of-range-compare]
  413 |           if (!doneSysmemFence && srcSegmentWindow.memType == CU_MEM_LOCATION_TYPE_HOST_NUMA) {
      |                                   ~~~~~~~~~~~~~~~~~~~~~~~~ ^  ~~~~~~~~~~~~~~~~~~~~~~~~~~~~~~
In file included from /home/yelkhamr/dark-factory/rocm-systems/projects/rccl/build/release/hipify/src/misc/recorder.cc:3:
In file included from /home/yelkhamr/dark-factory/rocm-systems/projects/rccl/build/release/hipify/src/include/bootstrap.h:12:
In file included from /home/yelkhamr/dark-factory/rocm-systems/projects/rccl/build/release/hipify/src/include/comm.h:25:
In file included from /home/yelkhamr/dark-factory/rocm-systems/projects/rccl/build/release/hipify/src/include/dev_runtime.h:11:
In file included from /home/yelkhamr/dark-factory/rocm-systems/projects/rccl/build/release/hipify/src/include/nccl_device.h:16:
/home/yelkhamr/dark-factory/rocm-systems/projects/rccl/build/release/hipify/src/include/nccl_device/impl/gin__funcs.h:413:60: warning: result of comparison of constant 3 with expression of type 'const hipMemLocationType' is always false [-Wtautological-constant-out-of-range-compare]
  413 |           if (!doneSysmemFence && srcSegmentWindow.memType == CU_MEM_LOCATION_TYPE_HOST_NUMA) {
      |                                   ~~~~~~~~~~~~~~~~~~~~~~~~ ^  ~~~~~~~~~~~~~~~~~~~~~~~~~~~~~~
In file included from /home/yelkhamr/dark-factory/rocm-systems/projects/rccl/build/release/hipify/src/os/linux.cc:604:
In file included from /home/yelkhamr/dark-factory/rocm-systems/projects/rccl/build/release/hipify/src/include/comm.h:25:
In file included from /home/yelkhamr/dark-factory/rocm-systems/projects/rccl/build/release/hipify/src/include/dev_runtime.h:11:
In file included from /home/yelkhamr/dark-factory/rocm-systems/projects/rccl/build/release/hipify/src/include/nccl_device.h:16:
/home/yelkhamr/dark-factory/rocm-systems/projects/rccl/build/release/hipify/src/include/nccl_device/impl/gin__funcs.h:413:60: warning: result of comparison of constant 3 with expression of type 'const hipMemLocationType' is always false [-Wtautological-constant-out-of-range-compare]
  413 |           if (!doneSysmemFence && srcSegmentWindow.memType == CU_MEM_LOCATION_TYPE_HOST_NUMA) {
      |                                   ~~~~~~~~~~~~~~~~~~~~~~~~ ^  ~~~~~~~~~~~~~~~~~~~~~~~~~~~~~~
In file included from /home/yelkhamr/dark-factory/rocm-systems/projects/rccl/build/release/hipify/src/misc/shmutils.cc:10:
In file included from /home/yelkhamr/dark-factory/rocm-systems/projects/rccl/build/release/hipify/src/include/comm.h:25:
In file included from /home/yelkhamr/dark-factory/rocm-systems/projects/rccl/build/release/hipify/src/include/dev_runtime.h:11:
In file included from /home/yelkhamr/dark-factory/rocm-systems/projects/rccl/build/release/hipify/src/include/nccl_device.h:16:
/home/yelkhamr/dark-factory/rocm-systems/projects/rccl/build/release/hipify/src/include/nccl_device/impl/gin__funcs.h:413:60: warning: result of comparison of constant 3 with expression of type 'const hipMemLocationType' is always false [-Wtautological-constant-out-of-range-compare]
  413 |           if (!doneSysmemFence && srcSegmentWindow.memType == CU_MEM_LOCATION_TYPE_HOST_NUMA) {
      |                                   ~~~~~~~~~~~~~~~~~~~~~~~~ ^  ~~~~~~~~~~~~~~~~~~~~~~~~~~~~~~
In file included from /home/yelkhamr/dark-factory/rocm-systems/projects/rccl/build/release/hipify/src/nccl_device/core.cc:9:
In file included from /home/yelkhamr/dark-factory/rocm-systems/projects/rccl/build/release/hipify/src/include/comm.h:25:
In file included from /home/yelkhamr/dark-factory/rocm-systems/projects/rccl/build/release/hipify/src/include/dev_runtime.h:11:
In file included from /home/yelkhamr/dark-factory/rocm-systems/projects/rccl/build/release/hipify/src/include/nccl_device.h:16:
/home/yelkhamr/dark-factory/rocm-systems/projects/rccl/build/release/hipify/src/include/nccl_device/impl/gin__funcs.h:413:60: warning: result of comparison of constant 3 with expression of type 'const hipMemLocationType' is always false [-Wtautological-constant-out-of-range-compare]
  413 |           if (!doneSysmemFence && srcSegmentWindow.memType == CU_MEM_LOCATION_TYPE_HOST_NUMA) {
      |                                   ~~~~~~~~~~~~~~~~~~~~~~~~ ^  ~~~~~~~~~~~~~~~~~~~~~~~~~~~~~~
In file included from /home/yelkhamr/dark-factory/rocm-systems/projects/rccl/build/release/hipify/src/rma/rma.cc:12:
In file included from /home/yelkhamr/dark-factory/rocm-systems/projects/rccl/build/release/hipify/src/include/comm.h:25:
In file included from /home/yelkhamr/dark-factory/rocm-systems/projects/rccl/build/release/hipify/src/include/dev_runtime.h:11:
In file included from /home/yelkhamr/dark-factory/rocm-systems/projects/rccl/build/release/hipify/src/include/nccl_device.h:10:
In file included from /home/yelkhamr/dark-factory/rocm-systems/projects/rccl/build/release/hipify/src/include/nccl_device/impl/barrier__funcs.h:12:
In file included from /home/yelkhamr/dark-factory/rocm-systems/projects/rccl/build/release/hipify/src/include/nccl_device/impl/barrier__types.h:10:
In file included from /home/yelkhamr/dark-factory/rocm-systems/projects/rccl/build/release/hipify/src/include/nccl_device/impl/../barrier.h:11:
/home/yelkhamr/dark-factory/rocm-systems/projects/rccl/build/release/hipify/src/include/nccl_device/impl/../impl/core__types.h:26:9: warning: 'NCCL_GIN_MAX_CONNECTIONS' macro redefined [-Wmacro-redefined]
   26 | #define NCCL_GIN_MAX_CONNECTIONS 4
      |         ^
/home/yelkhamr/dark-factory/rocm-systems/projects/rccl/build/release/include/nccl_device/gin/gin_device_host_common.h:18:9: note: previous definition is here
   18 | #define NCCL_GIN_MAX_CONNECTIONS NCCL_GIN_MAX_CONTEXTS
      |         ^
In file included from /home/yelkhamr/dark-factory/rocm-systems/projects/rccl/build/release/hipify/src/misc/rocmwrap.cc:14:
In file included from /home/yelkhamr/dark-factory/rocm-systems/projects/rccl/build/release/hipify/src/include/bootstrap.h:12:
In file included from /home/yelkhamr/dark-factory/rocm-systems/projects/rccl/build/release/hipify/src/include/comm.h:25:
In file included from /home/yelkhamr/dark-factory/rocm-systems/projects/rccl/build/release/hipify/src/include/dev_runtime.h:11:
In file included from /home/yelkhamr/dark-factory/rocm-systems/projects/rccl/build/release/hipify/src/include/nccl_device.h:16:
/home/yelkhamr/dark-factory/rocm-systems/projects/rccl/build/release/hipify/src/include/nccl_device/impl/gin__funcs.h:413:60: warning: result of comparison of constant 3 with expression of type 'const hipMemLocationType' is always false [-Wtautological-constant-out-of-range-compare]
  413 |           if (!doneSysmemFence && srcSegmentWindow.memType == CU_MEM_LOCATION_TYPE_HOST_NUMA) {
      |                                   ~~~~~~~~~~~~~~~~~~~~~~~~ ^  ~~~~~~~~~~~~~~~~~~~~~~~~~~~~~~
[ 86%] Building CXX object src/CMakeFiles/rccl.dir/__/hipify/src/plugin/gin/gin_v12.cc.o
clang++: warning: argument unused during compilation: '--offload-compress' [-Wunused-command-line-argument]
In file included from /home/yelkhamr/dark-factory/rocm-systems/projects/rccl/build/release/hipify/src/rma/rma.cc:12:
In file included from /home/yelkhamr/dark-factory/rocm-systems/projects/rccl/build/release/hipify/src/include/comm.h:25:
In file included from /home/yelkhamr/dark-factory/rocm-systems/projects/rccl/build/release/hipify/src/include/dev_runtime.h:11:
In file included from /home/yelkhamr/dark-factory/rocm-systems/projects/rccl/build/release/hipify/src/include/nccl_device.h:16:
/home/yelkhamr/dark-factory/rocm-systems/projects/rccl/build/release/hipify/src/include/nccl_device/impl/gin__funcs.h:413:60: warning: result of comparison of constant 3 with expression of type 'const hipMemLocationType' is always false [-Wtautological-constant-out-of-range-compare]
  413 |           if (!doneSysmemFence && srcSegmentWindow.memType == CU_MEM_LOCATION_TYPE_HOST_NUMA) {
      |                                   ~~~~~~~~~~~~~~~~~~~~~~~~ ^  ~~~~~~~~~~~~~~~~~~~~~~~~~~~~~~
[ 86%] Building CXX object src/CMakeFiles/rccl.dir/__/hipify/src/plugin/gin/gin_v13.cc.o
/home/yelkhamr/dark-factory/rocm-systems/projects/rccl/build/release/hipify/src/allocator.cc:27:7: warning: unused variable 'flag' [-Wunused-variable]
   27 |   int flag;
      |       ^~~~
clang++: warning: argument unused during compilation: '--offload-compress' [-Wunused-command-line-argument]
[ 86%] Building CXX object src/CMakeFiles/rccl.dir/__/hipify/src/ras/client.cc.o
clang++: warning: argument unused during compilation: '--offload-compress' [-Wunused-command-line-argument]
/home/yelkhamr/dark-factory/rocm-systems/projects/rccl/build/release/hipify/src/ce_coll.cc:310:9: warning: unused variable 'ceSyncHandle' [-Wunused-variable]
  310 |   void* ceSyncHandle = NULL;
      |         ^~~~~~~~~~~~
/home/yelkhamr/dark-factory/rocm-systems/projects/rccl/build/release/hipify/src/proxy.cc:623:8: warning: unused variable 'needProxy' [-Wunused-variable]
  623 |   bool needProxy = false;
      |        ^~~~~~~~~
/home/yelkhamr/dark-factory/rocm-systems/projects/rccl/build/release/hipify/src/dev_runtime.cc:398:70: warning: result of comparison of constant 3 with expression of type 'hipMemLocationType' is always false [-Wtautological-constant-out-of-range-compare]
  398 |                       (ncclParamSymReuseSysmemHandles() && msg->type == CU_MEM_LOCATION_TYPE_HOST_NUMA);
      |                                                            ~~~~~~~~~ ^  ~~~~~~~~~~~~~~~~~~~~~~~~~~~~~~
/home/yelkhamr/dark-factory/rocm-systems/projects/rccl/build/release/hipify/src/dev_runtime.cc:425:172: warning: format specifies type 'long long' but the argument has type 'hipMemGenericAllocationHandle_t' (aka 'ihipMemGenericAllocationHandle *') [-Wformat]
  425 |     INFO(NCCL_REG, "[%d] Segment %d, Type : %d, numSegments : %d, Segment size : %ld, memHandle : %lld", devr->lsaSelf, segment, msg->type, numSegments, msg->segmentSize, msg->memHandle);
      |                                                                                                   ~~~~                                                                     ^~~~~~~~~~~~~~
/home/yelkhamr/dark-factory/rocm-systems/projects/rccl/build/release/hipify/src/include/debug.h:53:85: note: expanded from macro 'INFO'
   53 |             ncclDebugLog(NCCL_LOG_INFO, (unsigned long)(FLAGS), __func__, __LINE__, __VA_ARGS__); \
      |                                                                                     ^~~~~~~~~~~
/home/yelkhamr/dark-factory/rocm-systems/projects/rccl/build/release/hipify/src/proxy.cc:996:14: warning: logical not is only applied to the left hand side of this comparison [-Wlogical-not-parentheses]
  996 |   } else if (!CUDASUCCESS(hipSetDevice(proxyState->cudaDev))) {
      |              ^~~~~~~~~~~~~~~~~~~~~~~~~~~~~~~~~~~~~~~~~~~~~~~
/home/yelkhamr/dark-factory/rocm-systems/projects/rccl/build/release/hipify/src/proxy.cc:996:14: note: add parentheses after the '!' to evaluate the comparison first
  996 |   } else if (!CUDASUCCESS(hipSetDevice(proxyState->cudaDev))) {
      |              ^                                              
      |               (                                             )
/home/yelkhamr/dark-factory/rocm-systems/projects/rccl/build/release/hipify/src/proxy.cc:996:14: note: add parentheses around left hand side expression to silence this warning
/home/yelkhamr/dark-factory/rocm-systems/projects/rccl/build/release/hipify/src/dev_runtime.cc:661:30: warning: result of comparison of constant 3 with expression of type 'hipMemLocationType' is always false [-Wtautological-constant-out-of-range-compare]
  661 |       int ptrType = (locType == CU_MEM_LOCATION_TYPE_HOST_NUMA) ? NCCL_PTR_HOST : NCCL_PTR_CUDA;
      |                      ~~~~~~~ ^  ~~~~~~~~~~~~~~~~~~~~~~~~~~~~~~
[ 86%] Building CXX object src/CMakeFiles/rccl.dir/__/hipify/src/ras/client_support.cc.o
clang++: warning: argument unused during compilation: '--offload-compress' [-Wunused-command-line-argument]
/home/yelkhamr/dark-factory/rocm-systems/projects/rccl/build/release/hipify/src/dev_runtime.cc:1382:28: warning: result of comparison of constant 3 with expression of type 'hipMemLocationType' is always true [-Wtautological-constant-out-of-range-compare]
 1382 |     if (prop.location.type != CU_MEM_LOCATION_TYPE_HOST_NUMA && prop.location.type != hipMemLocationTypeDevice) {
      |         ~~~~~~~~~~~~~~~~~~ ^  ~~~~~~~~~~~~~~~~~~~~~~~~~~~~~~
/home/yelkhamr/dark-factory/rocm-systems/projects/rccl/build/release/hipify/src/enqueue.cc:124:11: warning: logical not is only applied to the left hand side of this comparison [-Wlogical-not-parentheses]
  124 |       if (!CUDASUCCESS(hipFuncGetAttributes(&attr, reinterpret_cast<const void*>(fn)))) continue; // Silently ignore failures
      |           ^~~~~~~~~~~~~~~~~~~~~~~~~~~~~~~~~~~~~~~~~~~~~~~~~~~~~~~~~~~~~~~~~~~~~~~~~~~~
/home/yelkhamr/dark-factory/rocm-systems/projects/rccl/build/release/hipify/src/enqueue.cc:124:11: note: add parentheses after the '!' to evaluate the comparison first
  124 |       if (!CUDASUCCESS(hipFuncGetAttributes(&attr, reinterpret_cast<const void*>(fn)))) continue; // Silently ignore failures
      |           ^                                                                           
      |            (                                                                          )
/home/yelkhamr/dark-factory/rocm-systems/projects/rccl/build/release/hipify/src/enqueue.cc:124:11: note: add parentheses around left hand side expression to silence this warning
/home/yelkhamr/dark-factory/rocm-systems/projects/rccl/build/release/hipify/src/proxy.cc:1734:14: warning: logical not is only applied to the left hand side of this comparison [-Wlogical-not-parentheses]
 1734 |   } else if (!CUDASUCCESS(hipSetDevice(proxyState->cudaDev))) {
      |              ^~~~~~~~~~~~~~~~~~~~~~~~~~~~~~~~~~~~~~~~~~~~~~~
/home/yelkhamr/dark-factory/rocm-systems/projects/rccl/build/release/hipify/src/proxy.cc:1734:14: note: add parentheses after the '!' to evaluate the comparison first
 1734 |   } else if (!CUDASUCCESS(hipSetDevice(proxyState->cudaDev))) {
      |              ^                                              
      |               (                                             )
/home/yelkhamr/dark-factory/rocm-systems/projects/rccl/build/release/hipify/src/proxy.cc:1734:14: note: add parentheses around left hand side expression to silence this warning
/home/yelkhamr/dark-factory/rocm-systems/projects/rccl/build/release/hipify/src/proxy.cc:1981:14: warning: logical not is only applied to the left hand side of this comparison [-Wlogical-not-parentheses]
 1981 |   } else if (!CUDASUCCESS(hipSetDevice(proxyState->cudaDev))) {
      |              ^~~~~~~~~~~~~~~~~~~~~~~~~~~~~~~~~~~~~~~~~~~~~~~
/home/yelkhamr/dark-factory/rocm-systems/projects/rccl/build/release/hipify/src/proxy.cc:1981:14: note: add parentheses after the '!' to evaluate the comparison first
 1981 |   } else if (!CUDASUCCESS(hipSetDevice(proxyState->cudaDev))) {
      |              ^                                              
      |               (                                             )
/home/yelkhamr/dark-factory/rocm-systems/projects/rccl/build/release/hipify/src/proxy.cc:1981:14: note: add parentheses around left hand side expression to silence this warning
[ 86%] Building CXX object src/CMakeFiles/rccl.dir/__/hipify/src/ras/collectives_tmp.cc.o
clang++: warning: argument unused during compilation: '--offload-compress' [-Wunused-command-line-argument]
In file included from /home/yelkhamr/dark-factory/rocm-systems/projects/rccl/build/release/hipify/src/rma/rma_proxy.cc:16:
In file included from /home/yelkhamr/dark-factory/rocm-systems/projects/rccl/build/release/hipify/src/include/comm.h:25:
In file included from /home/yelkhamr/dark-factory/rocm-systems/projects/rccl/build/release/hipify/src/include/dev_runtime.h:11:
In file included from /home/yelkhamr/dark-factory/rocm-systems/projects/rccl/build/release/hipify/src/include/nccl_device.h:10:
In file included from /home/yelkhamr/dark-factory/rocm-systems/projects/rccl/build/release/hipify/src/include/nccl_device/impl/barrier__funcs.h:12:
In file included from /home/yelkhamr/dark-factory/rocm-systems/projects/rccl/build/release/hipify/src/include/nccl_device/impl/barrier__types.h:10:
In file included from /home/yelkhamr/dark-factory/rocm-systems/projects/rccl/build/release/hipify/src/include/nccl_device/impl/../barrier.h:11:
/home/yelkhamr/dark-factory/rocm-systems/projects/rccl/build/release/hipify/src/include/nccl_device/impl/../impl/core__types.h:26:9: warning: 'NCCL_GIN_MAX_CONNECTIONS' macro redefined [-Wmacro-redefined]
   26 | #define NCCL_GIN_MAX_CONNECTIONS 4
      |         ^
/home/yelkhamr/dark-factory/rocm-systems/projects/rccl/build/release/include/nccl_device/gin/gin_device_host_common.h:18:9: note: previous definition is here
   18 | #define NCCL_GIN_MAX_CONNECTIONS NCCL_GIN_MAX_CONTEXTS
      |         ^
[ 86%] Building CXX object src/CMakeFiles/rccl.dir/__/hipify/src/ras/peers.cc.o
[ 86%] Building CXX object src/CMakeFiles/rccl.dir/__/hipify/src/ras/ras.cc.o
In file included from /home/yelkhamr/dark-factory/rocm-systems/projects/rccl/build/release/hipify/src/rma/rma_proxy.cc:16:
In file included from /home/yelkhamr/dark-factory/rocm-systems/projects/rccl/build/release/hipify/src/include/comm.h:25:
In file included from /home/yelkhamr/dark-factory/rocm-systems/projects/rccl/build/release/hipify/src/include/dev_runtime.h:11:
In file included from /home/yelkhamr/dark-factory/rocm-systems/projects/rccl/build/release/hipify/src/include/nccl_device.h:16:
/home/yelkhamr/dark-factory/rocm-systems/projects/rccl/build/release/hipify/src/include/nccl_device/impl/gin__funcs.h:413:60: warning: result of comparison of constant 3 with expression of type 'const hipMemLocationType' is always false [-Wtautological-constant-out-of-range-compare]
  413 |           if (!doneSysmemFence && srcSegmentWindow.memType == CU_MEM_LOCATION_TYPE_HOST_NUMA) {
      |                                   ~~~~~~~~~~~~~~~~~~~~~~~~ ^  ~~~~~~~~~~~~~~~~~~~~~~~~~~~~~~
clang++: warning: argument unused during compilation: '--offload-compress' [-Wunused-command-line-argument]
clang++: warning: argument unused during compilation: '--offload-compress' [-Wunused-command-line-argument]
[ 86%] Building CXX object src/CMakeFiles/rccl.dir/__/hipify/src/ras/rasnet.cc.o
[ 86%] Building CXX object src/CMakeFiles/rccl.dir/__/hipify/src/register/coll_reg.cc.o
[ 86%] Building CXX object src/CMakeFiles/rccl.dir/__/hipify/src/register/register.cc.o
clang++: warning: argument unused during compilation: '--offload-compress' [-Wunused-command-line-argument]
clang++: warning: argument unused during compilation: '--offload-compress' [-Wunused-command-line-argument]
clang++: /home/yelkhamr/dark-factory/rocm-systems/projects/rccl/build/release/hipify/src/sym_kernels.cc:78:warning: 20:argument unused during compilation: '--offload-compress' [-Wunused-command-line-argument] 
warning: unused variable 'kernelMask_LSA' [-Wunused-const-variable]
   78 | constexpr uint32_t kernelMask_LSA = 1<<ncclSymkKernelId_AllReduce_AGxLL_R |
      |                    ^~~~~~~~~~~~~~
[ 86%] Building CXX object src/CMakeFiles/rccl.dir/__/hipify/src/register/sendrecv_reg.cc.o
In file included from /home/yelkhamr/dark-factory/rocm-systems/projects/rccl/build/release/hipify/src/rma/rma_proxy_launch.cc:16:
In file included from /home/yelkhamr/dark-factory/rocm-systems/projects/rccl/build/release/hipify/src/include/comm.h:25:
In file included from /home/yelkhamr/dark-factory/rocm-systems/projects/rccl/build/release/hipify/src/include/dev_runtime.h:11:
In file included from /home/yelkhamr/dark-factory/rocm-systems/projects/rccl/build/release/hipify/src/include/nccl_device.h:10:
In file included from /home/yelkhamr/dark-factory/rocm-systems/projects/rccl/build/release/hipify/src/include/nccl_device/impl/barrier__funcs.h:12:
In file included from /home/yelkhamr/dark-factory/rocm-systems/projects/rccl/build/release/hipify/src/include/nccl_device/impl/barrier__types.h:10:
In file included from /home/yelkhamr/dark-factory/rocm-systems/projects/rccl/build/release/hipify/src/include/nccl_device/impl/../barrier.h:11:
/home/yelkhamr/dark-factory/rocm-systems/projects/rccl/build/release/hipify/src/include/nccl_device/impl/../impl/core__types.h:26:9: warning: 'NCCL_GIN_MAX_CONNECTIONS' macro redefined [-Wmacro-redefined]
   26 | #define NCCL_GIN_MAX_CONNECTIONS 4
      |         ^
/home/yelkhamr/dark-factory/rocm-systems/projects/rccl/build/release/include/nccl_device/gin/gin_device_host_common.h:18:9: note: previous definition is here
   18 | #define NCCL_GIN_MAX_CONNECTIONS NCCL_GIN_MAX_CONTEXTS
      |         ^
clang++: warning: argument unused during compilation: '--offload-compress' [-Wunused-command-line-argument]
/home/yelkhamr/dark-factory/rocm-systems/projects/rccl/build/release/hipify/src/rma/rma_proxy.cc:109:20: warning: variable 'registrationResult' set but not used [-Wunused-but-set-variable]
  109 |       ncclResult_t registrationResult = ncclInternalError;
      |                    ^
In file included from /home/yelkhamr/dark-factory/rocm-systems/projects/rccl/build/release/hipify/src/rma/rma_proxy_launch.cc:16:
In file included from /home/yelkhamr/dark-factory/rocm-systems/projects/rccl/build/release/hipify/src/include/comm.h:25:
In file included from /home/yelkhamr/dark-factory/rocm-systems/projects/rccl/build/release/hipify/src/include/dev_runtime.h:11:
In file included from /home/yelkhamr/dark-factory/rocm-systems/projects/rccl/build/release/hipify/src/include/nccl_device.h:16:
/home/yelkhamr/dark-factory/rocm-systems/projects/rccl/build/release/hipify/src/include/nccl_device/impl/gin__funcs.h:413:60: warning: result of comparison of constant 3 with expression of type 'const hipMemLocationType' is always false [-Wtautological-constant-out-of-range-compare]
  413 |           if (!doneSysmemFence && srcSegmentWindow.memType == CU_MEM_LOCATION_TYPE_HOST_NUMA) {
      |                                   ~~~~~~~~~~~~~~~~~~~~~~~~ ^  ~~~~~~~~~~~~~~~~~~~~~~~~~~~~~~
2 warnings generated when compiling for host.
2 warnings generated when compiling for host.
In file included from /home/yelkhamr/dark-factory/rocm-systems/projects/rccl/build/release/hipify/src/rma/rma_proxy_progress.cc:11:
In file included from /home/yelkhamr/dark-factory/rocm-systems/projects/rccl/build/release/hipify/src/include/comm.h:25:
In file included from /home/yelkhamr/dark-factory/rocm-systems/projects/rccl/build/release/hipify/src/include/dev_runtime.h:11:
In file included from /home/yelkhamr/dark-factory/rocm-systems/projects/rccl/build/release/hipify/src/include/nccl_device.h:10:
In file included from /home/yelkhamr/dark-factory/rocm-systems/projects/rccl/build/release/hipify/src/include/nccl_device/impl/barrier__funcs.h:12:
In file included from /home/yelkhamr/dark-factory/rocm-systems/projects/rccl/build/release/hipify/src/include/nccl_device/impl/barrier__types.h:10:
In file included from /home/yelkhamr/dark-factory/rocm-systems/projects/rccl/build/release/hipify/src/include/nccl_device/impl/../barrier.h:11:
/home/yelkhamr/dark-factory/rocm-systems/projects/rccl/build/release/hipify/src/include/nccl_device/impl/../impl/core__types.h:26:9: warning: 'NCCL_GIN_MAX_CONNECTIONS' macro redefined [-Wmacro-redefined]
   26 | #define NCCL_GIN_MAX_CONNECTIONS 4
      |         ^
/home/yelkhamr/dark-factory/rocm-systems/projects/rccl/build/release/include/nccl_device/gin/gin_device_host_common.h:18:9: note: previous definition is here
   18 | #define NCCL_GIN_MAX_CONNECTIONS NCCL_GIN_MAX_CONTEXTS
      |         ^
2 warnings generated when compiling for host.
In file included from /home/yelkhamr/dark-factory/rocm-systems/projects/rccl/build/release/hipify/src/plugin/net.cc:8:
In file included from /home/yelkhamr/dark-factory/rocm-systems/projects/rccl/build/release/hipify/src/include/net.h:13:
In file included from /home/yelkhamr/dark-factory/rocm-systems/projects/rccl/build/release/hipify/src/include/comm.h:25:
In file included from /home/yelkhamr/dark-factory/rocm-systems/projects/rccl/build/release/hipify/src/include/dev_runtime.h:11:
In file included from /home/yelkhamr/dark-factory/rocm-systems/projects/rccl/build/release/hipify/src/include/nccl_device.h:10:
In file included from /home/yelkhamr/dark-factory/rocm-systems/projects/rccl/build/release/hipify/src/include/nccl_device/impl/barrier__funcs.h:12:
In file included from /home/yelkhamr/dark-factory/rocm-systems/projects/rccl/build/release/hipify/src/include/nccl_device/impl/barrier__types.h:10:
In file included from /home/yelkhamr/dark-factory/rocm-systems/projects/rccl/build/release/hipify/src/include/nccl_device/impl/../barrier.h:11:
/home/yelkhamr/dark-factory/rocm-systems/projects/rccl/build/release/hipify/src/include/nccl_device/impl/../impl/core__types.h:26:9: warning: 'NCCL_GIN_MAX_CONNECTIONS' macro redefined [-Wmacro-redefined]
   26 | #define NCCL_GIN_MAX_CONNECTIONS 4
      |         ^
/home/yelkhamr/dark-factory/rocm-systems/projects/rccl/build/release/include/nccl_device/gin/gin_device_host_common.h:18:9: note: previous definition is here
   18 | #define NCCL_GIN_MAX_CONNECTIONS NCCL_GIN_MAX_CONTEXTS
      |         ^
[ 86%] Building CXX object src/CMakeFiles/rccl.dir/__/hipify/src/scheduler/symmetric_sched.cc.o
[ 86%] Building CXX object src/CMakeFiles/rccl.dir/__/hipify/src/scheduler/allgatherv_sched.cc.o
2 warnings generated when compiling for host.
[ 86%] Building CXX object src/CMakeFiles/rccl.dir/__/hipify/src/transport/coll_net.cc.o
clang++: warning: argument unused during compilation: '--offload-compress' [-Wunused-command-line-argument]
2 warnings generated when compiling for host.
In file included from /home/yelkhamr/dark-factory/rocm-systems/projects/rccl/build/release/hipify/src/rma/rma_proxy_progress.cc:11:
In file included from /home/yelkhamr/dark-factory/rocm-systems/projects/rccl/build/release/hipify/src/include/comm.h:25:
In file included from /home/yelkhamr/dark-factory/rocm-systems/projects/rccl/build/release/hipify/src/include/dev_runtime.h:11:
In file included from /home/yelkhamr/dark-factory/rocm-systems/projects/rccl/build/release/hipify/src/include/nccl_device.h:16:
/home/yelkhamr/dark-factory/rocm-systems/projects/rccl/build/release/hipify/src/include/nccl_device/impl/gin__funcs.h:413:60: warning: result of comparison of constant 3 with expression of type 'const hipMemLocationType' is always false [-Wtautological-constant-out-of-range-compare]
  413 |           if (!doneSysmemFence && srcSegmentWindow.memType == CU_MEM_LOCATION_TYPE_HOST_NUMA) {
      |                                   ~~~~~~~~~~~~~~~~~~~~~~~~ ^  ~~~~~~~~~~~~~~~~~~~~~~~~~~~~~~
clang++: warning: argument unused during compilation: '--offload-compress' [-Wunused-command-line-argument]
2 warnings generated when compiling for host.
clang++: warning: argument unused during compilation: '--offload-compress' [-Wunused-command-line-argument]
In file included from /home/yelkhamr/dark-factory/rocm-systems/projects/rccl/build/release/hipify/src/plugin/net.cc:8:
In file included from /home/yelkhamr/dark-factory/rocm-systems/projects/rccl/build/release/hipify/src/include/net.h:13:
In file included from /home/yelkhamr/dark-factory/rocm-systems/projects/rccl/build/release/hipify/src/include/comm.h:25:
In file included from /home/yelkhamr/dark-factory/rocm-systems/projects/rccl/build/release/hipify/src/include/dev_runtime.h:11:
In file included from /home/yelkhamr/dark-factory/rocm-systems/projects/rccl/build/release/hipify/src/include/nccl_device.h:16:
/home/yelkhamr/dark-factory/rocm-systems/projects/rccl/build/release/hipify/src/include/nccl_device/impl/gin__funcs.h:413:60: warning: result of comparison of constant 3 with expression of type 'const hipMemLocationType' is always false [-Wtautological-constant-out-of-range-compare]
  413 |           if (!doneSysmemFence && srcSegmentWindow.memType == CU_MEM_LOCATION_TYPE_HOST_NUMA) {
      |                                   ~~~~~~~~~~~~~~~~~~~~~~~~ ^  ~~~~~~~~~~~~~~~~~~~~~~~~~~~~~~
[ 86%] Building CXX object src/CMakeFiles/rccl.dir/__/hipify/src/transport/generic.cc.o
2 warnings generated when compiling for host.
[ 86%] Building CXX object src/CMakeFiles/rccl.dir/__/hipify/src/transport/net_tmp.cc.o
[ 86%] Building CXX object src/CMakeFiles/rccl.dir/__/hipify/src/transport/net_ib/common.cc.o
clang++: warning: argument unused during compilation: '--offload-compress' [-Wunused-command-line-argument]
3 warnings generated when compiling for host.
[ 86%] Building CXX object src/CMakeFiles/rccl.dir/__/hipify/src/transport/net_ib/connect_tmp.cc.o
3 warnings generated when compiling for host.
clang++: warning: argument unused during compilation: '--offload-compress' [-Wunused-command-line-argument]
2 warnings generated when compiling for host.
clang++: warning: argument unused during compilation: '--offload-compress' [-Wunused-command-line-argument]
clang++: warning: argument unused during compilation: '--offload-compress' [-Wunused-command-line-argument]
[ 86%] Building CXX object src/CMakeFiles/rccl.dir/__/hipify/src/transport/net_ib/gdr.cc.o
[ 86%] Building CXX object src/CMakeFiles/rccl.dir/__/hipify/src/transport/net_ib/gin_tmp.cc.o
[ 86%] Building CXX object src/CMakeFiles/rccl.dir/__/hipify/src/transport/net_ib/init_tmp.cc.o
2 warnings generated when compiling for host.
clang++: warning: argument unused during compilation: '--offload-compress' [-Wunused-command-line-argument]
In file included from /home/yelkhamr/dark-factory/rocm-systems/projects/rccl/build/release/hipify/src/plugin/tuner.cc:15:
In file included from /home/yelkhamr/dark-factory/rocm-systems/projects/rccl/build/release/hipify/src/include/tuner.h:13:
In file included from /home/yelkhamr/dark-factory/rocm-systems/projects/rccl/build/release/hipify/src/include/comm.h:25:
In file included from /home/yelkhamr/dark-factory/rocm-systems/projects/rccl/build/release/hipify/src/include/dev_runtime.h:11:
In file included from /home/yelkhamr/dark-factory/rocm-systems/projects/rccl/build/release/hipify/src/include/nccl_device.h:10:
In file included from /home/yelkhamr/dark-factory/rocm-systems/projects/rccl/build/release/hipify/src/include/nccl_device/impl/barrier__funcs.h:12:
In file included from /home/yelkhamr/dark-factory/rocm-systems/projects/rccl/build/release/hipify/src/include/nccl_device/impl/barrier__types.h:10:
In file included from /home/yelkhamr/dark-factory/rocm-systems/projects/rccl/build/release/hipify/src/include/nccl_device/impl/../barrier.h:11:
/home/yelkhamr/dark-factory/rocm-systems/projects/rccl/build/release/hipify/src/include/nccl_device/impl/../impl/core__types.h:26:9: warning: 'NCCL_GIN_MAX_CONNECTIONS' macro redefined [-Wmacro-redefined]
   26 | #define NCCL_GIN_MAX_CONNECTIONS 4
      |         ^
/home/yelkhamr/dark-factory/rocm-systems/projects/rccl/build/release/include/nccl_device/gin/gin_device_host_common.h:18:9: note: previous definition is here
   18 | #define NCCL_GIN_MAX_CONNECTIONS NCCL_GIN_MAX_CONTEXTS
      |         ^
clang++: warning: argument unused during compilation: '--offload-compress' [-Wunused-command-line-argument]
clang++: warning: argument unused during compilation: '--offload-compress' [-Wunused-command-line-argument]
In file included from /home/yelkhamr/dark-factory/rocm-systems/projects/rccl/build/release/hipify/src/plugin/profiler.cc:11:
In file included from /home/yelkhamr/dark-factory/rocm-systems/projects/rccl/build/release/hipify/src/include/comm.h:25:
In file included from /home/yelkhamr/dark-factory/rocm-systems/projects/rccl/build/release/hipify/src/include/dev_runtime.h:11:
In file included from /home/yelkhamr/dark-factory/rocm-systems/projects/rccl/build/release/hipify/src/include/nccl_device.h:10:
In file included from /home/yelkhamr/dark-factory/rocm-systems/projects/rccl/build/release/hipify/src/include/nccl_device/impl/barrier__funcs.h:12:
In file included from /home/yelkhamr/dark-factory/rocm-systems/projects/rccl/build/release/hipify/src/include/nccl_device/impl/barrier__types.h:10:
In file included from /home/yelkhamr/dark-factory/rocm-systems/projects/rccl/build/release/hipify/src/include/nccl_device/impl/../barrier.h:11:
/home/yelkhamr/dark-factory/rocm-systems/projects/rccl/build/release/hipify/src/include/nccl_device/impl/../impl/core__types.h:26:9: warning: 'NCCL_GIN_MAX_CONNECTIONS' macro redefined [-Wmacro-redefined]
   26 | #define NCCL_GIN_MAX_CONNECTIONS 4
      |         ^
/home/yelkhamr/dark-factory/rocm-systems/projects/rccl/build/release/include/nccl_device/gin/gin_device_host_common.h:18:9: note: previous definition is here
   18 | #define NCCL_GIN_MAX_CONNECTIONS NCCL_GIN_MAX_CONTEXTS
      |         ^
2 warnings generated when compiling for host.
2 warnings generated when compiling for host.
[ 86%] Building CXX object src/CMakeFiles/rccl.dir/__/hipify/src/transport/net_ib/p2p.cc.o
3 warnings generated when compiling for host.
In file included from /home/yelkhamr/dark-factory/rocm-systems/projects/rccl/build/release/hipify/src/plugin/tuner.cc:15:
In file included from /home/yelkhamr/dark-factory/rocm-systems/projects/rccl/build/release/hipify/src/include/tuner.h:13:
In file included from /home/yelkhamr/dark-factory/rocm-systems/projects/rccl/build/release/hipify/src/include/comm.h:25:
In file included from /home/yelkhamr/dark-factory/rocm-systems/projects/rccl/build/release/hipify/src/include/dev_runtime.h:11:
In file included from /home/yelkhamr/dark-factory/rocm-systems/projects/rccl/build/release/hipify/src/include/nccl_device.h:16:
/home/yelkhamr/dark-factory/rocm-systems/projects/rccl/build/release/hipify/src/include/nccl_device/impl/gin__funcs.h:413:60: warning: result of comparison of constant 3 with expression of type 'const hipMemLocationType' is always false [-Wtautological-constant-out-of-range-compare]
  413 |           if (!doneSysmemFence && srcSegmentWindow.memType == CU_MEM_LOCATION_TYPE_HOST_NUMA) {
      |                                   ~~~~~~~~~~~~~~~~~~~~~~~~ ^  ~~~~~~~~~~~~~~~~~~~~~~~~~~~~~~
[ 86%] Building CXX object src/CMakeFiles/rccl.dir/__/hipify/src/transport/net_ib/p2p_resiliency.cc.o
In file included from /home/yelkhamr/dark-factory/rocm-systems/projects/rccl/build/release/hipify/src/plugin/profiler.cc:11:
In file included from /home/yelkhamr/dark-factory/rocm-systems/projects/rccl/build/release/hipify/src/include/comm.h:25:
In file included from /home/yelkhamr/dark-factory/rocm-systems/projects/rccl/build/release/hipify/src/include/dev_runtime.h:11:
In file included from /home/yelkhamr/dark-factory/rocm-systems/projects/rccl/build/release/hipify/src/include/nccl_device.h:16:
/home/yelkhamr/dark-factory/rocm-systems/projects/rccl/build/release/hipify/src/include/nccl_device/impl/gin__funcs.h:413:60: warning: result of comparison of constant 3 with expression of type 'const hipMemLocationType' is always false [-Wtautological-constant-out-of-range-compare]
  413 |           if (!doneSysmemFence && srcSegmentWindow.memType == CU_MEM_LOCATION_TYPE_HOST_NUMA) {
      |                                   ~~~~~~~~~~~~~~~~~~~~~~~~ ^  ~~~~~~~~~~~~~~~~~~~~~~~~~~~~~~
clang++: warning: argument unused during compilation: '--offload-compress' [-Wunused-command-line-argument]
[ 86%] Building CXX object src/CMakeFiles/rccl.dir/__/hipify/src/transport/net_ib/p2p_resiliency_recovery.cc.o
2 warnings generated when compiling for host.
2 warnings generated when compiling for host.
2 warnings generated when compiling for host.
clang++: warning: argument unused during compilation: '--offload-compress' [-Wunused-command-line-argument]
[ 86%] Building CXX object src/CMakeFiles/rccl.dir/__/hipify/src/transport/net_ib/reg.cc.o
2 warnings generated when compiling for host.
clang++: warning: argument unused during compilation: '--offload-compress' [-Wunused-command-line-argument]
[ 86%] Building CXX object src/CMakeFiles/rccl.dir/__/hipify/src/transport/net_socket.cc.o
clang++: warning: argument unused during compilation: '--offload-compress' [-Wunused-command-line-argument]
[ 86%] Building CXX object src/CMakeFiles/rccl.dir/__/hipify/src/transport/nvls.cc.o
[ 86%] Building CXX object src/CMakeFiles/rccl.dir/__/hipify/src/transport/p2p_tmp.cc.o
[ 86%] Building CXX object src/CMakeFiles/rccl.dir/__/hipify/src/transport/shm.cc.o
clang++: warning: argument unused during compilation: '--offload-compress' [-Wunused-command-line-argument]
[ 86%] Building CXX object src/CMakeFiles/rccl.dir/__/hipify/src/transport/profiler_tmp.cc.o
clang++: warning: argument unused during compilation: '--offload-compress' [-Wunused-command-line-argument]
clang++: warning: argument unused during compilation: '--offload-compress' [-Wunused-command-line-argument]
clang++: warning: argument unused during compilation: '--offload-compress' [-Wunused-command-line-argument]
clang++: warning: argument unused during compilation: '--offload-compress' [-Wunused-command-line-argument]
2 warnings generated when compiling for host.
[ 86%] Building CXX object src/CMakeFiles/rccl.dir/__/hipify/src/gin/gin_host.cc.o
2 warnings generated when compiling for host.
clang++: warning: argument unused during compilation: '--offload-compress' [-Wunused-command-line-argument]
2 warnings generated when compiling for host.
[ 86%] Building CXX object src/CMakeFiles/rccl.dir/__/hipify/src/gin/gin_host_proxy.cc.o
clang++: warning: argument unused during compilation: '--offload-compress' [-Wunused-command-line-argument]
[ 86%] Building CXX object src/CMakeFiles/rccl.dir/__/hipify/src/misc/latency_profiler/CollTrace.cc.o
clang++: warning: argument unused during compilation: '--offload-compress' [-Wunused-command-line-argument]
In file included from /home/yelkhamr/dark-factory/rocm-systems/projects/rccl/build/release/hipify/src/plugin/profiler/profiler_v3.cc:8:
In file included from /home/yelkhamr/dark-factory/rocm-systems/projects/rccl/build/release/hipify/src/include/comm.h:25:
In file included from /home/yelkhamr/dark-factory/rocm-systems/projects/rccl/build/release/hipify/src/include/dev_runtime.h:11:
In file included from /home/yelkhamr/dark-factory/rocm-systems/projects/rccl/build/release/hipify/src/include/nccl_device.h:10:
In file included from /home/yelkhamr/dark-factory/rocm-systems/projects/rccl/build/release/hipify/src/include/nccl_device/impl/barrier__funcs.h:12:
In file included from /home/yelkhamr/dark-factory/rocm-systems/projects/rccl/build/release/hipify/src/include/nccl_device/impl/barrier__types.h:10:
In file included from /home/yelkhamr/dark-factory/rocm-systems/projects/rccl/build/release/hipify/src/include/nccl_device/impl/../barrier.h:11:
/home/yelkhamr/dark-factory/rocm-systems/projects/rccl/build/release/hipify/src/include/nccl_device/impl/../impl/core__types.h:26:9: warning: 'NCCL_GIN_MAX_CONNECTIONS' macro redefined [-Wmacro-redefined]
   26 | #define NCCL_GIN_MAX_CONNECTIONS 4
      |         ^
/home/yelkhamr/dark-factory/rocm-systems/projects/rccl/build/release/include/nccl_device/gin/gin_device_host_common.h:18:9: note: previous definition is here
   18 | #define NCCL_GIN_MAX_CONNECTIONS NCCL_GIN_MAX_CONTEXTS
      |         ^
In file included from /home/yelkhamr/dark-factory/rocm-systems/projects/rccl/build/release/hipify/src/plugin/profiler/profiler_v3.cc:8:
In file included from /home/yelkhamr/dark-factory/rocm-systems/projects/rccl/build/release/hipify/src/include/comm.h:25:
In file included from /home/yelkhamr/dark-factory/rocm-systems/projects/rccl/build/release/hipify/src/include/dev_runtime.h:11:
In file included from /home/yelkhamr/dark-factory/rocm-systems/projects/rccl/build/release/hipify/src/include/nccl_device.h:16:
/home/yelkhamr/dark-factory/rocm-systems/projects/rccl/build/release/hipify/src/include/nccl_device/impl/gin__funcs.h:413:60: warning: result of comparison of constant 3 with expression of type 'const hipMemLocationType' is always false [-Wtautological-constant-out-of-range-compare]
  413 |           if (!doneSysmemFence && srcSegmentWindow.memType == CU_MEM_LOCATION_TYPE_HOST_NUMA) {
      |                                   ~~~~~~~~~~~~~~~~~~~~~~~~ ^  ~~~~~~~~~~~~~~~~~~~~~~~~~~~~~~
In file included from /home/yelkhamr/dark-factory/rocm-systems/projects/rccl/build/release/hipify/src/plugin/profiler/profiler_v5.cc:8:
In file included from /home/yelkhamr/dark-factory/rocm-systems/projects/rccl/build/release/hipify/src/include/comm.h:25:
In file included from /home/yelkhamr/dark-factory/rocm-systems/projects/rccl/build/release/hipify/src/include/dev_runtime.h:11:
In file included from /home/yelkhamr/dark-factory/rocm-systems/projects/rccl/build/release/hipify/src/include/nccl_device.h:10:
In file included from /home/yelkhamr/dark-factory/rocm-systems/projects/rccl/build/release/hipify/src/include/nccl_device/impl/barrier__funcs.h:12:
In file included from /home/yelkhamr/dark-factory/rocm-systems/projects/rccl/build/release/hipify/src/include/nccl_device/impl/barrier__types.h:10:
In file included from /home/yelkhamr/dark-factory/rocm-systems/projects/rccl/build/release/hipify/src/include/nccl_device/impl/../barrier.h:11:
/home/yelkhamr/dark-factory/rocm-systems/projects/rccl/build/release/hipify/src/include/nccl_device/impl/../impl/core__types.h:26:9: warning: 'NCCL_GIN_MAX_CONNECTIONS' macro redefined [-Wmacro-redefined]
   26 | #define NCCL_GIN_MAX_CONNECTIONS 4
      |         ^
/home/yelkhamr/dark-factory/rocm-systems/projects/rccl/build/release/include/nccl_device/gin/gin_device_host_common.h:18:9: note: previous definition is here
   18 | #define NCCL_GIN_MAX_CONNECTIONS NCCL_GIN_MAX_CONTEXTS
      |         ^
In file included from /home/yelkhamr/dark-factory/rocm-systems/projects/rccl/build/release/hipify/src/plugin/profiler/profiler_v6.cc:8:
In file included from /home/yelkhamr/dark-factory/rocm-systems/projects/rccl/build/release/hipify/src/include/comm.h:25:
In file included from /home/yelkhamr/dark-factory/rocm-systems/projects/rccl/build/release/hipify/src/include/dev_runtime.h:11:
In file included from /home/yelkhamr/dark-factory/rocm-systems/projects/rccl/build/release/hipify/src/include/nccl_device.h:10:
In file included from /home/yelkhamr/dark-factory/rocm-systems/projects/rccl/build/release/hipify/src/include/nccl_device/impl/barrier__funcs.h:12:
In file included from /home/yelkhamr/dark-factory/rocm-systems/projects/rccl/build/release/hipify/src/include/nccl_device/impl/barrier__types.h:10:
In file included from /home/yelkhamr/dark-factory/rocm-systems/projects/rccl/build/release/hipify/src/include/nccl_device/impl/../barrier.h:11:
/home/yelkhamr/dark-factory/rocm-systems/projects/rccl/build/release/hipify/src/include/nccl_device/impl/../impl/core__types.h:26:9: warning: 'NCCL_GIN_MAX_CONNECTIONS' macro redefined [-Wmacro-redefined]
   26 | #define NCCL_GIN_MAX_CONNECTIONS 4
      |         ^
/home/yelkhamr/dark-factory/rocm-systems/projects/rccl/build/release/include/nccl_device/gin/gin_device_host_common.h:18:9: note: previous definition is here
   18 | #define NCCL_GIN_MAX_CONNECTIONS NCCL_GIN_MAX_CONTEXTS
      |         ^
In file included from /home/yelkhamr/dark-factory/rocm-systems/projects/rccl/build/release/hipify/src/plugin/profiler/profiler_v4.cc:8:
In file included from /home/yelkhamr/dark-factory/rocm-systems/projects/rccl/build/release/hipify/src/include/comm.h:25:
In file included from /home/yelkhamr/dark-factory/rocm-systems/projects/rccl/build/release/hipify/src/include/dev_runtime.h:11:
In file included from /home/yelkhamr/dark-factory/rocm-systems/projects/rccl/build/release/hipify/src/include/nccl_device.h:10:
In file included from /home/yelkhamr/dark-factory/rocm-systems/projects/rccl/build/release/hipify/src/include/nccl_device/impl/barrier__funcs.h:12:
In file included from /home/yelkhamr/dark-factory/rocm-systems/projects/rccl/build/release/hipify/src/include/nccl_device/impl/barrier__types.h:10:
In file included from /home/yelkhamr/dark-factory/rocm-systems/projects/rccl/build/release/hipify/src/include/nccl_device/impl/../barrier.h:11:
/home/yelkhamr/dark-factory/rocm-systems/projects/rccl/build/release/hipify/src/include/nccl_device/impl/../impl/core__types.h:26:9: warning: 'NCCL_GIN_MAX_CONNECTIONS' macro redefined [-Wmacro-redefined]
   26 | #define NCCL_GIN_MAX_CONNECTIONS 4
      |         ^
/home/yelkhamr/dark-factory/rocm-systems/projects/rccl/build/release/include/nccl_device/gin/gin_device_host_common.h:18:9: note: previous definition is here
   18 | #define NCCL_GIN_MAX_CONNECTIONS NCCL_GIN_MAX_CONTEXTS
      |         ^
In file included from /home/yelkhamr/dark-factory/rocm-systems/projects/rccl/build/release/hipify/src/plugin/profiler/profiler_v2.cc:8:
In file included from /home/yelkhamr/dark-factory/rocm-systems/projects/rccl/build/release/hipify/src/include/comm.h:25:
In file included from /home/yelkhamr/dark-factory/rocm-systems/projects/rccl/build/release/hipify/src/include/dev_runtime.h:11:
In file included from /home/yelkhamr/dark-factory/rocm-systems/projects/rccl/build/release/hipify/src/include/nccl_device.h:10:
In file included from /home/yelkhamr/dark-factory/rocm-systems/projects/rccl/build/release/hipify/src/include/nccl_device/impl/barrier__funcs.h:12:
In file included from /home/yelkhamr/dark-factory/rocm-systems/projects/rccl/build/release/hipify/src/include/nccl_device/impl/barrier__types.h:10:
In file included from /home/yelkhamr/dark-factory/rocm-systems/projects/rccl/build/release/hipify/src/include/nccl_device/impl/../barrier.h:11:
/home/yelkhamr/dark-factory/rocm-systems/projects/rccl/build/release/hipify/src/include/nccl_device/impl/../impl/core__types.h:26:9: warning: 'NCCL_GIN_MAX_CONNECTIONS' macro redefined [-Wmacro-redefined]
   26 | #define NCCL_GIN_MAX_CONNECTIONS 4
      |         ^
/home/yelkhamr/dark-factory/rocm-systems/projects/rccl/build/release/include/nccl_device/gin/gin_device_host_common.h:18:9: note: previous definition is here
   18 | #define NCCL_GIN_MAX_CONNECTIONS NCCL_GIN_MAX_CONTEXTS
      |         ^
2 warnings generated when compiling for host.
In file included from /home/yelkhamr/dark-factory/rocm-systems/projects/rccl/build/release/hipify/src/plugin/profiler/profiler_v1.cc:8:
In file included from /home/yelkhamr/dark-factory/rocm-systems/projects/rccl/build/release/hipify/src/include/comm.h:25:
In file included from /home/yelkhamr/dark-factory/rocm-systems/projects/rccl/build/release/hipify/src/include/dev_runtime.h:11:
In file included from /home/yelkhamr/dark-factory/rocm-systems/projects/rccl/build/release/hipify/src/include/nccl_device.h:10:
In file included from /home/yelkhamr/dark-factory/rocm-systems/projects/rccl/build/release/hipify/src/include/nccl_device/impl/barrier__funcs.h:12:
In file included from /home/yelkhamr/dark-factory/rocm-systems/projects/rccl/build/release/hipify/src/include/nccl_device/impl/barrier__types.h:10:
In file included from /home/yelkhamr/dark-factory/rocm-systems/projects/rccl/build/release/hipify/src/include/nccl_device/impl/../barrier.h:11:
/home/yelkhamr/dark-factory/rocm-systems/projects/rccl/build/release/hipify/src/include/nccl_device/impl/../impl/core__types.h:26:9: warning: 'NCCL_GIN_MAX_CONNECTIONS' macro redefined [-Wmacro-redefined]
   26 | #define NCCL_GIN_MAX_CONNECTIONS 4
      |         ^
/home/yelkhamr/dark-factory/rocm-systems/projects/rccl/build/release/include/nccl_device/gin/gin_device_host_common.h:18:9: note: previous definition is here
   18 | #define NCCL_GIN_MAX_CONNECTIONS NCCL_GIN_MAX_CONTEXTS
      |         ^
[ 86%] Building CXX object src/CMakeFiles/rccl.dir/__/hipify/src/misc/latency_profiler/CollTraceEvent.cc.o
In file included from /home/yelkhamr/dark-factory/rocm-systems/projects/rccl/build/release/hipify/src/plugin/profiler/profiler_v5.cc:8:
In file included from /home/yelkhamr/dark-factory/rocm-systems/projects/rccl/build/release/hipify/src/include/comm.h:25:
In file included from /home/yelkhamr/dark-factory/rocm-systems/projects/rccl/build/release/hipify/src/include/dev_runtime.h:11:
In file included from /home/yelkhamr/dark-factory/rocm-systems/projects/rccl/build/release/hipify/src/include/nccl_device.h:16:
/home/yelkhamr/dark-factory/rocm-systems/projects/rccl/build/release/hipify/src/include/nccl_device/impl/gin__funcs.h:413:60: warning: result of comparison of constant 3 with expression of type 'const hipMemLocationType' is always false [-Wtautological-constant-out-of-range-compare]
  413 |           if (!doneSysmemFence && srcSegmentWindow.memType == CU_MEM_LOCATION_TYPE_HOST_NUMA) {
      |                                   ~~~~~~~~~~~~~~~~~~~~~~~~ ^  ~~~~~~~~~~~~~~~~~~~~~~~~~~~~~~
In file included from /home/yelkhamr/dark-factory/rocm-systems/projects/rccl/build/release/hipify/src/plugin/profiler/profiler_v6.cc:8:
In file included from /home/yelkhamr/dark-factory/rocm-systems/projects/rccl/build/release/hipify/src/include/comm.h:25:
In file included from /home/yelkhamr/dark-factory/rocm-systems/projects/rccl/build/release/hipify/src/include/dev_runtime.h:11:
In file included from /home/yelkhamr/dark-factory/rocm-systems/projects/rccl/build/release/hipify/src/include/nccl_device.h:16:
/home/yelkhamr/dark-factory/rocm-systems/projects/rccl/build/release/hipify/src/include/nccl_device/impl/gin__funcs.h:413:60: warning: result of comparison of constant 3 with expression of type 'const hipMemLocationType' is always false [-Wtautological-constant-out-of-range-compare]
  413 |           if (!doneSysmemFence && srcSegmentWindow.memType == CU_MEM_LOCATION_TYPE_HOST_NUMA) {
      |                                   ~~~~~~~~~~~~~~~~~~~~~~~~ ^  ~~~~~~~~~~~~~~~~~~~~~~~~~~~~~~
In file included from /home/yelkhamr/dark-factory/rocm-systems/projects/rccl/build/release/hipify/src/plugin/profiler/profiler_v4.cc:8:
In file included from /home/yelkhamr/dark-factory/rocm-systems/projects/rccl/build/release/hipify/src/include/comm.h:25:
In file included from /home/yelkhamr/dark-factory/rocm-systems/projects/rccl/build/release/hipify/src/include/dev_runtime.h:11:
In file included from /home/yelkhamr/dark-factory/rocm-systems/projects/rccl/build/release/hipify/src/include/nccl_device.h:16:
/home/yelkhamr/dark-factory/rocm-systems/projects/rccl/build/release/hipify/src/include/nccl_device/impl/gin__funcs.h:413:60: warning: result of comparison of constant 3 with expression of type 'const hipMemLocationType' is always false [-Wtautological-constant-out-of-range-compare]
  413 |           if (!doneSysmemFence && srcSegmentWindow.memType == CU_MEM_LOCATION_TYPE_HOST_NUMA) {
      |                                   ~~~~~~~~~~~~~~~~~~~~~~~~ ^  ~~~~~~~~~~~~~~~~~~~~~~~~~~~~~~
[ 86%] Building CXX object src/CMakeFiles/rccl.dir/__/hipify/src/misc/latency_profiler/CollTraceFunc.cc.o
In file included from /home/yelkhamr/dark-factory/rocm-systems/projects/rccl/build/release/hipify/src/plugin/profiler/profiler_v2.cc:8:
In file included from /home/yelkhamr/dark-factory/rocm-systems/projects/rccl/build/release/hipify/src/include/comm.h:25:
In file included from /home/yelkhamr/dark-factory/rocm-systems/projects/rccl/build/release/hipify/src/include/dev_runtime.h:11:
In file included from /home/yelkhamr/dark-factory/rocm-systems/projects/rccl/build/release/hipify/src/include/nccl_device.h:16:
/home/yelkhamr/dark-factory/rocm-systems/projects/rccl/build/release/hipify/src/include/nccl_device/impl/gin__funcs.h:413:60: warning: result of comparison of constant 3 with expression of type 'const hipMemLocationType' is always false [-Wtautological-constant-out-of-range-compare]
  413 |           if (!doneSysmemFence && srcSegmentWindow.memType == CU_MEM_LOCATION_TYPE_HOST_NUMA) {
      |                                   ~~~~~~~~~~~~~~~~~~~~~~~~ ^  ~~~~~~~~~~~~~~~~~~~~~~~~~~~~~~
clang++: warning: argument unused during compilation: '--offload-compress' [-Wunused-command-line-argument]
clang++: warning: argument unused during compilation: '--offload-compress' [-Wunused-command-line-argument]
In file included from /home/yelkhamr/dark-factory/rocm-systems/projects/rccl/build/release/hipify/src/plugin/profiler/profiler_v1.cc:8:
In file included from /home/yelkhamr/dark-factory/rocm-systems/projects/rccl/build/release/hipify/src/include/comm.h:25:
In file included from /home/yelkhamr/dark-factory/rocm-systems/projects/rccl/build/release/hipify/src/include/dev_runtime.h:11:
In file included from /home/yelkhamr/dark-factory/rocm-systems/projects/rccl/build/release/hipify/src/include/nccl_device.h:16:
/home/yelkhamr/dark-factory/rocm-systems/projects/rccl/build/release/hipify/src/include/nccl_device/impl/gin__funcs.h:413:60: warning: result of comparison of constant 3 with expression of type 'const hipMemLocationType' is always false [-Wtautological-constant-out-of-range-compare]
  413 |           if (!doneSysmemFence && srcSegmentWindow.memType == CU_MEM_LOCATION_TYPE_HOST_NUMA) {
      |                                   ~~~~~~~~~~~~~~~~~~~~~~~~ ^  ~~~~~~~~~~~~~~~~~~~~~~~~~~~~~~
[ 86%] Building CXX object src/CMakeFiles/rccl.dir/__/hipify/src/misc/latency_profiler/CollTraceUtils.cc.o
2 warnings generated when compiling for host.
[ 86%] Building CXX object src/CMakeFiles/rccl.dir/__/hipify/src/misc/amdsmi_wrap.cc.o
clang++: warning: argument unused during compilation: '--offload-compress' [-Wunused-command-line-argument]
clang++: warning: argument unused during compilation: '--offload-compress' [-Wunused-command-line-argument]
[ 86%] Building CXX object src/CMakeFiles/rccl.dir/__/hipify/src/transport/net_ib_cast/common_tmp.cc.o
In file included from /home/yelkhamr/dark-factory/rocm-systems/projects/rccl/build/release/hipify/src/plugin/gin.cc:9:
In file included from /home/yelkhamr/dark-factory/rocm-systems/projects/rccl/build/release/hipify/src/include/bootstrap.h:12:
In file included from /home/yelkhamr/dark-factory/rocm-systems/projects/rccl/build/release/hipify/src/include/comm.h:25:
In file included from /home/yelkhamr/dark-factory/rocm-systems/projects/rccl/build/release/hipify/src/include/dev_runtime.h:11:
In file included from /home/yelkhamr/dark-factory/rocm-systems/projects/rccl/build/release/hipify/src/include/nccl_device.h:10:
In file included from /home/yelkhamr/dark-factory/rocm-systems/projects/rccl/build/release/hipify/src/include/nccl_device/impl/barrier__funcs.h:12:
In file included from /home/yelkhamr/dark-factory/rocm-systems/projects/rccl/build/release/hipify/src/include/nccl_device/impl/barrier__types.h:10:
In file included from /home/yelkhamr/dark-factory/rocm-systems/projects/rccl/build/release/hipify/src/include/nccl_device/impl/../barrier.h:11:
/home/yelkhamr/dark-factory/rocm-systems/projects/rccl/build/release/hipify/src/include/nccl_device/impl/../impl/core__types.h:26:9: warning: 'NCCL_GIN_MAX_CONNECTIONS' macro redefined [-Wmacro-redefined]
   26 | #define NCCL_GIN_MAX_CONNECTIONS 4
      |         ^
/home/yelkhamr/dark-factory/rocm-systems/projects/rccl/build/release/include/nccl_device/gin/gin_device_host_common.h:18:9: note: previous definition is here
   18 | #define NCCL_GIN_MAX_CONNECTIONS NCCL_GIN_MAX_CONTEXTS
      |         ^
clang++: warning: argument unused during compilation: '--offload-compress' [-Wunused-command-line-argument]
In file included from /home/yelkhamr/dark-factory/rocm-systems/projects/rccl/build/release/hipify/src/plugin/tuner/csv_tuner.cc:38:
In file included from /home/yelkhamr/dark-factory/rocm-systems/projects/rccl/build/release/hipify/src/include/tuner.h:13:
In file included from /home/yelkhamr/dark-factory/rocm-systems/projects/rccl/build/release/hipify/src/include/comm.h:25:
In file included from /home/yelkhamr/dark-factory/rocm-systems/projects/rccl/build/release/hipify/src/include/dev_runtime.h:11:
In file included from /home/yelkhamr/dark-factory/rocm-systems/projects/rccl/build/release/hipify/src/include/nccl_device.h:10:
In file included from /home/yelkhamr/dark-factory/rocm-systems/projects/rccl/build/release/hipify/src/include/nccl_device/impl/barrier__funcs.h:12:
In file included from /home/yelkhamr/dark-factory/rocm-systems/projects/rccl/build/release/hipify/src/include/nccl_device/impl/barrier__types.h:10:
In file included from /home/yelkhamr/dark-factory/rocm-systems/projects/rccl/build/release/hipify/src/include/nccl_device/impl/../barrier.h:11:
/home/yelkhamr/dark-factory/rocm-systems/projects/rccl/build/release/hipify/src/include/nccl_device/impl/../impl/core__types.h:26:9: warning: 'NCCL_GIN_MAX_CONNECTIONS' macro redefined [-Wmacro-redefined]
   26 | #define NCCL_GIN_MAX_CONNECTIONS 4
      |         ^
/home/yelkhamr/dark-factory/rocm-systems/projects/rccl/build/release/include/nccl_device/gin/gin_device_host_common.h:18:9: note: previous definition is here
   18 | #define NCCL_GIN_MAX_CONNECTIONS NCCL_GIN_MAX_CONTEXTS
      |         ^
In file included from /home/yelkhamr/dark-factory/rocm-systems/projects/rccl/build/release/hipify/src/plugin/gin.cc:9:
In file included from /home/yelkhamr/dark-factory/rocm-systems/projects/rccl/build/release/hipify/src/include/bootstrap.h:12:
In file included from /home/yelkhamr/dark-factory/rocm-systems/projects/rccl/build/release/hipify/src/include/comm.h:25:
In file included from /home/yelkhamr/dark-factory/rocm-systems/projects/rccl/build/release/hipify/src/include/dev_runtime.h:11:
In file included from /home/yelkhamr/dark-factory/rocm-systems/projects/rccl/build/release/hipify/src/include/nccl_device.h:16:
/home/yelkhamr/dark-factory/rocm-systems/projects/rccl/build/release/hipify/src/include/nccl_device/impl/gin__funcs.h:413:60: warning: result of comparison of constant 3 with expression of type 'const hipMemLocationType' is always false [-Wtautological-constant-out-of-range-compare]
  413 |           if (!doneSysmemFence && srcSegmentWindow.memType == CU_MEM_LOCATION_TYPE_HOST_NUMA) {
      |                                   ~~~~~~~~~~~~~~~~~~~~~~~~ ^  ~~~~~~~~~~~~~~~~~~~~~~~~~~~~~~
In file included from /home/yelkhamr/dark-factory/rocm-systems/projects/rccl/build/release/hipify/src/plugin/tuner/csv_tuner.cc:38:
In file included from /home/yelkhamr/dark-factory/rocm-systems/projects/rccl/build/release/hipify/src/include/tuner.h:13:
In file included from /home/yelkhamr/dark-factory/rocm-systems/projects/rccl/build/release/hipify/src/include/comm.h:25:
In file included from /home/yelkhamr/dark-factory/rocm-systems/projects/rccl/build/release/hipify/src/include/dev_runtime.h:11:
In file included from /home/yelkhamr/dark-factory/rocm-systems/projects/rccl/build/release/hipify/src/include/nccl_device.h:16:
/home/yelkhamr/dark-factory/rocm-systems/projects/rccl/build/release/hipify/src/include/nccl_device/impl/gin__funcs.h:413:60: warning: result of comparison of constant 3 with expression of type 'const hipMemLocationType' is always false [-Wtautological-constant-out-of-range-compare]
  413 |           if (!doneSysmemFence && srcSegmentWindow.memType == CU_MEM_LOCATION_TYPE_HOST_NUMA) {
      |                                   ~~~~~~~~~~~~~~~~~~~~~~~~ ^  ~~~~~~~~~~~~~~~~~~~~~~~~~~~~~~
[ 86%] Building CXX object src/CMakeFiles/rccl.dir/__/hipify/src/transport/net_ib_cast/connect_tmp.cc.o
clang++: warning: argument unused during compilation: '--offload-compress' [-Wunused-command-line-argument]
2 warnings generated when compiling for host.
[ 86%] Building CXX object src/CMakeFiles/rccl.dir/__/hipify/src/transport/net_ib_cast/gdr_tmp.cc.o
[ 86%] Building CXX object src/CMakeFiles/rccl.dir/__/hipify/src/transport/net_ib_cast/init_tmp.cc.o
clang++: warning: argument unused during compilation: '--offload-compress' [-Wunused-command-line-argument]
clang++: warning: argument unused during compilation: '--offload-compress' [-Wunused-command-line-argument]
6 warnings generated when compiling for host.
6 warnings generated when compiling for host.
/home/yelkhamr/dark-factory/rocm-systems/projects/rccl/build/release/hipify/src/plugin/gin.cc:58:63: warning: suggest braces around initialization of subobject [-Wmissing-braces]
   58 | static ginPluginLib_t ginPluginLibs[NCCL_GIN_MAX_PLUGINS] = { 0 };
      |                                                               ^
      |                                                               {}
/home/yelkhamr/dark-factory/rocm-systems/projects/rccl/build/release/hipify/src/plugin/gin.cc:58:63: warning: suggest braces around initialization of subobject [-Wmissing-braces]
   58 | static ginPluginLib_t ginPluginLibs[NCCL_GIN_MAX_PLUGINS] = { 0 };
      |                                                               ^
      |                                                               {}
2 warnings generated when compiling for host.
2 warnings generated when compiling for host.
[ 86%] Building CXX object src/CMakeFiles/rccl.dir/__/hipify/src/transport/net_ib_cast/p2p_tmp.cc.o
[ 86%] Building CXX object src/CMakeFiles/rccl.dir/__/hipify/src/transport/net_ib_cast/net_ib_ops_fault.cc.o
[ 86%] Building CXX object src/CMakeFiles/rccl.dir/__/hipify/src/transport/net_ib_cast/p2p_resiliency_tmp.cc.o
[ 86%] Building CXX object src/CMakeFiles/rccl.dir/__/hipify/src/transport/net_ib_cast/p2p_resiliency_recovery_tmp.cc.o
2 warnings generated when compiling for host.
[ 86%] Building CXX object src/CMakeFiles/rccl.dir/__/hipify/src/transport/net_ib_cast/p2p_resiliency_recovery_ainic.cc.o
clang++: warning: argument unused during compilation: '--offload-compress' [-Wunused-command-line-argument]
clang++: warning: argument unused during compilation: '--offload-compress' [-Wunused-command-line-argument]
clang++: warning: argument unused during compilation: '--offload-compress' [-Wunused-command-line-argument]
[ 86%] Building CXX object src/CMakeFiles/rccl.dir/__/hipify/src/transport/net_ib_cast/reg_tmp.cc.o
clang++: warning: argument unused during compilation: '--offload-compress' [-Wunused-command-line-argument]
clang++: warning: argument unused during compilation: '--offload-compress' [-Wunused-command-line-argument]
[ 86%] Building CXX object src/CMakeFiles/rccl.dir/__/hipify/src/transport/net_ib_cast/scheduler.cc.o
clang++: warning: argument unused during compilation: '--offload-compress' [-Wunused-command-line-argument]
2 warnings generated when compiling for host.
3 warnings generated when compiling for host.
clang++: warning: argument unused during compilation: '--offload-compress' [-Wunused-command-line-argument]
2 warnings generated when compiling for host.
[ 88%] Building CXX object src/CMakeFiles/rccl.dir/__/hipify/src/transport/net_ib_cast/gin_tmp.cc.o
[ 88%] Building CXX object src/CMakeFiles/rccl.dir/__/hipify/src/devcomm/devcomm_v22902.cc.o
2 warnings generated when compiling for host.
clang++: warning: argument unused during compilation: '--offload-compress' [-Wunused-command-line-argument]
[ 88%] Building CXX object src/CMakeFiles/rccl.dir/__/hipify/src/devcomm/devcomm_v22907.cc.o
clang++: warning: argument unused during compilation: '--offload-compress' [-Wunused-command-line-argument]
[ 88%] Building CXX object src/CMakeFiles/rccl.dir/__/hipify/src/devcomm/devcomm_v23000.cc.o
clang++: warning: argument unused during compilation: '--offload-compress' [-Wunused-command-line-argument]
clang++: warning: argument unused during compilation: '--offload-compress' [-Wunused-command-line-argument]
[ 88%] Building CXX object src/CMakeFiles/rccl.dir/__/hipify/gensrc/symmetric/sym_kernels_host.cc.o
In file included from /home/yelkhamr/dark-factory/rocm-systems/projects/rccl/build/release/hipify/src/ras/client_support.cc:15:
In file included from /home/yelkhamr/dark-factory/rocm-systems/projects/rccl/build/release/hipify/src/include/comm.h:25:
In file included from /home/yelkhamr/dark-factory/rocm-systems/projects/rccl/build/release/hipify/src/include/dev_runtime.h:11:
In file included from /home/yelkhamr/dark-factory/rocm-systems/projects/rccl/build/release/hipify/src/include/nccl_device.h:10:
In file included from /home/yelkhamr/dark-factory/rocm-systems/projects/rccl/build/release/hipify/src/include/nccl_device/impl/barrier__funcs.h:12:
In file included from /home/yelkhamr/dark-factory/rocm-systems/projects/rccl/build/release/hipify/src/include/nccl_device/impl/barrier__types.h:10:
In file included from /home/yelkhamr/dark-factory/rocm-systems/projects/rccl/build/release/hipify/src/include/nccl_device/impl/../barrier.h:11:
/home/yelkhamr/dark-factory/rocm-systems/projects/rccl/build/release/hipify/src/include/nccl_device/impl/../impl/core__types.h:26:9: warning: 'NCCL_GIN_MAX_CONNECTIONS' macro redefined [-Wmacro-redefined]
   26 | #define NCCL_GIN_MAX_CONNECTIONS 4
      |         ^
/home/yelkhamr/dark-factory/rocm-systems/projects/rccl/build/release/include/nccl_device/gin/gin_device_host_common.h:18:9: note: previous definition is here
   18 | #define NCCL_GIN_MAX_CONNECTIONS NCCL_GIN_MAX_CONTEXTS
      |         ^
clang++: warning: argument unused during compilation: '--offload-compress' [-Wunused-command-line-argument]
In file included from /home/yelkhamr/dark-factory/rocm-systems/projects/rccl/build/release/hipify/src/ras/client_support.cc:15:
In file included from /home/yelkhamr/dark-factory/rocm-systems/projects/rccl/build/release/hipify/src/include/comm.h:25:
In file included from /home/yelkhamr/dark-factory/rocm-systems/projects/rccl/build/release/hipify/src/include/dev_runtime.h:11:
In file included from /home/yelkhamr/dark-factory/rocm-systems/projects/rccl/build/release/hipify/src/include/nccl_device.h:16:
/home/yelkhamr/dark-factory/rocm-systems/projects/rccl/build/release/hipify/src/include/nccl_device/impl/gin__funcs.h:413:60: warning: result of comparison of constant 3 with expression of type 'const hipMemLocationType' is always false [-Wtautological-constant-out-of-range-compare]
  413 |           if (!doneSysmemFence && srcSegmentWindow.memType == CU_MEM_LOCATION_TYPE_HOST_NUMA) {
      |                                   ~~~~~~~~~~~~~~~~~~~~~~~~ ^  ~~~~~~~~~~~~~~~~~~~~~~~~~~~~~~
2 warnings generated when compiling for host.
[ 88%] Building CXX object src/CMakeFiles/rccl.dir/__/hipify/gensrc/host_table.cpp.o
clang++: warning: argument unused during compilation: '--offload-compress' [-Wunused-command-line-argument]
In file included from /home/yelkhamr/dark-factory/rocm-systems/projects/rccl/build/release/hipify/src/ras/collectives_tmp.cc:14:
In file included from /home/yelkhamr/dark-factory/rocm-systems/projects/rccl/build/release/hipify/src/include/comm.h:25:
In file included from /home/yelkhamr/dark-factory/rocm-systems/projects/rccl/build/release/hipify/src/include/dev_runtime.h:11:
In file included from /home/yelkhamr/dark-factory/rocm-systems/projects/rccl/build/release/hipify/src/include/nccl_device.h:10:
In file included from /home/yelkhamr/dark-factory/rocm-systems/projects/rccl/build/release/hipify/src/include/nccl_device/impl/barrier__funcs.h:12:
In file included from /home/yelkhamr/dark-factory/rocm-systems/projects/rccl/build/release/hipify/src/include/nccl_device/impl/barrier__types.h:10:
In file included from /home/yelkhamr/dark-factory/rocm-systems/projects/rccl/build/release/hipify/src/include/nccl_device/impl/../barrier.h:11:
/home/yelkhamr/dark-factory/rocm-systems/projects/rccl/build/release/hipify/src/include/nccl_device/impl/../impl/core__types.h:26:9: warning: 'NCCL_GIN_MAX_CONNECTIONS' macro redefined [-Wmacro-redefined]
   26 | #define NCCL_GIN_MAX_CONNECTIONS 4
      |         ^
/home/yelkhamr/dark-factory/rocm-systems/projects/rccl/build/release/include/nccl_device/gin/gin_device_host_common.h:18:9: note: previous definition is here
   18 | #define NCCL_GIN_MAX_CONNECTIONS NCCL_GIN_MAX_CONTEXTS
      |         ^
[ 88%] Building CXX object src/CMakeFiles/rccl.dir/git_version.cpp.o
In file included from /home/yelkhamr/dark-factory/rocm-systems/projects/rccl/build/release/hipify/src/ras/collectives_tmp.cc:14:
In file included from /home/yelkhamr/dark-factory/rocm-systems/projects/rccl/build/release/hipify/src/include/comm.h:25:
In file included from /home/yelkhamr/dark-factory/rocm-systems/projects/rccl/build/release/hipify/src/include/dev_runtime.h:11:
In file included from /home/yelkhamr/dark-factory/rocm-systems/projects/rccl/build/release/hipify/src/include/nccl_device.h:16:
/home/yelkhamr/dark-factory/rocm-systems/projects/rccl/build/release/hipify/src/include/nccl_device/impl/gin__funcs.h:413:60: warning: result of comparison of constant 3 with expression of type 'const hipMemLocationType' is always false [-Wtautological-constant-out-of-range-compare]
  413 |           if (!doneSysmemFence && srcSegmentWindow.memType == CU_MEM_LOCATION_TYPE_HOST_NUMA) {
      |                                   ~~~~~~~~~~~~~~~~~~~~~~~~ ^  ~~~~~~~~~~~~~~~~~~~~~~~~~~~~~~
clang++: warning: argument unused during compilation: '--offload-compress' [-Wunused-command-line-argument]
2 warnings generated when compiling for host.
2 warnings generated when compiling for host.
2 warnings generated when compiling for host.
2 warnings generated when compiling for host.
2 warnings generated when compiling for host.
2 warnings generated when compiling for host.
2 warnings generated when compiling for host.
In file included from /home/yelkhamr/dark-factory/rocm-systems/projects/rccl/build/release/hipify/src/ras/peers.cc:11:
In file included from /home/yelkhamr/dark-factory/rocm-systems/projects/rccl/build/release/hipify/src/include/comm.h:25:
In file included from /home/yelkhamr/dark-factory/rocm-systems/projects/rccl/build/release/hipify/src/include/dev_runtime.h:11:
In file included from /home/yelkhamr/dark-factory/rocm-systems/projects/rccl/build/release/hipify/src/include/nccl_device.h:10:
In file included from /home/yelkhamr/dark-factory/rocm-systems/projects/rccl/build/release/hipify/src/include/nccl_device/impl/barrier__funcs.h:12:
In file included from /home/yelkhamr/dark-factory/rocm-systems/projects/rccl/build/release/hipify/src/include/nccl_device/impl/barrier__types.h:10:
In file included from /home/yelkhamr/dark-factory/rocm-systems/projects/rccl/build/release/hipify/src/include/nccl_device/impl/../barrier.h:11:
/home/yelkhamr/dark-factory/rocm-systems/projects/rccl/build/release/hipify/src/include/nccl_device/impl/../impl/core__types.h:26:9: warning: 'NCCL_GIN_MAX_CONNECTIONS' macro redefined [-Wmacro-redefined]
   26 | #define NCCL_GIN_MAX_CONNECTIONS 4
      |         ^
/home/yelkhamr/dark-factory/rocm-systems/projects/rccl/build/release/include/nccl_device/gin/gin_device_host_common.h:18:9: note: previous definition is here
   18 | #define NCCL_GIN_MAX_CONNECTIONS NCCL_GIN_MAX_CONTEXTS
      |         ^
In file included from /home/yelkhamr/dark-factory/rocm-systems/projects/rccl/build/release/hipify/src/ras/ras.cc:16:
In file included from /home/yelkhamr/dark-factory/rocm-systems/projects/rccl/build/release/hipify/src/include/comm.h:25:
In file included from /home/yelkhamr/dark-factory/rocm-systems/projects/rccl/build/release/hipify/src/include/dev_runtime.h:11:
In file included from /home/yelkhamr/dark-factory/rocm-systems/projects/rccl/build/release/hipify/src/include/nccl_device.h:10:
In file included from /home/yelkhamr/dark-factory/rocm-systems/projects/rccl/build/release/hipify/src/include/nccl_device/impl/barrier__funcs.h:12:
In file included from /home/yelkhamr/dark-factory/rocm-systems/projects/rccl/build/release/hipify/src/include/nccl_device/impl/barrier__types.h:10:
In file included from /home/yelkhamr/dark-factory/rocm-systems/projects/rccl/build/release/hipify/src/include/nccl_device/impl/../barrier.h:11:
/home/yelkhamr/dark-factory/rocm-systems/projects/rccl/build/release/hipify/src/include/nccl_device/impl/../impl/core__types.h:26:9: warning: 'NCCL_GIN_MAX_CONNECTIONS' macro redefined [-Wmacro-redefined]
   26 | #define NCCL_GIN_MAX_CONNECTIONS 4
      |         ^
/home/yelkhamr/dark-factory/rocm-systems/projects/rccl/build/release/include/nccl_device/gin/gin_device_host_common.h:18:9: note: previous definition is here
   18 | #define NCCL_GIN_MAX_CONNECTIONS NCCL_GIN_MAX_CONTEXTS
      |         ^
In file included from /home/yelkhamr/dark-factory/rocm-systems/projects/rccl/build/release/hipify/src/register/coll_reg.cc:10:
In file included from /home/yelkhamr/dark-factory/rocm-systems/projects/rccl/build/release/hipify/src/include/transport.h:25:
In file included from /home/yelkhamr/dark-factory/rocm-systems/projects/rccl/build/release/hipify/src/include/comm.h:25:
In file included from /home/yelkhamr/dark-factory/rocm-systems/projects/rccl/build/release/hipify/src/include/dev_runtime.h:11:
In file included from /home/yelkhamr/dark-factory/rocm-systems/projects/rccl/build/release/hipify/src/include/nccl_device.h:10:
In file included from /home/yelkhamr/dark-factory/rocm-systems/projects/rccl/build/release/hipify/src/include/nccl_device/impl/barrier__funcs.h:12:
In file included from /home/yelkhamr/dark-factory/rocm-systems/projects/rccl/build/release/hipify/src/include/nccl_device/impl/barrier__types.h:10:
In file included from /home/yelkhamr/dark-factory/rocm-systems/projects/rccl/build/release/hipify/src/include/nccl_device/impl/../barrier.h:11:
/home/yelkhamr/dark-factory/rocm-systems/projects/rccl/build/release/hipify/src/include/nccl_device/impl/../impl/core__types.h:26:9: warning: 'NCCL_GIN_MAX_CONNECTIONS' macro redefined [-Wmacro-redefined]
   26 | #define NCCL_GIN_MAX_CONNECTIONS 4
      |         ^
/home/yelkhamr/dark-factory/rocm-systems/projects/rccl/build/release/include/nccl_device/gin/gin_device_host_common.h:18:9: note: previous definition is here
   18 | #define NCCL_GIN_MAX_CONNECTIONS NCCL_GIN_MAX_CONTEXTS
      |         ^
In file included from /home/yelkhamr/dark-factory/rocm-systems/projects/rccl/build/release/hipify/src/ras/peers.cc:11:
In file included from /home/yelkhamr/dark-factory/rocm-systems/projects/rccl/build/release/hipify/src/include/comm.h:25:
In file included from /home/yelkhamr/dark-factory/rocm-systems/projects/rccl/build/release/hipify/src/include/dev_runtime.h:11:
In file included from /home/yelkhamr/dark-factory/rocm-systems/projects/rccl/build/release/hipify/src/include/nccl_device.h:16:
/home/yelkhamr/dark-factory/rocm-systems/projects/rccl/build/release/hipify/src/include/nccl_device/impl/gin__funcs.h:413:60: warning: result of comparison of constant 3 with expression of type 'const hipMemLocationType' is always false [-Wtautological-constant-out-of-range-compare]
  413 |           if (!doneSysmemFence && srcSegmentWindow.memType == CU_MEM_LOCATION_TYPE_HOST_NUMA) {
      |                                   ~~~~~~~~~~~~~~~~~~~~~~~~ ^  ~~~~~~~~~~~~~~~~~~~~~~~~~~~~~~
In file included from /home/yelkhamr/dark-factory/rocm-systems/projects/rccl/build/release/hipify/src/ras/ras.cc:16:
In file included from /home/yelkhamr/dark-factory/rocm-systems/projects/rccl/build/release/hipify/src/include/comm.h:25:
In file included from /home/yelkhamr/dark-factory/rocm-systems/projects/rccl/build/release/hipify/src/include/dev_runtime.h:11:
In file included from /home/yelkhamr/dark-factory/rocm-systems/projects/rccl/build/release/hipify/src/include/nccl_device.h:16:
/home/yelkhamr/dark-factory/rocm-systems/projects/rccl/build/release/hipify/src/include/nccl_device/impl/gin__funcs.h:413:60: warning: result of comparison of constant 3 with expression of type 'const hipMemLocationType' is always false [-Wtautological-constant-out-of-range-compare]
  413 |           if (!doneSysmemFence && srcSegmentWindow.memType == CU_MEM_LOCATION_TYPE_HOST_NUMA) {
      |                                   ~~~~~~~~~~~~~~~~~~~~~~~~ ^  ~~~~~~~~~~~~~~~~~~~~~~~~~~~~~~
In file included from /home/yelkhamr/dark-factory/rocm-systems/projects/rccl/build/release/hipify/src/register/coll_reg.cc:10:
In file included from /home/yelkhamr/dark-factory/rocm-systems/projects/rccl/build/release/hipify/src/include/transport.h:25:
In file included from /home/yelkhamr/dark-factory/rocm-systems/projects/rccl/build/release/hipify/src/include/comm.h:25:
In file included from /home/yelkhamr/dark-factory/rocm-systems/projects/rccl/build/release/hipify/src/include/dev_runtime.h:11:
In file included from /home/yelkhamr/dark-factory/rocm-systems/projects/rccl/build/release/hipify/src/include/nccl_device.h:16:
/home/yelkhamr/dark-factory/rocm-systems/projects/rccl/build/release/hipify/src/include/nccl_device/impl/gin__funcs.h:413:60: warning: result of comparison of constant 3 with expression of type 'const hipMemLocationType' is always false [-Wtautological-constant-out-of-range-compare]
  413 |           if (!doneSysmemFence && srcSegmentWindow.memType == CU_MEM_LOCATION_TYPE_HOST_NUMA) {
      |                                   ~~~~~~~~~~~~~~~~~~~~~~~~ ^  ~~~~~~~~~~~~~~~~~~~~~~~~~~~~~~
In file included from /home/yelkhamr/dark-factory/rocm-systems/projects/rccl/build/release/hipify/src/register/register.cc:10:
In file included from /home/yelkhamr/dark-factory/rocm-systems/projects/rccl/build/release/hipify/src/include/comm.h:25:
In file included from /home/yelkhamr/dark-factory/rocm-systems/projects/rccl/build/release/hipify/src/include/dev_runtime.h:11:
In file included from /home/yelkhamr/dark-factory/rocm-systems/projects/rccl/build/release/hipify/src/include/nccl_device.h:10:
In file included from /home/yelkhamr/dark-factory/rocm-systems/projects/rccl/build/release/hipify/src/include/nccl_device/impl/barrier__funcs.h:12:
In file included from /home/yelkhamr/dark-factory/rocm-systems/projects/rccl/build/release/hipify/src/include/nccl_device/impl/barrier__types.h:10:
In file included from /home/yelkhamr/dark-factory/rocm-systems/projects/rccl/build/release/hipify/src/include/nccl_device/impl/../barrier.h:11:
/home/yelkhamr/dark-factory/rocm-systems/projects/rccl/build/release/hipify/src/include/nccl_device/impl/../impl/core__types.h:26:9: warning: 'NCCL_GIN_MAX_CONNECTIONS' macro redefined [-Wmacro-redefined]
   26 | #define NCCL_GIN_MAX_CONNECTIONS 4
      |         ^
/home/yelkhamr/dark-factory/rocm-systems/projects/rccl/build/release/include/nccl_device/gin/gin_device_host_common.h:18:9: note: previous definition is here
   18 | #define NCCL_GIN_MAX_CONNECTIONS NCCL_GIN_MAX_CONTEXTS
      |         ^
4 warnings generated when compiling for host.
In file included from /home/yelkhamr/dark-factory/rocm-systems/projects/rccl/build/release/hipify/src/register/sendrecv_reg.cc:9:
In file included from /home/yelkhamr/dark-factory/rocm-systems/projects/rccl/build/release/hipify/src/include/transport.h:25:
In file included from /home/yelkhamr/dark-factory/rocm-systems/projects/rccl/build/release/hipify/src/include/comm.h:25:
In file included from /home/yelkhamr/dark-factory/rocm-systems/projects/rccl/build/release/hipify/src/include/dev_runtime.h:11:
In file included from /home/yelkhamr/dark-factory/rocm-systems/projects/rccl/build/release/hipify/src/include/nccl_device.h:10:
In file included from /home/yelkhamr/dark-factory/rocm-systems/projects/rccl/build/release/hipify/src/include/nccl_device/impl/barrier__funcs.h:12:
In file included from /home/yelkhamr/dark-factory/rocm-systems/projects/rccl/build/release/hipify/src/include/nccl_device/impl/barrier__types.h:10:
In file included from /home/yelkhamr/dark-factory/rocm-systems/projects/rccl/build/release/hipify/src/include/nccl_device/impl/../barrier.h:11:
/home/yelkhamr/dark-factory/rocm-systems/projects/rccl/build/release/hipify/src/include/nccl_device/impl/../impl/core__types.h:26:9: warning: 'NCCL_GIN_MAX_CONNECTIONS' macro redefined [-Wmacro-redefined]
   26 | #define NCCL_GIN_MAX_CONNECTIONS 4
      |         ^
/home/yelkhamr/dark-factory/rocm-systems/projects/rccl/build/release/include/nccl_device/gin/gin_device_host_common.h:18:9: note: previous definition is here
   18 | #define NCCL_GIN_MAX_CONNECTIONS NCCL_GIN_MAX_CONTEXTS
      |         ^
In file included from /home/yelkhamr/dark-factory/rocm-systems/projects/rccl/build/release/hipify/src/register/register.cc:10:
In file included from /home/yelkhamr/dark-factory/rocm-systems/projects/rccl/build/release/hipify/src/include/comm.h:25:
In file included from /home/yelkhamr/dark-factory/rocm-systems/projects/rccl/build/release/hipify/src/include/dev_runtime.h:11:
In file included from /home/yelkhamr/dark-factory/rocm-systems/projects/rccl/build/release/hipify/src/include/nccl_device.h:16:
/home/yelkhamr/dark-factory/rocm-systems/projects/rccl/build/release/hipify/src/include/nccl_device/impl/gin__funcs.h:413:60: warning: result of comparison of constant 3 with expression of type 'const hipMemLocationType' is always false [-Wtautological-constant-out-of-range-compare]
  413 |           if (!doneSysmemFence && srcSegmentWindow.memType == CU_MEM_LOCATION_TYPE_HOST_NUMA) {
      |                                   ~~~~~~~~~~~~~~~~~~~~~~~~ ^  ~~~~~~~~~~~~~~~~~~~~~~~~~~~~~~
In file included from In file included from /home/yelkhamr/dark-factory/rocm-systems/projects/rccl/build/release/hipify/src/scheduler/symmetric_sched.cc/home/yelkhamr/dark-factory/rocm-systems/projects/rccl/build/release/hipify/src/transport/coll_net.cc::149:
:
In file included from In file included from /home/yelkhamr/dark-factory/rocm-systems/projects/rccl/build/release/hipify/src/include/scheduler.h/home/yelkhamr/dark-factory/rocm-systems/projects/rccl/build/release/hipify/src/include/comm.h::1225:
:
In file included from In file included from /home/yelkhamr/dark-factory/rocm-systems/projects/rccl/build/release/hipify/src/include/comm.h/home/yelkhamr/dark-factory/rocm-systems/projects/rccl/build/release/hipify/src/include/dev_runtime.h::2511:
:
In file included from In file included from /home/yelkhamr/dark-factory/rocm-systems/projects/rccl/build/release/hipify/src/include/dev_runtime.h/home/yelkhamr/dark-factory/rocm-systems/projects/rccl/build/release/hipify/src/include/nccl_device.h::1110:
:
In file included from In file included from /home/yelkhamr/dark-factory/rocm-systems/projects/rccl/build/release/hipify/src/include/nccl_device.h/home/yelkhamr/dark-factory/rocm-systems/projects/rccl/build/release/hipify/src/include/nccl_device/impl/barrier__funcs.h::1012:
:
In file included from In file included from /home/yelkhamr/dark-factory/rocm-systems/projects/rccl/build/release/hipify/src/include/nccl_device/impl/barrier__funcs.h/home/yelkhamr/dark-factory/rocm-systems/projects/rccl/build/release/hipify/src/include/nccl_device/impl/barrier__types.h::1210:
:
In file included from In file included from /home/yelkhamr/dark-factory/rocm-systems/projects/rccl/build/release/hipify/src/include/nccl_device/impl/barrier__types.h/home/yelkhamr/dark-factory/rocm-systems/projects/rccl/build/release/hipify/src/include/nccl_device/impl/../barrier.h::1011:
:
In file included from /home/yelkhamr/dark-factory/rocm-systems/projects/rccl/build/release/hipify/src/include/nccl_device/impl/../barrier.h:/home/yelkhamr/dark-factory/rocm-systems/projects/rccl/build/release/hipify/src/include/nccl_device/impl/../impl/core__types.h11:
:/home/yelkhamr/dark-factory/rocm-systems/projects/rccl/build/release/hipify/src/include/nccl_device/impl/../impl/core__types.h26::269::9 : warning: warning: 'NCCL_GIN_MAX_CONNECTIONS' macro redefined [-Wmacro-redefined]'NCCL_GIN_MAX_CONNECTIONS' macro redefined [-Wmacro-redefined]

      2626 |  | ##ddeeffiinnee  NNCCCCLL__GGIINN__MMAAXX__CCOONNNNEECCTTIIOONNSS  44

            | |         ^        ^

/home/yelkhamr/dark-factory/rocm-systems/projects/rccl/build/release/include/nccl_device/gin/gin_device_host_common.h/home/yelkhamr/dark-factory/rocm-systems/projects/rccl/build/release/include/nccl_device/gin/gin_device_host_common.h::1818::99::  note: note: previous definition is hereprevious definition is here

   18    | 18# | d#edfeifnien eN CNCCLC_LG_IGNI_NM_AMXA_XC_OCNONNENCETCITOINOSN SN CNCCLC_LG_IGNI_NM_AMXA_XC_OCNOTNETXETXST
S      
|               ^| 
        ^
In file included from /home/yelkhamr/dark-factory/rocm-systems/projects/rccl/build/release/hipify/src/register/sendrecv_reg.cc:9:
In file included from /home/yelkhamr/dark-factory/rocm-systems/projects/rccl/build/release/hipify/src/include/transport.h:25:
In file included from /home/yelkhamr/dark-factory/rocm-systems/projects/rccl/build/release/hipify/src/include/comm.h:25:
In file included from /home/yelkhamr/dark-factory/rocm-systems/projects/rccl/build/release/hipify/src/include/dev_runtime.h:11:
In file included from /home/yelkhamr/dark-factory/rocm-systems/projects/rccl/build/release/hipify/src/include/nccl_device.h:16:
/home/yelkhamr/dark-factory/rocm-systems/projects/rccl/build/release/hipify/src/include/nccl_device/impl/gin__funcs.h:413:60: warning: result of comparison of constant 3 with expression of type 'const hipMemLocationType' is always false [-Wtautological-constant-out-of-range-compare]
  413 |           if (!doneSysmemFence && srcSegmentWindow.memType == CU_MEM_LOCATION_TYPE_HOST_NUMA) {
      |                                   ~~~~~~~~~~~~~~~~~~~~~~~~ ^  ~~~~~~~~~~~~~~~~~~~~~~~~~~~~~~
In file included from /home/yelkhamr/dark-factory/rocm-systems/projects/rccl/build/release/hipify/src/scheduler/allgatherv_sched.cc:13:
In file included from /home/yelkhamr/dark-factory/rocm-systems/projects/rccl/build/release/hipify/src/include/scheduler.h:12:
In file included from /home/yelkhamr/dark-factory/rocm-systems/projects/rccl/build/release/hipify/src/include/comm.h:25:
In file included from /home/yelkhamr/dark-factory/rocm-systems/projects/rccl/build/release/hipify/src/include/dev_runtime.h:11:
In file included from /home/yelkhamr/dark-factory/rocm-systems/projects/rccl/build/release/hipify/src/include/nccl_device.h:10:
In file included from /home/yelkhamr/dark-factory/rocm-systems/projects/rccl/build/release/hipify/src/include/nccl_device/impl/barrier__funcs.h:12:
In file included from /home/yelkhamr/dark-factory/rocm-systems/projects/rccl/build/release/hipify/src/include/nccl_device/impl/barrier__types.h:10:
In file included from /home/yelkhamr/dark-factory/rocm-systems/projects/rccl/build/release/hipify/src/include/nccl_device/impl/../barrier.h:11:
/home/yelkhamr/dark-factory/rocm-systems/projects/rccl/build/release/hipify/src/include/nccl_device/impl/../impl/core__types.h:26:9: warning: 'NCCL_GIN_MAX_CONNECTIONS' macro redefined [-Wmacro-redefined]
   26 | #define NCCL_GIN_MAX_CONNECTIONS 4
      |         ^
/home/yelkhamr/dark-factory/rocm-systems/projects/rccl/build/release/include/nccl_device/gin/gin_device_host_common.h:18:9: note: previous definition is here
   18 | #define NCCL_GIN_MAX_CONNECTIONS NCCL_GIN_MAX_CONTEXTS
      |         ^
2 warnings generated when compiling for host.
In file included from /home/yelkhamr/dark-factory/rocm-systems/projects/rccl/build/release/hipify/src/transport/net_ib/connect_tmp.cc:9:
In file included from /home/yelkhamr/dark-factory/rocm-systems/projects/rccl/build/release/hipify/src/transport/net_ib/connect.h:11:
In file included from /home/yelkhamr/dark-factory/rocm-systems/projects/rccl/build/release/hipify/src/transport/net_ib/common.h:14:
In file included from /home/yelkhamr/dark-factory/rocm-systems/projects/rccl/build/release/hipify/src/include/net.h:13:
In file included from /home/yelkhamr/dark-factory/rocm-systems/projects/rccl/build/release/hipify/src/include/comm.h:25:
In file included from /home/yelkhamr/dark-factory/rocm-systems/projects/rccl/build/release/hipify/src/include/dev_runtime.h:11:
In file included from /home/yelkhamr/dark-factory/rocm-systems/projects/rccl/build/release/hipify/src/include/nccl_device.h:10:
In file included from /home/yelkhamr/dark-factory/rocm-systems/projects/rccl/build/release/hipify/src/include/nccl_device/impl/barrier__funcs.h:12:
In file included from /home/yelkhamr/dark-factory/rocm-systems/projects/rccl/build/release/hipify/src/include/nccl_device/impl/barrier__types.h:10:
In file included from /home/yelkhamr/dark-factory/rocm-systems/projects/rccl/build/release/hipify/src/include/nccl_device/impl/../barrier.h:11:
/home/yelkhamr/dark-factory/rocm-systems/projects/rccl/build/release/hipify/src/include/nccl_device/impl/../impl/core__types.h:26:9: warning: 'NCCL_GIN_MAX_CONNECTIONS' macro redefined [-Wmacro-redefined]
   26 | #define NCCL_GIN_MAX_CONNECTIONS 4
      |         ^
/home/yelkhamr/dark-factory/rocm-systems/projects/rccl/build/release/include/nccl_device/gin/gin_device_host_common.h:18:9: note: previous definition is here
   18 | #define NCCL_GIN_MAX_CONNECTIONS NCCL_GIN_MAX_CONTEXTS
      |         ^
In file included from /home/yelkhamr/dark-factory/rocm-systems/projects/rccl/build/release/hipify/src/scheduler/symmetric_sched.cc:14:
In file included from /home/yelkhamr/dark-factory/rocm-systems/projects/rccl/build/release/hipify/src/include/scheduler.h:12:
In file included from /home/yelkhamr/dark-factory/rocm-systems/projects/rccl/build/release/hipify/src/include/comm.h:25:
In file included from /home/yelkhamr/dark-factory/rocm-systems/projects/rccl/build/release/hipify/src/include/dev_runtime.h:11:
In file included from /home/yelkhamr/dark-factory/rocm-systems/projects/rccl/build/release/hipify/src/include/nccl_device.h:16:
/home/yelkhamr/dark-factory/rocm-systems/projects/rccl/build/release/hipify/src/include/nccl_device/impl/gin__funcs.h:413:60: warning: result of comparison of constant 3 with expression of type 'const hipMemLocationType' is always false [-Wtautological-constant-out-of-range-compare]
  413 |           if (!doneSysmemFence && srcSegmentWiIn file included from nd/home/yelkhamr/dark-factory/rocm-systems/projects/rccl/build/release/hipify/src/transport/coll_net.cco:w9.:
mIn file included from e/home/yelkhamr/dark-factory/rocm-systems/projects/rccl/build/release/hipify/src/include/comm.hm:T25y:
pIn file included from e/home/yelkhamr/dark-factory/rocm-systems/projects/rccl/build/release/hipify/src/include/dev_runtime.h :=11=:
 In file included from C/home/yelkhamr/dark-factory/rocm-systems/projects/rccl/build/release/hipify/src/include/nccl_device.hU:_16M:
E/home/yelkhamr/dark-factory/rocm-systems/projects/rccl/build/release/hipify/src/include/nccl_device/impl/gin__funcs.hM:_413L:O60C:A Twarning: Iresult of comparison of constant 3 with expression of type 'const hipMemLocationType' is always false [-Wtautological-constant-out-of-range-compare]O
N_TYPE_HOST_NUMA) {
      |                                   ~~~~~~~~~~~~~~~~~~~~~~~~ ^  ~~~~~~~~~~~~~~~~~~~~~~~~~~~~~~
  413 |           if (!doneSysmemFence && srcSegmentWindow.memType == CU_MEM_LOCATION_TYPE_HOST_NUMA) {
      |                                   ~~~~~~~~~~~~~~~~~~~~~~~~ ^  ~~~~~~~~~~~~~~~~~~~~~~~~~~~~~~
In file included from /home/yelkhamr/dark-factory/rocm-systems/projects/rccl/build/release/hipify/src/transport/net_tmp.cc:10:
In file included from /home/yelkhamr/dark-factory/rocm-systems/projects/rccl/build/release/hipify/src/include/comm.h:25:
In file included from /home/yelkhamr/dark-factory/rocm-systems/projects/rccl/build/release/hipify/src/include/dev_runtime.h:11:
In file included from /home/yelkhamr/dark-factory/rocm-systems/projects/rccl/build/release/hipify/src/include/nccl_device.h:10:
In file included from /home/yelkhamr/dark-factory/rocm-systems/projects/rccl/build/release/hipify/src/include/nccl_device/impl/barrier__funcs.h:12:
In file included from /home/yelkhamr/dark-factory/rocm-systems/projects/rccl/build/release/hipify/src/include/nccl_device/impl/barrier__types.h:10:
In file included from /home/yelkhamr/dark-factory/rocm-systems/projects/rccl/build/release/hipify/src/include/nccl_device/impl/../barrier.h:11:
/home/yelkhamr/dark-factory/rocm-systems/projects/rccl/build/release/hipify/src/include/nccl_device/impl/../impl/core__types.h:26:9: warning: 'NCCL_GIN_MAX_CONNECTIONS' macro redefined [-Wmacro-redefined]
   26 | #define NCCL_GIN_MAX_CONNECTIONS 4
      |         ^
/home/yelkhamr/dark-factory/rocm-systems/projects/rccl/build/release/include/nccl_device/gin/gin_device_host_common.h:18:9: note: previous definition is here
   18 | #define NCCL_GIN_MAX_CONNECTIONS NCCL_GIN_MAX_CONTEXTS
      |         ^
In file included from /home/yelkhamr/dark-factory/rocm-systems/projects/rccl/build/release/hipify/src/scheduler/allgatherv_sched.cc:13:
In file included from /home/yelkhamr/dark-factory/rocm-systems/projects/rccl/build/release/hipify/src/include/scheduler.h:12:
In file included from /home/yelkhamr/dark-factory/rocm-systems/projects/rccl/build/release/hipify/src/include/comm.h:25:
In file included from /home/yelkhamr/dark-factory/rocm-systems/projects/rccl/build/release/hipify/src/include/dev_runtime.h:11:
In file included from /home/yelkhamr/dark-factory/rocm-systems/projects/rccl/build/release/hipify/src/include/nccl_device.h:16:
/home/yelkhamr/dark-factory/rocm-systems/projects/rccl/build/release/hipify/src/include/nccl_device/impl/gin__funcs.h:413:60: warning: result of comparison of constant 3 with expression of type 'const hipMemLocationType' is always false [-Wtautological-constant-out-of-range-compare]
  413 |           if (!doneSysmemFence && srcSegmentWindow.memType == CU_MEM_LOCATION_TYPE_HOST_NUMA) {
      |                                   ~~~~~~~~~~~~~~~~~~~~~~~~ ^  ~~~~~~~~~~~~~~~~~~~~~~~~~~~~~~
In file included from /home/yelkhamr/dark-factory/rocm-systems/projects/rccl/build/release/hipify/src/transport/net_ib/connect_tmp.cc:9:
In file included from /home/yelkhamr/dark-factory/rocm-systems/projects/rccl/build/release/hipify/src/transport/net_ib/connect.h:11:
In file included from /home/yelkhamr/dark-factory/rocm-systems/projects/rccl/build/release/hipify/src/transport/net_ib/common.h:14:
In file included from /home/yelkhamr/dark-factory/rocm-systems/projects/rccl/build/release/hipify/src/include/net.h:13:
In file included from /home/yelkhamr/dark-factory/rocm-systems/projects/rccl/build/release/hipify/src/include/comm.h:25:
In file included from /home/yelkhamr/dark-factory/rocm-systems/projects/rccl/build/release/hipify/src/include/dev_runtime.h:11:
In file included from /home/yelkhamr/dark-factory/rocm-systems/projects/rccl/build/release/hipify/src/include/nccl_device.h:16:
/home/yelkhamr/dark-factory/rocm-systems/projects/rccl/build/release/hipify/src/include/nccl_device/impl/gin__funcs.h:413:60: warning: result of comparison of constant 3 with expression of type 'const hipMemLocationType' is always false [-Wtautological-constant-out-of-range-compare]
  413 |           if (!doneSysmemFence && srcSegmentWindow.memType == CU_MEM_LOCATION_TYPE_HOST_NUMA) {
      |                                   ~~~~~~~~~~~~~~~~~~~~~~~~ ^  ~~~~~~~~~~~~~~~~~~~~~~~~~~~~~~
In file included from /home/yelkhamr/dark-factory/rocm-systems/projects/rccl/build/release/hipify/src/transport/net_tmp.cc:10:
In file included from /home/yelkhamr/dark-factory/rocm-systems/projects/rccl/build/release/hipify/src/include/comm.h:25:
In file included from /home/yelkhamr/dark-factory/rocm-systems/projects/rccl/build/release/hipify/src/include/dev_runtime.h:11:
In file included from /home/yelkhamr/dark-factory/rocm-systems/projects/rccl/build/release/hipify/src/include/nccl_device.h:16:
/home/yelkhamr/dark-factory/rocm-systems/projects/rccl/build/release/hipify/src/include/nccl_device/impl/gin__funcs.h:413:60: warning: result of comparison of constant 3 with expression of type 'const hipMemLocationType' is always false [-Wtautological-constant-out-of-range-compare]
  413 |           if (!doneSysmemFence && srcSegmentWindow.memType == CU_MEM_LOCATION_TYPE_HOST_NUMA) {
      |                                   ~~~~~~~~~~~~~~~~~~~~~~~~ ^  ~~~~~~~~~~~~~~~~~~~~~~~~~~~~~~
In file included from /home/yelkhamr/dark-factory/rocm-systems/projects/rccl/build/release/hipify/src/transport/net_ib/common.cc:8:
In file included from /home/yelkhamr/dark-factory/rocm-systems/projects/rccl/build/release/hipify/src/transport/net_ib/common.h:14:
In file included from /home/yelkhamr/dark-factory/rocm-systems/projects/rccl/build/release/hipify/src/include/net.h:13:
In file included from /home/yelkhamr/dark-factory/rocm-systems/projects/rccl/build/release/hipify/src/include/comm.h:25:
In file included from /home/yelkhamr/dark-factory/rocm-systems/projects/rccl/build/release/hipify/src/include/dev_runtime.h:11:
In file included from /home/yelkhamr/dark-factory/rocm-systems/projects/rccl/build/release/hipify/src/include/nccl_device.h:10:
In file included from /home/yelkhamr/dark-factory/rocm-systems/projects/rccl/build/release/hipify/src/include/nccl_device/impl/barrier__funcs.h:12:
In file included from /home/yelkhamr/dark-factory/rocm-systems/projects/rccl/build/release/hipify/src/include/nccl_device/impl/barrier__types.h:10:
In file included from /home/yelkhamr/dark-factory/rocm-systems/projects/rccl/build/release/hipify/src/include/nccl_device/impl/../barrier.h:11:
/home/yelkhamr/dark-factory/rocm-systems/projects/rccl/build/release/hipify/src/include/nccl_device/impl/../impl/core__types.h:26:9: warning: 'NCCL_GIN_MAX_CONNECTIONS' macro redefined [-Wmacro-redefined]
   26 | #define NCCL_GIN_MAX_CONNECTIONS 4
      |         ^
/home/yelkhamr/dark-factory/rocm-systems/projects/rccl/build/release/include/nccl_device/gin/gin_device_host_common.h:18:9: note: previous definition is here
   18 | #define NCCL_GIN_MAX_CONNECTIONS NCCL_GIN_MAX_CONTEXTS
      |         ^
In file included from /home/yelkhamr/dark-factory/rocm-systems/projects/rccl/build/release/hipify/src/transport/generic.cc:8:
In file included from /home/yelkhamr/dark-factory/rocm-systems/projects/rccl/build/release/hipify/src/include/comm.h:25:
In file included from /home/yelkhamr/dark-factory/rocm-systems/projects/rccl/build/release/hipify/src/include/dev_runtime.h:11:
In file included from /home/yelkhamr/dark-factory/rocm-systems/projects/rccl/build/release/hipify/src/include/nccl_device.h:10:
In file included from /home/yelkhamr/dark-factory/rocm-systems/projects/rccl/build/release/hipify/src/include/nccl_device/impl/barrier__funcs.h:12:
In file included from /home/yelkhamr/dark-factory/rocm-systems/projects/rccl/build/release/hipify/src/include/nccl_device/impl/barrier__types.h:10:
In file included from /home/yelkhamr/dark-factory/rocm-systems/projects/rccl/build/release/hipify/src/include/nccl_device/impl/../barrier.h:11:
/home/yelkhamr/dark-factory/rocm-systems/projects/rccl/build/release/hipify/src/include/nccl_device/impl/../impl/core__types.h:26:9: warning: 'NCCL_GIN_MAX_CONNECTIONS' macro redefined [-Wmacro-redefined]
   26 | #define NCCL_GIN_MAX_CONNECTIONS 4
      |         ^
/home/yelkhamr/dark-factory/rocm-systems/projects/rccl/build/release/include/nccl_device/gin/gin_device_host_common.h:18:9: note: previous definition is here
   18 | #define NCCL_GIN_MAX_CONNECTIONS NCCL_GIN_MAX_CONTEXTS
      |         ^
In file included from /home/yelkhamr/dark-factory/rocm-systems/projects/rccl/build/release/hipify/src/devcomm/devcomm_v23000.cc:8:
In file included from /home/yelkhamr/dark-factory/rocm-systems/projects/rccl/build/release/hipify/src/include/dev_runtime.h:11:
In file included from /home/yelkhamr/dark-factory/rocm-systems/projects/rccl/build/release/hipify/src/include/nccl_device.h:10:
In file included from /home/yelkhamr/dark-factory/rocm-systems/projects/rccl/build/release/hipify/src/include/nccl_device/impl/barrier__funcs.h:12:
In file included from /home/yelkhamr/dark-factory/rocm-systems/projects/rccl/build/release/hipify/src/include/nccl_device/impl/barrier__types.h:10:
In file included from /home/yelkhamr/dark-factory/rocm-systems/projects/rccl/build/release/hipify/src/include/nccl_device/impl/../barrier.h:11:
/home/yelkhamr/dark-factory/rocm-systems/projects/rccl/build/release/hipify/src/include/nccl_device/impl/../impl/core__types.h:26:9: warning: 'NCCL_GIN_MAX_CONNECTIONS' macro redefined [-Wmacro-redefined]
   26 | #define NCCL_GIN_MAX_CONNECTIONS 4
      |         ^
/home/yelkhamr/dark-factory/rocm-systems/projects/rccl/build/release/include/nccl_device/gin/gin_device_host_common.h:18:9: note: previous definition is here
   18 | #define NCCL_GIN_MAX_CONNECTIONS NCCL_GIN_MAX_CONTEXTS
      |         ^
In file included from /home/yelkhamr/dark-factory/rocm-systems/projects/rccl/build/release/hipify/src/transport/net_ib/gin_tmp.cc:8:
In file included from /home/yelkhamr/dark-factory/rocm-systems/projects/rccl/build/release/hipify/src/transport/net_ib/common.h:14:
In file included from /home/yelkhamr/dark-factory/rocm-systems/projects/rccl/build/release/hipify/src/include/net.h:13:
In file included from /home/yelkhamr/dark-factory/rocm-systems/projects/rccl/build/release/hipify/src/include/comm.h:25:
In file included from /home/yelkhamr/dark-factory/rocm-systems/projects/rccl/build/release/hipify/src/include/dev_runtime.h:11:
In file included from /home/yelkhamr/dark-factory/rocm-systems/projects/rccl/build/release/hipify/src/include/nccl_device.h:10:
In file included from /home/yelkhamr/dark-factory/rocm-systems/projects/rccl/build/release/hipify/src/include/nccl_device/impl/barrier__funcs.h:12:
In file included from /home/yelkhamr/dark-factory/rocm-systems/projects/rccl/build/release/hipify/src/include/nccl_device/impl/barrier__types.h:10:
In file included from /home/yelkhamr/dark-factory/rocm-systems/projects/rccl/build/release/hipify/src/include/nccl_device/impl/../barrier.h:11:
/home/yelkhamr/dark-factory/rocm-systems/projects/rccl/build/release/hipify/src/include/nccl_device/impl/../impl/core__types.h:26:9: warning: 'NCCL_GIN_MAX_CONNECTIONS' macro redefined [-Wmacro-redefined]
   26 | #define NCCL_GIN_MAX_CONNECTIONS 4
      |         ^
/home/yelkhamr/dark-factory/rocm-systems/projects/rccl/build/release/include/nccl_device/gin/gin_device_host_common.h:18:9: note: previous definition is here
   18 | #define NCCL_GIN_MAX_CONNECTIONS NCCL_GIN_MAX_CONTEXTS
      |         ^
In file included from /home/yelkhamr/dark-factory/rocm-systems/projects/rccl/build/release/hipify/src/transport/net_ib/init_tmp.cc:9:
In file included from /home/yelkhamr/dark-factory/rocm-systems/projects/rccl/build/release/hipify/src/transport/net_ib/common.h:14:
In file included from /home/yelkhamr/dark-factory/rocm-systems/projects/rccl/build/release/hipify/src/include/net.h:13:
In file included from /home/yelkhamr/dark-factory/rocm-systems/projects/rccl/build/release/hipify/src/include/comm.h:25:
In file included from /home/yelkhamr/dark-factory/rocm-systems/projects/rccl/build/release/hipify/src/include/dev_runtime.h:11:
In file included from /home/yelkhamr/dark-factory/rocm-systems/projects/rccl/build/release/hipify/src/include/nccl_device.h:10:
In file included from /home/yelkhamr/dark-factory/rocm-systems/projects/rccl/build/release/hipify/src/include/nccl_device/impl/barrier__funcs.h:12:
In file included from /home/yelkhamr/dark-factory/rocm-systems/projects/rccl/build/release/hipify/src/include/nccl_device/impl/barrier__types.h:10:
In file included from /home/yelkhamr/dark-factory/rocm-systems/projects/rccl/build/release/hipify/src/include/nccl_device/impl/../barrier.h:11:
/home/yelkhamr/dark-factory/rocm-systems/projects/rccl/build/release/hipify/src/include/nccl_device/impl/../impl/core__types.h:26:9: warning: 'NCCL_GIN_MAX_CONNECTIONS' macro redefined [-Wmacro-redefined]
   26 | #define NCCL_GIN_MAX_CONNECTIONS 4
      |         ^
/home/yelkhamr/dark-factory/rocm-systems/projects/rccl/build/release/include/nccl_device/gin/gin_device_host_common.h:18:9: note: previous definition is here
   18 | #define NCCL_GIN_MAX_CONNECTIONS NCCL_GIN_MAX_CONTEXTS
      |         ^
In file included from /home/yelkhamr/dark-factory/rocm-systems/projects/rccl/build/release/hipify/src/transport/net_ib/common.cc:8:
In file included from /home/yelkhamr/dark-factory/rocm-systems/projects/rccl/build/release/hipify/src/transport/net_ib/common.h:14:
In file included from /home/yelkhamr/dark-factory/rocm-systems/projects/rccl/build/release/hipify/src/include/net.h:13:
In file included from /home/yelkhamr/dark-factory/rocm-systems/projects/rccl/build/release/hipify/src/include/comm.h:25:
In file included from /home/yelkhamr/dark-factory/rocm-systems/projects/rccl/build/release/hipify/src/include/dev_runtime.h:11:
In file included from /home/yelkhamr/dark-factory/rocm-systems/projects/rccl/build/release/hipify/src/include/nccl_device.h:16:
/home/yelkhamr/dark-factory/rocm-systems/projects/rccl/build/release/hipify/src/include/nccl_device/impl/gin__funcs.h:413:60: warning: result of comparison of constant 3 with expression of type 'const hipMemLocationType' is always false [-Wtautological-constant-out-of-range-compare]
  413 |           if (!doneSysmemFence && srcSegmentWindow.memType == CU_MEM_LOCATION_TYPE_HOST_NUMA) {
      |                                   ~~~~~~~~~~~~~~~~~~~~~~~~ ^  ~~~~~~~~~~~~~~~~~~~~~~~~~~~~~~
In file included from /home/yelkhamr/dark-factory/rocm-systems/projects/rccl/build/release/hipify/src/transport/generic.cc:8:
In file included from /home/yelkhamr/dark-factory/rocm-systems/projects/rccl/build/release/hipify/src/include/comm.h:25:
In file included from /home/yelkhamr/dark-factory/rocm-systems/projects/rccl/build/release/hipify/src/include/dev_runtime.h:11:
In file included from /home/yelkhamr/dark-factory/rocm-systems/projects/rccl/build/release/hipify/src/include/nccl_device.h:16:
/home/yelkhamr/dark-factory/rocm-systems/projects/rccl/build/release/hipify/src/include/nccl_device/impl/gin__funcs.h:413:60: warning: result of comparison of constant 3 with expression of type 'const hipMemLocationType' is always false [-Wtautological-constant-out-of-range-compare]
  413 |           if (!doneSysmemFence && srcSegmentWindow.memType == CU_MEM_LOCATION_TYPE_HOST_NUMA) {
      |                                   ~~~~~~~~~~~~~~~~~~~~~~~~ ^  ~~~~~~~~~~~~~~~~~~~~~~~~~~~~~~
In file included from /home/yelkhamr/dark-factory/rocm-systems/projects/rccl/build/release/hipify/src/devcomm/devcomm_v23000.cc:8:
In file included from /home/yelkhamr/dark-factory/rocm-systems/projects/rccl/build/release/hipify/src/include/dev_runtime.h:11:
In file included from /home/yelkhamr/dark-factory/rocm-systems/projects/rccl/build/release/hipify/src/include/nccl_device.h:16:
/home/yelkhamr/dark-factory/rocm-systems/projects/rccl/build/release/hipify/src/include/nccl_device/impl/gin__funcs.h:413:60: warning: result of comparison of constant 3 with expression of type 'const hipMemLocationType' is always false [-Wtautological-constant-out-of-range-compare]
  413 |           if (!doneSysmemFence && srcSegmentWindow.memType == CU_MEM_LOCATION_TYPE_HOST_NUMA) {
      |                                   ~~~~~~~~~~~~~~~~~~~~~~~~ ^  ~~~~~~~~~~~~~~~~~~~~~~~~~~~~~~
In file included from /home/yelkhamr/dark-factory/rocm-systems/projects/rccl/build/release/hipify/src/transport/net_ib/gdr.cc:8:
In file included from /home/yelkhamr/dark-factory/rocm-systems/projects/rccl/build/release/hipify/src/transport/net_ib/common.h:14:
In file included from /home/yelkhamr/dark-factory/rocm-systems/projects/rccl/build/release/hipify/src/include/net.h:13:
In file included from /home/yelkhamr/dark-factory/rocm-systems/projects/rccl/build/release/hipify/src/include/comm.h:25:
In file included from /home/yelkhamr/dark-factory/rocm-systems/projects/rccl/build/release/hipify/src/include/dev_runtime.h:11:
In file included from /home/yelkhamr/dark-factory/rocm-systems/projects/rccl/build/release/hipify/src/include/nccl_device.h:10:
In file included from /home/yelkhamr/dark-factory/rocm-systems/projects/rccl/build/release/hipify/src/include/nccl_device/impl/barrier__funcs.h:12:
In file included from /home/yelkhamr/dark-factory/rocm-systems/projects/rccl/build/release/hipify/src/include/nccl_device/impl/barrier__types.h:10:
In file included from /home/yelkhamr/dark-factory/rocm-systems/projects/rccl/build/release/hipify/src/include/nccl_device/impl/../barrier.h:11:
/home/yelkhamr/dark-factory/rocm-systems/projects/rccl/build/release/hipify/src/include/nccl_device/impl/../impl/core__types.h:26:9: warning: 'NCCL_GIN_MAX_CONNECTIONS' macro redefined [-Wmacro-redefined]
   26 | #define NCCL_GIN_MAX_CONNECTIONS 4
      |         ^
/home/yelkhamr/dark-factory/rocm-systems/projects/rccl/build/release/include/nccl_device/gin/gin_device_host_common.h:18:9: note: previous definition is here
   18 | #define NCCL_GIN_MAX_CONNECTIONS NCCL_GIN_MAX_CONTEXTS
      |         ^
In file included from /home/yelkhamr/dark-factory/rocm-systems/projects/rccl/build/release/hipify/src/transport/net_ib/gin_tmp.cc:8:
In file included from /home/yelkhamr/dark-factory/rocm-systems/projects/rccl/build/release/hipify/src/transport/net_ib/common.h:14:
In file included from /home/yelkhamr/dark-factory/rocm-systems/projects/rccl/build/release/hipify/src/include/net.h:13:
In file included from /home/yelkhamr/dark-factory/rocm-systems/projects/rccl/build/release/hipify/src/include/comm.h:25:
In file included from /home/yelkhamr/dark-factory/rocm-systems/projects/rccl/build/release/hipify/src/include/dev_runtime.h:11:
In file included from /home/yelkhamr/dark-factory/rocm-systems/projects/rccl/build/release/hipify/src/include/nccl_device.h:16:
/home/yelkhamr/dark-factory/rocm-systems/projects/rccl/build/release/hipify/src/include/nccl_device/impl/gin__funcs.h:413:60: warning: result of comparison of constant 3 with expression of type 'const hipMemLocationType' is always false [-Wtautological-constant-out-of-range-compare]
  413 |           if (!doneSysmemFence && srcSegmentWindow.memType == CU_MEM_LOCATION_TYPE_HOST_NUMA) {
      |                                   ~~~~~~~~~~~~~~~~~~~~~~~~ ^  ~~~~~~~~~~~~~~~~~~~~~~~~~~~~~~
In file included from /home/yelkhamr/dark-factory/rocm-systems/projects/rccl/build/release/hipify/src/transport/net_ib/init_tmp.cc:9:
In file included from /home/yelkhamr/dark-factory/rocm-systems/projects/rccl/build/release/hipify/src/transport/net_ib/common.h:14:
In file included from /home/yelkhamr/dark-factory/rocm-systems/projects/rccl/build/release/hipify/src/include/net.h:13:
In file included from /home/yelkhamr/dark-factory/rocm-systems/projects/rccl/build/release/hipify/src/include/comm.h:25:
In file included from /home/yelkhamr/dark-factory/rocm-systems/projects/rccl/build/release/hipify/src/include/dev_runtime.h:11:
In file included from /home/yelkhamr/dark-factory/rocm-systems/projects/rccl/build/release/hipify/src/include/nccl_device.h:16:
/home/yelkhamr/dark-factory/rocm-systems/projects/rccl/build/release/hipify/src/include/nccl_device/impl/gin__funcs.h:413:60: warning: result of comparison of constant 3 with expression of type 'const hipMemLocationType' is always false [-Wtautological-constant-out-of-range-compare]
  413 |           if (!doneSysmemFence && srcSegmentWindow.memType == CU_MEM_LOCATION_TYPE_HOST_NUMA) {
      |                                   ~~~~~~~~~~~~~~~~~~~~~~~~ ^  ~~~~~~~~~~~~~~~~~~~~~~~~~~~~~~
In file included from /home/yelkhamr/dark-factory/rocm-systems/projects/rccl/build/release/hipify/src/transport/net_ib/p2p_resiliency.cc:9:
In file included from /home/yelkhamr/dark-factory/rocm-systems/projects/rccl/build/release/hipify/src/transport/net_ib/p2p_resiliency.h:11:
In file included from /home/yelkhamr/dark-factory/rocm-systems/projects/rccl/build/release/hipify/src/transport/net_ib/common.h:14:
In file included from /home/yelkhamr/dark-factory/rocm-systems/projects/rccl/build/release/hipify/src/include/net.h:13:
In file included from /home/yelkhamr/dark-factory/rocm-systems/projects/rccl/build/release/hipify/src/include/comm.h:25:
In file included from /home/yelkhamr/dark-factory/rocm-systems/projects/rccl/build/release/hipify/src/include/dev_runtime.h:11:
In file included from /home/yelkhamr/dark-factory/rocm-systems/projects/rccl/build/release/hipify/src/include/nccl_device.h:10:
In file included from /home/yelkhamr/dark-factory/rocm-systems/projects/rccl/build/release/hipify/src/include/nccl_device/impl/barrier__funcs.h:12:
In file included from /home/yelkhamr/dark-factory/rocm-systems/projects/rccl/build/release/hipify/src/include/nccl_device/impl/barrier__types.h:10:
In file included from /home/yelkhamr/dark-factory/rocm-systems/projects/rccl/build/release/hipify/src/include/nccl_device/impl/../barrier.h:11:
/home/yelkhamr/dark-factory/rocm-systems/projects/rccl/build/release/hipify/src/include/nccl_device/impl/../impl/core__types.h:26:9: warning: 'NCCL_GIN_MAX_CONNECTIONS' macro redefined [-Wmacro-redefined]
   26 | #define NCCL_GIN_MAX_CONNECTIONS 4
      |         ^
/home/yelkhamr/dark-factory/rocm-systems/projects/rccl/build/release/include/nccl_device/gin/gin_device_host_common.h:18:9: note: previous definition is here
   18 | #define NCCL_GIN_MAX_CONNECTIONS NCCL_GIN_MAX_CONTEXTS
      |         ^
In file included from /home/yelkhamr/dark-factory/rocm-systems/projects/rccl/build/release/hipify/src/transport/net_ib/p2p.cc:9:
In file included from /home/yelkhamr/dark-factory/rocm-systems/projects/rccl/build/release/hipify/src/transport/net_ib/p2p.h:11:
In file included from /home/yelkhamr/dark-factory/rocm-systems/projects/rccl/build/release/hipify/src/transport/net_ib/common.h:14:
In file included from /home/yelkhamr/dark-factory/rocm-systems/projects/rccl/build/release/hipify/src/include/net.h:13:
In file included from /home/yelkhamr/dark-factory/rocm-systems/projects/rccl/build/release/hipify/src/include/comm.h:25:
In file included from /home/yelkhamr/dark-factory/rocm-systems/projects/rccl/build/release/hipify/src/include/dev_runtime.h:11:
In file included from /home/yelkhamr/dark-factory/rocm-systems/projects/rccl/build/release/hipify/src/include/nccl_device.h:10:
In file included from /home/yelkhamr/dark-factory/rocm-systems/projects/rccl/build/release/hipify/src/include/nccl_device/impl/barrier__funcs.h:12:
In file included from /home/yelkhamr/dark-factory/rocm-systems/projects/rccl/build/release/hipify/src/include/nccl_device/impl/barrier__types.h:10:
In file included from /home/yelkhamr/dark-factory/rocm-systems/projects/rccl/build/release/hipify/src/include/nccl_device/impl/../barrier.h:11:
/home/yelkhamr/dark-factory/rocm-systems/projects/rccl/build/release/hipify/src/include/nccl_device/impl/../impl/core__types.h:26:9: warning: 'NCCL_GIN_MAX_CONNECTIONS' macro redefined [-Wmacro-redefined]
   26 | #define NCCL_GIN_MAX_CONNECTIONS 4
      |         ^
/home/yelkhamr/dark-factory/rocm-systems/projects/rccl/build/release/include/nccl_device/gin/gin_device_host_common.h:18:9: note: previous definition is here
   18 | #define NCCL_GIN_MAX_CONNECTIONS NCCL_GIN_MAX_CONTEXTS
      |         ^
In file included from /home/yelkhamr/dark-factory/rocm-systems/projects/rccl/build/release/hipify/src/transport/net_ib/gdr.cc:8:
In file included from /home/yelkhamr/dark-factory/rocm-systems/projects/rccl/build/release/hipify/src/transport/net_ib/common.h:14:
In file included from /home/yelkhamr/dark-factory/rocm-systems/projects/rccl/build/release/hipify/src/include/net.h:13:
In file included from /home/yelkhamr/dark-factory/rocm-systems/projects/rccl/build/release/hipify/src/include/comm.h:25:
In file included from /home/yelkhamr/dark-factory/rocm-systems/projects/rccl/build/release/hipify/src/include/dev_runtime.h:11:
In file included from /home/yelkhamr/dark-factory/rocm-systems/projects/rccl/build/release/hipify/src/include/nccl_device.h:16:
/home/yelkhamr/dark-factory/rocm-systems/projects/rccl/build/release/hipify/src/include/nccl_device/impl/gin__funcs.h:413:60: warning: result of comparison of constant 3 with expression of type 'const hipMemLocationType' is always false [-Wtautological-constant-out-of-range-compare]
  413 |           if (!doneSysmemFence && srcSegmentWindow.memType == CU_MEM_LOCATION_TYPE_HOST_NUMA) {
      |                                   ~~~~~~~~~~~~~~~~~~~~~~~~ ^  ~~~~~~~~~~~~~~~~~~~~~~~~~~~~~~
In file included from /home/yelkhamr/dark-factory/rocm-systems/projects/rccl/build/release/hipify/gensrc/symmetric/sym_kernels_host.cc:1:
In file included from /home/yelkhamr/dark-factory/rocm-systems/projects/rccl/build/release/hipify/src/include/sym_kernels.h:11:
In file included from /home/yelkhamr/dark-factory/rocm-systems/projects/rccl/build/release/hipify/src/include/nccl_device.h:10:
In file included from /home/yelkhamr/dark-factory/rocm-systems/projects/rccl/build/release/hipify/src/include/nccl_device/impl/barrier__funcs.h:12:
In file included from /home/yelkhamr/dark-factory/rocm-systems/projects/rccl/build/release/hipify/src/include/nccl_device/impl/barrier__types.h:10:
In file included from /home/yelkhamr/dark-factory/rocm-systems/projects/rccl/build/release/hipify/src/include/nccl_device/impl/../barrier.h:11:
/home/yelkhamr/dark-factory/rocm-systems/projects/rccl/build/release/hipify/src/include/nccl_device/impl/../impl/core__types.h:26:9: warning: 'NCCL_GIN_MAX_CONNECTIONS' macro redefined [-Wmacro-redefined]
   26 | #define NCCL_GIN_MAX_CONNECTIONS 4
      |         ^
/home/yelkhamr/dark-factory/rocm-systems/projects/rccl/build/release/include/nccl_device/gin/gin_device_host_common.h:18:9: note: previous definition is here
   18 | #define NCCL_GIN_MAX_CONNECTIONS NCCL_GIN_MAX_CONTEXTS
      |         ^
In file included from /home/yelkhamr/dark-factory/rocm-systems/projects/rccl/build/release/hipify/src/transport/net_ib/p2p_resiliency_recovery.cc:8:
In file included from /home/yelkhamr/dark-factory/rocm-systems/projects/rccl/build/release/hipify/src/transport/net_ib/p2p_resiliency_recovery.h:11:
In file included from /home/yelkhamr/dark-factory/rocm-systems/projects/rccl/build/release/hipify/src/transport/net_ib/p2p_resiliency.h:11:
In file included from /home/yelkhamr/dark-factory/rocm-systems/projects/rccl/build/release/hipify/src/transport/net_ib/common.h:14:
In file included from /home/yelkhamr/dark-factory/rocm-systems/projects/rccl/build/release/hipify/src/include/net.h:13:
In file included from /home/yelkhamr/dark-factory/rocm-systems/projects/rccl/build/release/hipify/src/include/comm.h:25:
In file included from /home/yelkhamr/dark-factory/rocm-systems/projects/rccl/build/release/hipify/src/include/dev_runtime.h:11:
In file included from /home/yelkhamr/dark-factory/rocm-systems/projects/rccl/build/release/hipify/src/include/nccl_device.h:10:
In file included from /home/yelkhamr/dark-factory/rocm-systems/projects/rccl/build/release/hipify/src/include/nccl_device/impl/barrier__funcs.h:12:
In file included from /home/yelkhamr/dark-factory/rocm-systems/projects/rccl/build/release/hipify/src/include/nccl_device/impl/barrier__types.h:10:
In file included from /home/yelkhamr/dark-factory/rocm-systems/projects/rccl/build/release/hipify/src/include/nccl_device/impl/../barrier.h:11:
/home/yelkhamr/dark-factory/rocm-systems/projects/rccl/build/release/hipify/src/include/nccl_device/impl/../impl/core__types.h:26:9: warning: 'NCCL_GIN_MAX_CONNECTIONS' macro redefined [-Wmacro-redefined]
   26 | #define NCCL_GIN_MAX_CONNECTIONS 4
      |         ^
/home/yelkhamr/dark-factory/rocm-systems/projects/rccl/build/release/include/nccl_device/gin/gin_device_host_common.h:18:9: note: previous definition is here
   18 | #define NCCL_GIN_MAX_CONNECTIONS NCCL_GIN_MAX_CONTEXTS
      |         ^
/home/yelkhamr/dark-factory/rocm-systems/projects/rccl/build/release/hipify/src/scheduler/allgatherv_sched.cc:132:11: warning: variable 'nBcasts' set but not used [-Wunused-but-set-variable]
  132 |       int nBcasts = 0;
      |           ^
/home/yelkhamr/dark-factory/rocm-systems/projects/rccl/build/release/hipify/src/scheduler/allgatherv_sched.cc:36:12: warning: variable 'sumBcastBytes' set but not used [-Wunused-but-set-variable]
   36 |     size_t sumBcastBytes = 0;
      |            ^
In file included from /home/yelkhamr/dark-factory/rocm-systems/projects/rccl/build/release/hipify/src/transport/net_ib/p2p_resiliency.cc:9:
In file included from /home/yelkhamr/dark-factory/rocm-systems/projects/rccl/build/release/hipify/src/transport/net_ib/p2p_resiliency.h:11:
In file included from /home/yelkhamr/dark-factory/rocm-systems/projects/rccl/build/release/hipify/src/transport/net_ib/common.h:14:
In file included from /home/yelkhamr/dark-factory/rocm-systems/projects/rccl/build/release/hipify/src/include/net.h:13:
In file included from /home/yelkhamr/dark-factory/rocm-systems/projects/rccl/build/release/hipify/src/include/comm.h:25:
In file included from /home/yelkhamr/dark-factory/rocm-systems/projects/rccl/build/release/hipify/src/include/dev_runtime.h:11:
In file included from /home/yelkhamr/dark-factory/rocm-systems/projects/rccl/build/release/hipify/src/include/nccl_device.h:16:
/home/yelkhamr/dark-factory/rocm-systems/projects/rccl/build/release/hipify/src/include/nccl_device/impl/gin__funcs.h:413:60: warning: result of comparison of constant 3 with expression of type 'const hipMemLocationType' is always false [-Wtautological-constant-out-of-range-compare]
  413 |           if (!doneSysmemFence && srcSegmentWindow.memType == CU_MEM_LOCATION_TYPE_HOST_NUMA) {
      |                                   ~~~~~~~~~~~~~~~~~~~~~~~~ ^  ~~~~~~~~~~~~~~~~~~~~~~~~~~~~~~
In file included from /home/yelkhamr/dark-factory/rocm-systems/projects/rccl/build/release/hipify/src/transport/nvls.cc:11:
In file included from /home/yelkhamr/dark-factory/rocm-systems/projects/rccl/build/release/hipify/src/include/comm.h:25:
In file included from /home/yelkhamr/dark-factory/rocm-systems/projects/rccl/build/release/hipify/src/include/dev_runtime.h:11:
In file included from /home/yelkhamr/dark-factory/rocm-systems/projects/rccl/build/release/hipify/src/include/nccl_device.h:10:
In file included from /home/yelkhamr/dark-factory/rocm-systems/projects/rccl/build/release/hipify/src/include/nccl_device/impl/barrier__funcs.h:12:
In file included from /home/yelkhamr/dark-factory/rocm-systems/projects/rccl/build/release/hipify/src/include/nccl_device/impl/barrier__types.h:10:
In file included from /home/yelkhamr/dark-factory/rocm-systems/projects/rccl/build/release/hipify/src/include/nccl_device/impl/../barrier.h:11:
/home/yelkhamr/dark-factory/rocm-systems/projects/rccl/build/release/hipify/src/include/nccl_device/impl/../impl/core__types.h:26:9: warning: 'NCCL_GIN_MAX_CONNECTIONS' macro redefined [-Wmacro-redefined]
   26 | #define NCCL_GIN_MAX_CONNECTIONS 4
      |         ^
/home/yelkhamr/dark-factory/rocm-systems/projects/rccl/build/release/include/nccl_device/gin/gin_device_host_common.h:18:9: note: previous definition is here
   18 | #define NCCL_GIN_MAX_CONNECTIONS NCCL_GIN_MAX_CONTEXTS
      |         ^
In file included from /home/yelkhamr/dark-factory/rocm-systems/projects/rccl/build/release/hipify/src/transport/shm.cc:8:
In file included from /home/yelkhamr/dark-factory/rocm-systems/projects/rccl/build/release/hipify/src/include/comm.h:25:
In file included from /home/yelkhamr/dark-factory/rocm-systems/projects/rccl/build/release/hipify/src/include/dev_runtime.h:11:
In file included from /home/yelkhamr/dark-factory/rocm-systems/projects/rccl/build/release/hipify/src/include/nccl_device.h:10:
In file included from /home/yelkhamr/dark-factory/rocm-systems/projects/rccl/build/release/hipify/src/include/nccl_device/impl/barrier__funcs.h:12:
In file included from /home/yelkhamr/dark-factory/rocm-systems/projects/rccl/build/release/hipify/src/include/nccl_device/impl/barrier__types.h:10:
In file included from /home/yelkhamr/dark-factory/rocm-systems/projects/rccl/build/release/hipify/src/include/nccl_device/impl/../barrier.h:11:
/home/yelkhamr/dark-factory/rocm-systems/projects/rccl/build/release/hipify/src/include/nccl_device/impl/../impl/core__types.h:26:9: warning: 'NCCL_GIN_MAX_CONNECTIONS' macro redefined [-Wmacro-redefined]
   26 | #define NCCL_GIN_MAX_CONNECTIONS 4
      |         ^
/home/yelkhamr/dark-factory/rocm-systems/projects/rccl/build/release/include/nccl_device/gin/gin_device_host_common.h:18:9: note: previous definition is here
   18 | #define NCCL_GIN_MAX_CONNECTIONS NCCL_GIN_MAX_CONTEXTS
      |         ^
In file included from /home/yelkhamr/dark-factory/rocm-systems/projects/rccl/build/release/hipify/src/transport/p2p_tmp.cc:9:
In file included from /home/yelkhamr/dark-factory/rocm-systems/projects/rccl/build/release/hipify/src/include/comm.h:25:
In file included from /home/yelkhamr/dark-factory/rocm-systems/projects/rccl/build/release/hipify/src/include/dev_runtime.h:11:
In file included from /home/yelkhamr/dark-factory/rocm-systems/projects/rccl/build/release/hipify/src/include/nccl_device.h:10:
In file included from /home/yelkhamr/dark-factory/rocm-systems/projects/rccl/build/release/hipify/src/include/nccl_device/impl/barrier__funcs.h:12:
In file included from /home/yelkhamr/dark-factory/rocm-systems/projects/rccl/build/release/hipify/src/include/nccl_device/impl/barrier__types.h:10:
In file included from /home/yelkhamr/dark-factory/rocm-systems/projects/rccl/build/release/hipify/src/include/nccl_device/impl/../barrier.h:11:
/home/yelkhamr/dark-factory/rocm-systems/projects/rccl/build/release/hipify/src/include/nccl_device/impl/../impl/core__types.h:26:9: warning: 'NCCL_GIN_MAX_CONNECTIONS' macro redefined [-Wmacro-redefined]
   26 | #define NCCL_GIN_MAX_CONNECTIONS 4
      |         ^
/home/yelkhamr/dark-factory/rocm-systems/projects/rccl/build/release/include/nccl_device/gin/gin_device_host_common.h:18:9: note: previous definition is here
   18 | #define NCCL_GIN_MAX_CONNECTIONS NCCL_GIN_MAX_CONTEXTS
      |         ^
In file included from /home/yelkhamr/dark-factory/rocm-systems/projects/rccl/build/release/hipify/src/transport/net_socket.cc:9:
In file included from /home/yelkhamr/dark-factory/rocm-systems/projects/rccl/build/release/hipify/src/include/comm.h:25:
In file included from /home/yelkhamr/dark-factory/rocm-systems/projects/rccl/build/release/hipify/src/include/dev_runtime.h:11:
In file included from /home/yelkhamr/dark-factory/rocm-systems/projects/rccl/build/release/hipify/src/include/nccl_device.h:10:
In file included from /home/yelkhamr/dark-factory/rocm-systems/projects/rccl/build/release/hipify/src/include/nccl_device/impl/barrier__funcs.h:12:
In file included from /home/yelkhamr/dark-factory/rocm-systems/projects/rccl/build/release/hipify/src/include/nccl_device/impl/barrier__types.h:10:
In file included from /home/yelkhamr/dark-factory/rocm-systems/projects/rccl/build/release/hipify/src/include/nccl_device/impl/../barrier.h:11:
/home/yelkhamr/dark-factory/rocm-systems/projects/rccl/build/release/hipify/src/include/nccl_device/impl/../impl/core__types.h:26:9: warning: 'NCCL_GIN_MAX_CONNECTIONS' macro redefined [-Wmacro-redefined]
   26 | #define NCCL_GIN_MAX_CONNECTIONS 4
      |         ^
/home/yelkhamr/dark-factory/rocm-systems/projects/rccl/build/release/include/nccl_device/gin/gin_device_host_common.h:18:9: note: previous definition is here
   18 | #define NCCL_GIN_MAX_CONNECTIONS NCCL_GIN_MAX_CONTEXTS
      |         ^
In file included from /home/yelkhamr/dark-factory/rocm-systems/projects/rccl/build/release/hipify/src/transport/net_ib/p2p.cc:9:
In file included from /home/yelkhamr/dark-factory/rocm-systems/projects/rccl/build/release/hipify/src/transport/net_ib/p2p.h:11:
In file included from /home/yelkhamr/dark-factory/rocm-systems/projects/rccl/build/release/hipify/src/transport/net_ib/common.h:14:
In file included from /home/yelkhamr/dark-factory/rocm-systems/projects/rccl/build/release/hipify/src/include/net.h:13:
In file included from /home/yelkhamr/dark-factory/rocm-systems/projects/rccl/build/release/hipify/src/include/comm.h:25:
In file included from /home/yelkhamr/dark-factory/rocm-systems/projects/rccl/build/release/hipify/src/include/dev_runtime.h:11:
In file included from /home/yelkhamr/dark-factory/rocm-systems/projects/rccl/build/release/hipify/src/include/nccl_device.h:16:
/home/yelkhamr/dark-factory/rocm-systems/projects/rccl/build/release/hipify/src/include/nccl_device/impl/gin__funcs.h:413:60: warning: result of comparison of constant 3 with expression of type 'const hipMemLocationType' is always false [-Wtautological-constant-out-of-range-compare]
  413 |           if (!doneSysmemFence && srcSegmentWindow.memType == CU_MEM_LOCATION_TYPE_HOST_NUMA) {
      |                                   ~~~~~~~~~~~~~~~~~~~~~~~~ ^  ~~~~~~~~~~~~~~~~~~~~~~~~~~~~~~
In file included from /home/yelkhamr/dark-factory/rocm-systems/projects/rccl/build/release/hipify/gensrc/symmetric/sym_kernels_host.cc:1:
In file included from /home/yelkhamr/dark-factory/rocm-systems/projects/rccl/build/release/hipify/src/include/sym_kernels.h:11:
In file included from /home/yelkhamr/dark-factory/rocm-systems/projects/rccl/build/release/hipify/src/include/nccl_device.h:16:
/home/yelkhamr/dark-factory/rocm-systems/projects/rccl/build/release/hipify/src/include/nccl_device/impl/gin__funcs.h:413:60: warning: result of comparison of constant 3 with expression of type 'const hipMemLocationType' is always false [-Wtautological-constant-out-of-range-compare]
  413 |           if (!doneSysmemFence && srcSegmentWindow.memType == CU_MEM_LOCATION_TYPE_HOST_NUMA) {
      |                                   ~~~~~~~~~~~~~~~~~~~~~~~~ ^  ~~~~~~~~~~~~~~~~~~~~~~~~~~~~~~
In file included from /home/yelkhamr/dark-factory/rocm-systems/projects/rccl/build/release/hipify/src/transport/net_ib/p2p_resiliency_recovery.cc:8:
In file included from /home/yelkhamr/dark-factory/rocm-systems/projects/rccl/build/release/hipify/src/transport/net_ib/p2p_resiliency_recovery.h:11:
In file included from /home/yelkhamr/dark-factory/rocm-systems/projects/rccl/build/release/hipify/src/transport/net_ib/p2p_resiliency.h:11:
In file included from /home/yelkhamr/dark-factory/rocm-systems/projects/rccl/build/release/hipify/src/transport/net_ib/common.h:14:
In file included from /home/yelkhamr/dark-factory/rocm-systems/projects/rccl/build/release/hipify/src/include/net.h:13:
In file included from /home/yelkhamr/dark-factory/rocm-systems/projects/rccl/build/release/hipify/src/include/comm.h:25:
In file included from /home/yelkhamr/dark-factory/rocm-systems/projects/rccl/build/release/hipify/src/include/dev_runtime.h:11:
In file included from /home/yelkhamr/dark-factory/rocm-systems/projects/rccl/build/release/hipify/src/include/nccl_device.h:16:
/home/yelkhamr/dark-factory/rocm-systems/projects/rccl/build/release/hipify/src/include/nccl_device/impl/gin__funcs.h:413:60: warning: result of comparison of constant 3 with expression of type 'const hipMemLocationType' is always false [-Wtautological-constant-out-of-range-compare]
  413 |           if (!doneSysmemFence && srcSegmentWindow.memType == CU_MEM_LOCATION_TYPE_HOST_NUMA) {
      |                                   ~~~~~~~~~~~~~~~~~~~~~~~~ ^  ~~~~~~~~~~~~~~~~~~~~~~~~~~~~~~
In file included from /home/yelkhamr/dark-factory/rocm-systems/projects/rccl/build/release/hipify/src/transport/net_ib/reg.cc:8:
In file included from /home/yelkhamr/dark-factory/rocm-systems/projects/rccl/build/release/hipify/src/transport/net_ib/common.h:14:
In file included from /home/yelkhamr/dark-factory/rocm-systems/projects/rccl/build/release/hipify/src/include/net.h:13:
In file included from /home/yelkhamr/dark-factory/rocm-systems/projects/rccl/build/release/hipify/src/include/comm.h:25:
In file included from /home/yelkhamr/dark-factory/rocm-systems/projects/rccl/build/release/hipify/src/include/dev_runtime.h:11:
In file included from /home/yelkhamr/dark-factory/rocm-systems/projects/rccl/build/release/hipify/src/include/nccl_device.h:10:
In file included from /home/yelkhamr/dark-factory/rocm-systems/projects/rccl/build/release/hipify/src/include/nccl_device/impl/barrier__funcs.h:12:
In file included from /home/yelkhamr/dark-factory/rocm-systems/projects/rccl/build/release/hipify/src/include/nccl_device/impl/barrier__types.h:10:
In file included from /home/yelkhamr/dark-factory/rocm-systems/projects/rccl/build/release/hipify/src/include/nccl_device/impl/../barrier.h:11:
/home/yelkhamr/dark-factory/rocm-systems/projects/rccl/build/release/hipify/src/include/nccl_device/impl/../impl/core__types.h:26:9: warning: 'NCCL_GIN_MAX_CONNECTIONS' macro redefined [-Wmacro-redefined]
   26 | #define NCCL_GIN_MAX_CONNECTIONS 4
      |         ^
/home/yelkhamr/dark-factory/rocm-systems/projects/rccl/build/release/include/nccl_device/gin/gin_device_host_common.h:18:9: note: previous definition is here
   18 | #define NCCL_GIN_MAX_CONNECTIONS NCCL_GIN_MAX_CONTEXTS
      |         ^
In file included from /home/yelkhamr/dark-factory/rocm-systems/projects/rccl/build/release/hipify/src/transport/nvls.cc:11:
In file included from /home/yelkhamr/dark-factory/rocm-systems/projects/rccl/build/release/hipify/src/include/comm.h:25:
In file included from /home/yelkhamr/dark-factory/rocm-systems/projects/rccl/build/release/hipify/src/include/dev_runtime.h:11:
In file included from /home/yelkhamr/dark-factory/rocm-systems/projects/rccl/build/release/hipify/src/include/nccl_device.h:16:
/home/yelkhamr/dark-factory/rocm-systems/projects/rccl/build/release/hipify/src/include/nccl_device/impl/gin__funcs.h:413:60: warning: result of comparison of constant 3 with expression of type 'const hipMemLocationType' is always false [-Wtautological-constant-out-of-range-compare]
  413 |           if (!doneSysmemFence && srcSegmentWindow.memType == CU_MEM_LOCATION_TYPE_HOST_NUMA) {
      |                                   ~~~~~~~~~~~~~~~~~~~~~~~~ ^  ~~~~~~~~~~~~~~~~~~~~~~~~~~~~~~
In file included from /home/yelkhamr/dark-factory/rocm-systems/projects/rccl/build/release/hipify/src/transport/p2p_tmp.cc:9:
In file included from /home/yelkhamr/dark-factory/rocm-systems/projects/rccl/build/release/hipify/src/include/comm.h:25:
In file included from /home/yelkhamr/dark-factory/rocm-systems/projects/rccl/build/release/hipify/src/include/dev_runtime.h:11:
In file included from /home/yelkhamr/dark-factory/rocm-systems/projects/rccl/build/release/hipify/src/include/nccl_device.h:16:
/home/yelkhamr/dark-factory/rocm-systems/projects/rccl/build/release/hipify/src/include/nccl_device/impl/gin__funcs.h:413:60: warning: result of comparison of constant 3 with expression of type 'const hipMemLocationType' is always false [-Wtautological-constant-out-of-range-compare]
  413 |           if (!doneSysmemFence && srcSegmentWindow.memType == CU_MEM_LOCATION_TYPE_HOST_NUMA) {
      |                                   ~~~~~~~~~~~~~~~~~~~~~~~~ ^  ~~~~~~~~~~~~~~~~~~~~~~~~~~~~~~
In file included from /home/yelkhamr/dark-factory/rocm-systems/projects/rccl/build/release/hipify/src/transport/shm.cc:8:
In file included from /home/yelkhamr/dark-factory/rocm-systems/projects/rccl/build/release/hipify/src/include/comm.h:25:
In file included from /home/yelkhamr/dark-factory/rocm-systems/projects/rccl/build/release/hipify/src/include/dev_runtime.h:11:
In file included from /home/yelkhamr/dark-factory/rocm-systems/projects/rccl/build/release/hipify/src/include/nccl_device.h:16:
/home/yelkhamr/dark-factory/rocm-systems/projects/rccl/build/release/hipify/src/include/nccl_device/impl/gin__funcs.h:413:60: warning: result of comparison of constant 3 with expression of type 'const hipMemLocationType' is always false [-Wtautological-constant-out-of-range-compare]
  413 |           if (!doneSysmemFence && srcSegmentWindow.memType == CU_MEM_LOCATION_TYPE_HOST_NUMA) {
      |                                   ~~~~~~~~~~~~~~~~~~~~~~~~ ^  ~~~~~~~~~~~~~~~~~~~~~~~~~~~~~~
In file included from /home/yelkhamr/dark-factory/rocm-systems/projects/rccl/build/release/hipify/src/transport/net_socket.cc:9:
In file included from /home/yelkhamr/dark-factory/rocm-systems/projects/rccl/build/release/hipify/src/include/comm.h:25:
In file included from /home/yelkhamr/dark-factory/rocm-systems/projects/rccl/build/release/hipify/src/include/dev_runtime.h:11:
In file included from /home/yelkhamr/dark-factory/rocm-systems/projects/rccl/build/release/hipify/src/include/nccl_device.h:16:
/home/yelkhamr/dark-factory/rocm-systems/projects/rccl/build/release/hipify/src/include/nccl_device/impl/gin__funcs.h:413:60: warning: result of comparison of constant 3 with expression of type 'const hipMemLocationType' is always false [-Wtautological-constant-out-of-range-compare]
  413 |           if (!doneSysmemFence && srcSegmentWindow.memType == CU_MEM_LOCATION_TYPE_HOST_NUMA) {
      |                                   ~~~~~~~~~~~~~~~~~~~~~~~~ ^  ~~~~~~~~~~~~~~~~~~~~~~~~~~~~~~
In file included from /home/yelkhamr/dark-factory/rocm-systems/projects/rccl/build/release/hipify/src/transport/net_ib/reg.cc:8:
In file included from /home/yelkhamr/dark-factory/rocm-systems/projects/rccl/build/release/hipify/src/transport/net_ib/common.h:14:
In file included from /home/yelkhamr/dark-factory/rocm-systems/projects/rccl/build/release/hipify/src/include/net.h:13:
In file included from /home/yelkhamr/dark-factory/rocm-systems/projects/rccl/build/release/hipify/src/include/comm.h:25:
In file included from /home/yelkhamr/dark-factory/rocm-systems/projects/rccl/build/release/hipify/src/include/dev_runtime.h:11:
In file included from /home/yelkhamr/dark-factory/rocm-systems/projects/rccl/build/release/hipify/src/include/nccl_device.h:16:
/home/yelkhamr/dark-factory/rocm-systems/projects/rccl/build/release/hipify/src/include/nccl_device/impl/gin__funcs.h:413:60: warning: result of comparison of constant 3 with expression of type 'const hipMemLocationType' is always false [-Wtautological-constant-out-of-range-compare]
  413 |           if (!doneSysmemFence && srcSegmentWindow.memType == CU_MEM_LOCATION_TYPE_HOST_NUMA) {
      |                                   ~~~~~~~~~~~~~~~~~~~~~~~~ ^  ~~~~~~~~~~~~~~~~~~~~~~~~~~~~~~
3 warnings generated when compiling for host.
/home/yelkhamr/dark-factory/rocm-systems/projects/rccl/build/release/hipify/src/transport/net_ib/gin_tmp.cc:117:1: warning: unused label 'end' [-Wunused-label]
  117 | end:
      | ^~~~
In file included from /home/yelkhamr/dark-factory/rocm-systems/projects/rccl/build/release/hipify/src/transport/profiler_tmp.cc:7:
In file included from /home/yelkhamr/dark-factory/rocm-systems/projects/rccl/build/release/hipify/src/include/transport.h:25:
In file included from /home/yelkhamr/dark-factory/rocm-systems/projects/rccl/build/release/hipify/src/include/comm.h:25:
In file included from /home/yelkhamr/dark-factory/rocm-systems/projects/rccl/build/release/hipify/src/include/dev_runtime.h:11:
In file included from /home/yelkhamr/dark-factory/rocm-systems/projects/rccl/build/release/hipify/src/include/nccl_device.h:10:
In file included from /home/yelkhamr/dark-factory/rocm-systems/projects/rccl/build/release/hipify/src/include/nccl_device/impl/barrier__funcs.h:12:
In file included from /home/yelkhamr/dark-factory/rocm-systems/projects/rccl/build/release/hipify/src/include/nccl_device/impl/barrier__types.h:10:
In file included from /home/yelkhamr/dark-factory/rocm-systems/projects/rccl/build/release/hipify/src/include/nccl_device/impl/../barrier.h:11:
/home/yelkhamr/dark-factory/rocm-systems/projects/rccl/build/release/hipify/src/include/nccl_device/impl/../impl/core__types.h:26:9: warning: 'NCCL_GIN_MAX_CONNECTIONS' macro redefined [-Wmacro-redefined]
   26 | #define NCCL_GIN_MAX_CONNECTIONS 4
      |         ^
/home/yelkhamr/dark-factory/rocm-systems/projects/rccl/build/release/include/nccl_device/gin/gin_device_host_common.h:18:9: note: previous definition is here
   18 | #define NCCL_GIN_MAX_CONNECTIONS NCCL_GIN_MAX_CONTEXTS
      |         ^
In file included from /home/yelkhamr/dark-factory/rocm-systems/projects/rccl/build/release/hipify/src/gin/gin_host.cc:9:
In file included from /home/yelkhamr/dark-factory/rocm-systems/projects/rccl/build/release/hipify/src/include/comm.h:25:
In file included from /home/yelkhamr/dark-factory/rocm-systems/projects/rccl/build/release/hipify/src/include/dev_runtime.h:11:
In file included from /home/yelkhamr/dark-factory/rocm-systems/projects/rccl/build/release/hipify/src/include/nccl_device.h:10:
In file included from /home/yelkhamr/dark-factory/rocm-systems/projects/rccl/build/release/hipify/src/include/nccl_device/impl/barrier__funcs.h:12:
In file included from /home/yelkhamr/dark-factory/rocm-systems/projects/rccl/build/release/hipify/src/include/nccl_device/impl/barrier__types.h:10:
In file included from /home/yelkhamr/dark-factory/rocm-systems/projects/rccl/build/release/hipify/src/include/nccl_device/impl/../barrier.h:11:
/home/yelkhamr/dark-factory/rocm-systems/projects/rccl/build/release/hipify/src/include/nccl_device/impl/../impl/core__types.h:26:9: warning: 'NCCL_GIN_MAX_CONNECTIONS' macro redefined [-Wmacro-redefined]
   26 | #define NCCL_GIN_MAX_CONNECTIONS 4
      |         ^
/home/yelkhamr/dark-factory/rocm-systems/projects/rccl/build/release/include/nccl_device/gin/gin_device_host_common.h:18:9: note: previous definition is here
   18 | #define NCCL_GIN_MAX_CONNECTIONS NCCL_GIN_MAX_CONTEXTS
      |         ^
In file included from /home/yelkhamr/dark-factory/rocm-systems/projects/rccl/build/release/hipify/src/gin/gin_host.cc:9:
In file included from /home/yelkhamr/dark-factory/rocm-systems/projects/rccl/build/release/hipify/src/include/comm.h:25:
In file included from /home/yelkhamr/dark-factory/rocm-systems/projects/rccl/build/release/hipify/src/include/dev_runtime.h:11:
In file included from /home/yelkhamr/dark-factory/rocm-systems/projects/rccl/build/release/hipify/src/include/nccl_device.h:16:
/home/yelkhamr/dark-factory/rocm-systems/projects/rccl/build/release/hipify/src/include/nccl_device/impl/gin__funcs.h:413:60: warning: result of comparison of constant 3 with expression of type 'const hipMemLocationType' is always false [-Wtautological-constant-out-of-range-compare]
  413 |           if (!doneSysmemFence && srcSegmentWindow.memType == CU_MEM_LOCATION_TYPE_HOST_NUMA) {
      |                                   ~~~~~~~~~~~~~~~~~~~~~~~~ ^  ~~~~~~~~~~~~~~~~~~~~~~~~~~~~~~
In file included from /home/yelkhamr/dark-factory/rocm-systems/projects/rccl/build/release/hipify/src/transport/profiler_tmp.cc:7:
In file included from /home/yelkhamr/dark-factory/rocm-systems/projects/rccl/build/release/hipify/src/include/transport.h:25:
In file included from /home/yelkhamr/dark-factory/rocm-systems/projects/rccl/build/release/hipify/src/include/comm.h:25:
In file included from /home/yelkhamr/dark-factory/rocm-systems/projects/rccl/build/release/hipify/src/include/dev_runtime.h:11:
In file included from /home/yelkhamr/dark-factory/rocm-systems/projects/rccl/build/release/hipify/src/include/nccl_device.h:16:
/home/yelkhamr/dark-factory/rocm-systems/projects/rccl/build/release/hipify/src/include/nccl_device/impl/gin__funcs.h:413:60: warning: result of comparison of constant 3 with expression of type 'const hipMemLocationType' is always false [-Wtautological-constant-out-of-range-compare]
  413 |           if (!doneSysmemFence && srcSegmentWindow.memType == CU_MEM_LOCATION_TYPE_HOST_NUMA) {
      |                                   ~~~~~~~~~~~~~~~~~~~~~~~~ ^  ~~~~~~~~~~~~~~~~~~~~~~~~~~~~~~
/home/yelkhamr/dark-factory/rocm-systems/projects/rccl/build/release/hipify/src/transport/net_ib/p2p.cc:163:7: warning: unused variable 'smallMsgActiveQp' [-Wunused-variable]
  163 |   int smallMsgActiveQp = comm->base.fifoHead % nqps;
      |       ^~~~~~~~~~~~~~~~
In file included from /home/yelkhamr/dark-factory/rocm-systems/projects/rccl/build/release/hipify/src/misc/latency_profiler/CollTrace.cc:8:
In file included from /home/yelkhamr/dark-factory/rocm-systems/projects/rccl/build/release/hipify/src/include/bootstrap.h:12:
In file included from /home/yelkhamr/dark-factory/rocm-systems/projects/rccl/build/release/hipify/src/include/comm.h:25:
In file included from /home/yelkhamr/dark-factory/rocm-systems/projects/rccl/build/release/hipify/src/include/dev_runtime.h:11:
In file included from /home/yelkhamr/dark-factory/rocm-systems/projects/rccl/build/release/hipify/src/include/nccl_device.h:10:
In file included from /home/yelkhamr/dark-factory/rocm-systems/projects/rccl/build/release/hipify/src/include/nccl_device/impl/barrier__funcs.h:12:
In file included from /home/yelkhamr/dark-factory/rocm-systems/projects/rccl/build/release/hipify/src/include/nccl_device/impl/barrier__types.h:10:
In file included from /home/yelkhamr/dark-factory/rocm-systems/projects/rccl/build/release/hipify/src/include/nccl_device/impl/../barrier.h:11:
/home/yelkhamr/dark-factory/rocm-systems/projects/rccl/build/release/hipify/src/include/nccl_device/impl/../impl/core__types.h:26:9: warning: 'NCCL_GIN_MAX_CONNECTIONS' macro redefined [-Wmacro-redefined]
   26 | #define NCCL_GIN_MAX_CONNECTIONS 4
      |         ^
/home/yelkhamr/dark-factory/rocm-systems/projects/rccl/build/release/include/nccl_device/gin/gin_device_host_common.h:18:9: note: previous definition is here
   18 | #define NCCL_GIN_MAX_CONNECTIONS NCCL_GIN_MAX_CONTEXTS
      |         ^
/home/yelkhamr/dark-factory/rocm-systems/projects/rccl/build/release/hipify/src/transport/p2p_tmp.cc:111:7: warning: logical not is only applied to the left hand side of this comparison [-Wlogical-not-parentheses]
  111 |   if (!CUDASUCCESS(hipGetDeviceCount(&ndev)))
      |       ^~~~~~~~~~~~~~~~~~~~~~~~~~~~~~~~~~~~~~
/home/yelkhamr/dark-factory/rocm-systems/projects/rccl/build/release/hipify/src/transport/p2p_tmp.cc:111:7: note: add parentheses after the '!' to evaluate the comparison first
  111 |   if (!CUDASUCCESS(hipGetDeviceCount(&ndev)))
      |       ^                                     
      |        (                                    )
/home/yelkhamr/dark-factory/rocm-systems/projects/rccl/build/release/hipify/src/transport/p2p_tmp.cc:111:7: note: add parentheses around left hand side expression to silence this warning
/home/yelkhamr/dark-factory/rocm-systems/projects/rccl/build/release/hipify/src/transport/p2p_tmp.cc:115:9: warning: logical not is only applied to the left hand side of this comparison [-Wlogical-not-parentheses]
  115 |     if (!CUDASUCCESS(hipDeviceGetPCIBusId(
      |         ^~~~~~~~~~~~~~~~~~~~~~~~~~~~~~~~~~
  116 |             devBusIdStr, NVML_DEVICE_PCI_BUS_ID_BUFFER_SIZE, i)))
      |             ~~~~~~~~~~~~~~~~~~~~~~~~~~~~~~~~~~~~~~~~~~~~~~~~~~~~
/home/yelkhamr/dark-factory/rocm-systems/projects/rccl/build/release/hipify/src/transport/p2p_tmp.cc:115:9: note: add parentheses after the '!' to evaluate the comparison first
  115 |     if (!CUDASUCCESS(hipDeviceGetPCIBusId(
      |         ^
      |          (
  116 |             devBusIdStr, NVML_DEVICE_PCI_BUS_ID_BUFFER_SIZE, i)))
      |                                                                 
      |                                                                 )
/home/yelkhamr/dark-factory/rocm-systems/projects/rccl/build/release/hipify/src/transport/p2p_tmp.cc:115:9: note: add parentheses around left hand side expression to silence this warning
/home/yelkhamr/dark-factory/rocm-systems/projects/rccl/build/release/hipify/src/transport/p2p_tmp.cc:187:14: warning: logical not is only applied to the left hand side of this comparison [-Wlogical-not-parentheses]
  187 |   } else if (!CUDASUCCESS(hipDeviceCanAccessPeer(&p2p, cudaDev1, cudaDev2))) {
      |              ^~~~~~~~~~~~~~~~~~~~~~~~~~~~~~~~~~~~~~~~~~~~~~~~~~~~~~~~~~~~~~
/home/yelkhamr/dark-factory/rocm-systems/projects/rccl/build/release/hipify/src/transport/p2p_tmp.cc:187:14: note: add parentheses after the '!' to evaluate the comparison first
  187 |   } else if (!CUDASUCCESS(hipDeviceCanAccessPeer(&p2p, cudaDev1, cudaDev2))) {
      |              ^                                                             
      |               (                                                            )
/home/yelkhamr/dark-factory/rocm-systems/projects/rccl/build/release/hipify/src/transport/p2p_tmp.cc:187:14: note: add parentheses around left hand side expression to silence this warning
In file included from /home/yelkhamr/dark-factory/rocm-systems/projects/rccl/build/release/hipify/src/misc/latency_profiler/CollTrace.cc:8:
In file included from /home/yelkhamr/dark-factory/rocm-systems/projects/rccl/build/release/hipify/src/include/bootstrap.h:12:
In file included from /home/yelkhamr/dark-factory/rocm-systems/projects/rccl/build/release/hipify/src/include/comm.h:25:
In file included from /home/yelkhamr/dark-factory/rocm-systems/projects/rccl/build/release/hipify/src/include/dev_runtime.h:11:
In file included from /home/yelkhamr/dark-factory/rocm-systems/projects/rccl/build/release/hipify/src/include/nccl_device.h:16:
/home/yelkhamr/dark-factory/rocm-systems/projects/rccl/build/release/hipify/src/include/nccl_device/impl/gin__funcs.h:413:60: warning: result of comparison of constant 3 with expression of type 'const hipMemLocationType' is always false [-Wtautological-constant-out-of-range-compare]
  413 |           if (!doneSysmemFence && srcSegmentWindow.memType == CU_MEM_LOCATION_TYPE_HOST_NUMA) {
      |                                   ~~~~~~~~~~~~~~~~~~~~~~~~ ^  ~~~~~~~~~~~~~~~~~~~~~~~~~~~~~~
2 warnings generated when compiling for host.
In file included from /home/yelkhamr/dark-factory/rocm-systems/projects/rccl/build/release/hipify/src/misc/latency_profiler/CollTraceFunc.cc:7:
In file included from /home/yelkhamr/dark-factory/rocm-systems/projects/rccl/build/release/hipify/src/include/latency_profiler/CollTraceFunc.h:10:
In file included from /home/yelkhamr/dark-factory/rocm-systems/projects/rccl/build/release/hipify/src/include/comm.h:25:
In file included from /home/yelkhamr/dark-factory/rocm-systems/projects/rccl/build/release/hipify/src/include/dev_runtime.h:11:
In file included from /home/yelkhamr/dark-factory/rocm-systems/projects/rccl/build/release/hipify/src/include/nccl_device.h:10:
In file included from /home/yelkhamr/dark-factory/rocm-systems/projects/rccl/build/release/hipify/src/include/nccl_device/impl/barrier__funcs.h:12:
In file included from /home/yelkhamr/dark-factory/rocm-systems/projects/rccl/build/release/hipify/src/include/nccl_device/impl/barrier__types.h:10:
In file included from /home/yelkhamr/dark-factory/rocm-systems/projects/rccl/build/release/hipify/src/include/nccl_device/impl/../barrier.h:11:
/home/yelkhamr/dark-factory/rocm-systems/projects/rccl/build/release/hipify/src/include/nccl_device/impl/../impl/core__types.h:26:9: warning: 'NCCL_GIN_MAX_CONNECTIONS' macro redefined [-Wmacro-redefined]
   26 | #define NCCL_GIN_MAX_CONNECTIONS 4
      |         ^
/home/yelkhamr/dark-factory/rocm-systems/projects/rccl/build/release/include/nccl_device/gin/gin_device_host_common.h:18:9: note: previous definition is here
   18 | #define NCCL_GIN_MAX_CONNECTIONS NCCL_GIN_MAX_CONTEXTS
      |         ^
In file included from /home/yelkhamr/dark-factory/rocm-systems/projects/rccl/build/release/hipify/src/misc/latency_profiler/CollTraceFunc.cc:7:
In file included from /home/yelkhamr/dark-factory/rocm-systems/projects/rccl/build/release/hipify/src/include/latency_profiler/CollTraceFunc.h:10:
In file included from /home/yelkhamr/dark-factory/rocm-systems/projects/rccl/build/release/hipify/src/include/comm.h:25:
In file included from /home/yelkhamr/dark-factory/rocm-systems/projects/rccl/build/release/hipify/src/include/dev_runtime.h:11:
In file included from /home/yelkhamr/dark-factory/rocm-systems/projects/rccl/build/release/hipify/src/include/nccl_device.h:16:
/home/yelkhamr/dark-factory/rocm-systems/projects/rccl/build/release/hipify/src/include/nccl_device/impl/gin__funcs.h:413:60: warning: result of comparison of constant 3 with expression of type 'const hipMemLocationType' is always false [-Wtautological-constant-out-of-range-compare]
  413 |           if (!doneSysmemFence && srcSegmentWindow.memType == CU_MEM_LOCATION_TYPE_HOST_NUMA) {
      |                                   ~~~~~~~~~~~~~~~~~~~~~~~~ ^  ~~~~~~~~~~~~~~~~~~~~~~~~~~~~~~
In file included from /home/yelkhamr/dark-factory/rocm-systems/projects/rccl/build/release/hipify/src/transport/net_ib_cast/common_tmp.cc:8:
In file included from /home/yelkhamr/dark-factory/rocm-systems/projects/rccl/build/release/hipify/src/transport/net_ib_cast/common_cast.h:15:
In file included from /home/yelkhamr/dark-factory/rocm-systems/projects/rccl/build/release/hipify/src/include/net.h:13:
In file included from /home/yelkhamr/dark-factory/rocm-systems/projects/rccl/build/release/hipify/src/include/comm.h:25:
In file included from /home/yelkhamr/dark-factory/rocm-systems/projects/rccl/build/release/hipify/src/include/dev_runtime.h:11:
In file included from /home/yelkhamr/dark-factory/rocm-systems/projects/rccl/build/release/hipify/src/include/nccl_device.h:10:
In file included from /home/yelkhamr/dark-factory/rocm-systems/projects/rccl/build/release/hipify/src/include/nccl_device/impl/barrier__funcs.h:12:
In file included from /home/yelkhamr/dark-factory/rocm-systems/projects/rccl/build/release/hipify/src/include/nccl_device/impl/barrier__types.h:10:
In file included from /home/yelkhamr/dark-factory/rocm-systems/projects/rccl/build/release/hipify/src/include/nccl_device/impl/../barrier.h:11:
/home/yelkhamr/dark-factory/rocm-systems/projects/rccl/build/release/hipify/src/include/nccl_device/impl/../impl/core__types.h:26:9: warning: 'NCCL_GIN_MAX_CONNECTIONS' macro redefined [-Wmacro-redefined]
   26 | #define NCCL_GIN_MAX_CONNECTIONS 4
      |         ^
/home/yelkhamr/dark-factory/rocm-systems/projects/rccl/build/release/include/nccl_device/gin/gin_device_host_common.h:18:9: note: previous definition is here
   18 | #define NCCL_GIN_MAX_CONNECTIONS NCCL_GIN_MAX_CONTEXTS
      |         ^
In file included from /home/yelkhamr/dark-factory/rocm-systems/projects/rccl/build/release/hipify/src/transport/net_ib_cast/common_tmp.cc:8:
In file included from /home/yelkhamr/dark-factory/rocm-systems/projects/rccl/build/release/hipify/src/transport/net_ib_cast/common_cast.h:15:
In file included from /home/yelkhamr/dark-factory/rocm-systems/projects/rccl/build/release/hipify/src/include/net.h:13:
In file included from /home/yelkhamr/dark-factory/rocm-systems/projects/rccl/build/release/hipify/src/include/comm.h:25:
In file included from /home/yelkhamr/dark-factory/rocm-systems/projects/rccl/build/release/hipify/src/include/dev_runtime.h:11:
In file included from /home/yelkhamr/dark-factory/rocm-systems/projects/rccl/build/release/hipify/src/include/nccl_device.h:16:
/home/yelkhamr/dark-factory/rocm-systems/projects/rccl/build/release/hipify/src/include/nccl_device/impl/gin__funcs.h:413:60: warning: result of comparison of constant 3 with expression of type 'const hipMemLocationType' is always false [-Wtautological-constant-out-of-range-compare]
  413 |           if (!doneSysmemFence && srcSegmentWindow.memType == CU_MEM_LOCATION_TYPE_HOST_NUMA) {
      |                                   ~~~~~~~~~~~~~~~~~~~~~~~~ ^  ~~~~~~~~~~~~~~~~~~~~~~~~~~~~~~
2 warnings generated when compiling for host.
2 warnings generated when compiling for host.
2 warnings generated when compiling for host.
2 warnings generated when compiling for host.
In file included from /home/yelkhamr/dark-factory/rocm-systems/projects/rccl/build/release/hipify/src/transport/net_ib_cast/connect_tmp.cc:9:
In file included from /home/yelkhamr/dark-factory/rocm-systems/projects/rccl/build/release/hipify/src/transport/net_ib_cast/connect_cast.h:11:
In file included from /home/yelkhamr/dark-factory/rocm-systems/projects/rccl/build/release/hipify/src/transport/net_ib_cast/common_cast.h:15:
In file included from /home/yelkhamr/dark-factory/rocm-systems/projects/rccl/build/release/hipify/src/include/net.h:13:
In file included from /home/yelkhamr/dark-factory/rocm-systems/projects/rccl/build/release/hipify/src/include/comm.h:25:
In file included from /home/yelkhamr/dark-factory/rocm-systems/projects/rccl/build/release/hipify/src/include/dev_runtime.h:11:
In file included from /home/yelkhamr/dark-factory/rocm-systems/projects/rccl/build/release/hipify/src/include/nccl_device.h:10:
In file included from /home/yelkhamr/dark-factory/rocm-systems/projects/rccl/build/release/hipify/src/include/nccl_device/impl/barrier__funcs.h:12:
In file included from /home/yelkhamr/dark-factory/rocm-systems/projects/rccl/build/release/hipify/src/include/nccl_device/impl/barrier__types.h:10:
In file included from /home/yelkhamr/dark-factory/rocm-systems/projects/rccl/build/release/hipify/src/include/nccl_device/impl/../barrier.h:11:
/home/yelkhamr/dark-factory/rocm-systems/projects/rccl/build/release/hipify/src/include/nccl_device/impl/../impl/core__types.h:26:9: warning: 'NCCL_GIN_MAX_CONNECTIONS' macro redefined [-Wmacro-redefined]
   26 | #define NCCL_GIN_MAX_CONNECTIONS 4
      |         ^
/home/yelkhamr/dark-factory/rocm-systems/projects/rccl/build/release/include/nccl_device/gin/gin_device_host_common.h:18:9: note: previous definition is here
   18 | #define NCCL_GIN_MAX_CONNECTIONS NCCL_GIN_MAX_CONTEXTS
      |         ^
In file included from /home/yelkhamr/dark-factory/rocm-systems/projects/rccl/build/release/hipify/src/transport/net_ib_cast/init_tmp.cc:9:
In file included from /home/yelkhamr/dark-factory/rocm-systems/projects/rccl/build/release/hipify/src/transport/net_ib_cast/common_cast.h:15:
In file included from /home/yelkhamr/dark-factory/rocm-systems/projects/rccl/build/release/hipify/src/include/net.h:13:
In file included from /home/yelkhamr/dark-factory/rocm-systems/projects/rccl/build/release/hipify/src/include/comm.h:25:
In file included from /home/yelkhamr/dark-factory/rocm-systems/projects/rccl/build/release/hipify/src/include/dev_runtime.h:11:
In file included from /home/yelkhamr/dark-factory/rocm-systems/projects/rccl/build/release/hipify/src/include/nccl_device.h:10:
In file included from /home/yelkhamr/dark-factory/rocm-systems/projects/rccl/build/release/hipify/src/include/nccl_device/impl/barrier__funcs.h:12:
In file included from /home/yelkhamr/dark-factory/rocm-systems/projects/rccl/build/release/hipify/src/include/nccl_device/impl/barrier__types.h:10:
In file included from /home/yelkhamr/dark-factory/rocm-systems/projects/rccl/build/release/hipify/src/include/nccl_device/impl/../barrier.h:11:
/home/yelkhamr/dark-factory/rocm-systems/projects/rccl/build/release/hipify/src/include/nccl_device/impl/../impl/core__types.h:26:9: warning: 'NCCL_GIN_MAX_CONNECTIONS' macro redefined [-Wmacro-redefined]
   26 | #define NCCL_GIN_MAX_CONNECTIONS 4
      |         ^
/home/yelkhamr/dark-factory/rocm-systems/projects/rccl/build/release/include/nccl_device/gin/gin_device_host_common.h:18:9: note: previous definition is here
   18 | #define NCCL_GIN_MAX_CONNECTIONS NCCL_GIN_MAX_CONTEXTS
      |         ^
In file included from /home/yelkhamr/dark-factory/rocm-systems/projects/rccl/build/release/hipify/src/transport/net_ib_cast/connect_tmp.cc:9:
In file included from /home/yelkhamr/dark-factory/rocm-systems/projects/rccl/build/release/hipify/src/transport/net_ib_cast/connect_cast.h:11:
In file included from /home/yelkhamr/dark-factory/rocm-systems/projects/rccl/build/release/hipify/src/transport/net_ib_cast/common_cast.h:15:
In file included from /home/yelkhamr/dark-factory/rocm-systems/projects/rccl/build/release/hipify/src/include/net.h:13:
In file included from /home/yelkhamr/dark-factory/rocm-systems/projects/rccl/build/release/hipify/src/include/comm.h:25:
In file included from /home/yelkhamr/dark-factory/rocm-systems/projects/rccl/build/release/hipify/src/include/dev_runtime.h:11:
In file included from /home/yelkhamr/dark-factory/rocm-systems/projects/rccl/build/release/hipify/src/include/nccl_device.h:16:
/home/yelkhamr/dark-factory/rocm-systems/projects/rccl/build/release/hipify/src/include/nccl_device/impl/gin__funcs.h:413:60: warning: result of comparison of constant 3 with expression of type 'const hipMemLocationType' is always false [-Wtautological-constant-out-of-range-compare]
  413 |           if (!doneSysmemFence && srcSegmentWindow.memType == CU_MEM_LOCATION_TYPE_HOST_NUMA) {
      |                                   ~~~~~~~~~~~~~~~~~~~~~~~~ ^  ~~~~~~~~~~~~~~~~~~~~~~~~~~~~~~
In file included from /home/yelkhamr/dark-factory/rocm-systems/projects/rccl/build/release/hipify/src/transport/net_ib_cast/p2p_tmp.cc:9:
In file included from /home/yelkhamr/dark-factory/rocm-systems/projects/rccl/build/release/hipify/src/transport/net_ib_cast/p2p_cast.h:11:
In file included from /home/yelkhamr/dark-factory/rocm-systems/projects/rccl/build/release/hipify/src/transport/net_ib_cast/common_cast.h:15:
In file included from /home/yelkhamr/dark-factory/rocm-systems/projects/rccl/build/release/hipify/src/include/net.h:13:
In file included from /home/yelkhamr/dark-factory/rocm-systems/projects/rccl/build/release/hipify/src/include/comm.h:25:
In file included from /home/yelkhamr/dark-factory/rocm-systems/projects/rccl/build/release/hipify/src/include/dev_runtime.h:11:
In file included from /home/yelkhamr/dark-factory/rocm-systems/projects/rccl/build/release/hipify/src/include/nccl_device.h:10:
In file included from /home/yelkhamr/dark-factory/rocm-systems/projects/rccl/build/release/hipify/src/include/nccl_device/impl/barrier__funcs.h:12:
In file included from /home/yelkhamr/dark-factory/rocm-systems/projects/rccl/build/release/hipify/src/include/nccl_device/impl/barrier__types.h:10:
In file included from /home/yelkhamr/dark-factory/rocm-systems/projects/rccl/build/release/hipify/src/include/nccl_device/impl/../barrier.h:11:
/home/yelkhamr/dark-factory/rocm-systems/projects/rccl/build/release/hipify/src/include/nccl_device/impl/../impl/core__types.h:26:9: warning: 'NCCL_GIN_MAX_CONNECTIONS' macro redefined [-Wmacro-redefined]
   26 | #define NCCL_GIN_MAX_CONNECTIONS 4
      |         ^
/home/yelkhamr/dark-factory/rocm-systems/projects/rccl/build/release/include/nccl_device/gin/gin_device_host_common.h:18:9: note: previous definition is here
   18 | #define NCCL_GIN_MAX_CONNECTIONS NCCL_GIN_MAX_CONTEXTS
      |         ^
4 warnings generated when compiling for host.
In file included from /home/yelkhamr/dark-factory/rocm-systems/projects/rccl/build/release/hipify/src/transport/net_ib_cast/init_tmp.cc:9:
In file included from /home/yelkhamr/dark-factory/rocm-systems/projects/rccl/build/release/hipify/src/transport/net_ib_cast/common_cast.h:15:
In file included from /home/yelkhamr/dark-factory/rocm-systems/projects/rccl/build/release/hipify/src/include/net.h:13:
In file included from /home/yelkhamr/dark-factory/rocm-systems/projects/rccl/build/release/hipify/src/include/comm.h:25:
In file included from /home/yelkhamr/dark-factory/rocm-systems/projects/rccl/build/release/hipify/src/include/dev_runtime.h:11:
In file included from /home/yelkhamr/dark-factory/rocm-systems/projects/rccl/build/release/hipify/src/include/nccl_device.h:16:
/home/yelkhamr/dark-factory/rocm-systems/projects/rccl/build/release/hipify/src/include/nccl_device/impl/gin__funcs.h:413:60: warning: result of comparison of constant 3 with expression of type 'const hipMemLocationType' is always false [-Wtautological-constant-out-of-range-compare]
  413 |           if (!doneSysmemFence && srcSegmentWindow.memType == CU_MEM_LOCATION_TYPE_HOST_NUMA) {
      |                                   ~~~~~~~~~~~~~~~~~~~~~~~~ ^  ~~~~~~~~~~~~~~~~~~~~~~~~~~~~~~
2 warnings generated when compiling for host.
2 warnings generated when compiling for host.
2 warnings generated when compiling for host.
/home/yelkhamr/dark-factory/rocm-systems/projects/rccl/build/release/hipify/src/transport/net_ib/gin_tmp.cc:14:11: warning: unused variable 'NCCL_GIN_IB_ALLTOALL_TAG' [-Wunused-const-variable]
   14 | const int NCCL_GIN_IB_ALLTOALL_TAG = 0xa1;
      |           ^~~~~~~~~~~~~~~~~~~~~~~~
In file included from /home/yelkhamr/dark-factory/rocm-systems/projects/rccl/build/release/hipify/src/transport/net_ib_cast/p2p_tmp.cc:9:
In file included from /home/yelkhamr/dark-factory/rocm-systems/projects/rccl/build/release/hipify/src/transport/net_ib_cast/p2p_cast.h:11:
In file included from /home/yelkhamr/dark-factory/rocm-systems/projects/rccl/build/release/hipify/src/transport/net_ib_cast/common_cast.h:15:
In file included from /home/yelkhamr/dark-factory/rocm-systems/projects/rccl/build/release/hipify/src/include/net.h:13:
In file included from /home/yelkhamr/dark-factory/rocm-systems/projects/rccl/build/release/hipify/src/include/comm.h:25:
In file included from /home/yelkhamr/dark-factory/rocm-systems/projects/rccl/build/release/hipify/src/include/dev_runtime.h:11:
In file included from /home/yelkhamr/dark-factory/rocm-systems/projects/rccl/build/release/hipify/src/include/nccl_device.h:16:
/home/yelkhamr/dark-factory/rocm-systems/projects/rccl/build/release/hipify/src/include/nccl_device/impl/gin__funcs.h:413:60: warning: result of comparison of constant 3 with expression of type 'const hipMemLocationType' is always false [-Wtautological-constant-out-of-range-compare]
  413 |           if (!doneSysmemFence && srcSegmentWindow.memType == CU_MEM_LOCATION_TYPE_HOST_NUMA) {
      |                                   ~~~~~~~~~~~~~~~~~~~~~~~~ ^  ~~~~~~~~~~~~~~~~~~~~~~~~~~~~~~
In file included from /home/yelkhamr/dark-factory/rocm-systems/projects/rccl/build/release/hipify/src/transport/net_ib_cast/p2p_resiliency_recovery_ainic.cc:18:
In file included from /home/yelkhamr/dark-factory/rocm-systems/projects/rccl/build/release/hipify/src/transport/net_ib_cast/p2p_resiliency_recovery_internal.h:13:
In file included from /home/yelkhamr/dark-factory/rocm-systems/projects/rccl/build/release/hipify/src/transport/net_ib_cast/p2p_resiliency_recovery_cast.h:11:
In file included from /home/yelkhamr/dark-factory/rocm-systems/projects/rccl/build/release/hipify/src/transport/net_ib_cast/p2p_resiliency_cast.h:12:
In file included from /home/yelkhamr/dark-factory/rocm-systems/projects/rccl/build/release/hipify/src/transport/net_ib_cast/common_cast.h:15:
In file included from /home/yelkhamr/dark-factory/rocm-systems/projects/rccl/build/release/hipify/src/include/net.h:13:
In file included from /home/yelkhamr/dark-factory/rocm-systems/projects/rccl/build/release/hipify/src/include/comm.h:25:
In file included from /home/yelkhamr/dark-factory/rocm-systems/projects/rccl/build/release/hipify/src/include/dev_runtime.h:11:
In file included from /home/yelkhamr/dark-factory/rocm-systems/projects/rccl/build/release/hipify/src/include/nccl_device.h:10:
In file included from /home/yelkhamr/dark-factory/rocm-systems/projects/rccl/build/release/hipify/src/include/nccl_device/impl/barrier__funcs.h:12:
In file included from /home/yelkhamr/dark-factory/rocm-systems/projects/rccl/build/release/hipify/src/include/nccl_device/impl/barrier__types.h:10:
In file included from /home/yelkhamr/dark-factory/rocm-systems/projects/rccl/build/release/hipify/src/include/nccl_device/impl/../barrier.h:11:
/home/yelkhamr/dark-factory/rocm-systems/projects/rccl/build/release/hipify/src/include/nccl_device/impl/../impl/core__types.h:26:9: warning: 'NCCL_GIN_MAX_CONNECTIONS' macro redefined [-Wmacro-redefined]
   26 | #define NCCL_GIN_MAX_CONNECTIONS 4
      |         ^
/home/yelkhamr/dark-factory/rocm-systems/projects/rccl/build/release/include/nccl_device/gin/gin_device_host_common.h:18:9: note: previous definition is here
   18 | #define NCCL_GIN_MAX_CONNECTIONS NCCL_GIN_MAX_CONTEXTS
      |         ^
2 warnings generated when compiling for host.
In file included from /home/yelkhamr/dark-factory/rocm-systems/projects/rccl/build/release/hipify/src/transport/net_ib_cast/gdr_tmp.cc:8:
In file included from /home/yelkhamr/dark-factory/rocm-systems/projects/rccl/build/release/hipify/src/transport/net_ib_cast/common_cast.h:15:
In file included from /home/yelkhamr/dark-factory/rocm-systems/projects/rccl/build/release/hipify/src/include/net.h:13:
In file included from /home/yelkhamr/dark-factory/rocm-systems/projects/rccl/build/release/hipify/src/include/comm.h:25:
In file included from /home/yelkhamr/dark-factory/rocm-systems/projects/rccl/build/release/hipify/src/include/dev_runtime.h:11:
In file included from /home/yelkhamr/dark-factory/rocm-systems/projects/rccl/build/release/hipify/src/include/nccl_device.h:10:
In file included from /home/yelkhamr/dark-factory/rocm-systems/projects/rccl/build/release/hipify/src/include/nccl_device/impl/barrier__funcs.h:12:
In file included from /home/yelkhamr/dark-factory/rocm-systems/projects/rccl/build/release/hipify/src/include/nccl_device/impl/barrier__types.h:10:
In file included from /home/yelkhamr/dark-factory/rocm-systems/projects/rccl/build/release/hipify/src/include/nccl_device/impl/../barrier.h:11:
/home/yelkhamr/dark-factory/rocm-systems/projects/rccl/build/release/hipify/src/include/nccl_device/impl/../impl/core__types.h:26:9: warning: 'NCCL_GIN_MAX_CONNECTIONS' macro redefined [-Wmacro-redefined]
   26 | #define NCCL_GIN_MAX_CONNECTIONS 4
      |         ^
/home/yelkhamr/dark-factory/rocm-systems/projects/rccl/build/release/include/nccl_device/gin/gin_device_host_common.h:18:9: note: previous definition is here
   18 | #define NCCL_GIN_MAX_CONNECTIONS NCCL_GIN_MAX_CONTEXTS
      |         ^
In file included from /home/yelkhamr/dark-factory/rocm-systems/projects/rccl/build/release/hipify/src/transport/net_ib_cast/p2p_resiliency_recovery_tmp.cc:8:
In file included from /home/yelkhamr/dark-factory/rocm-systems/projects/rccl/build/release/hipify/src/transport/net_ib_cast/p2p_resiliency_recovery_internal.h:13:
In file included from /home/yelkhamr/dark-factory/rocm-systems/projects/rccl/build/release/hipify/src/transport/net_ib_cast/p2p_resiliency_recovery_cast.h:11:
In file included from /home/yelkhamr/dark-factory/rocm-systems/projects/rccl/build/release/hipify/src/transport/net_ib_cast/p2p_resiliency_cast.h:12:
In file included from /home/yelkhamr/dark-factory/rocm-systems/projects/rccl/build/release/hipify/src/transport/net_ib_cast/common_cast.h:15:
In file included from /home/yelkhamr/dark-factory/rocm-systems/projects/rccl/build/release/hipify/src/include/net.h:13:
In file included from /home/yelkhamr/dark-factory/rocm-systems/projects/rccl/build/release/hipify/src/include/comm.h:25:
In file included from /home/yelkhamr/dark-factory/rocm-systems/projects/rccl/build/release/hipify/src/include/dev_runtime.h:11:
In file included from /home/yelkhamr/dark-factory/rocm-systems/projects/rccl/build/release/hipify/src/include/nccl_device.h:10:
In file included from /home/yelkhamr/dark-factory/rocm-systems/projects/rccl/build/release/hipify/src/include/nccl_device/impl/barrier__funcs.h:12:
In file included from /home/yelkhamr/dark-factory/rocm-systems/projects/rccl/build/release/hipify/src/include/nccl_device/impl/barrier__types.h:10:
In file included from /home/yelkhamr/dark-factory/rocm-systems/projects/rccl/build/release/hipify/src/include/nccl_device/impl/../barrier.h:11:
/home/yelkhamr/dark-factory/rocm-systems/projects/rccl/build/release/hipify/src/include/nccl_device/impl/../impl/core__types.h:26:9: warning: 'NCCL_GIN_MAX_CONNECTIONS' macro redefined [-Wmacro-redefined]
   26 | #define NCCL_GIN_MAX_CONNECTIONS 4
      |         ^
/home/yelkhamr/dark-factory/rocm-systems/projects/rccl/build/release/include/nccl_device/gin/gin_device_host_common.h:18:9: note: previous definition is here
   18 | #define NCCL_GIN_MAX_CONNECTIONS NCCL_GIN_MAX_CONTEXTS
      |         ^
2 warnings generated when compiling for host.
In file included from /home/yelkhamr/dark-factory/rocm-systems/projects/rccl/build/release/hipify/src/transport/net_ib_cast/gin_tmp.cc:8:
In file included from /home/yelkhamr/dark-factory/rocm-systems/projects/rccl/build/release/hipify/src/transport/net_ib_cast/common_cast.h:15:
In file included from /home/yelkhamr/dark-factory/rocm-systems/projects/rccl/build/release/hipify/src/include/net.h:13:
In file included from /home/yelkhamr/dark-factory/rocm-systems/projects/rccl/build/release/hipify/src/include/comm.h:25:
In file included from /home/yelkhamr/dark-factory/rocm-systems/projects/rccl/build/release/hipify/src/include/dev_runtime.h:11:
In file included from /home/yelkhamr/dark-factory/rocm-systems/projects/rccl/build/release/hipify/src/include/nccl_device.h:10:
In file included from /home/yelkhamr/dark-factory/rocm-systems/projects/rccl/build/release/hipify/src/include/nccl_device/impl/barrier__funcs.h:12:
In file included from /home/yelkhamr/dark-factory/rocm-systems/projects/rccl/build/release/hipify/src/include/nccl_device/impl/barrier__types.h:10:
In file included from /home/yelkhamr/dark-factory/rocm-systems/projects/rccl/build/release/hipify/src/include/nccl_device/impl/../barrier.h:11:
/home/yelkhamr/dark-factory/rocm-systems/projects/rccl/build/release/hipify/src/include/nccl_device/impl/../impl/core__types.h:26:9: warning: 'NCCL_GIN_MAX_CONNECTIONS' macro redefined [-Wmacro-redefined]
   26 | #define NCCL_GIN_MAX_CONNECTIONS 4
      |         ^
/home/yelkhamr/dark-factory/rocm-systems/projects/rccl/build/release/include/nccl_device/gin/gin_device_host_common.h:18:9: note: previous definition is here
   18 | #define NCCL_GIN_MAX_CONNECTIONS NCCL_GIN_MAX_CONTEXTS
      |         ^
In file included from /home/yelkhamr/dark-factory/rocm-systems/projects/rccl/build/release/hipify/src/transport/net_ib_cast/reg_tmp.cc:8:
In file included from /home/yelkhamr/dark-factory/rocm-systems/projects/rccl/build/release/hipify/src/transport/net_ib_cast/common_cast.h:15:
In file included from /home/yelkhamr/dark-factory/rocm-systems/projects/rccl/build/release/hipify/src/include/net.h:13:
In file included from /home/yelkhamr/dark-factory/rocm-systems/projects/rccl/build/release/hipify/src/include/comm.h:25:
In file included from /home/yelkhamr/dark-factory/rocm-systems/projects/rccl/build/release/hipify/src/include/dev_runtime.h:11:
In file included from /home/yelkhamr/dark-factory/rocm-systems/projects/rccl/build/release/hipify/src/include/nccl_device.h:10:
In file included from /home/yelkhamr/dark-factory/rocm-systems/projects/rccl/build/release/hipify/src/include/nccl_device/impl/barrier__funcs.h:12:
In file included from /home/yelkhamr/dark-factory/rocm-systems/projects/rccl/build/release/hipify/src/include/nccl_device/impl/barrier__types.h:10:
In file included from /home/yelkhamr/dark-factory/rocm-systems/projects/rccl/build/release/hipify/src/include/nccl_device/impl/../barrier.h:11:
/home/yelkhamr/dark-factory/rocm-systems/projects/rccl/build/release/hipify/src/include/nccl_device/impl/../impl/core__types.h:26:9: warning: 'NCCL_GIN_MAX_CONNECTIONS' macro redefined [-Wmacro-redefined]
   26 | #define NCCL_GIN_MAX_CONNECTIONS 4
      |         ^
/home/yelkhamr/dark-factory/rocm-systems/projects/rccl/build/release/include/nccl_device/gin/gin_device_host_common.h:18:9: note: previous definition is here
   18 | #define NCCL_GIN_MAX_CONNECTIONS NCCL_GIN_MAX_CONTEXTS
      |         ^
In file included from /home/yelkhamr/dark-factory/rocm-systems/projects/rccl/build/release/hipify/src/transport/net_ib_cast/p2p_resiliency_recovery_ainic.cc:18:
In file included from /home/yelkhamr/dark-factory/rocm-systems/projects/rccl/build/release/hipify/src/transport/net_ib_cast/p2p_resiliency_recovery_internal.h:13:
In file included from /home/yelkhamr/dark-factory/rocm-systems/projects/rccl/build/release/hipify/src/transport/net_ib_cast/p2p_resiliency_recovery_cast.h:11:
In file included from /home/yelkhamr/dark-factory/rocm-systems/projects/rccl/build/release/hipify/src/transport/net_ib_cast/p2p_resiliency_cast.h:12:
In file included from /home/yelkhamr/dark-factory/rocm-systems/projects/rccl/build/release/hipify/src/transport/net_ib_cast/common_cast.h:15:
In file included from /home/yelkhamr/dark-factory/rocm-systems/projects/rccl/build/release/hipify/src/include/net.h:13:
In file included from /home/yelkhamr/dark-factory/rocm-systems/projects/rccl/build/release/hipify/src/include/comm.h:25:
In file included from /home/yelkhamr/dark-factory/rocm-systems/projects/rccl/build/release/hipify/src/include/dev_runtime.h:11:
In file included from /home/yelkhamr/dark-factory/rocm-systems/projects/rccl/build/release/hipify/src/include/nccl_device.h:16:
/home/yelkhamr/dark-factory/rocm-systems/projects/rccl/build/release/hipify/src/include/nccl_device/impl/gin__funcs.h:413:60: warning: result of comparison of constant 3 with expression of type 'const hipMemLocationType' is always false [-Wtautological-constant-out-of-range-compare]
  413 |           if (!doneSysmemFence && srcSegmentWindow.memType == CU_MEM_LOCATION_TYPE_HOST_NUMA) {
      |                                   ~~~~~~~~~~~~~~~~~~~~~~~~ ^  ~~~~~~~~~~~~~~~~~~~~~~~~~~~~~~
In file included from /home/yelkhamr/dark-factory/rocm-systems/projects/rccl/build/release/hipify/src/transport/net_ib_cast/p2p_resiliency_tmp.cc:9:
In file included from /home/yelkhamr/dark-factory/rocm-systems/projects/rccl/build/release/hipify/src/transport/net_ib_cast/p2p_resiliency_cast.h:12:
In file included from /home/yelkhamr/dark-factory/rocm-systems/projects/rccl/build/release/hipify/src/transport/net_ib_cast/common_cast.h:15:
In file included from /home/yelkhamr/dark-factory/rocm-systems/projects/rccl/build/release/hipify/src/include/net.h:13:
In file included from /home/yelkhamr/dark-factory/rocm-systems/projects/rccl/build/release/hipify/src/include/comm.h:25:
In file included from /home/yelkhamr/dark-factory/rocm-systems/projects/rccl/build/release/hipify/src/include/dev_runtime.h:11:
In file included from /home/yelkhamr/dark-factory/rocm-systems/projects/rccl/build/release/hipify/src/include/nccl_device.h:10:
In file included from /home/yelkhamr/dark-factory/rocm-systems/projects/rccl/build/release/hipify/src/include/nccl_device/impl/barrier__funcs.h:12:
In file included from /home/yelkhamr/dark-factory/rocm-systems/projects/rccl/build/release/hipify/src/include/nccl_device/impl/barrier__types.h:10:
In file included from /home/yelkhamr/dark-factory/rocm-systems/projects/rccl/build/release/hipify/src/include/nccl_device/impl/../barrier.h:11:
/home/yelkhamr/dark-factory/rocm-systems/projects/rccl/build/release/hipify/src/include/nccl_device/impl/../impl/core__types.h:26:9: warning: 'NCCL_GIN_MAX_CONNECTIONS' macro redefined [-Wmacro-redefined]
   26 | #define NCCL_GIN_MAX_CONNECTIONS 4
      |         ^
/home/yelkhamr/dark-factory/rocm-systems/projects/rccl/build/release/include/nccl_device/gin/gin_device_host_common.h:18:9: note: previous definition is here
   18 | #define NCCL_GIN_MAX_CONNECTIONS NCCL_GIN_MAX_CONTEXTS
      |         ^
In file included from /home/yelkhamr/dark-factory/rocm-systems/projects/rccl/build/release/hipify/src/transport/net_ib_cast/gdr_tmp.cc:8:
In file included from /home/yelkhamr/dark-factory/rocm-systems/projects/rccl/build/release/hipify/src/transport/net_ib_cast/common_cast.h:15:
In file included from /home/yelkhamr/dark-factory/rocm-systems/projects/rccl/build/release/hipify/src/include/net.h:13:
In file included from /home/yelkhamr/dark-factory/rocm-systems/projects/rccl/build/release/hipify/src/include/comm.h:25:
In file included from /home/yelkhamr/dark-factory/rocm-systems/projects/rccl/build/release/hipify/src/include/dev_runtime.h:11:
In file included from /home/yelkhamr/dark-factory/rocm-systems/projects/rccl/build/release/hipify/src/include/nccl_device.h:16:
/home/yelkhamr/dark-factory/rocm-systems/projects/rccl/build/release/hipify/src/include/nccl_device/impl/gin__funcs.h:413:60: warning: result of comparison of constant 3 with expression of type 'const hipMemLocationType' is always false [-Wtautological-constant-out-of-range-compare]
  413 |           if (!doneSysmemFence && srcSegmentWindow.memType == CU_MEM_LOCATION_TYPE_HOST_NUMA) {
      |                                   ~~~~~~~~~~~~~~~~~~~~~~~~ ^  ~~~~~~~~~~~~~~~~~~~~~~~~~~~~~~
In file included from /home/yelkhamr/dark-factory/rocm-systems/projects/rccl/build/release/hipify/src/transport/net_ib_cast/p2p_resiliency_recovery_tmp.cc:8:
In file included from /home/yelkhamr/dark-factory/rocm-systems/projects/rccl/build/release/hipify/src/transport/net_ib_cast/p2p_resiliency_recovery_internal.h:13:
In file included from /home/yelkhamr/dark-factory/rocm-systems/projects/rccl/build/release/hipify/src/transport/net_ib_cast/p2p_resiliency_recovery_cast.h:11:
In file included from /home/yelkhamr/dark-factory/rocm-systems/projects/rccl/build/release/hipify/src/transport/net_ib_cast/p2p_resiliency_cast.h:12:
In file included from /home/yelkhamr/dark-factory/rocm-systems/projects/rccl/build/release/hipify/src/transport/net_ib_cast/common_cast.h:15:
In file included from /home/yelkhamr/dark-factory/rocm-systems/projects/rccl/build/release/hipify/src/include/net.h:13:
In file included from /home/yelkhamr/dark-factory/rocm-systems/projects/rccl/build/release/hipify/src/include/comm.h:25:
In file included from /home/yelkhamr/dark-factory/rocm-systems/projects/rccl/build/release/hipify/src/include/dev_runtime.h:11:
In file included from /home/yelkhamr/dark-factory/rocm-systems/projects/rccl/build/release/hipify/src/include/nccl_device.h:16:
/home/yelkhamr/dark-factory/rocm-systems/projects/rccl/build/release/hipify/src/include/nccl_device/impl/gin__funcs.h:413:60: warning: result of comparison of constant 3 with expression of type 'const hipMemLocationType' is always false [-Wtautological-constant-out-of-range-compare]
  413 |           if (!doneSysmemFence && srcSegmentWindow.memType == CU_MEM_LOCATION_TYPE_HOST_NUMA) {
      |                                   ~~~~~~~~~~~~~~~~~~~~~~~~ ^  ~~~~~~~~~~~~~~~~~~~~~~~~~~~~~~
In file included from /home/yelkhamr/dark-factory/rocm-systems/projects/rccl/build/release/hipify/src/transport/net_ib_cast/gin_tmp.cc:8:
In file included from /home/yelkhamr/dark-factory/rocm-systems/projects/rccl/build/release/hipify/src/transport/net_ib_cast/common_cast.h:15:
In file included from /home/yelkhamr/dark-factory/rocm-systems/projects/rccl/build/release/hipify/src/include/net.h:13:
In file included from /home/yelkhamr/dark-factory/rocm-systems/projects/rccl/build/release/hipify/src/include/comm.h:25:
In file included from /home/yelkhamr/dark-factory/rocm-systems/projects/rccl/build/release/hipify/src/include/dev_runtime.h:11:
In file included from /home/yelkhamr/dark-factory/rocm-systems/projects/rccl/build/release/hipify/src/include/nccl_device.h:16:
/home/yelkhamr/dark-factory/rocm-systems/projects/rccl/build/release/hipify/src/include/nccl_device/impl/gin__funcs.h:413:60: warning: result of comparison of constant 3 with expression of type 'const hipMemLocationType' is always false [-Wtautological-constant-out-of-range-compare]
  413 |           if (!doneSysmemFence && srcSegmentWindow.memType == CU_MEM_LOCATION_TYPE_HOST_NUMA) {
      |                                   ~~~~~~~~~~~~~~~~~~~~~~~~ ^  ~~~~~~~~~~~~~~~~~~~~~~~~~~~~~~
In file included from /home/yelkhamr/dark-factory/rocm-systems/projects/rccl/build/release/hipify/src/transport/net_ib_cast/reg_tmp.cc:8:
In file included from /home/yelkhamr/dark-factory/rocm-systems/projects/rccl/build/release/hipify/src/transport/net_ib_cast/common_cast.h:15:
In file included from /home/yelkhamr/dark-factory/rocm-systems/projects/rccl/build/release/hipify/src/include/net.h:13:
In file included from /home/yelkhamr/dark-factory/rocm-systems/projects/rccl/build/release/hipify/src/include/comm.h:25:
In file included from /home/yelkhamr/dark-factory/rocm-systems/projects/rccl/build/release/hipify/src/include/dev_runtime.h:11:
In file included from /home/yelkhamr/dark-factory/rocm-systems/projects/rccl/build/release/hipify/src/include/nccl_device.h:16:
/home/yelkhamr/dark-factory/rocm-systems/projects/rccl/build/release/hipify/src/include/nccl_device/impl/gin__funcs.h:413:60: warning: result of comparison of constant 3 with expression of type 'const hipMemLocationType' is always false [-Wtautological-constant-out-of-range-compare]
  413 |           if (!doneSysmemFence && srcSegmentWindow.memType == CU_MEM_LOCATION_TYPE_HOST_NUMA) {
      |                                   ~~~~~~~~~~~~~~~~~~~~~~~~ ^  ~~~~~~~~~~~~~~~~~~~~~~~~~~~~~~
In file included from /home/yelkhamr/dark-factory/rocm-systems/projects/rccl/build/release/hipify/src/transport/net_ib_cast/scheduler.cc:2:
In file included from /home/yelkhamr/dark-factory/rocm-systems/projects/rccl/build/release/hipify/src/transport/net_ib_cast/common_cast.h:15:
In file included from /home/yelkhamr/dark-factory/rocm-systems/projects/rccl/build/release/hipify/src/include/net.h:13:
In file included from /home/yelkhamr/dark-factory/rocm-systems/projects/rccl/build/release/hipify/src/include/comm.h:25:
In file included from /home/yelkhamr/dark-factory/rocm-systems/projects/rccl/build/release/hipify/src/include/dev_runtime.h:11:
In file included from /home/yelkhamr/dark-factory/rocm-systems/projects/rccl/build/release/hipify/src/include/nccl_device.h:10:
In file included from /home/yelkhamr/dark-factory/rocm-systems/projects/rccl/build/release/hipify/src/include/nccl_device/impl/barrier__funcs.h:12:
In file included from /home/yelkhamr/dark-factory/rocm-systems/projects/rccl/build/release/hipify/src/include/nccl_device/impl/barrier__types.h:10:
In file included from /home/yelkhamr/dark-factory/rocm-systems/projects/rccl/build/release/hipify/src/include/nccl_device/impl/../barrier.h:11:
/home/yelkhamr/dark-factory/rocm-systems/projects/rccl/build/release/hipify/src/include/nccl_device/impl/../impl/core__types.h:26:9: warning: 'NCCL_GIN_MAX_CONNECTIONS' macro redefined [-Wmacro-redefined]
   26 | #define NCCL_GIN_MAX_CONNECTIONS 4
      |         ^
/home/yelkhamr/dark-factory/rocm-systems/projects/rccl/build/release/include/nccl_device/gin/gin_device_host_common.h:18:9: note: previous definition is here
   18 | #define NCCL_GIN_MAX_CONNECTIONS NCCL_GIN_MAX_CONTEXTS
      |         ^
In file included from /home/yelkhamr/dark-factory/rocm-systems/projects/rccl/build/release/hipify/src/devcomm/devcomm_v22902.cc:9:
In file included from /home/yelkhamr/dark-factory/rocm-systems/projects/rccl/build/release/hipify/src/include/comm.h:25:
In file included from /home/yelkhamr/dark-factory/rocm-systems/projects/rccl/build/release/hipify/src/include/dev_runtime.h:11:
In file included from /home/yelkhamr/dark-factory/rocm-systems/projects/rccl/build/release/hipify/src/include/nccl_device.h:10:
In file included from /home/yelkhamr/dark-factory/rocm-systems/projects/rccl/build/release/hipify/src/include/nccl_device/impl/barrier__funcs.h:12:
In file included from /home/yelkhamr/dark-factory/rocm-systems/projects/rccl/build/release/hipify/src/include/nccl_device/impl/barrier__types.h:10:
In file included from /home/yelkhamr/dark-factory/rocm-systems/projects/rccl/build/release/hipify/src/include/nccl_device/impl/../barrier.h:11:
/home/yelkhamr/dark-factory/rocm-systems/projects/rccl/build/release/hipify/src/include/nccl_device/impl/../impl/core__types.h:26:9: warning: 'NCCL_GIN_MAX_CONNECTIONS' macro redefined [-Wmacro-redefined]
   26 | #define NCCL_GIN_MAX_CONNECTIONS 4
      |         ^
/home/yelkhamr/dark-factory/rocm-systems/projects/rccl/build/release/include/nccl_device/gin/gin_device_host_common.h:18:9: note: previous definition is here
   18 | #define NCCL_GIN_MAX_CONNECTIONS NCCL_GIN_MAX_CONTEXTS
      |         ^
2 warnings generated when compiling for host.
2 warnings generated when compiling for host.
In file included from /home/yelkhamr/dark-factory/rocm-systems/projects/rccl/build/release/hipify/src/devcomm/devcomm_v22907.cc:8:
In file included from /home/yelkhamr/dark-factory/rocm-systems/projects/rccl/build/release/hipify/src/include/comm.h:25:
In file included from /home/yelkhamr/dark-factory/rocm-systems/projects/rccl/build/release/hipify/src/include/dev_runtime.h:11:
In file included from /home/yelkhamr/dark-factory/rocm-systems/projects/rccl/build/release/hipify/src/include/nccl_device.h:10:
In file included from /home/yelkhamr/dark-factory/rocm-systems/projects/rccl/build/release/hipify/src/include/nccl_device/impl/barrier__funcs.h:12:
In file included from /home/yelkhamr/dark-factory/rocm-systems/projects/rccl/build/release/hipify/src/include/nccl_device/impl/barrier__types.h:10:
In file included from /home/yelkhamr/dark-factory/rocm-systems/projects/rccl/build/release/hipify/src/include/nccl_device/impl/../barrier.h:11:
/home/yelkhamr/dark-factory/rocm-systems/projects/rccl/build/release/hipify/src/include/nccl_device/impl/../impl/core__types.h:26:9: warning: 'NCCL_GIN_MAX_CONNECTIONS' macro redefined [-Wmacro-redefined]
   26 | #define NCCL_GIN_MAX_CONNECTIONS 4
      |         ^
/home/yelkhamr/dark-factory/rocm-systems/projects/rccl/build/release/include/nccl_device/gin/gin_device_host_common.h:18:9: note: previous definition is here
   18 | #define NCCL_GIN_MAX_CONNECTIONS NCCL_GIN_MAX_CONTEXTS
      |         ^
In file included from /home/yelkhamr/dark-factory/rocm-systems/projects/rccl/build/release/hipify/src/transport/net_ib_cast/p2p_resiliency_tmp.cc:9:
In file included from /home/yelkhamr/dark-factory/rocm-systems/projects/rccl/build/release/hipify/src/transport/net_ib_cast/p2p_resiliency_cast.h:12:
In file included from /home/yelkhamr/dark-factory/rocm-systems/projects/rccl/build/release/hipify/src/transport/net_ib_cast/common_cast.h:15:
In file included from /home/yelkhamr/dark-factory/rocm-systems/projects/rccl/build/release/hipify/src/include/net.h:13:
In file included from /home/yelkhamr/dark-factory/rocm-systems/projects/rccl/build/release/hipify/src/include/comm.h:25:
In file included from /home/yelkhamr/dark-factory/rocm-systems/projects/rccl/build/release/hipify/src/include/dev_runtime.h:11:
In file included from /home/yelkhamr/dark-factory/rocm-systems/projects/rccl/build/release/hipify/src/include/nccl_device.h:16:
/home/yelkhamr/dark-factory/rocm-systems/projects/rccl/build/release/hipify/src/include/nccl_device/impl/gin__funcs.h:413:60: warning: result of comparison of constant 3 with expression of type 'const hipMemLocationType' is always false [-Wtautological-constant-out-of-range-compare]
  413 |           if (!doneSysmemFence && srcSegmentWindow.memType == CU_MEM_LOCATION_TYPE_HOST_NUMA) {
      |                                   ~~~~~~~~~~~~~~~~~~~~~~~~ ^  ~~~~~~~~~~~~~~~~~~~~~~~~~~~~~~
In file included from /home/yelkhamr/dark-factory/rocm-systems/projects/rccl/build/release/hipify/src/transport/net_ib_cast/scheduler.cc:2:
In file included from /home/yelkhamr/dark-factory/rocm-systems/projects/rccl/build/release/hipify/src/transport/net_ib_cast/common_cast.h:15:
In file included from /home/yelkhamr/dark-factory/rocm-systems/projects/rccl/build/release/hipify/src/include/net.h:13:
In file included from /home/yelkhamr/dark-factory/rocm-systems/projects/rccl/build/release/hipify/src/include/comm.h:25:
In file included from /home/yelkhamr/dark-factory/rocm-systems/projects/rccl/build/release/hipify/src/include/dev_runtime.h:11:
In file included from /home/yelkhamr/dark-factory/rocm-systems/projects/rccl/build/release/hipify/src/include/nccl_device.h:16:
/home/yelkhamr/dark-factory/rocm-systems/projects/rccl/build/release/hipify/src/include/nccl_device/impl/gin__funcs.h:413:60: warning: result of comparison of constant 3 with expression of type 'const hipMemLocationType' is always false [-Wtautological-constant-out-of-range-compare]
  413 |           if (!doneSysmemFence && srcSegmentWindow.memType == CU_MEM_LOCATION_TYPE_HOST_NUMA) {
      |                                   ~~~~~~~~~~~~~~~~~~~~~~~~ ^  ~~~~~~~~~~~~~~~~~~~~~~~~~~~~~~
In file included from /home/yelkhamr/dark-factory/rocm-systems/projects/rccl/build/release/hipify/src/devcomm/devcomm_v22902.cc:9:
In file included from /home/yelkhamr/dark-factory/rocm-systems/projects/rccl/build/release/hipify/src/include/comm.h:25:
In file included from /home/yelkhamr/dark-factory/rocm-systems/projects/rccl/build/release/hipify/src/include/dev_runtime.h:11:
In file included from /home/yelkhamr/dark-factory/rocm-systems/projects/rccl/build/release/hipify/src/include/nccl_device.h:16:
/home/yelkhamr/dark-factory/rocm-systems/projects/rccl/build/release/hipify/src/include/nccl_device/impl/gin__funcs.h:413:60: warning: result of comparison of constant 3 with expression of type 'const hipMemLocationType' is always false [-Wtautological-constant-out-of-range-compare]
  413 |           if (!doneSysmemFence && srcSegmentWindow.memType == CU_MEM_LOCATION_TYPE_HOST_NUMA) {
      |                                   ~~~~~~~~~~~~~~~~~~~~~~~~ ^  ~~~~~~~~~~~~~~~~~~~~~~~~~~~~~~
2 warnings generated when compiling for host.
2 warnings generated when compiling for host.
In file included from /home/yelkhamr/dark-factory/rocm-systems/projects/rccl/build/release/hipify/src/devcomm/devcomm_v22907.cc:8:
In file included from /home/yelkhamr/dark-factory/rocm-systems/projects/rccl/build/release/hipify/src/include/comm.h:25:
In file included from /home/yelkhamr/dark-factory/rocm-systems/projects/rccl/build/release/hipify/src/include/dev_runtime.h:11:
In file included from /home/yelkhamr/dark-factory/rocm-systems/projects/rccl/build/release/hipify/src/include/nccl_device.h:16:
/home/yelkhamr/dark-factory/rocm-systems/projects/rccl/build/release/hipify/src/include/nccl_device/impl/gin__funcs.h:413:60: warning: result of comparison of constant 3 with expression of type 'const hipMemLocationType' is always false [-Wtautological-constant-out-of-range-compare]
  413 |           if (!doneSysmemFence && srcSegmentWindow.memType == CU_MEM_LOCATION_TYPE_HOST_NUMA) {
      |                                   ~~~~~~~~~~~~~~~~~~~~~~~~ ^  ~~~~~~~~~~~~~~~~~~~~~~~~~~~~~~
/home/yelkhamr/dark-factory/rocm-systems/projects/rccl/build/release/hipify/src/transport/net_ib_cast/connect_tmp.cc:1396:126: warning: format specifies type 'int' but the argument has type 'int64_t' (aka 'long') [-Wformat]
 1396 |   INFO(NCCL_NET, "NET/IB: ncclIbAccept isP2p=%d useCtsOffload=%d (IbP2pDisableCts=%d)", remMeta.isP2p, rComm->useCtsOffload, rcclParamIbCastP2pDisableCts());
      |                                                                                   ~~                                         ^~~~~~~~~~~~~~~~~~~~~~~~~~~~~~
      |                                                                                   %ld
/home/yelkhamr/dark-factory/rocm-systems/projects/rccl/build/release/hipify/src/include/debug.h:53:85: note: expanded from macro 'INFO'
   53 |             ncclDebugLog(NCCL_LOG_INFO, (unsigned long)(FLAGS), __func__, __LINE__, __VA_ARGS__); \
      |                                                                                     ^~~~~~~~~~~
2 warnings generated when compiling for host.
2 warnings generated when compiling for host.
/home/yelkhamr/dark-factory/rocm-systems/projects/rccl/build/release/hipify/src/transport/net_ib_cast/gin_tmp.cc:123:1: warning: unused label 'end' [-Wunused-label]
  123 | end:
      | ^~~~
4 warnings generated when compiling for host.
2 warnings generated when compiling for host.
3 warnings generated when compiling for host.
2 warnings generated when compiling for host.
2 warnings generated when compiling for host.
2 warnings generated when compiling for host.
2 warnings generated when compiling for host.
2 warnings generated when compiling for host.
2 warnings generated when compiling for host.
2 warnings generated when compiling for host.
2 warnings generated when compiling for host.
2 warnings generated when compiling for host.
2 warnings generated when compiling for host.
/home/yelkhamr/dark-factory/rocm-systems/projects/rccl/build/release/hipify/src/transport/net_ib_cast/gin_tmp.cc:15:11: warning: unused variable 'IBCAST_GIN_IB_ALLTOALL_TAG' [-Wunused-const-variable]
   15 | const int IBCAST_GIN_IB_ALLTOALL_TAG = 0xa1;
      |           ^~~~~~~~~~~~~~~~~~~~~~~~~~
5 warnings generated when compiling for host.
2 warnings generated when compiling for host.
2 warnings generated when compiling for host.
2 warnings generated when compiling for host.
2 warnings generated when compiling for host.
2 warnings generated when compiling for host.
2 warnings generated when compiling for host.
2 warnings generated when compiling for host.
2 warnings generated when compiling for host.
4 warnings generated when compiling for host.
2 warnings generated when compiling for host.
2 warnings generated when compiling for host.
3 warnings generated when compiling for host.
2 warnings generated when compiling for host.
2 warnings generated when compiling for host.
[ 88%] Linking CXX shared library ../librccl.so
Elapsed time: 0 s. (time), 0.000393 s. (clock)
Verifying host sections stay within 2 GiB of each other in librccl.so
[rccl] hip_fatbin tail check: OK (host window 5.1 MiB <= 2 GiB, margin 2042.9 MiB; .hip_fatbin 24.8 MiB at file offset 0x3a5000, at image tail)
[100%] Built target rccl
[100%] Building CXX object src/CMakeFiles/rcclras.dir/__/hipify/src/ras/client.cc.o
[100%] Linking CXX executable rcclras
[100%] Built target rcclras
