-- The CXX compiler identification is Clang 20.0.0
-- Detecting CXX compiler ABI info
-- Detecting CXX compiler ABI info - done
-- Check for working CXX compiler: /opt/rocm/bin/amdclang++ - skipped
-- Detecting CXX compile features
-- Detecting CXX compile features - done
-- Found GTest: /usr/local/lib/cmake/GTest/GTestConfig.cmake (found suitable version "1.14.0", minimum required is "1.11")  
CMake Deprecation Warning at /opt/rocm/share/rocm/cmake/ROCMConfig.cmake:12 (message):
  Use of find_package(ROCM) is deprecated as of ROCm 6.4.  Please use
  find_package(ROCmCMakeBuildTools)
Call Stack (most recent call first):
  cmake/Dependencies.cmake:84 (find_package)
  CMakeLists.txt:137 (include)


-- fmt not found, fetching from source...
-- Version: 10.2.1
-- Build type: Release
-- Performing Test HAS_NULLPTR_WARNING
-- Performing Test HAS_NULLPTR_WARNING - Success
-- Building only for local GPU target
-- Checking for ROCm support for GPU targets: gfx950;
-- Performing Test COMPILER_HAS_TARGET_ID_gfx950
-- Performing Test COMPILER_HAS_TARGET_ID_gfx950 - Success
-- Compiling for gfx950
CMake Deprecation Warning at /opt/rocm/share/rocm/cmake/ROCMConfig.cmake:12 (message):
  Use of find_package(ROCM) is deprecated as of ROCm 6.4.  Please use
  find_package(ROCmCMakeBuildTools)
Call Stack (most recent call first):
  cmake/Dependencies.cmake:84 (find_package)
  CMakeLists.txt:212 (include)


-- fmt not found, fetching from source...
-- ROCM_PATH found: /opt/rocm
-- Compiling with amdclang++
-- Found Threads: TRUE  
-- Performing Test HIP_CLANG_SUPPORTS_PARALLEL_JOBS
-- Performing Test HIP_CLANG_SUPPORTS_PARALLEL_JOBS - Success
-- HIP compiler:     clang
-- HIP runtime:      rocclr
-- amdclang++ executable: /opt/rocm/bin/amdclang++
-- amdclang++ version:    20.0.0git
-- hipconfig executable: /opt/rocm/bin/hipconfig
-- amdclang++ HIP version:    7.0.51831
-- Reading ROCM version from /opt/rocm/.info/version
-- ROCm version: 7.0.1

*******************************************************************************
*------------------------------- ROCMChecks WARNING --------------------------*
  Options and properties should be set on a cmake target where possible. The
  variable 'CMAKE_CXX_FLAGS' may be set by the cmake toolchain, either by
  calling 'cmake -DCMAKE_CXX_FLAGS=""'
  or set in a toolchain file and added with
  'cmake -DCMAKE_TOOLCHAIN_FILE=<toolchain-file>'. ROCMChecks now calling:
CMake Warning at /opt/rocm/share/rocmcmakebuildtools/cmake/ROCMChecks.cmake:46 (message):
  'CMAKE_CXX_FLAGS' is set at
  /home/yelkhamr/dark-factory/rocm-systems/projects/rccl/CMakeLists.txt:<line#>
  shown below:
Call Stack (most recent call first):
  /usr/local/share/cmake-3.25/Modules/CheckSymbolExists.cmake:9223372036854775807 (rocm_check_toolchain_var)
  /usr/local/share/cmake-3.25/Modules/CheckSymbolExists.cmake:84 (string)
  /usr/local/share/cmake-3.25/Modules/CheckSymbolExists.cmake:74 (__CHECK_SYMBOL_EXISTS_FILTER_FLAGS)
  cmake/CheckSymbolExistsNoWarn.cmake:38 (_check_symbol_exists)
  CMakeLists.txt:332 (check_symbol_exists)


*-----------------------------------------------------------------------------*
*******************************************************************************


*******************************************************************************
*------------------------------- ROCMChecks WARNING --------------------------*
  Options and properties should be set on a cmake target where possible. The
  variable 'CMAKE_CXX_FLAGS' may be set by the cmake toolchain, either by
  calling 'cmake -DCMAKE_CXX_FLAGS=""'
  or set in a toolchain file and added with
  'cmake -DCMAKE_TOOLCHAIN_FILE=<toolchain-file>'. ROCMChecks now calling:
CMake Warning at /opt/rocm/share/rocmcmakebuildtools/cmake/ROCMChecks.cmake:46 (message):
  'CMAKE_CXX_FLAGS' is set at
  /home/yelkhamr/dark-factory/rocm-systems/projects/rccl/CMakeLists.txt:<line#>
  shown below:
Call Stack (most recent call first):
  /usr/local/share/cmake-3.25/Modules/CheckSymbolExists.cmake:9223372036854775807 (rocm_check_toolchain_var)
  /usr/local/share/cmake-3.25/Modules/CheckSymbolExists.cmake:84 (string)
  /usr/local/share/cmake-3.25/Modules/CheckSymbolExists.cmake:74 (__CHECK_SYMBOL_EXISTS_FILTER_FLAGS)
  cmake/CheckSymbolExistsNoWarn.cmake:38 (_check_symbol_exists)
  CMakeLists.txt:332 (check_symbol_exists)


*-----------------------------------------------------------------------------*
*******************************************************************************


*******************************************************************************
*------------------------------- ROCMChecks WARNING --------------------------*
  Options and properties should be set on a cmake target where possible. The
  variable 'CMAKE_CXX_FLAGS' may be set by the cmake toolchain, either by
  calling 'cmake -DCMAKE_CXX_FLAGS=""'
  or set in a toolchain file and added with
  'cmake -DCMAKE_TOOLCHAIN_FILE=<toolchain-file>'. ROCMChecks now calling:
CMake Warning at /opt/rocm/share/rocmcmakebuildtools/cmake/ROCMChecks.cmake:46 (message):
  'CMAKE_CXX_FLAGS' is set at
  /home/yelkhamr/dark-factory/rocm-systems/projects/rccl/CMakeLists.txt:<line#>
  shown below:
Call Stack (most recent call first):
  /usr/local/share/cmake-3.25/Modules/CheckSymbolExists.cmake:9223372036854775807 (rocm_check_toolchain_var)
  /usr/local/share/cmake-3.25/Modules/CheckSymbolExists.cmake:85 (string)
  /usr/local/share/cmake-3.25/Modules/CheckSymbolExists.cmake:74 (__CHECK_SYMBOL_EXISTS_FILTER_FLAGS)
  cmake/CheckSymbolExistsNoWarn.cmake:38 (_check_symbol_exists)
  CMakeLists.txt:332 (check_symbol_exists)


*-----------------------------------------------------------------------------*
*******************************************************************************


*******************************************************************************
*------------------------------- ROCMChecks WARNING --------------------------*
  Options and properties should be set on a cmake target where possible. The
  variable 'CMAKE_CXX_FLAGS' may be set by the cmake toolchain, either by
  calling 'cmake -DCMAKE_CXX_FLAGS=""'
  or set in a toolchain file and added with
  'cmake -DCMAKE_TOOLCHAIN_FILE=<toolchain-file>'. ROCMChecks now calling:
CMake Warning at /opt/rocm/share/rocmcmakebuildtools/cmake/ROCMChecks.cmake:46 (message):
  'CMAKE_CXX_FLAGS' is set at
  /home/yelkhamr/dark-factory/rocm-systems/projects/rccl/CMakeLists.txt:<line#>
  shown below:
Call Stack (most recent call first):
  /usr/local/share/cmake-3.25/Modules/CheckSymbolExists.cmake:9223372036854775807 (rocm_check_toolchain_var)
  /usr/local/share/cmake-3.25/Modules/CheckSymbolExists.cmake:85 (string)
  /usr/local/share/cmake-3.25/Modules/CheckSymbolExists.cmake:74 (__CHECK_SYMBOL_EXISTS_FILTER_FLAGS)
  cmake/CheckSymbolExistsNoWarn.cmake:38 (_check_symbol_exists)
  CMakeLists.txt:332 (check_symbol_exists)


*-----------------------------------------------------------------------------*
*******************************************************************************

-- Looking for hipDeviceMallocUncached
-- Looking for hipDeviceMallocUncached - found

*******************************************************************************
*------------------------------- ROCMChecks WARNING --------------------------*
  Options and properties should be set on a cmake target where possible. The
  variable 'CMAKE_CXX_FLAGS' may be set by the cmake toolchain, either by
  calling 'cmake -DCMAKE_CXX_FLAGS=""'
  or set in a toolchain file and added with
  'cmake -DCMAKE_TOOLCHAIN_FILE=<toolchain-file>'. ROCMChecks now calling:
CMake Warning at /opt/rocm/share/rocmcmakebuildtools/cmake/ROCMChecks.cmake:46 (message):
  'CMAKE_CXX_FLAGS' is set at
  /home/yelkhamr/dark-factory/rocm-systems/projects/rccl/CMakeLists.txt:<line#>
  shown below:
Call Stack (most recent call first):
  /usr/local/share/cmake-3.25/Modules/CheckSymbolExists.cmake:9223372036854775807 (rocm_check_toolchain_var)
  /usr/local/share/cmake-3.25/Modules/CheckSymbolExists.cmake:89 (set)
  /usr/local/share/cmake-3.25/Modules/CheckSymbolExists.cmake:76 (__CHECK_SYMBOL_EXISTS_RESTORE_FLAGS)
  cmake/CheckSymbolExistsNoWarn.cmake:38 (_check_symbol_exists)
  CMakeLists.txt:332 (check_symbol_exists)


*-----------------------------------------------------------------------------*
*******************************************************************************


*******************************************************************************
*------------------------------- ROCMChecks WARNING --------------------------*
  Options and properties should be set on a cmake target where possible. The
  variable 'CMAKE_CXX_FLAGS' may be set by the cmake toolchain, either by
  calling 'cmake -DCMAKE_CXX_FLAGS=""'
  or set in a toolchain file and added with
  'cmake -DCMAKE_TOOLCHAIN_FILE=<toolchain-file>'. ROCMChecks now calling:
CMake Warning at /opt/rocm/share/rocmcmakebuildtools/cmake/ROCMChecks.cmake:46 (message):
  'CMAKE_CXX_FLAGS' is set at
  /home/yelkhamr/dark-factory/rocm-systems/projects/rccl/CMakeLists.txt:<line#>
  shown below:
Call Stack (most recent call first):
  /usr/local/share/cmake-3.25/Modules/CheckSymbolExists.cmake:9223372036854775807 (rocm_check_toolchain_var)
  /usr/local/share/cmake-3.25/Modules/CheckSymbolExists.cmake:89 (set)
  /usr/local/share/cmake-3.25/Modules/CheckSymbolExists.cmake:76 (__CHECK_SYMBOL_EXISTS_RESTORE_FLAGS)
  cmake/CheckSymbolExistsNoWarn.cmake:38 (_check_symbol_exists)
  CMakeLists.txt:332 (check_symbol_exists)


*-----------------------------------------------------------------------------*
*******************************************************************************


*******************************************************************************
*------------------------------- ROCMChecks WARNING --------------------------*
  Options and properties should be set on a cmake target where possible. The
  variable 'CMAKE_CXX_FLAGS' may be set by the cmake toolchain, either by
  calling 'cmake -DCMAKE_CXX_FLAGS=""'
  or set in a toolchain file and added with
  'cmake -DCMAKE_TOOLCHAIN_FILE=<toolchain-file>'. ROCMChecks now calling:
CMake Warning at /opt/rocm/share/rocmcmakebuildtools/cmake/ROCMChecks.cmake:46 (message):
  'CMAKE_CXX_FLAGS' is set at
  /home/yelkhamr/dark-factory/rocm-systems/projects/rccl/CMakeLists.txt:<line#>
  shown below:
Call Stack (most recent call first):
  /usr/local/share/cmake-3.25/Modules/CheckSymbolExists.cmake:9223372036854775807 (rocm_check_toolchain_var)
  /usr/local/share/cmake-3.25/Modules/CheckSymbolExists.cmake:84 (string)
  /usr/local/share/cmake-3.25/Modules/CheckSymbolExists.cmake:74 (__CHECK_SYMBOL_EXISTS_FILTER_FLAGS)
  cmake/CheckSymbolExistsNoWarn.cmake:38 (_check_symbol_exists)
  CMakeLists.txt:335 (check_symbol_exists)


*-----------------------------------------------------------------------------*
*******************************************************************************


*******************************************************************************
*------------------------------- ROCMChecks WARNING --------------------------*
  Options and properties should be set on a cmake target where possible. The
  variable 'CMAKE_CXX_FLAGS' may be set by the cmake toolchain, either by
  calling 'cmake -DCMAKE_CXX_FLAGS=""'
  or set in a toolchain file and added with
  'cmake -DCMAKE_TOOLCHAIN_FILE=<toolchain-file>'. ROCMChecks now calling:
CMake Warning at /opt/rocm/share/rocmcmakebuildtools/cmake/ROCMChecks.cmake:46 (message):
  'CMAKE_CXX_FLAGS' is set at
  /home/yelkhamr/dark-factory/rocm-systems/projects/rccl/CMakeLists.txt:<line#>
  shown below:
Call Stack (most recent call first):
  /usr/local/share/cmake-3.25/Modules/CheckSymbolExists.cmake:9223372036854775807 (rocm_check_toolchain_var)
  /usr/local/share/cmake-3.25/Modules/CheckSymbolExists.cmake:84 (string)
  /usr/local/share/cmake-3.25/Modules/CheckSymbolExists.cmake:74 (__CHECK_SYMBOL_EXISTS_FILTER_FLAGS)
  cmake/CheckSymbolExistsNoWarn.cmake:38 (_check_symbol_exists)
  CMakeLists.txt:335 (check_symbol_exists)


*-----------------------------------------------------------------------------*
*******************************************************************************


*******************************************************************************
*------------------------------- ROCMChecks WARNING --------------------------*
  Options and properties should be set on a cmake target where possible. The
  variable 'CMAKE_CXX_FLAGS' may be set by the cmake toolchain, either by
  calling 'cmake -DCMAKE_CXX_FLAGS=""'
  or set in a toolchain file and added with
  'cmake -DCMAKE_TOOLCHAIN_FILE=<toolchain-file>'. ROCMChecks now calling:
CMake Warning at /opt/rocm/share/rocmcmakebuildtools/cmake/ROCMChecks.cmake:46 (message):
  'CMAKE_CXX_FLAGS' is set at
  /home/yelkhamr/dark-factory/rocm-systems/projects/rccl/CMakeLists.txt:<line#>
  shown below:
Call Stack (most recent call first):
  /usr/local/share/cmake-3.25/Modules/CheckSymbolExists.cmake:9223372036854775807 (rocm_check_toolchain_var)
  /usr/local/share/cmake-3.25/Modules/CheckSymbolExists.cmake:85 (string)
  /usr/local/share/cmake-3.25/Modules/CheckSymbolExists.cmake:74 (__CHECK_SYMBOL_EXISTS_FILTER_FLAGS)
  cmake/CheckSymbolExistsNoWarn.cmake:38 (_check_symbol_exists)
  CMakeLists.txt:335 (check_symbol_exists)


*-----------------------------------------------------------------------------*
*******************************************************************************


*******************************************************************************
*------------------------------- ROCMChecks WARNING --------------------------*
  Options and properties should be set on a cmake target where possible. The
  variable 'CMAKE_CXX_FLAGS' may be set by the cmake toolchain, either by
  calling 'cmake -DCMAKE_CXX_FLAGS=""'
  or set in a toolchain file and added with
  'cmake -DCMAKE_TOOLCHAIN_FILE=<toolchain-file>'. ROCMChecks now calling:
CMake Warning at /opt/rocm/share/rocmcmakebuildtools/cmake/ROCMChecks.cmake:46 (message):
  'CMAKE_CXX_FLAGS' is set at
  /home/yelkhamr/dark-factory/rocm-systems/projects/rccl/CMakeLists.txt:<line#>
  shown below:
Call Stack (most recent call first):
  /usr/local/share/cmake-3.25/Modules/CheckSymbolExists.cmake:9223372036854775807 (rocm_check_toolchain_var)
  /usr/local/share/cmake-3.25/Modules/CheckSymbolExists.cmake:85 (string)
  /usr/local/share/cmake-3.25/Modules/CheckSymbolExists.cmake:74 (__CHECK_SYMBOL_EXISTS_FILTER_FLAGS)
  cmake/CheckSymbolExistsNoWarn.cmake:38 (_check_symbol_exists)
  CMakeLists.txt:335 (check_symbol_exists)


*-----------------------------------------------------------------------------*
*******************************************************************************

-- Looking for hipHostMallocUncached
-- Looking for hipHostMallocUncached - found

*******************************************************************************
*------------------------------- ROCMChecks WARNING --------------------------*
  Options and properties should be set on a cmake target where possible. The
  variable 'CMAKE_CXX_FLAGS' may be set by the cmake toolchain, either by
  calling 'cmake -DCMAKE_CXX_FLAGS=""'
  or set in a toolchain file and added with
  'cmake -DCMAKE_TOOLCHAIN_FILE=<toolchain-file>'. ROCMChecks now calling:
CMake Warning at /opt/rocm/share/rocmcmakebuildtools/cmake/ROCMChecks.cmake:46 (message):
  'CMAKE_CXX_FLAGS' is set at
  /home/yelkhamr/dark-factory/rocm-systems/projects/rccl/CMakeLists.txt:<line#>
  shown below:
Call Stack (most recent call first):
  /usr/local/share/cmake-3.25/Modules/CheckSymbolExists.cmake:9223372036854775807 (rocm_check_toolchain_var)
  /usr/local/share/cmake-3.25/Modules/CheckSymbolExists.cmake:89 (set)
  /usr/local/share/cmake-3.25/Modules/CheckSymbolExists.cmake:76 (__CHECK_SYMBOL_EXISTS_RESTORE_FLAGS)
  cmake/CheckSymbolExistsNoWarn.cmake:38 (_check_symbol_exists)
  CMakeLists.txt:335 (check_symbol_exists)


*-----------------------------------------------------------------------------*
*******************************************************************************


*******************************************************************************
*------------------------------- ROCMChecks WARNING --------------------------*
  Options and properties should be set on a cmake target where possible. The
  variable 'CMAKE_CXX_FLAGS' may be set by the cmake toolchain, either by
  calling 'cmake -DCMAKE_CXX_FLAGS=""'
  or set in a toolchain file and added with
  'cmake -DCMAKE_TOOLCHAIN_FILE=<toolchain-file>'. ROCMChecks now calling:
CMake Warning at /opt/rocm/share/rocmcmakebuildtools/cmake/ROCMChecks.cmake:46 (message):
  'CMAKE_CXX_FLAGS' is set at
  /home/yelkhamr/dark-factory/rocm-systems/projects/rccl/CMakeLists.txt:<line#>
  shown below:
Call Stack (most recent call first):
  /usr/local/share/cmake-3.25/Modules/CheckSymbolExists.cmake:9223372036854775807 (rocm_check_toolchain_var)
  /usr/local/share/cmake-3.25/Modules/CheckSymbolExists.cmake:89 (set)
  /usr/local/share/cmake-3.25/Modules/CheckSymbolExists.cmake:76 (__CHECK_SYMBOL_EXISTS_RESTORE_FLAGS)
  cmake/CheckSymbolExistsNoWarn.cmake:38 (_check_symbol_exists)
  CMakeLists.txt:335 (check_symbol_exists)


*-----------------------------------------------------------------------------*
*******************************************************************************


*******************************************************************************
*------------------------------- ROCMChecks WARNING --------------------------*
  Options and properties should be set on a cmake target where possible. The
  variable 'CMAKE_CXX_FLAGS' may be set by the cmake toolchain, either by
  calling 'cmake -DCMAKE_CXX_FLAGS=""'
  or set in a toolchain file and added with
  'cmake -DCMAKE_TOOLCHAIN_FILE=<toolchain-file>'. ROCMChecks now calling:
CMake Warning at /opt/rocm/share/rocmcmakebuildtools/cmake/ROCMChecks.cmake:46 (message):
  'CMAKE_CXX_FLAGS' is set at
  /home/yelkhamr/dark-factory/rocm-systems/projects/rccl/CMakeLists.txt:<line#>
  shown below:
Call Stack (most recent call first):
  /usr/local/share/cmake-3.25/Modules/CheckSymbolExists.cmake:9223372036854775807 (rocm_check_toolchain_var)
  /usr/local/share/cmake-3.25/Modules/CheckSymbolExists.cmake:84 (string)
  /usr/local/share/cmake-3.25/Modules/CheckSymbolExists.cmake:74 (__CHECK_SYMBOL_EXISTS_FILTER_FLAGS)
  cmake/CheckSymbolExistsNoWarn.cmake:38 (_check_symbol_exists)
  CMakeLists.txt:338 (check_symbol_exists)


*-----------------------------------------------------------------------------*
*******************************************************************************


*******************************************************************************
*------------------------------- ROCMChecks WARNING --------------------------*
  Options and properties should be set on a cmake target where possible. The
  variable 'CMAKE_CXX_FLAGS' may be set by the cmake toolchain, either by
  calling 'cmake -DCMAKE_CXX_FLAGS=""'
  or set in a toolchain file and added with
  'cmake -DCMAKE_TOOLCHAIN_FILE=<toolchain-file>'. ROCMChecks now calling:
CMake Warning at /opt/rocm/share/rocmcmakebuildtools/cmake/ROCMChecks.cmake:46 (message):
  'CMAKE_CXX_FLAGS' is set at
  /home/yelkhamr/dark-factory/rocm-systems/projects/rccl/CMakeLists.txt:<line#>
  shown below:
Call Stack (most recent call first):
  /usr/local/share/cmake-3.25/Modules/CheckSymbolExists.cmake:9223372036854775807 (rocm_check_toolchain_var)
  /usr/local/share/cmake-3.25/Modules/CheckSymbolExists.cmake:84 (string)
  /usr/local/share/cmake-3.25/Modules/CheckSymbolExists.cmake:74 (__CHECK_SYMBOL_EXISTS_FILTER_FLAGS)
  cmake/CheckSymbolExistsNoWarn.cmake:38 (_check_symbol_exists)
  CMakeLists.txt:338 (check_symbol_exists)


*-----------------------------------------------------------------------------*
*******************************************************************************


*******************************************************************************
*------------------------------- ROCMChecks WARNING --------------------------*
  Options and properties should be set on a cmake target where possible. The
  variable 'CMAKE_CXX_FLAGS' may be set by the cmake toolchain, either by
  calling 'cmake -DCMAKE_CXX_FLAGS=""'
  or set in a toolchain file and added with
  'cmake -DCMAKE_TOOLCHAIN_FILE=<toolchain-file>'. ROCMChecks now calling:
CMake Warning at /opt/rocm/share/rocmcmakebuildtools/cmake/ROCMChecks.cmake:46 (message):
  'CMAKE_CXX_FLAGS' is set at
  /home/yelkhamr/dark-factory/rocm-systems/projects/rccl/CMakeLists.txt:<line#>
  shown below:
Call Stack (most recent call first):
  /usr/local/share/cmake-3.25/Modules/CheckSymbolExists.cmake:9223372036854775807 (rocm_check_toolchain_var)
  /usr/local/share/cmake-3.25/Modules/CheckSymbolExists.cmake:85 (string)
  /usr/local/share/cmake-3.25/Modules/CheckSymbolExists.cmake:74 (__CHECK_SYMBOL_EXISTS_FILTER_FLAGS)
  cmake/CheckSymbolExistsNoWarn.cmake:38 (_check_symbol_exists)
  CMakeLists.txt:338 (check_symbol_exists)


*-----------------------------------------------------------------------------*
*******************************************************************************


*******************************************************************************
*------------------------------- ROCMChecks WARNING --------------------------*
  Options and properties should be set on a cmake target where possible. The
  variable 'CMAKE_CXX_FLAGS' may be set by the cmake toolchain, either by
  calling 'cmake -DCMAKE_CXX_FLAGS=""'
  or set in a toolchain file and added with
  'cmake -DCMAKE_TOOLCHAIN_FILE=<toolchain-file>'. ROCMChecks now calling:
CMake Warning at /opt/rocm/share/rocmcmakebuildtools/cmake/ROCMChecks.cmake:46 (message):
  'CMAKE_CXX_FLAGS' is set at
  /home/yelkhamr/dark-factory/rocm-systems/projects/rccl/CMakeLists.txt:<line#>
  shown below:
Call Stack (most recent call first):
  /usr/local/share/cmake-3.25/Modules/CheckSymbolExists.cmake:9223372036854775807 (rocm_check_toolchain_var)
  /usr/local/share/cmake-3.25/Modules/CheckSymbolExists.cmake:85 (string)
  /usr/local/share/cmake-3.25/Modules/CheckSymbolExists.cmake:74 (__CHECK_SYMBOL_EXISTS_FILTER_FLAGS)
  cmake/CheckSymbolExistsNoWarn.cmake:38 (_check_symbol_exists)
  CMakeLists.txt:338 (check_symbol_exists)


*-----------------------------------------------------------------------------*
*******************************************************************************

-- Looking for hipDeviceMallocContiguous
-- Looking for hipDeviceMallocContiguous - found

*******************************************************************************
*------------------------------- ROCMChecks WARNING --------------------------*
  Options and properties should be set on a cmake target where possible. The
  variable 'CMAKE_CXX_FLAGS' may be set by the cmake toolchain, either by
  calling 'cmake -DCMAKE_CXX_FLAGS=""'
  or set in a toolchain file and added with
  'cmake -DCMAKE_TOOLCHAIN_FILE=<toolchain-file>'. ROCMChecks now calling:
CMake Warning at /opt/rocm/share/rocmcmakebuildtools/cmake/ROCMChecks.cmake:46 (message):
  'CMAKE_CXX_FLAGS' is set at
  /home/yelkhamr/dark-factory/rocm-systems/projects/rccl/CMakeLists.txt:<line#>
  shown below:
Call Stack (most recent call first):
  /usr/local/share/cmake-3.25/Modules/CheckSymbolExists.cmake:9223372036854775807 (rocm_check_toolchain_var)
  /usr/local/share/cmake-3.25/Modules/CheckSymbolExists.cmake:89 (set)
  /usr/local/share/cmake-3.25/Modules/CheckSymbolExists.cmake:76 (__CHECK_SYMBOL_EXISTS_RESTORE_FLAGS)
  cmake/CheckSymbolExistsNoWarn.cmake:38 (_check_symbol_exists)
  CMakeLists.txt:338 (check_symbol_exists)


*-----------------------------------------------------------------------------*
*******************************************************************************


*******************************************************************************
*------------------------------- ROCMChecks WARNING --------------------------*
  Options and properties should be set on a cmake target where possible. The
  variable 'CMAKE_CXX_FLAGS' may be set by the cmake toolchain, either by
  calling 'cmake -DCMAKE_CXX_FLAGS=""'
  or set in a toolchain file and added with
  'cmake -DCMAKE_TOOLCHAIN_FILE=<toolchain-file>'. ROCMChecks now calling:
CMake Warning at /opt/rocm/share/rocmcmakebuildtools/cmake/ROCMChecks.cmake:46 (message):
  'CMAKE_CXX_FLAGS' is set at
  /home/yelkhamr/dark-factory/rocm-systems/projects/rccl/CMakeLists.txt:<line#>
  shown below:
Call Stack (most recent call first):
  /usr/local/share/cmake-3.25/Modules/CheckSymbolExists.cmake:9223372036854775807 (rocm_check_toolchain_var)
  /usr/local/share/cmake-3.25/Modules/CheckSymbolExists.cmake:89 (set)
  /usr/local/share/cmake-3.25/Modules/CheckSymbolExists.cmake:76 (__CHECK_SYMBOL_EXISTS_RESTORE_FLAGS)
  cmake/CheckSymbolExistsNoWarn.cmake:38 (_check_symbol_exists)
  CMakeLists.txt:338 (check_symbol_exists)


*-----------------------------------------------------------------------------*
*******************************************************************************


*******************************************************************************
*------------------------------- ROCMChecks WARNING --------------------------*
  Options and properties should be set on a cmake target where possible. The
  variable 'CMAKE_CXX_FLAGS' may be set by the cmake toolchain, either by
  calling 'cmake -DCMAKE_CXX_FLAGS=""'
  or set in a toolchain file and added with
  'cmake -DCMAKE_TOOLCHAIN_FILE=<toolchain-file>'. ROCMChecks now calling:
CMake Warning at /opt/rocm/share/rocmcmakebuildtools/cmake/ROCMChecks.cmake:46 (message):
  'CMAKE_CXX_FLAGS' is set at
  /home/yelkhamr/dark-factory/rocm-systems/projects/rccl/CMakeLists.txt:<line#>
  shown below:
Call Stack (most recent call first):
  /usr/local/share/cmake-3.25/Modules/CheckSymbolExists.cmake:9223372036854775807 (rocm_check_toolchain_var)
  /usr/local/share/cmake-3.25/Modules/CheckSymbolExists.cmake:84 (string)
  /usr/local/share/cmake-3.25/Modules/CheckSymbolExists.cmake:74 (__CHECK_SYMBOL_EXISTS_FILTER_FLAGS)
  cmake/CheckSymbolExistsNoWarn.cmake:38 (_check_symbol_exists)
  CMakeLists.txt:341 (check_symbol_exists)


*-----------------------------------------------------------------------------*
*******************************************************************************


*******************************************************************************
*------------------------------- ROCMChecks WARNING --------------------------*
  Options and properties should be set on a cmake target where possible. The
  variable 'CMAKE_CXX_FLAGS' may be set by the cmake toolchain, either by
  calling 'cmake -DCMAKE_CXX_FLAGS=""'
  or set in a toolchain file and added with
  'cmake -DCMAKE_TOOLCHAIN_FILE=<toolchain-file>'. ROCMChecks now calling:
CMake Warning at /opt/rocm/share/rocmcmakebuildtools/cmake/ROCMChecks.cmake:46 (message):
  'CMAKE_CXX_FLAGS' is set at
  /home/yelkhamr/dark-factory/rocm-systems/projects/rccl/CMakeLists.txt:<line#>
  shown below:
Call Stack (most recent call first):
  /usr/local/share/cmake-3.25/Modules/CheckSymbolExists.cmake:9223372036854775807 (rocm_check_toolchain_var)
  /usr/local/share/cmake-3.25/Modules/CheckSymbolExists.cmake:84 (string)
  /usr/local/share/cmake-3.25/Modules/CheckSymbolExists.cmake:74 (__CHECK_SYMBOL_EXISTS_FILTER_FLAGS)
  cmake/CheckSymbolExistsNoWarn.cmake:38 (_check_symbol_exists)
  CMakeLists.txt:341 (check_symbol_exists)


*-----------------------------------------------------------------------------*
*******************************************************************************


*******************************************************************************
*------------------------------- ROCMChecks WARNING --------------------------*
  Options and properties should be set on a cmake target where possible. The
  variable 'CMAKE_CXX_FLAGS' may be set by the cmake toolchain, either by
  calling 'cmake -DCMAKE_CXX_FLAGS=""'
  or set in a toolchain file and added with
  'cmake -DCMAKE_TOOLCHAIN_FILE=<toolchain-file>'. ROCMChecks now calling:
CMake Warning at /opt/rocm/share/rocmcmakebuildtools/cmake/ROCMChecks.cmake:46 (message):
  'CMAKE_CXX_FLAGS' is set at
  /home/yelkhamr/dark-factory/rocm-systems/projects/rccl/CMakeLists.txt:<line#>
  shown below:
Call Stack (most recent call first):
  /usr/local/share/cmake-3.25/Modules/CheckSymbolExists.cmake:9223372036854775807 (rocm_check_toolchain_var)
  /usr/local/share/cmake-3.25/Modules/CheckSymbolExists.cmake:85 (string)
  /usr/local/share/cmake-3.25/Modules/CheckSymbolExists.cmake:74 (__CHECK_SYMBOL_EXISTS_FILTER_FLAGS)
  cmake/CheckSymbolExistsNoWarn.cmake:38 (_check_symbol_exists)
  CMakeLists.txt:341 (check_symbol_exists)


*-----------------------------------------------------------------------------*
*******************************************************************************


*******************************************************************************
*------------------------------- ROCMChecks WARNING --------------------------*
  Options and properties should be set on a cmake target where possible. The
  variable 'CMAKE_CXX_FLAGS' may be set by the cmake toolchain, either by
  calling 'cmake -DCMAKE_CXX_FLAGS=""'
  or set in a toolchain file and added with
  'cmake -DCMAKE_TOOLCHAIN_FILE=<toolchain-file>'. ROCMChecks now calling:
CMake Warning at /opt/rocm/share/rocmcmakebuildtools/cmake/ROCMChecks.cmake:46 (message):
  'CMAKE_CXX_FLAGS' is set at
  /home/yelkhamr/dark-factory/rocm-systems/projects/rccl/CMakeLists.txt:<line#>
  shown below:
Call Stack (most recent call first):
  /usr/local/share/cmake-3.25/Modules/CheckSymbolExists.cmake:9223372036854775807 (rocm_check_toolchain_var)
  /usr/local/share/cmake-3.25/Modules/CheckSymbolExists.cmake:85 (string)
  /usr/local/share/cmake-3.25/Modules/CheckSymbolExists.cmake:74 (__CHECK_SYMBOL_EXISTS_FILTER_FLAGS)
  cmake/CheckSymbolExistsNoWarn.cmake:38 (_check_symbol_exists)
  CMakeLists.txt:341 (check_symbol_exists)


*-----------------------------------------------------------------------------*
*******************************************************************************

-- Looking for hipMemImportFromShareableHandle
-- Looking for hipMemImportFromShareableHandle - found

*******************************************************************************
*------------------------------- ROCMChecks WARNING --------------------------*
  Options and properties should be set on a cmake target where possible. The
  variable 'CMAKE_CXX_FLAGS' may be set by the cmake toolchain, either by
  calling 'cmake -DCMAKE_CXX_FLAGS=""'
  or set in a toolchain file and added with
  'cmake -DCMAKE_TOOLCHAIN_FILE=<toolchain-file>'. ROCMChecks now calling:
CMake Warning at /opt/rocm/share/rocmcmakebuildtools/cmake/ROCMChecks.cmake:46 (message):
  'CMAKE_CXX_FLAGS' is set at
  /home/yelkhamr/dark-factory/rocm-systems/projects/rccl/CMakeLists.txt:<line#>
  shown below:
Call Stack (most recent call first):
  /usr/local/share/cmake-3.25/Modules/CheckSymbolExists.cmake:9223372036854775807 (rocm_check_toolchain_var)
  /usr/local/share/cmake-3.25/Modules/CheckSymbolExists.cmake:89 (set)
  /usr/local/share/cmake-3.25/Modules/CheckSymbolExists.cmake:76 (__CHECK_SYMBOL_EXISTS_RESTORE_FLAGS)
  cmake/CheckSymbolExistsNoWarn.cmake:38 (_check_symbol_exists)
  CMakeLists.txt:341 (check_symbol_exists)


*-----------------------------------------------------------------------------*
*******************************************************************************


*******************************************************************************
*------------------------------- ROCMChecks WARNING --------------------------*
  Options and properties should be set on a cmake target where possible. The
  variable 'CMAKE_CXX_FLAGS' may be set by the cmake toolchain, either by
  calling 'cmake -DCMAKE_CXX_FLAGS=""'
  or set in a toolchain file and added with
  'cmake -DCMAKE_TOOLCHAIN_FILE=<toolchain-file>'. ROCMChecks now calling:
CMake Warning at /opt/rocm/share/rocmcmakebuildtools/cmake/ROCMChecks.cmake:46 (message):
  'CMAKE_CXX_FLAGS' is set at
  /home/yelkhamr/dark-factory/rocm-systems/projects/rccl/CMakeLists.txt:<line#>
  shown below:
Call Stack (most recent call first):
  /usr/local/share/cmake-3.25/Modules/CheckSymbolExists.cmake:9223372036854775807 (rocm_check_toolchain_var)
  /usr/local/share/cmake-3.25/Modules/CheckSymbolExists.cmake:89 (set)
  /usr/local/share/cmake-3.25/Modules/CheckSymbolExists.cmake:76 (__CHECK_SYMBOL_EXISTS_RESTORE_FLAGS)
  cmake/CheckSymbolExistsNoWarn.cmake:38 (_check_symbol_exists)
  CMakeLists.txt:341 (check_symbol_exists)


*-----------------------------------------------------------------------------*
*******************************************************************************

-- Performing Test HIP_FABRIC_HANDLE_TYPE
-- Performing Test HIP_FABRIC_HANDLE_TYPE - Failed

*******************************************************************************
*------------------------------- ROCMChecks WARNING --------------------------*
  Options and properties should be set on a cmake target where possible. The
  variable 'CMAKE_CXX_FLAGS' may be set by the cmake toolchain, either by
  calling 'cmake -DCMAKE_CXX_FLAGS=""'
  or set in a toolchain file and added with
  'cmake -DCMAKE_TOOLCHAIN_FILE=<toolchain-file>'. ROCMChecks now calling:
CMake Warning at /opt/rocm/share/rocmcmakebuildtools/cmake/ROCMChecks.cmake:46 (message):
  'CMAKE_CXX_FLAGS' is set at
  /home/yelkhamr/dark-factory/rocm-systems/projects/rccl/CMakeLists.txt:<line#>
  shown below:
Call Stack (most recent call first):
  /usr/local/share/cmake-3.25/Modules/CheckSymbolExists.cmake:9223372036854775807 (rocm_check_toolchain_var)
  /usr/local/share/cmake-3.25/Modules/CheckSymbolExists.cmake:84 (string)
  /usr/local/share/cmake-3.25/Modules/CheckSymbolExists.cmake:74 (__CHECK_SYMBOL_EXISTS_FILTER_FLAGS)
  cmake/CheckSymbolExistsNoWarn.cmake:38 (_check_symbol_exists)
  CMakeLists.txt:355 (check_symbol_exists)


*-----------------------------------------------------------------------------*
*******************************************************************************


*******************************************************************************
*------------------------------- ROCMChecks WARNING --------------------------*
  Options and properties should be set on a cmake target where possible. The
  variable 'CMAKE_CXX_FLAGS' may be set by the cmake toolchain, either by
  calling 'cmake -DCMAKE_CXX_FLAGS=""'
  or set in a toolchain file and added with
  'cmake -DCMAKE_TOOLCHAIN_FILE=<toolchain-file>'. ROCMChecks now calling:
CMake Warning at /opt/rocm/share/rocmcmakebuildtools/cmake/ROCMChecks.cmake:46 (message):
  'CMAKE_CXX_FLAGS' is set at
  /home/yelkhamr/dark-factory/rocm-systems/projects/rccl/CMakeLists.txt:<line#>
  shown below:
Call Stack (most recent call first):
  /usr/local/share/cmake-3.25/Modules/CheckSymbolExists.cmake:9223372036854775807 (rocm_check_toolchain_var)
  /usr/local/share/cmake-3.25/Modules/CheckSymbolExists.cmake:84 (string)
  /usr/local/share/cmake-3.25/Modules/CheckSymbolExists.cmake:74 (__CHECK_SYMBOL_EXISTS_FILTER_FLAGS)
  cmake/CheckSymbolExistsNoWarn.cmake:38 (_check_symbol_exists)
  CMakeLists.txt:355 (check_symbol_exists)


*-----------------------------------------------------------------------------*
*******************************************************************************


*******************************************************************************
*------------------------------- ROCMChecks WARNING --------------------------*
  Options and properties should be set on a cmake target where possible. The
  variable 'CMAKE_CXX_FLAGS' may be set by the cmake toolchain, either by
  calling 'cmake -DCMAKE_CXX_FLAGS=""'
  or set in a toolchain file and added with
  'cmake -DCMAKE_TOOLCHAIN_FILE=<toolchain-file>'. ROCMChecks now calling:
CMake Warning at /opt/rocm/share/rocmcmakebuildtools/cmake/ROCMChecks.cmake:46 (message):
  'CMAKE_CXX_FLAGS' is set at
  /home/yelkhamr/dark-factory/rocm-systems/projects/rccl/CMakeLists.txt:<line#>
  shown below:
Call Stack (most recent call first):
  /usr/local/share/cmake-3.25/Modules/CheckSymbolExists.cmake:9223372036854775807 (rocm_check_toolchain_var)
  /usr/local/share/cmake-3.25/Modules/CheckSymbolExists.cmake:85 (string)
  /usr/local/share/cmake-3.25/Modules/CheckSymbolExists.cmake:74 (__CHECK_SYMBOL_EXISTS_FILTER_FLAGS)
  cmake/CheckSymbolExistsNoWarn.cmake:38 (_check_symbol_exists)
  CMakeLists.txt:355 (check_symbol_exists)


*-----------------------------------------------------------------------------*
*******************************************************************************


*******************************************************************************
*------------------------------- ROCMChecks WARNING --------------------------*
  Options and properties should be set on a cmake target where possible. The
  variable 'CMAKE_CXX_FLAGS' may be set by the cmake toolchain, either by
  calling 'cmake -DCMAKE_CXX_FLAGS=""'
  or set in a toolchain file and added with
  'cmake -DCMAKE_TOOLCHAIN_FILE=<toolchain-file>'. ROCMChecks now calling:
CMake Warning at /opt/rocm/share/rocmcmakebuildtools/cmake/ROCMChecks.cmake:46 (message):
  'CMAKE_CXX_FLAGS' is set at
  /home/yelkhamr/dark-factory/rocm-systems/projects/rccl/CMakeLists.txt:<line#>
  shown below:
Call Stack (most recent call first):
  /usr/local/share/cmake-3.25/Modules/CheckSymbolExists.cmake:9223372036854775807 (rocm_check_toolchain_var)
  /usr/local/share/cmake-3.25/Modules/CheckSymbolExists.cmake:85 (string)
  /usr/local/share/cmake-3.25/Modules/CheckSymbolExists.cmake:74 (__CHECK_SYMBOL_EXISTS_FILTER_FLAGS)
  cmake/CheckSymbolExistsNoWarn.cmake:38 (_check_symbol_exists)
  CMakeLists.txt:355 (check_symbol_exists)


*-----------------------------------------------------------------------------*
*******************************************************************************

-- Looking for hipMemcpyBatchAsync
-- Looking for hipMemcpyBatchAsync - not found

*******************************************************************************
*------------------------------- ROCMChecks WARNING --------------------------*
  Options and properties should be set on a cmake target where possible. The
  variable 'CMAKE_CXX_FLAGS' may be set by the cmake toolchain, either by
  calling 'cmake -DCMAKE_CXX_FLAGS=""'
  or set in a toolchain file and added with
  'cmake -DCMAKE_TOOLCHAIN_FILE=<toolchain-file>'. ROCMChecks now calling:
CMake Warning at /opt/rocm/share/rocmcmakebuildtools/cmake/ROCMChecks.cmake:46 (message):
  'CMAKE_CXX_FLAGS' is set at
  /home/yelkhamr/dark-factory/rocm-systems/projects/rccl/CMakeLists.txt:<line#>
  shown below:
Call Stack (most recent call first):
  /usr/local/share/cmake-3.25/Modules/CheckSymbolExists.cmake:9223372036854775807 (rocm_check_toolchain_var)
  /usr/local/share/cmake-3.25/Modules/CheckSymbolExists.cmake:89 (set)
  /usr/local/share/cmake-3.25/Modules/CheckSymbolExists.cmake:76 (__CHECK_SYMBOL_EXISTS_RESTORE_FLAGS)
  cmake/CheckSymbolExistsNoWarn.cmake:38 (_check_symbol_exists)
  CMakeLists.txt:355 (check_symbol_exists)


*-----------------------------------------------------------------------------*
*******************************************************************************


*******************************************************************************
*------------------------------- ROCMChecks WARNING --------------------------*
  Options and properties should be set on a cmake target where possible. The
  variable 'CMAKE_CXX_FLAGS' may be set by the cmake toolchain, either by
  calling 'cmake -DCMAKE_CXX_FLAGS=""'
  or set in a toolchain file and added with
  'cmake -DCMAKE_TOOLCHAIN_FILE=<toolchain-file>'. ROCMChecks now calling:
CMake Warning at /opt/rocm/share/rocmcmakebuildtools/cmake/ROCMChecks.cmake:46 (message):
  'CMAKE_CXX_FLAGS' is set at
  /home/yelkhamr/dark-factory/rocm-systems/projects/rccl/CMakeLists.txt:<line#>
  shown below:
Call Stack (most recent call first):
  /usr/local/share/cmake-3.25/Modules/CheckSymbolExists.cmake:9223372036854775807 (rocm_check_toolchain_var)
  /usr/local/share/cmake-3.25/Modules/CheckSymbolExists.cmake:89 (set)
  /usr/local/share/cmake-3.25/Modules/CheckSymbolExists.cmake:76 (__CHECK_SYMBOL_EXISTS_RESTORE_FLAGS)
  cmake/CheckSymbolExistsNoWarn.cmake:38 (_check_symbol_exists)
  CMakeLists.txt:355 (check_symbol_exists)


*-----------------------------------------------------------------------------*
*******************************************************************************


*******************************************************************************
*------------------------------- ROCMChecks WARNING --------------------------*
  Options and properties should be set on a cmake target where possible. The
  variable 'CMAKE_CXX_FLAGS' may be set by the cmake toolchain, either by
  calling 'cmake -DCMAKE_CXX_FLAGS=""'
  or set in a toolchain file and added with
  'cmake -DCMAKE_TOOLCHAIN_FILE=<toolchain-file>'. ROCMChecks now calling:
CMake Warning at /opt/rocm/share/rocmcmakebuildtools/cmake/ROCMChecks.cmake:46 (message):
  'CMAKE_CXX_FLAGS' is set at
  /home/yelkhamr/dark-factory/rocm-systems/projects/rccl/CMakeLists.txt:<line#>
  shown below:
Call Stack (most recent call first):
  /usr/local/share/cmake-3.25/Modules/CheckSymbolExists.cmake:9223372036854775807 (rocm_check_toolchain_var)
  /usr/local/share/cmake-3.25/Modules/CheckSymbolExists.cmake:84 (string)
  /usr/local/share/cmake-3.25/Modules/CheckSymbolExists.cmake:74 (__CHECK_SYMBOL_EXISTS_FILTER_FLAGS)
  cmake/CheckSymbolExistsNoWarn.cmake:38 (_check_symbol_exists)
  CMakeLists.txt:358 (check_symbol_exists)


*-----------------------------------------------------------------------------*
*******************************************************************************


*******************************************************************************
*------------------------------- ROCMChecks WARNING --------------------------*
  Options and properties should be set on a cmake target where possible. The
  variable 'CMAKE_CXX_FLAGS' may be set by the cmake toolchain, either by
  calling 'cmake -DCMAKE_CXX_FLAGS=""'
  or set in a toolchain file and added with
  'cmake -DCMAKE_TOOLCHAIN_FILE=<toolchain-file>'. ROCMChecks now calling:
CMake Warning at /opt/rocm/share/rocmcmakebuildtools/cmake/ROCMChecks.cmake:46 (message):
  'CMAKE_CXX_FLAGS' is set at
  /home/yelkhamr/dark-factory/rocm-systems/projects/rccl/CMakeLists.txt:<line#>
  shown below:
Call Stack (most recent call first):
  /usr/local/share/cmake-3.25/Modules/CheckSymbolExists.cmake:9223372036854775807 (rocm_check_toolchain_var)
  /usr/local/share/cmake-3.25/Modules/CheckSymbolExists.cmake:84 (string)
  /usr/local/share/cmake-3.25/Modules/CheckSymbolExists.cmake:74 (__CHECK_SYMBOL_EXISTS_FILTER_FLAGS)
  cmake/CheckSymbolExistsNoWarn.cmake:38 (_check_symbol_exists)
  CMakeLists.txt:358 (check_symbol_exists)


*-----------------------------------------------------------------------------*
*******************************************************************************


*******************************************************************************
*------------------------------- ROCMChecks WARNING --------------------------*
  Options and properties should be set on a cmake target where possible. The
  variable 'CMAKE_CXX_FLAGS' may be set by the cmake toolchain, either by
  calling 'cmake -DCMAKE_CXX_FLAGS=""'
  or set in a toolchain file and added with
  'cmake -DCMAKE_TOOLCHAIN_FILE=<toolchain-file>'. ROCMChecks now calling:
CMake Warning at /opt/rocm/share/rocmcmakebuildtools/cmake/ROCMChecks.cmake:46 (message):
  'CMAKE_CXX_FLAGS' is set at
  /home/yelkhamr/dark-factory/rocm-systems/projects/rccl/CMakeLists.txt:<line#>
  shown below:
Call Stack (most recent call first):
  /usr/local/share/cmake-3.25/Modules/CheckSymbolExists.cmake:9223372036854775807 (rocm_check_toolchain_var)
  /usr/local/share/cmake-3.25/Modules/CheckSymbolExists.cmake:85 (string)
  /usr/local/share/cmake-3.25/Modules/CheckSymbolExists.cmake:74 (__CHECK_SYMBOL_EXISTS_FILTER_FLAGS)
  cmake/CheckSymbolExistsNoWarn.cmake:38 (_check_symbol_exists)
  CMakeLists.txt:358 (check_symbol_exists)


*-----------------------------------------------------------------------------*
*******************************************************************************


*******************************************************************************
*------------------------------- ROCMChecks WARNING --------------------------*
  Options and properties should be set on a cmake target where possible. The
  variable 'CMAKE_CXX_FLAGS' may be set by the cmake toolchain, either by
  calling 'cmake -DCMAKE_CXX_FLAGS=""'
  or set in a toolchain file and added with
  'cmake -DCMAKE_TOOLCHAIN_FILE=<toolchain-file>'. ROCMChecks now calling:
CMake Warning at /opt/rocm/share/rocmcmakebuildtools/cmake/ROCMChecks.cmake:46 (message):
  'CMAKE_CXX_FLAGS' is set at
  /home/yelkhamr/dark-factory/rocm-systems/projects/rccl/CMakeLists.txt:<line#>
  shown below:
Call Stack (most recent call first):
  /usr/local/share/cmake-3.25/Modules/CheckSymbolExists.cmake:9223372036854775807 (rocm_check_toolchain_var)
  /usr/local/share/cmake-3.25/Modules/CheckSymbolExists.cmake:85 (string)
  /usr/local/share/cmake-3.25/Modules/CheckSymbolExists.cmake:74 (__CHECK_SYMBOL_EXISTS_FILTER_FLAGS)
  cmake/CheckSymbolExistsNoWarn.cmake:38 (_check_symbol_exists)
  CMakeLists.txt:358 (check_symbol_exists)


*-----------------------------------------------------------------------------*
*******************************************************************************

-- Looking for hipMemGetHandleForAddressRange
-- Looking for hipMemGetHandleForAddressRange - found

*******************************************************************************
*------------------------------- ROCMChecks WARNING --------------------------*
  Options and properties should be set on a cmake target where possible. The
  variable 'CMAKE_CXX_FLAGS' may be set by the cmake toolchain, either by
  calling 'cmake -DCMAKE_CXX_FLAGS=""'
  or set in a toolchain file and added with
  'cmake -DCMAKE_TOOLCHAIN_FILE=<toolchain-file>'. ROCMChecks now calling:
CMake Warning at /opt/rocm/share/rocmcmakebuildtools/cmake/ROCMChecks.cmake:46 (message):
  'CMAKE_CXX_FLAGS' is set at
  /home/yelkhamr/dark-factory/rocm-systems/projects/rccl/CMakeLists.txt:<line#>
  shown below:
Call Stack (most recent call first):
  /usr/local/share/cmake-3.25/Modules/CheckSymbolExists.cmake:9223372036854775807 (rocm_check_toolchain_var)
  /usr/local/share/cmake-3.25/Modules/CheckSymbolExists.cmake:89 (set)
  /usr/local/share/cmake-3.25/Modules/CheckSymbolExists.cmake:76 (__CHECK_SYMBOL_EXISTS_RESTORE_FLAGS)
  cmake/CheckSymbolExistsNoWarn.cmake:38 (_check_symbol_exists)
  CMakeLists.txt:358 (check_symbol_exists)


*-----------------------------------------------------------------------------*
*******************************************************************************


*******************************************************************************
*------------------------------- ROCMChecks WARNING --------------------------*
  Options and properties should be set on a cmake target where possible. The
  variable 'CMAKE_CXX_FLAGS' may be set by the cmake toolchain, either by
  calling 'cmake -DCMAKE_CXX_FLAGS=""'
  or set in a toolchain file and added with
  'cmake -DCMAKE_TOOLCHAIN_FILE=<toolchain-file>'. ROCMChecks now calling:
CMake Warning at /opt/rocm/share/rocmcmakebuildtools/cmake/ROCMChecks.cmake:46 (message):
  'CMAKE_CXX_FLAGS' is set at
  /home/yelkhamr/dark-factory/rocm-systems/projects/rccl/CMakeLists.txt:<line#>
  shown below:
Call Stack (most recent call first):
  /usr/local/share/cmake-3.25/Modules/CheckSymbolExists.cmake:9223372036854775807 (rocm_check_toolchain_var)
  /usr/local/share/cmake-3.25/Modules/CheckSymbolExists.cmake:89 (set)
  /usr/local/share/cmake-3.25/Modules/CheckSymbolExists.cmake:76 (__CHECK_SYMBOL_EXISTS_RESTORE_FLAGS)
  cmake/CheckSymbolExistsNoWarn.cmake:38 (_check_symbol_exists)
  CMakeLists.txt:358 (check_symbol_exists)


*-----------------------------------------------------------------------------*
*******************************************************************************

-- Performing Test HIP_VMM_UNCACHED_MEMORY_AVAILABLE
-- Performing Test HIP_VMM_UNCACHED_MEMORY_AVAILABLE - Failed
-- RCCL LL128 protocol enabled
-- Copy Engine (CE) batch API disabled - hipMemcpyBatchAsync not found in hip/hip_runtime_api.h
-- cuMem DMA-BUF export enabled - hipMemGetHandleForAddressRange found
-- HSA runtime: /opt/rocm/include
-- Performing Test HAVE_KERNARG_PRELOAD
-- Performing Test HAVE_KERNARG_PRELOAD - Success
-- Kernarg preloading to SGPR enabled
-- Performing Test HAVE_PARALLEL_JOBS
-- Performing Test HAVE_PARALLEL_JOBS - Success
-- Parallel jobs enabled
-- ROCTX include directory found: /opt/rocm/include
-- ROCTX library found: /opt/rocm/lib/libroctx64.so
-- Found Python3: /usr/bin/python3.10 (found version "3.10.12") found components: Interpreter 
-- Generating /home/yelkhamr/dark-factory/rocm-systems/projects/rccl/build/release/hipify/gensrc/device_table.h
-- Generating /home/yelkhamr/dark-factory/rocm-systems/projects/rccl/build/release/hipify/gensrc/host_table.cpp
-- Generating /home/yelkhamr/dark-factory/rocm-systems/projects/rccl/build/release/hipify/gensrc/broadcast_sum_i8.cpp
-- Generating /home/yelkhamr/dark-factory/rocm-systems/projects/rccl/build/release/hipify/gensrc/reduce_sum_u8.cpp
-- Generating /home/yelkhamr/dark-factory/rocm-systems/projects/rccl/build/release/hipify/gensrc/reduce_sum_u32.cpp
-- Generating /home/yelkhamr/dark-factory/rocm-systems/projects/rccl/build/release/hipify/gensrc/reduce_sum_u64.cpp
-- Generating /home/yelkhamr/dark-factory/rocm-systems/projects/rccl/build/release/hipify/gensrc/reduce_sum_f16.cpp
-- Generating /home/yelkhamr/dark-factory/rocm-systems/projects/rccl/build/release/hipify/gensrc/reduce_sum_f32.cpp
-- Generating /home/yelkhamr/dark-factory/rocm-systems/projects/rccl/build/release/hipify/gensrc/reduce_sum_f64.cpp
-- Generating /home/yelkhamr/dark-factory/rocm-systems/projects/rccl/build/release/hipify/gensrc/reduce_sum_bf16.cpp
-- Generating /home/yelkhamr/dark-factory/rocm-systems/projects/rccl/build/release/hipify/gensrc/reduce_sum_f8e4m3.cpp
-- Generating /home/yelkhamr/dark-factory/rocm-systems/projects/rccl/build/release/hipify/gensrc/reduce_sum_f8e5m2.cpp
-- Generating /home/yelkhamr/dark-factory/rocm-systems/projects/rccl/build/release/hipify/gensrc/reduce_prod_u8.cpp
-- Generating /home/yelkhamr/dark-factory/rocm-systems/projects/rccl/build/release/hipify/gensrc/reduce_prod_u32.cpp
-- Generating /home/yelkhamr/dark-factory/rocm-systems/projects/rccl/build/release/hipify/gensrc/reduce_prod_u64.cpp
-- Generating /home/yelkhamr/dark-factory/rocm-systems/projects/rccl/build/release/hipify/gensrc/reduce_prod_f16.cpp
-- Generating /home/yelkhamr/dark-factory/rocm-systems/projects/rccl/build/release/hipify/gensrc/reduce_prod_f32.cpp
-- Generating /home/yelkhamr/dark-factory/rocm-systems/projects/rccl/build/release/hipify/gensrc/reduce_prod_f64.cpp
-- Generating /home/yelkhamr/dark-factory/rocm-systems/projects/rccl/build/release/hipify/gensrc/reduce_prod_bf16.cpp
-- Generating /home/yelkhamr/dark-factory/rocm-systems/projects/rccl/build/release/hipify/gensrc/reduce_prod_f8e4m3.cpp
-- Generating /home/yelkhamr/dark-factory/rocm-systems/projects/rccl/build/release/hipify/gensrc/reduce_prod_f8e5m2.cpp
-- Generating /home/yelkhamr/dark-factory/rocm-systems/projects/rccl/build/release/hipify/gensrc/reduce_minmax_u8.cpp
-- Generating /home/yelkhamr/dark-factory/rocm-systems/projects/rccl/build/release/hipify/gensrc/reduce_minmax_u32.cpp
-- Generating /home/yelkhamr/dark-factory/rocm-systems/projects/rccl/build/release/hipify/gensrc/reduce_minmax_u64.cpp
-- Generating /home/yelkhamr/dark-factory/rocm-systems/projects/rccl/build/release/hipify/gensrc/reduce_minmax_f16.cpp
-- Generating /home/yelkhamr/dark-factory/rocm-systems/projects/rccl/build/release/hipify/gensrc/reduce_minmax_f32.cpp
-- Generating /home/yelkhamr/dark-factory/rocm-systems/projects/rccl/build/release/hipify/gensrc/reduce_minmax_f64.cpp
-- Generating /home/yelkhamr/dark-factory/rocm-systems/projects/rccl/build/release/hipify/gensrc/reduce_minmax_bf16.cpp
-- Generating /home/yelkhamr/dark-factory/rocm-systems/projects/rccl/build/release/hipify/gensrc/reduce_minmax_f8e4m3.cpp
-- Generating /home/yelkhamr/dark-factory/rocm-systems/projects/rccl/build/release/hipify/gensrc/reduce_minmax_f8e5m2.cpp
-- Generating /home/yelkhamr/dark-factory/rocm-systems/projects/rccl/build/release/hipify/gensrc/reduce_premulsum_u8.cpp
-- Generating /home/yelkhamr/dark-factory/rocm-systems/projects/rccl/build/release/hipify/gensrc/reduce_premulsum_u32.cpp
-- Generating /home/yelkhamr/dark-factory/rocm-systems/projects/rccl/build/release/hipify/gensrc/reduce_premulsum_u64.cpp
-- Generating /home/yelkhamr/dark-factory/rocm-systems/projects/rccl/build/release/hipify/gensrc/reduce_premulsum_f16.cpp
-- Generating /home/yelkhamr/dark-factory/rocm-systems/projects/rccl/build/release/hipify/gensrc/reduce_premulsum_f32.cpp
-- Generating /home/yelkhamr/dark-factory/rocm-systems/projects/rccl/build/release/hipify/gensrc/reduce_premulsum_f64.cpp
-- Generating /home/yelkhamr/dark-factory/rocm-systems/projects/rccl/build/release/hipify/gensrc/reduce_premulsum_bf16.cpp
-- Generating /home/yelkhamr/dark-factory/rocm-systems/projects/rccl/build/release/hipify/gensrc/reduce_premulsum_f8e4m3.cpp
-- Generating /home/yelkhamr/dark-factory/rocm-systems/projects/rccl/build/release/hipify/gensrc/reduce_premulsum_f8e5m2.cpp
-- Generating /home/yelkhamr/dark-factory/rocm-systems/projects/rccl/build/release/hipify/gensrc/reduce_sumpostdiv_u8.cpp
-- Generating /home/yelkhamr/dark-factory/rocm-systems/projects/rccl/build/release/hipify/gensrc/reduce_sumpostdiv_u32.cpp
-- Generating /home/yelkhamr/dark-factory/rocm-systems/projects/rccl/build/release/hipify/gensrc/reduce_sumpostdiv_u64.cpp
-- Generating /home/yelkhamr/dark-factory/rocm-systems/projects/rccl/build/release/hipify/gensrc/all_gather_sum_i8.cpp
-- Generating /home/yelkhamr/dark-factory/rocm-systems/projects/rccl/build/release/hipify/gensrc/reduce_scatter_sum_u8.cpp
-- Generating /home/yelkhamr/dark-factory/rocm-systems/projects/rccl/build/release/hipify/gensrc/reduce_scatter_sum_u32.cpp
-- Generating /home/yelkhamr/dark-factory/rocm-systems/projects/rccl/build/release/hipify/gensrc/reduce_scatter_sum_u64.cpp
-- Generating /home/yelkhamr/dark-factory/rocm-systems/projects/rccl/build/release/hipify/gensrc/reduce_scatter_sum_f16.cpp
-- Generating /home/yelkhamr/dark-factory/rocm-systems/projects/rccl/build/release/hipify/gensrc/reduce_scatter_sum_f32.cpp
-- Generating /home/yelkhamr/dark-factory/rocm-systems/projects/rccl/build/release/hipify/gensrc/reduce_scatter_sum_f64.cpp
-- Generating /home/yelkhamr/dark-factory/rocm-systems/projects/rccl/build/release/hipify/gensrc/reduce_scatter_sum_bf16.cpp
-- Generating /home/yelkhamr/dark-factory/rocm-systems/projects/rccl/build/release/hipify/gensrc/reduce_scatter_sum_f8e4m3.cpp
-- Generating /home/yelkhamr/dark-factory/rocm-systems/projects/rccl/build/release/hipify/gensrc/reduce_scatter_sum_f8e5m2.cpp
-- Generating /home/yelkhamr/dark-factory/rocm-systems/projects/rccl/build/release/hipify/gensrc/reduce_scatter_prod_u8.cpp
-- Generating /home/yelkhamr/dark-factory/rocm-systems/projects/rccl/build/release/hipify/gensrc/reduce_scatter_prod_u32.cpp
-- Generating /home/yelkhamr/dark-factory/rocm-systems/projects/rccl/build/release/hipify/gensrc/reduce_scatter_prod_u64.cpp
-- Generating /home/yelkhamr/dark-factory/rocm-systems/projects/rccl/build/release/hipify/gensrc/reduce_scatter_prod_f16.cpp
-- Generating /home/yelkhamr/dark-factory/rocm-systems/projects/rccl/build/release/hipify/gensrc/reduce_scatter_prod_f32.cpp
-- Generating /home/yelkhamr/dark-factory/rocm-systems/projects/rccl/build/release/hipify/gensrc/reduce_scatter_prod_f64.cpp
-- Generating /home/yelkhamr/dark-factory/rocm-systems/projects/rccl/build/release/hipify/gensrc/reduce_scatter_prod_bf16.cpp
-- Generating /home/yelkhamr/dark-factory/rocm-systems/projects/rccl/build/release/hipify/gensrc/reduce_scatter_prod_f8e4m3.cpp
-- Generating /home/yelkhamr/dark-factory/rocm-systems/projects/rccl/build/release/hipify/gensrc/reduce_scatter_prod_f8e5m2.cpp
-- Generating /home/yelkhamr/dark-factory/rocm-systems/projects/rccl/build/release/hipify/gensrc/reduce_scatter_minmax_u8.cpp
-- Generating /home/yelkhamr/dark-factory/rocm-systems/projects/rccl/build/release/hipify/gensrc/reduce_scatter_minmax_u32.cpp
-- Generating /home/yelkhamr/dark-factory/rocm-systems/projects/rccl/build/release/hipify/gensrc/reduce_scatter_minmax_u64.cpp
-- Generating /home/yelkhamr/dark-factory/rocm-systems/projects/rccl/build/release/hipify/gensrc/reduce_scatter_minmax_f16.cpp
-- Generating /home/yelkhamr/dark-factory/rocm-systems/projects/rccl/build/release/hipify/gensrc/reduce_scatter_minmax_f32.cpp
-- Generating /home/yelkhamr/dark-factory/rocm-systems/projects/rccl/build/release/hipify/gensrc/reduce_scatter_minmax_f64.cpp
-- Generating /home/yelkhamr/dark-factory/rocm-systems/projects/rccl/build/release/hipify/gensrc/reduce_scatter_minmax_bf16.cpp
-- Generating /home/yelkhamr/dark-factory/rocm-systems/projects/rccl/build/release/hipify/gensrc/reduce_scatter_minmax_f8e4m3.cpp
-- Generating /home/yelkhamr/dark-factory/rocm-systems/projects/rccl/build/release/hipify/gensrc/reduce_scatter_minmax_f8e5m2.cpp
-- Generating /home/yelkhamr/dark-factory/rocm-systems/projects/rccl/build/release/hipify/gensrc/reduce_scatter_premulsum_u8.cpp
-- Generating /home/yelkhamr/dark-factory/rocm-systems/projects/rccl/build/release/hipify/gensrc/reduce_scatter_premulsum_u32.cpp
-- Generating /home/yelkhamr/dark-factory/rocm-systems/projects/rccl/build/release/hipify/gensrc/reduce_scatter_premulsum_u64.cpp
-- Generating /home/yelkhamr/dark-factory/rocm-systems/projects/rccl/build/release/hipify/gensrc/reduce_scatter_premulsum_f16.cpp
-- Generating /home/yelkhamr/dark-factory/rocm-systems/projects/rccl/build/release/hipify/gensrc/reduce_scatter_premulsum_f32.cpp
-- Generating /home/yelkhamr/dark-factory/rocm-systems/projects/rccl/build/release/hipify/gensrc/reduce_scatter_premulsum_f64.cpp
-- Generating /home/yelkhamr/dark-factory/rocm-systems/projects/rccl/build/release/hipify/gensrc/reduce_scatter_premulsum_bf16.cpp
-- Generating /home/yelkhamr/dark-factory/rocm-systems/projects/rccl/build/release/hipify/gensrc/reduce_scatter_premulsum_f8e4m3.cpp
-- Generating /home/yelkhamr/dark-factory/rocm-systems/projects/rccl/build/release/hipify/gensrc/reduce_scatter_premulsum_f8e5m2.cpp
-- Generating /home/yelkhamr/dark-factory/rocm-systems/projects/rccl/build/release/hipify/gensrc/reduce_scatter_sumpostdiv_u8.cpp
-- Generating /home/yelkhamr/dark-factory/rocm-systems/projects/rccl/build/release/hipify/gensrc/reduce_scatter_sumpostdiv_u32.cpp
-- Generating /home/yelkhamr/dark-factory/rocm-systems/projects/rccl/build/release/hipify/gensrc/reduce_scatter_sumpostdiv_u64.cpp
-- Generating /home/yelkhamr/dark-factory/rocm-systems/projects/rccl/build/release/hipify/gensrc/all_reduce_sum_u8.cpp
-- Generating /home/yelkhamr/dark-factory/rocm-systems/projects/rccl/build/release/hipify/gensrc/all_reduce_sum_u32.cpp
-- Generating /home/yelkhamr/dark-factory/rocm-systems/projects/rccl/build/release/hipify/gensrc/all_reduce_sum_u64.cpp
-- Generating /home/yelkhamr/dark-factory/rocm-systems/projects/rccl/build/release/hipify/gensrc/all_reduce_sum_f16.cpp
-- Generating /home/yelkhamr/dark-factory/rocm-systems/projects/rccl/build/release/hipify/gensrc/all_reduce_sum_f32.cpp
-- Generating /home/yelkhamr/dark-factory/rocm-systems/projects/rccl/build/release/hipify/gensrc/all_reduce_sum_f64.cpp
-- Generating /home/yelkhamr/dark-factory/rocm-systems/projects/rccl/build/release/hipify/gensrc/all_reduce_sum_bf16.cpp
-- Generating /home/yelkhamr/dark-factory/rocm-systems/projects/rccl/build/release/hipify/gensrc/all_reduce_sum_f8e4m3.cpp
-- Generating /home/yelkhamr/dark-factory/rocm-systems/projects/rccl/build/release/hipify/gensrc/all_reduce_sum_f8e5m2.cpp
-- Generating /home/yelkhamr/dark-factory/rocm-systems/projects/rccl/build/release/hipify/gensrc/all_reduce_prod_u8.cpp
-- Generating /home/yelkhamr/dark-factory/rocm-systems/projects/rccl/build/release/hipify/gensrc/all_reduce_prod_u32.cpp
-- Generating /home/yelkhamr/dark-factory/rocm-systems/projects/rccl/build/release/hipify/gensrc/all_reduce_prod_u64.cpp
-- Generating /home/yelkhamr/dark-factory/rocm-systems/projects/rccl/build/release/hipify/gensrc/all_reduce_prod_f16.cpp
-- Generating /home/yelkhamr/dark-factory/rocm-systems/projects/rccl/build/release/hipify/gensrc/all_reduce_prod_f32.cpp
-- Generating /home/yelkhamr/dark-factory/rocm-systems/projects/rccl/build/release/hipify/gensrc/all_reduce_prod_f64.cpp
-- Generating /home/yelkhamr/dark-factory/rocm-systems/projects/rccl/build/release/hipify/gensrc/all_reduce_prod_bf16.cpp
-- Generating /home/yelkhamr/dark-factory/rocm-systems/projects/rccl/build/release/hipify/gensrc/all_reduce_prod_f8e4m3.cpp
-- Generating /home/yelkhamr/dark-factory/rocm-systems/projects/rccl/build/release/hipify/gensrc/all_reduce_prod_f8e5m2.cpp
-- Generating /home/yelkhamr/dark-factory/rocm-systems/projects/rccl/build/release/hipify/gensrc/all_reduce_minmax_u8.cpp
-- Generating /home/yelkhamr/dark-factory/rocm-systems/projects/rccl/build/release/hipify/gensrc/all_reduce_minmax_u32.cpp
-- Generating /home/yelkhamr/dark-factory/rocm-systems/projects/rccl/build/release/hipify/gensrc/all_reduce_minmax_u64.cpp
-- Generating /home/yelkhamr/dark-factory/rocm-systems/projects/rccl/build/release/hipify/gensrc/all_reduce_minmax_f16.cpp
-- Generating /home/yelkhamr/dark-factory/rocm-systems/projects/rccl/build/release/hipify/gensrc/all_reduce_minmax_f32.cpp
-- Generating /home/yelkhamr/dark-factory/rocm-systems/projects/rccl/build/release/hipify/gensrc/all_reduce_minmax_f64.cpp
-- Generating /home/yelkhamr/dark-factory/rocm-systems/projects/rccl/build/release/hipify/gensrc/all_reduce_minmax_bf16.cpp
-- Generating /home/yelkhamr/dark-factory/rocm-systems/projects/rccl/build/release/hipify/gensrc/all_reduce_minmax_f8e4m3.cpp
-- Generating /home/yelkhamr/dark-factory/rocm-systems/projects/rccl/build/release/hipify/gensrc/all_reduce_minmax_f8e5m2.cpp
-- Generating /home/yelkhamr/dark-factory/rocm-systems/projects/rccl/build/release/hipify/gensrc/all_reduce_premulsum_u8.cpp
-- Generating /home/yelkhamr/dark-factory/rocm-systems/projects/rccl/build/release/hipify/gensrc/all_reduce_premulsum_u32.cpp
-- Generating /home/yelkhamr/dark-factory/rocm-systems/projects/rccl/build/release/hipify/gensrc/all_reduce_premulsum_u64.cpp
-- Generating /home/yelkhamr/dark-factory/rocm-systems/projects/rccl/build/release/hipify/gensrc/all_reduce_premulsum_f16.cpp
-- Generating /home/yelkhamr/dark-factory/rocm-systems/projects/rccl/build/release/hipify/gensrc/all_reduce_premulsum_f32.cpp
-- Generating /home/yelkhamr/dark-factory/rocm-systems/projects/rccl/build/release/hipify/gensrc/all_reduce_premulsum_f64.cpp
-- Generating /home/yelkhamr/dark-factory/rocm-systems/projects/rccl/build/release/hipify/gensrc/all_reduce_premulsum_bf16.cpp
-- Generating /home/yelkhamr/dark-factory/rocm-systems/projects/rccl/build/release/hipify/gensrc/all_reduce_premulsum_f8e4m3.cpp
-- Generating /home/yelkhamr/dark-factory/rocm-systems/projects/rccl/build/release/hipify/gensrc/all_reduce_premulsum_f8e5m2.cpp
-- Generating /home/yelkhamr/dark-factory/rocm-systems/projects/rccl/build/release/hipify/gensrc/all_reduce_sumpostdiv_u8.cpp
-- Generating /home/yelkhamr/dark-factory/rocm-systems/projects/rccl/build/release/hipify/gensrc/all_reduce_sumpostdiv_u32.cpp
-- Generating /home/yelkhamr/dark-factory/rocm-systems/projects/rccl/build/release/hipify/gensrc/all_reduce_sumpostdiv_u64.cpp
-- Generating /home/yelkhamr/dark-factory/rocm-systems/projects/rccl/build/release/hipify/gensrc/sendrecv_sum_i8.cpp
-- Generating /home/yelkhamr/dark-factory/rocm-systems/projects/rccl/build/release/hipify/gensrc/alltoall_pivot_sum_i8.cpp
-- Generated 1660 specialized kernel files in /home/yelkhamr/dark-factory/rocm-systems/projects/rccl/build/release/hipify/gensrc/specialized
-- Generating /home/yelkhamr/dark-factory/rocm-systems/projects/rccl/build/release/hipify/gensrc/symmetric/all_gather.cpp
-- Generating /home/yelkhamr/dark-factory/rocm-systems/projects/rccl/build/release/hipify/gensrc/symmetric/all_reduce_sum_f32.cpp
-- Generating /home/yelkhamr/dark-factory/rocm-systems/projects/rccl/build/release/hipify/gensrc/symmetric/reduce_scatter_sum_f32.cpp
-- Generating /home/yelkhamr/dark-factory/rocm-systems/projects/rccl/build/release/hipify/gensrc/symmetric/reduce_scatter_gin_sum_f32.cpp
-- Generating /home/yelkhamr/dark-factory/rocm-systems/projects/rccl/build/release/hipify/gensrc/symmetric/all_reduce_sum_f16.cpp
-- Generating /home/yelkhamr/dark-factory/rocm-systems/projects/rccl/build/release/hipify/gensrc/symmetric/reduce_scatter_sum_f16.cpp
-- Generating /home/yelkhamr/dark-factory/rocm-systems/projects/rccl/build/release/hipify/gensrc/symmetric/reduce_scatter_gin_sum_f16.cpp
-- Generating /home/yelkhamr/dark-factory/rocm-systems/projects/rccl/build/release/hipify/gensrc/symmetric/all_reduce_sum_bf16.cpp
-- Generating /home/yelkhamr/dark-factory/rocm-systems/projects/rccl/build/release/hipify/gensrc/symmetric/reduce_scatter_sum_bf16.cpp
-- Generating /home/yelkhamr/dark-factory/rocm-systems/projects/rccl/build/release/hipify/gensrc/symmetric/reduce_scatter_gin_sum_bf16.cpp
-- Generating /home/yelkhamr/dark-factory/rocm-systems/projects/rccl/build/release/hipify/gensrc/symmetric/all_reduce_sum_f8e4m3.cpp
-- Generating /home/yelkhamr/dark-factory/rocm-systems/projects/rccl/build/release/hipify/gensrc/symmetric/reduce_scatter_sum_f8e4m3.cpp
-- Generating /home/yelkhamr/dark-factory/rocm-systems/projects/rccl/build/release/hipify/gensrc/symmetric/reduce_scatter_gin_sum_f8e4m3.cpp
-- Generating /home/yelkhamr/dark-factory/rocm-systems/projects/rccl/build/release/hipify/gensrc/symmetric/all_reduce_sum_f8e5m2.cpp
-- Generating /home/yelkhamr/dark-factory/rocm-systems/projects/rccl/build/release/hipify/gensrc/symmetric/reduce_scatter_sum_f8e5m2.cpp
-- Generating /home/yelkhamr/dark-factory/rocm-systems/projects/rccl/build/release/hipify/gensrc/symmetric/reduce_scatter_gin_sum_f8e5m2.cpp
-- Generating /home/yelkhamr/dark-factory/rocm-systems/projects/rccl/build/release/hipify/gensrc/symmetric/reduce_scatter_avg_f32.cpp
-- Generating /home/yelkhamr/dark-factory/rocm-systems/projects/rccl/build/release/hipify/gensrc/symmetric/reduce_scatter_gin_avg_f32.cpp
-- Generating /home/yelkhamr/dark-factory/rocm-systems/projects/rccl/build/release/hipify/gensrc/symmetric/reduce_scatter_avg_f16.cpp
-- Generating /home/yelkhamr/dark-factory/rocm-systems/projects/rccl/build/release/hipify/gensrc/symmetric/reduce_scatter_gin_avg_f16.cpp
-- Generating /home/yelkhamr/dark-factory/rocm-systems/projects/rccl/build/release/hipify/gensrc/symmetric/reduce_scatter_avg_bf16.cpp
-- Generating /home/yelkhamr/dark-factory/rocm-systems/projects/rccl/build/release/hipify/gensrc/symmetric/reduce_scatter_gin_avg_bf16.cpp
-- Generating /home/yelkhamr/dark-factory/rocm-systems/projects/rccl/build/release/hipify/gensrc/symmetric/reduce_scatter_avg_f8e4m3.cpp
-- Generating /home/yelkhamr/dark-factory/rocm-systems/projects/rccl/build/release/hipify/gensrc/symmetric/reduce_scatter_gin_avg_f8e4m3.cpp
-- Generating /home/yelkhamr/dark-factory/rocm-systems/projects/rccl/build/release/hipify/gensrc/symmetric/reduce_scatter_avg_f8e5m2.cpp
-- Generating /home/yelkhamr/dark-factory/rocm-systems/projects/rccl/build/release/hipify/gensrc/symmetric/reduce_scatter_gin_avg_f8e5m2.cpp
-- Generating /home/yelkhamr/dark-factory/rocm-systems/projects/rccl/build/release/hipify/gensrc/symmetric/all_reduce.cpp
-- Generating /home/yelkhamr/dark-factory/rocm-systems/projects/rccl/build/release/hipify/gensrc/symmetric/reduce_scatter.cpp
-- Generating /home/yelkhamr/dark-factory/rocm-systems/projects/rccl/build/release/hipify/gensrc/symmetric/symmetric_kernels.cc
-- Device Linker: filtered HIP_SOURCES (removed device .cpp under gensrc/ + subdirs, common.cu, onerank.cu, collectives.cc, dda_all_reduce_ipc.cu.cpp, dda_reduce_scatter_ipc.cu.cpp, dda_all_gather_ipc.cu.cpp, dda_alltoall_ipc.cu.cpp)
-- HIP_VMM_UNCACHED_MEMORY disabled
-- HIP_CONTIGUOUS_MEMORY enabled
-- HIP_UNCACHED_MEMORY enabled
-- HIP_HOST_UNCACHED_MEMORY enabled
-- hipMemFabricHandle_t type not found - disabling HIP_FABRIC_API
-- RCCL_CUMEM_DMABUF_EXPORT_SUPPORTED compile definition enabled
-- --offload-compress enabled - ROCm version >= 6.2.0
-- Fault injection enabled
-- Found rocprofiler-register: /opt/rocm (found version "0.5.0")  
-- Device Linker: assembly-extract pipeline enabled (RCCLDEV language)
-- RCCLDEV compiler works: /home/yelkhamr/dark-factory/rocm-systems/projects/rccl/tools/rccl-device-compile
-- Device Linker: no --hip-path/--hip-device-lib-path in CMAKE_CXX_FLAGS (standard ROCm install)
-- Device Linker: GPU targets = gfx950
-- Device Linker: 1660 specialized kernels
-- Use 16 jobs for linking
-- RCCL: .hip_fatbin will be placed at end of librccl.so (/home/yelkhamr/dark-factory/rocm-systems/projects/rccl/cmake/linker_scripts/hip_fatbin_tail.ld)
-- Building shared RCCL library
Building rccl RAS client executable
-- rocm-cmake: Set license file to /home/yelkhamr/dark-factory/rocm-systems/projects/rccl/LICENSE.txt.
-- Configuring done
-- Generating done
-- Build files have been written to: /home/yelkhamr/dark-factory/rocm-systems/projects/rccl/build/release
[  1%] Updating git version information
[  1%] Building CXX object _deps/fmt-build/CMakeFiles/fmt.dir/src/format.cc.o
[  1%] Building CXX object _deps/fmt-build/CMakeFiles/fmt.dir/src/os.cc.o
[  1%] Hipifying src/transport/net_ib/gin.h -> /home/yelkhamr/dark-factory/rocm-systems/projects/rccl/build/release/hipify/src/transport/net_ib/gin_tmp.h
[  1%] Hipifying src/transport/net_ib/p2p.h -> /home/yelkhamr/dark-factory/rocm-systems/projects/rccl/build/release/hipify/src/transport/net_ib/p2p_tmp.h
[  1%] Hipifying src/transport/net_ib/common.h -> /home/yelkhamr/dark-factory/rocm-systems/projects/rccl/build/release/hipify/src/transport/net_ib/common_tmp.h
[  1%] Hipifying src/channel.cc -> /home/yelkhamr/dark-factory/rocm-systems/projects/rccl/build/release/hipify/src/channel.cc
[  1%] Hipifying src/allocator.cc -> /home/yelkhamr/dark-factory/rocm-systems/projects/rccl/build/release/hipify/src/allocator.cc
[  1%] Hipifying src/ce_coll.cc -> /home/yelkhamr/dark-factory/rocm-systems/projects/rccl/build/release/hipify/src/ce_coll.cc
[  1%] Hipifying src/collectives.cc -> /home/yelkhamr/dark-factory/rocm-systems/projects/rccl/build/release/hipify/src/collectives.cc
[  1%] Hipifying src/dda_all_reduce_ipc.cu -> /home/yelkhamr/dark-factory/rocm-systems/projects/rccl/build/release/hipify/src/dda_all_reduce_ipc.cu.cpp
[  1%] Hipifying src/dda_all_gather_ipc.cu -> /home/yelkhamr/dark-factory/rocm-systems/projects/rccl/build/release/hipify/src/dda_all_gather_ipc.cu.cpp
[  1%] Hipifying src/bootstrap.cc -> /home/yelkhamr/dark-factory/rocm-systems/projects/rccl/build/release/hipify/src/bootstrap.cc
[  1%] Hipifying src/dda_alltoall_ipc.cu -> /home/yelkhamr/dark-factory/rocm-systems/projects/rccl/build/release/hipify/src/dda_alltoall_ipc.cu.cpp
[  1%] Hipifying src/devcomm/devcomm_v22902.cc -> /home/yelkhamr/dark-factory/rocm-systems/projects/rccl/build/release/hipify/src/devcomm/devcomm_v22902.cc
[  1%] Hipifying src/debug.cc -> /home/yelkhamr/dark-factory/rocm-systems/projects/rccl/build/release/hipify/src/debug.cc
[  1%] Hipifying src/dda_reduce_scatter_ipc.cu -> /home/yelkhamr/dark-factory/rocm-systems/projects/rccl/build/release/hipify/src/dda_reduce_scatter_ipc.cu.cpp
[  1%] Hipifying src/dev_runtime.cc -> /home/yelkhamr/dark-factory/rocm-systems/projects/rccl/build/release/hipify/src/dev_runtime.cc
[  1%] Hipifying src/commDump.cc -> /home/yelkhamr/dark-factory/rocm-systems/projects/rccl/build/release/hipify/src/commDump.cc
[  1%] Hipifying src/devcomm/devcomm_v22902.h -> /home/yelkhamr/dark-factory/rocm-systems/projects/rccl/build/release/hipify/src/devcomm/devcomm_v22902.h
[  1%] Hipifying src/device/all_gather.h -> /home/yelkhamr/dark-factory/rocm-systems/projects/rccl/build/release/hipify/src/device/all_gather.h
[  1%] Hipifying src/devcomm/devcomm_v22907.cc -> /home/yelkhamr/dark-factory/rocm-systems/projects/rccl/build/release/hipify/src/devcomm/devcomm_v22907.cc
[  1%] Hipifying src/device/alltoall_pivot.h -> /home/yelkhamr/dark-factory/rocm-systems/projects/rccl/build/release/hipify/src/device/alltoall_pivot.h
[  1%] Hipifying src/devcomm/devcomm_v23000.cc -> /home/yelkhamr/dark-factory/rocm-systems/projects/rccl/build/release/hipify/src/devcomm/devcomm_v23000.cc
[  1%] Hipifying src/device/all_reduce.h -> /home/yelkhamr/dark-factory/rocm-systems/projects/rccl/build/release/hipify/src/device/all_reduce.h
[  1%] Hipifying src/device/alltoall_gda.h -> /home/yelkhamr/dark-factory/rocm-systems/projects/rccl/build/release/hipify/src/device/alltoall_gda.h
[  1%] Hipifying src/device/alltoallv_gda.h -> /home/yelkhamr/dark-factory/rocm-systems/projects/rccl/build/release/hipify/src/device/alltoallv_gda.h
[  1%] Hipifying src/device/common.cu -> /home/yelkhamr/dark-factory/rocm-systems/projects/rccl/build/release/hipify/src/device/common.cu.cpp
[  1%] Hipifying src/device/broadcast.h -> /home/yelkhamr/dark-factory/rocm-systems/projects/rccl/build/release/hipify/src/device/broadcast.h
[  1%] Hipifying src/device/common_kernel.h -> /home/yelkhamr/dark-factory/rocm-systems/projects/rccl/build/release/hipify/src/device/common_kernel.h
[  1%] Hipifying src/device/common.h -> /home/yelkhamr/dark-factory/rocm-systems/projects/rccl/build/release/hipify/src/device/common.h
[  1%] Hipifying src/device/network/unpack/unpack.h -> /home/yelkhamr/dark-factory/rocm-systems/projects/rccl/build/release/hipify/src/device/network/unpack/unpack.h
[  1%] Hipifying src/device/hierarchical_ag_shuffle.h -> /home/yelkhamr/dark-factory/rocm-systems/projects/rccl/build/release/hipify/src/device/hierarchical_ag_shuffle.h
[  1%] Hipifying src/device/network/unpack/unpack_defs.h -> /home/yelkhamr/dark-factory/rocm-systems/projects/rccl/build/release/hipify/src/device/network/unpack/unpack_defs.h
[  1%] Hipifying src/device/onerank.cu -> /home/yelkhamr/dark-factory/rocm-systems/projects/rccl/build/release/hipify/src/device/onerank.cu.cpp
[  1%] Hipifying src/device/prims_ll.h -> /home/yelkhamr/dark-factory/rocm-systems/projects/rccl/build/release/hipify/src/device/prims_ll.h
[  3%] Hipifying src/device/op128.h -> /home/yelkhamr/dark-factory/rocm-systems/projects/rccl/build/release/hipify/src/device/op128.h
-- Updating git_version.cpp
[  3%] Hipifying src/device/primitives.h -> /home/yelkhamr/dark-factory/rocm-systems/projects/rccl/build/release/hipify/src/device/primitives.h
[  3%] Hipifying src/device/reduce.h -> /home/yelkhamr/dark-factory/rocm-systems/projects/rccl/build/release/hipify/src/device/reduce.h
[  3%] Hipifying src/device/prims_ll128.h -> /home/yelkhamr/dark-factory/rocm-systems/projects/rccl/build/release/hipify/src/device/prims_ll128.h
[  3%] Hipifying src/device/rccl_metadata.h -> /home/yelkhamr/dark-factory/rocm-systems/projects/rccl/build/release/hipify/src/device/rccl_metadata.h
[  3%] Hipifying src/device/prims_simple.h -> /home/yelkhamr/dark-factory/rocm-systems/projects/rccl/build/release/hipify/src/device/prims_simple.h
[  3%] Hipifying src/device/reduce_kernel.h -> /home/yelkhamr/dark-factory/rocm-systems/projects/rccl/build/release/hipify/src/device/reduce_kernel.h
[  3%] Hipifying src/device/symmetric/all_gather_gin.cuh -> /home/yelkhamr/dark-factory/rocm-systems/projects/rccl/build/release/hipify/src/device/symmetric/all_gather_gin.h
[  3%] Hipifying src/device/sendrecv.h -> /home/yelkhamr/dark-factory/rocm-systems/projects/rccl/build/release/hipify/src/device/sendrecv.h
[  3%] Hipifying src/device/symmetric/data_ops.cuh -> /home/yelkhamr/dark-factory/rocm-systems/projects/rccl/build/release/hipify/src/device/symmetric/data_ops.h
[  3%] Hipifying src/device/reduce_scatter.h -> /home/yelkhamr/dark-factory/rocm-systems/projects/rccl/build/release/hipify/src/device/reduce_scatter.h
[  3%] Hipifying src/device/symmetric/all_reduce.cuh -> /home/yelkhamr/dark-factory/rocm-systems/projects/rccl/build/release/hipify/src/device/symmetric/all_reduce.h
[  3%] Hipifying src/device/symmetric/all_gather.cuh -> /home/yelkhamr/dark-factory/rocm-systems/projects/rccl/build/release/hipify/src/device/symmetric/all_gather.h
[  3%] Hipifying src/device/symmetric/gin_scratch.h -> /home/yelkhamr/dark-factory/rocm-systems/projects/rccl/build/release/hipify/src/device/symmetric/gin_scratch.h
[  3%] Hipifying src/device/symmetric/gin_scratch__funcs.h -> /home/yelkhamr/dark-factory/rocm-systems/projects/rccl/build/release/hipify/src/device/symmetric/gin_scratch__funcs.h
[  3%] Hipifying src/device/symmetric/kernel.cuh -> /home/yelkhamr/dark-factory/rocm-systems/projects/rccl/build/release/hipify/src/device/symmetric/kernel.h
[  3%] Hipifying src/device/symmetric/gin_scratch__types.h -> /home/yelkhamr/dark-factory/rocm-systems/projects/rccl/build/release/hipify/src/device/symmetric/gin_scratch__types.h
[  3%] Built target update_git_version
[  3%] Hipifying src/device/symmetric/primitives.cuh -> /home/yelkhamr/dark-factory/rocm-systems/projects/rccl/build/release/hipify/src/device/symmetric/primitives.h
[  3%] Hipifying src/device/symmetric/reduce_scatter.cuh -> /home/yelkhamr/dark-factory/rocm-systems/projects/rccl/build/release/hipify/src/device/symmetric/reduce_scatter.h
[  3%] Hipifying src/device/symmetric/reduce_scatter_gin.cuh -> /home/yelkhamr/dark-factory/rocm-systems/projects/rccl/build/release/hipify/src/device/symmetric/reduce_scatter_gin.h
[  3%] Hipifying src/enqueue.cc -> /home/yelkhamr/dark-factory/rocm-systems/projects/rccl/build/release/hipify/src/enqueue.cc
[  3%] Hipifying src/device_buffer.cc -> /home/yelkhamr/dark-factory/rocm-systems/projects/rccl/build/release/hipify/src/device_buffer.cc
[  3%] Hipifying src/device/symmetric/tma_ptx.cuh -> /home/yelkhamr/dark-factory/rocm-systems/projects/rccl/build/release/hipify/src/device/symmetric/tma_ptx.h
[  3%] Hipifying src/gin/gin_host.cc -> /home/yelkhamr/dark-factory/rocm-systems/projects/rccl/build/release/hipify/src/gin/gin_host.cc
[  3%] Hipifying src/graph/paths.cc -> /home/yelkhamr/dark-factory/rocm-systems/projects/rccl/build/release/hipify/src/graph/paths.cc
[  3%] Hipifying src/gin/gin_host_proxy.cc -> /home/yelkhamr/dark-factory/rocm-systems/projects/rccl/build/release/hipify/src/gin/gin_host_proxy.cc
[  3%] Hipifying src/graph/rome_models.cc -> /home/yelkhamr/dark-factory/rocm-systems/projects/rccl/build/release/hipify/src/graph/rome_models.cc
[  3%] Hipifying src/graph/rings.cc -> /home/yelkhamr/dark-factory/rocm-systems/projects/rccl/build/release/hipify/src/graph/rings.cc
[  3%] Hipifying src/graph/rings.h -> /home/yelkhamr/dark-factory/rocm-systems/projects/rccl/build/release/hipify/src/graph/rings.h
[  3%] Hipifying src/graph/connect.cc -> /home/yelkhamr/dark-factory/rocm-systems/projects/rccl/build/release/hipify/src/graph/connect.cc
[  3%] Hipifying src/graph/rome_topo_consensus.h -> /home/yelkhamr/dark-factory/rocm-systems/projects/rccl/build/release/hipify/src/graph/rome_topo_consensus.h
[  3%] Hipifying src/graph/rome_topo_consensus.cc -> /home/yelkhamr/dark-factory/rocm-systems/projects/rccl/build/release/hipify/src/graph/rome_topo_consensus.cc
[  3%] Hipifying src/graph/rome_models.h -> /home/yelkhamr/dark-factory/rocm-systems/projects/rccl/build/release/hipify/src/graph/rome_models.h
[  3%] Hipifying src/graph/topo.h -> /home/yelkhamr/dark-factory/rocm-systems/projects/rccl/build/release/hipify/src/graph/topo.h
[  3%] Hipifying src/graph/search.cc -> /home/yelkhamr/dark-factory/rocm-systems/projects/rccl/build/release/hipify/src/graph/search.cc
[  3%] Hipifying src/graph/topo.cc -> /home/yelkhamr/dark-factory/rocm-systems/projects/rccl/build/release/hipify/src/graph/topo.cc
[  3%] Hipifying src/graph/tuning.cc -> /home/yelkhamr/dark-factory/rocm-systems/projects/rccl/build/release/hipify/src/graph/tuning.cc
[  3%] Hipifying src/graph/trees.cc -> /home/yelkhamr/dark-factory/rocm-systems/projects/rccl/build/release/hipify/src/graph/trees.cc
[  3%] Hipifying src/graph/xml.h -> /home/yelkhamr/dark-factory/rocm-systems/projects/rccl/build/release/hipify/src/graph/xml.h
[  3%] Hipifying src/graph/xml.cc -> /home/yelkhamr/dark-factory/rocm-systems/projects/rccl/build/release/hipify/src/graph/xml.cc
[  3%] Hipifying src/group.cc -> /home/yelkhamr/dark-factory/rocm-systems/projects/rccl/build/release/hipify/src/group.cc
[  3%] Hipifying src/include/BfdBacktrace.hpp -> /home/yelkhamr/dark-factory/rocm-systems/projects/rccl/build/release/hipify/src/include/BfdBacktrace.hpp
[  3%] Hipifying src/include/algorithms/CollCommon.h -> /home/yelkhamr/dark-factory/rocm-systems/projects/rccl/build/release/hipify/src/include/algorithms/CollCommon.h
[  4%] Hipifying src/include/algorithms/all_gather/all_gather_dda.h -> /home/yelkhamr/dark-factory/rocm-systems/projects/rccl/build/release/hipify/src/include/algorithms/all_gather/all_gather_dda.h
[  4%] Hipifying src/include/algorithms/all_reduce/all_reduce_dda.h -> /home/yelkhamr/dark-factory/rocm-systems/projects/rccl/build/release/hipify/src/include/algorithms/all_reduce/all_reduce_dda.h
[  4%] Hipifying src/include/algorithms/reduce_scatter/reduce_scatter_dda.h -> /home/yelkhamr/dark-factory/rocm-systems/projects/rccl/build/release/hipify/src/include/algorithms/reduce_scatter/reduce_scatter_dda.h
[  4%] Hipifying src/include/alloc.h -> /home/yelkhamr/dark-factory/rocm-systems/projects/rccl/build/release/hipify/src/include/alloc.h
[  4%] Hipifying src/include/amdsmi_wrap.h -> /home/yelkhamr/dark-factory/rocm-systems/projects/rccl/build/release/hipify/src/include/amdsmi_wrap.h
[  4%] Hipifying src/include/algorithms/alltoall/alltoall_dda.h -> /home/yelkhamr/dark-factory/rocm-systems/projects/rccl/build/release/hipify/src/include/algorithms/alltoall/alltoall_dda.h
[  4%] Hipifying src/include/alt_rsmi.h -> /home/yelkhamr/dark-factory/rocm-systems/projects/rccl/build/release/hipify/src/include/alt_rsmi.h
[  4%] Hipifying src/include/archinfo.h -> /home/yelkhamr/dark-factory/rocm-systems/projects/rccl/build/release/hipify/src/include/archinfo.h
[  4%] Hipifying src/include/allocator.h -> /home/yelkhamr/dark-factory/rocm-systems/projects/rccl/build/release/hipify/src/include/allocator.h
[  4%] Hipifying src/include/api_trace.h -> /home/yelkhamr/dark-factory/rocm-systems/projects/rccl/build/release/hipify/src/include/api_trace.h
[  4%] Hipifying src/include/bootstrap.h -> /home/yelkhamr/dark-factory/rocm-systems/projects/rccl/build/release/hipify/src/include/bootstrap.h
[  4%] Hipifying src/include/bitops.h -> /home/yelkhamr/dark-factory/rocm-systems/projects/rccl/build/release/hipify/src/include/bitops.h
[  4%] Hipifying src/include/ce_fault_inject.h -> /home/yelkhamr/dark-factory/rocm-systems/projects/rccl/build/release/hipify/src/include/ce_fault_inject.h
[  4%] Hipifying src/include/ce_coll.h -> /home/yelkhamr/dark-factory/rocm-systems/projects/rccl/build/release/hipify/src/include/ce_coll.h
[  4%] Hipifying src/include/argcheck.h -> /home/yelkhamr/dark-factory/rocm-systems/projects/rccl/build/release/hipify/src/include/argcheck.h
[  4%] Hipifying src/include/channel.h -> /home/yelkhamr/dark-factory/rocm-systems/projects/rccl/build/release/hipify/src/include/channel.h
[  4%] Hipifying src/include/coll_net.h -> /home/yelkhamr/dark-factory/rocm-systems/projects/rccl/build/release/hipify/src/include/coll_net.h
[  4%] Hipifying src/include/collectives.h -> /home/yelkhamr/dark-factory/rocm-systems/projects/rccl/build/release/hipify/src/include/collectives.h
[  4%] Hipifying src/include/checks.h -> /home/yelkhamr/dark-factory/rocm-systems/projects/rccl/build/release/hipify/src/include/checks.h
[  4%] Hipifying src/include/comm.h -> /home/yelkhamr/dark-factory/rocm-systems/projects/rccl/build/release/hipify/src/include/comm.h
[  4%] Hipifying src/include/compiler/msvc.h -> /home/yelkhamr/dark-factory/rocm-systems/projects/rccl/build/release/hipify/src/include/compiler/msvc.h
[  4%] Hipifying src/include/core.h -> /home/yelkhamr/dark-factory/rocm-systems/projects/rccl/build/release/hipify/src/include/core.h
[  4%] Hipifying src/include/compiler.h -> /home/yelkhamr/dark-factory/rocm-systems/projects/rccl/build/release/hipify/src/include/compiler.h
[  4%] Hipifying src/include/device.h -> /home/yelkhamr/dark-factory/rocm-systems/projects/rccl/build/release/hipify/src/include/device.h
[  4%] Hipifying src/include/compiler/gcc.h -> /home/yelkhamr/dark-factory/rocm-systems/projects/rccl/build/release/hipify/src/include/compiler/gcc.h
[  4%] Hipifying src/include/dev_runtime.h -> /home/yelkhamr/dark-factory/rocm-systems/projects/rccl/build/release/hipify/src/include/dev_runtime.h
[  4%] Hipifying src/include/debug.h -> /home/yelkhamr/dark-factory/rocm-systems/projects/rccl/build/release/hipify/src/include/debug.h
[  4%] Hipifying src/include/dda_alltoall_ipc.h -> /home/yelkhamr/dark-factory/rocm-systems/projects/rccl/build/release/hipify/src/include/dda_alltoall_ipc.h
[  4%] Hipifying src/include/env.h -> /home/yelkhamr/dark-factory/rocm-systems/projects/rccl/build/release/hipify/src/include/env.h
[  4%] Hipifying src/include/dda_reduce_scatter_ipc.h -> /home/yelkhamr/dark-factory/rocm-systems/projects/rccl/build/release/hipify/src/include/dda_reduce_scatter_ipc.h
[  4%] Hipifying src/include/dda_all_gather_ipc.h -> /home/yelkhamr/dark-factory/rocm-systems/projects/rccl/build/release/hipify/src/include/dda_all_gather_ipc.h
[  4%] Hipifying src/include/cudawrap.h -> /home/yelkhamr/dark-factory/rocm-systems/projects/rccl/build/release/hipify/src/include/cudawrap.h
[  4%] Hipifying src/include/dda_all_reduce_ipc.h -> /home/yelkhamr/dark-factory/rocm-systems/projects/rccl/build/release/hipify/src/include/dda_all_reduce_ipc.h
[  4%] Hipifying src/include/gin.h -> /home/yelkhamr/dark-factory/rocm-systems/projects/rccl/build/release/hipify/src/include/gin.h
[  4%] Hipifying src/include/cpuset.h -> /home/yelkhamr/dark-factory/rocm-systems/projects/rccl/build/release/hipify/src/include/cpuset.h
[  4%] Hipifying src/include/enqueue.h -> /home/yelkhamr/dark-factory/rocm-systems/projects/rccl/build/release/hipify/src/include/enqueue.h
[  4%] Hipifying src/include/gdrwrap.h -> /home/yelkhamr/dark-factory/rocm-systems/projects/rccl/build/release/hipify/src/include/gdrwrap.h
[  4%] Hipifying src/include/device_buffer.h -> /home/yelkhamr/dark-factory/rocm-systems/projects/rccl/build/release/hipify/src/include/device_buffer.h
[  4%] Hipifying src/include/gin/gin_host.h -> /home/yelkhamr/dark-factory/rocm-systems/projects/rccl/build/release/hipify/src/include/gin/gin_host.h
[  4%] Hipifying src/include/git_version.h -> /home/yelkhamr/dark-factory/rocm-systems/projects/rccl/build/release/hipify/src/include/git_version.h
[  4%] Hipifying src/include/gin/gin_host_proxy.h -> /home/yelkhamr/dark-factory/rocm-systems/projects/rccl/build/release/hipify/src/include/gin/gin_host_proxy.h
[  4%] Hipifying src/include/group.h -> /home/yelkhamr/dark-factory/rocm-systems/projects/rccl/build/release/hipify/src/include/group.h
[  4%] Hipifying src/include/ibvsymbols.h -> /home/yelkhamr/dark-factory/rocm-systems/projects/rccl/build/release/hipify/src/include/ibvsymbols.h
[  4%] Hipifying src/include/ibvcore.h -> /home/yelkhamr/dark-factory/rocm-systems/projects/rccl/build/release/hipify/src/include/ibvcore.h
[  4%] Hipifying src/include/hip_rocm_version_info.h -> /home/yelkhamr/dark-factory/rocm-systems/projects/rccl/build/release/hipify/src/include/hip_rocm_version_info.h
[  4%] Hipifying src/include/graph.h -> /home/yelkhamr/dark-factory/rocm-systems/projects/rccl/build/release/hipify/src/include/graph.h
[  4%] Hipifying src/include/ionic/ionicdvsymbols.h -> /home/yelkhamr/dark-factory/rocm-systems/projects/rccl/build/release/hipify/src/include/ionic/ionicdvsymbols.h
[  6%] Hipifying src/include/ionic/ionicdvcore.h -> /home/yelkhamr/dark-factory/rocm-systems/projects/rccl/build/release/hipify/src/include/ionic/ionicdvcore.h
[  6%] Hipifying src/include/ipc_gpu_barrier.h -> /home/yelkhamr/dark-factory/rocm-systems/projects/rccl/build/release/hipify/src/include/ipc_gpu_barrier.h
[  6%] Hipifying src/include/ibvwrap.h -> /home/yelkhamr/dark-factory/rocm-systems/projects/rccl/build/release/hipify/src/include/ibvwrap.h
[  6%] Hipifying src/include/info.h -> /home/yelkhamr/dark-factory/rocm-systems/projects/rccl/build/release/hipify/src/include/info.h
[  6%] Hipifying src/include/ipc_init.h -> /home/yelkhamr/dark-factory/rocm-systems/projects/rccl/build/release/hipify/src/include/ipc_init.h
[  6%] Symlinking net_ib/p2p_tmp.h -> p2p.h
[  6%] Hipifying src/include/ionic/ionicdvwrap.h -> /home/yelkhamr/dark-factory/rocm-systems/projects/rccl/build/release/hipify/src/include/ionic/ionicdvwrap.h
[  6%] Hipifying src/include/ipc_init_detail.h -> /home/yelkhamr/dark-factory/rocm-systems/projects/rccl/build/release/hipify/src/include/ipc_init_detail.h
[  6%] Hipifying src/include/ipc_mem_handler.h -> /home/yelkhamr/dark-factory/rocm-systems/projects/rccl/build/release/hipify/src/include/ipc_mem_handler.h
[  6%] Hipifying src/include/ipcsocket.h -> /home/yelkhamr/dark-factory/rocm-systems/projects/rccl/build/release/hipify/src/include/ipcsocket.h
[  6%] Hipifying src/include/latency_profiler/CollTrace.h -> /home/yelkhamr/dark-factory/rocm-systems/projects/rccl/build/release/hipify/src/include/latency_profiler/CollTrace.h
[  6%] Hipifying src/include/kernel_config.h -> /home/yelkhamr/dark-factory/rocm-systems/projects/rccl/build/release/hipify/src/include/kernel_config.h
[  6%] Hipifying src/include/latency_profiler/CollTraceEvent.h -> /home/yelkhamr/dark-factory/rocm-systems/projects/rccl/build/release/hipify/src/include/latency_profiler/CollTraceEvent.h
[  6%] Symlinking net_ib/gin_tmp.h -> gin.h
[  6%] Hipifying src/include/latency_profiler/CollTraceFunc.h -> /home/yelkhamr/dark-factory/rocm-systems/projects/rccl/build/release/hipify/src/include/latency_profiler/CollTraceFunc.h
[  6%] Hipifying src/include/latency_profiler/CollTraceUtils.h -> /home/yelkhamr/dark-factory/rocm-systems/projects/rccl/build/release/hipify/src/include/latency_profiler/CollTraceUtils.h
[  6%] Hipifying src/include/latency_profiler/EventQueue.h -> /home/yelkhamr/dark-factory/rocm-systems/projects/rccl/build/release/hipify/src/include/latency_profiler/EventQueue.h
[  6%] Hipifying src/include/mem_manager.h -> /home/yelkhamr/dark-factory/rocm-systems/projects/rccl/build/release/hipify/src/include/mem_manager.h
[  6%] Hipifying src/include/mem_manager.h -> /home/yelkhamr/dark-factory/rocm-systems/projects/rccl/build/release/hipify/src/include/mem_manager_tmp.h
[  6%] Symlinking net_ib/common_tmp.h -> common.h
[  6%] Hipifying src/include/mlx5/mlx5dvcore.h -> /home/yelkhamr/dark-factory/rocm-systems/projects/rccl/build/release/hipify/src/include/mlx5/mlx5dvcore.h
[  6%] Hipifying src/include/mlx5/mlx5dvsymbols.h -> /home/yelkhamr/dark-factory/rocm-systems/projects/rccl/build/release/hipify/src/include/mlx5/mlx5dvsymbols.h
[  6%] Hipifying src/include/nccl_common.h -> /home/yelkhamr/dark-factory/rocm-systems/projects/rccl/build/release/hipify/src/include/nccl_common.h
[  6%] Hipifying src/include/mlx5/mlx5dvwrap.h -> /home/yelkhamr/dark-factory/rocm-systems/projects/rccl/build/release/hipify/src/include/mlx5/mlx5dvwrap.h
[  6%] Hipifying src/include/nccl_device.h -> /home/yelkhamr/dark-factory/rocm-systems/projects/rccl/build/release/hipify/src/include/nccl_device.h
[  6%] Hipifying src/include/mnnvl.h -> /home/yelkhamr/dark-factory/rocm-systems/projects/rccl/build/release/hipify/src/include/mnnvl.h
[  6%] Hipifying src/include/nccl_device/comm.h -> /home/yelkhamr/dark-factory/rocm-systems/projects/rccl/build/release/hipify/src/include/nccl_device/comm_tmp.h
[  6%] Hipifying src/include/nccl_device/barrier.h -> /home/yelkhamr/dark-factory/rocm-systems/projects/rccl/build/release/hipify/src/include/nccl_device/barrier.h
[  6%] Built target net_ib_header_symlinks
[  6%] Hipifying src/include/nccl_device/coop.h -> /home/yelkhamr/dark-factory/rocm-systems/projects/rccl/build/release/hipify/src/include/nccl_device/coop.h
[  6%] Hipifying src/include/nccl_device/core.h -> /home/yelkhamr/dark-factory/rocm-systems/projects/rccl/build/release/hipify/src/include/nccl_device/core_tmp.h
[  6%] Hipifying src/include/nccl_device/gin/gdaki/gin_gdaki.h -> /home/yelkhamr/dark-factory/rocm-systems/projects/rccl/build/release/hipify/src/include/nccl_device/gin/gdaki/gin_gdaki.h
[  6%] Hipifying src/include/nccl_device/gin/gdaki/gin_gdaki_device_host_common.h -> /home/yelkhamr/dark-factory/rocm-systems/projects/rccl/build/release/hipify/src/include/nccl_device/gin/gdaki/gin_gdaki_device_host_common.h
[  6%] Hipifying src/include/nccl_device/gin/gin_device_api.h -> /home/yelkhamr/dark-factory/rocm-systems/projects/rccl/build/release/hipify/src/include/nccl_device/gin/gin_device_api.h
[  6%] Hipifying src/include/nccl_device/gin/gin_device_common.h -> /home/yelkhamr/dark-factory/rocm-systems/projects/rccl/build/release/hipify/src/include/nccl_device/gin/gin_device_common.h
[  6%] Hipifying src/include/nccl_device/gin/gin_device_host_common.h -> /home/yelkhamr/dark-factory/rocm-systems/projects/rccl/build/release/hipify/src/include/nccl_device/gin/gin_device_host_common.h
[  6%] Hipifying src/include/nccl_device/gin/proxy/gin_proxy.h -> /home/yelkhamr/dark-factory/rocm-systems/projects/rccl/build/release/hipify/src/include/nccl_device/gin/proxy/gin_proxy.h
[  6%] Hipifying src/include/nccl_device/gin/proxy/gin_proxy_device_host_common.h -> /home/yelkhamr/dark-factory/rocm-systems/projects/rccl/build/release/hipify/src/include/nccl_device/gin/proxy/gin_proxy_device_host_common.h
Added fault injection to /home/yelkhamr/dark-factory/rocm-systems/projects/rccl/build/release/hipify/src/device/symmetric/all_gather_gin.h
[  6%] Hipifying src/include/nccl_device/gin_barrier.h -> /home/yelkhamr/dark-factory/rocm-systems/projects/rccl/build/release/hipify/src/include/nccl_device/gin_barrier.h
[  6%] Hipifying src/include/nccl_device/gin.h -> /home/yelkhamr/dark-factory/rocm-systems/projects/rccl/build/release/hipify/src/include/nccl_device/gin_tmp.h
Added fault injection to /home/yelkhamr/dark-factory/rocm-systems/projects/rccl/build/release/hipify/src/device/network/unpack/unpack_defs.h
Added fault injection to /home/yelkhamr/dark-factory/rocm-systems/projects/rccl/build/release/hipify/src/device/alltoall_pivot.h
Added fault injection to /home/yelkhamr/dark-factory/rocm-systems/projects/rccl/build/release/hipify/src/device/alltoall_gda.h
[  6%] Copying hip_compat.h (no hipification)
[  6%] Hipifying src/include/nccl_device/impl/comm__funcs.h -> /home/yelkhamr/dark-factory/rocm-systems/projects/rccl/build/release/hipify/src/include/nccl_device/impl/comm__funcs.h
[  6%] Hipifying src/include/nccl_device/impl/barrier__funcs.h -> /home/yelkhamr/dark-factory/rocm-systems/projects/rccl/build/release/hipify/src/include/nccl_device/impl/barrier__funcs.h
[  6%] Hipifying src/include/nccl_device/impl/barrier__types.h -> /home/yelkhamr/dark-factory/rocm-systems/projects/rccl/build/release/hipify/src/include/nccl_device/impl/barrier__types.h
[  6%] Hipifying src/include/nccl_device/impl/core__funcs.h -> /home/yelkhamr/dark-factory/rocm-systems/projects/rccl/build/release/hipify/src/include/nccl_device/impl/core__funcs.h
[  6%] Hipifying src/include/nccl_device/impl/comm__types.h -> /home/yelkhamr/dark-factory/rocm-systems/projects/rccl/build/release/hipify/src/include/nccl_device/impl/comm__types.h
[  6%] Hipifying src/include/nccl_device/impl/gin__types.h -> /home/yelkhamr/dark-factory/rocm-systems/projects/rccl/build/release/hipify/src/include/nccl_device/impl/gin__types.h
[  7%] Hipifying src/include/nccl_device/impl/gin__funcs.h -> /home/yelkhamr/dark-factory/rocm-systems/projects/rccl/build/release/hipify/src/include/nccl_device/impl/gin__funcs.h
Added fault injection to /home/yelkhamr/dark-factory/rocm-systems/projects/rccl/build/release/hipify/src/device/rccl_metadata.h
[  7%] Hipifying src/include/nccl_device/impl/core__types.h -> /home/yelkhamr/dark-factory/rocm-systems/projects/rccl/build/release/hipify/src/include/nccl_device/impl/core__types.h
[  7%] Hipifying src/include/nccl_device/impl/gin_barrier__funcs.h -> /home/yelkhamr/dark-factory/rocm-systems/projects/rccl/build/release/hipify/src/include/nccl_device/impl/gin_barrier__funcs.h
[  7%] Hipifying src/include/nccl_device/impl/gin_barrier__types.h -> /home/yelkhamr/dark-factory/rocm-systems/projects/rccl/build/release/hipify/src/include/nccl_device/impl/gin_barrier__types.h
[  7%] Hipifying src/include/nccl_device/impl/ll_a2a__funcs.h -> /home/yelkhamr/dark-factory/rocm-systems/projects/rccl/build/release/hipify/src/include/nccl_device/impl/ll_a2a__funcs.h
[  7%] Hipifying src/include/nccl_device/impl/ll_a2a__types.h -> /home/yelkhamr/dark-factory/rocm-systems/projects/rccl/build/release/hipify/src/include/nccl_device/impl/ll_a2a__types.h
[  7%] Hipifying src/include/nccl_device/impl/lsa_barrier__funcs.h -> /home/yelkhamr/dark-factory/rocm-systems/projects/rccl/build/release/hipify/src/include/nccl_device/impl/lsa_barrier__funcs.h
[  7%] Hipifying src/include/nccl_device/impl/ptr__funcs.h -> /home/yelkhamr/dark-factory/rocm-systems/projects/rccl/build/release/hipify/src/include/nccl_device/impl/ptr__funcs.h
[  7%] Hipifying src/include/nccl_device/impl/reduce_copy__funcs.h -> /home/yelkhamr/dark-factory/rocm-systems/projects/rccl/build/release/hipify/src/include/nccl_device/impl/reduce_copy__funcs.h
[  7%] Hipifying src/include/nccl_device/impl/multimem__funcs.h -> /home/yelkhamr/dark-factory/rocm-systems/projects/rccl/build/release/hipify/src/include/nccl_device/impl/multimem__funcs.h
Added fault injection to /home/yelkhamr/dark-factory/rocm-systems/projects/rccl/build/release/hipify/src/device/alltoallv_gda.h
[  7%] Hipifying src/include/nccl_device/impl/lsa_barrier__types.h -> /home/yelkhamr/dark-factory/rocm-systems/projects/rccl/build/release/hipify/src/include/nccl_device/impl/lsa_barrier__types.h
[  7%] Hipifying src/include/nccl_device/impl/vector__funcs.h -> /home/yelkhamr/dark-factory/rocm-systems/projects/rccl/build/release/hipify/src/include/nccl_device/impl/vector__funcs.h
[  7%] Hipifying src/include/nccl_device/ll_a2a.h -> /home/yelkhamr/dark-factory/rocm-systems/projects/rccl/build/release/hipify/src/include/nccl_device/ll_a2a.h
[  7%] Hipifying src/include/nccl_device/impl/vector__types.h -> /home/yelkhamr/dark-factory/rocm-systems/projects/rccl/build/release/hipify/src/include/nccl_device/impl/vector__types.h
[  7%] Hipifying src/include/nccl_device/impl/reduce_copy__types.h -> /home/yelkhamr/dark-factory/rocm-systems/projects/rccl/build/release/hipify/src/include/nccl_device/impl/reduce_copy__types.h
[  7%] Hipifying src/include/nccl_device/lsa_barrier.h -> /home/yelkhamr/dark-factory/rocm-systems/projects/rccl/build/release/hipify/src/include/nccl_device/lsa_barrier.h
[  7%] Hipifying src/include/nccl_device/impl/reduce_copy__impl.h -> /home/yelkhamr/dark-factory/rocm-systems/projects/rccl/build/release/hipify/src/include/nccl_device/impl/reduce_copy__impl.h
[  7%] Hipifying src/include/nccl_device/impl/ptr__types.h -> /home/yelkhamr/dark-factory/rocm-systems/projects/rccl/build/release/hipify/src/include/nccl_device/impl/ptr__types.h
[  7%] Hipifying src/include/nccl_device/rccl_ptr.h -> /home/yelkhamr/dark-factory/rocm-systems/projects/rccl/build/release/hipify/src/include/nccl_device/rccl_ptr.h
[  7%] Hipifying src/include/nccl_device/net_device.h -> /home/yelkhamr/dark-factory/rocm-systems/projects/rccl/build/release/hipify/src/include/nccl_device/net_device.h
[  7%] Hipifying src/include/nccl_device/ptr.h -> /home/yelkhamr/dark-factory/rocm-systems/projects/rccl/build/release/hipify/src/include/nccl_device/ptr.h
[  7%] Hipifying src/include/nccl_device/utility.h -> /home/yelkhamr/dark-factory/rocm-systems/projects/rccl/build/release/hipify/src/include/nccl_device/utility.h
[  7%] Hipifying src/include/nvmlwrap.h -> /home/yelkhamr/dark-factory/rocm-systems/projects/rccl/build/release/hipify/src/include/nvmlwrap.h
[  7%] Hipifying src/include/net.h -> /home/yelkhamr/dark-factory/rocm-systems/projects/rccl/build/release/hipify/src/include/net.h
Added fault injection to /home/yelkhamr/dark-factory/rocm-systems/projects/rccl/build/release/hipify/src/device/primitives.h
[  7%] Hipifying src/include/nccl_device/reduce_copy.h -> /home/yelkhamr/dark-factory/rocm-systems/projects/rccl/build/release/hipify/src/include/nccl_device/reduce_copy.h
[  7%] Hipifying src/include/nvtx.h -> /home/yelkhamr/dark-factory/rocm-systems/projects/rccl/build/release/hipify/src/include/nvtx.h
[  7%] Hipifying src/include/nvtx3/nvToolsExt.h -> /home/yelkhamr/dark-factory/rocm-systems/projects/rccl/build/release/hipify/src/include/nvtx3/nvToolsExt.h
Added fault injection to /home/yelkhamr/dark-factory/rocm-systems/projects/rccl/build/release/hipify/src/device/hierarchical_ag_shuffle.h
[  7%] Hipifying src/include/nvtx3/nvToolsExtCuda.h -> /home/yelkhamr/dark-factory/rocm-systems/projects/rccl/build/release/hipify/src/include/nvtx3/nvToolsExtCuda.h
[  7%] Hipifying src/include/nvtx3/nvToolsExtCounters.h -> /home/yelkhamr/dark-factory/rocm-systems/projects/rccl/build/release/hipify/src/include/nvtx3/nvToolsExtCounters.h
[  7%] Hipifying src/include/nvtx3/nvToolsExtMem.h -> /home/yelkhamr/dark-factory/rocm-systems/projects/rccl/build/release/hipify/src/include/nvtx3/nvToolsExtMem.h
[  7%] Hipifying src/include/nvtx3/nvToolsExtSemanticsCounters.h -> /home/yelkhamr/dark-factory/rocm-systems/projects/rccl/build/release/hipify/src/include/nvtx3/nvToolsExtSemanticsCounters.h
[  7%] Hipifying src/include/nvtx3/nvToolsExtPayloadHelper.h -> /home/yelkhamr/dark-factory/rocm-systems/projects/rccl/build/release/hipify/src/include/nvtx3/nvToolsExtPayloadHelper.h
[  7%] Hipifying src/include/nvtx3/nvtx3.hpp -> /home/yelkhamr/dark-factory/rocm-systems/projects/rccl/build/release/hipify/src/include/nvtx3/nvtx3.hpp
[  7%] Hipifying src/include/nvtx3/nvToolsExtMemCudaRt.h -> /home/yelkhamr/dark-factory/rocm-systems/projects/rccl/build/release/hipify/src/include/nvtx3/nvToolsExtMemCudaRt.h
[  7%] Hipifying src/include/nvtx3/nvtxDetail/nvtxExtImplCounters_v1.h -> /home/yelkhamr/dark-factory/rocm-systems/projects/rccl/build/release/hipify/src/include/nvtx3/nvtxDetail/nvtxExtImplCounters_v1.h
[  7%] Hipifying src/include/nvtx3/nvtxDetail/nvtxExtImplMem_v1.h -> /home/yelkhamr/dark-factory/rocm-systems/projects/rccl/build/release/hipify/src/include/nvtx3/nvtxDetail/nvtxExtImplMem_v1.h
[  7%] Hipifying src/include/nvtx3/nvToolsExtSemanticsScope.h -> /home/yelkhamr/dark-factory/rocm-systems/projects/rccl/build/release/hipify/src/include/nvtx3/nvToolsExtSemanticsScope.h
[  7%] Hipifying src/include/nvtx3/nvtxDetail/nvtxExtImplPayload_v1.h -> /home/yelkhamr/dark-factory/rocm-systems/projects/rccl/build/release/hipify/src/include/nvtx3/nvtxDetail/nvtxExtImplPayload_v1.h
[  7%] Hipifying src/include/nvtx3/nvtxDetail/nvtxExtImplMemCudaRt_v1.h -> /home/yelkhamr/dark-factory/rocm-systems/projects/rccl/build/release/hipify/src/include/nvtx3/nvtxDetail/nvtxExtImplMemCudaRt_v1.h
[  7%] Hipifying src/include/nvtx3/nvToolsExtOpenCL.h -> /home/yelkhamr/dark-factory/rocm-systems/projects/rccl/build/release/hipify/src/include/nvtx3/nvToolsExtOpenCL.h
[  7%] Hipifying src/include/nvtx3/nvToolsExtPayload.h -> /home/yelkhamr/dark-factory/rocm-systems/projects/rccl/build/release/hipify/src/include/nvtx3/nvToolsExtPayload.h
[  7%] Hipifying src/include/nvtx3/nvtxDetail/nvtxExtHelperMacros.h -> /home/yelkhamr/dark-factory/rocm-systems/projects/rccl/build/release/hipify/src/include/nvtx3/nvtxDetail/nvtxExtHelperMacros.h
[  7%] Hipifying src/include/nvtx3/nvToolsExtSync.h -> /home/yelkhamr/dark-factory/rocm-systems/projects/rccl/build/release/hipify/src/include/nvtx3/nvToolsExtSync.h
[  7%] Hipifying src/include/nvtx3/nvtxDetail/nvtxExtImpl.h -> /home/yelkhamr/dark-factory/rocm-systems/projects/rccl/build/release/hipify/src/include/nvtx3/nvtxDetail/nvtxExtImpl.h
[  7%] Hipifying src/include/nvtx3/nvToolsExtCudaRt.h -> /home/yelkhamr/dark-factory/rocm-systems/projects/rccl/build/release/hipify/src/include/nvtx3/nvToolsExtCudaRt.h
[  7%] Hipifying src/include/nvtx3/nvtxDetail/nvtxExtTypes.h -> /home/yelkhamr/dark-factory/rocm-systems/projects/rccl/build/release/hipify/src/include/nvtx3/nvtxDetail/nvtxExtTypes.h
[  9%] Hipifying src/include/nvtx3/nvtxDetail/nvtxExtInit.h -> /home/yelkhamr/dark-factory/rocm-systems/projects/rccl/build/release/hipify/src/include/nvtx3/nvtxDetail/nvtxExtInit.h
Added fault injection to /home/yelkhamr/dark-factory/rocm-systems/projects/rccl/build/release/hipify/src/device/prims_ll128.h
[  9%] Hipifying src/include/nvtx3/nvtxDetail/nvtxExtPayloadHelperInternal.h -> /home/yelkhamr/dark-factory/rocm-systems/projects/rccl/build/release/hipify/src/include/nvtx3/nvtxDetail/nvtxExtPayloadHelperInternal.h
[  9%] Hipifying src/include/nvtx3/nvtxDetail/nvtxImplCore.h -> /home/yelkhamr/dark-factory/rocm-systems/projects/rccl/build/release/hipify/src/include/nvtx3/nvtxDetail/nvtxImplCore.h
[  9%] Hipifying src/include/nvtx3/nvtxDetail/nvtxImpl.h -> /home/yelkhamr/dark-factory/rocm-systems/projects/rccl/build/release/hipify/src/include/nvtx3/nvtxDetail/nvtxImpl.h
[  9%] Hipifying src/include/nvtx3/nvtxDetail/nvtxImplCudaRt_v3.h -> /home/yelkhamr/dark-factory/rocm-systems/projects/rccl/build/release/hipify/src/include/nvtx3/nvtxDetail/nvtxImplCudaRt_v3.h
[  9%] Hipifying src/include/nvtx3/nvtxDetail/nvtxImplCuda_v3.h -> /home/yelkhamr/dark-factory/rocm-systems/projects/rccl/build/release/hipify/src/include/nvtx3/nvtxDetail/nvtxImplCuda_v3.h
[  9%] Hipifying src/include/nvtx3/nvtxDetail/nvtxImplOpenCL_v3.h -> /home/yelkhamr/dark-factory/rocm-systems/projects/rccl/build/release/hipify/src/include/nvtx3/nvtxDetail/nvtxImplOpenCL_v3.h
[  9%] Hipifying src/include/nvtx3/nvtxDetail/nvtxExtPayloadTypeInfo.h -> /home/yelkhamr/dark-factory/rocm-systems/projects/rccl/build/release/hipify/src/include/nvtx3/nvtxDetail/nvtxExtPayloadTypeInfo.h
[  9%] Hipifying src/include/nvtx3/nvtxDetail/nvtxImplSync_v3.h -> /home/yelkhamr/dark-factory/rocm-systems/projects/rccl/build/release/hipify/src/include/nvtx3/nvtxDetail/nvtxImplSync_v3.h
[  9%] Hipifying src/include/nvtx3/nvtxDetail/nvtxInit.h -> /home/yelkhamr/dark-factory/rocm-systems/projects/rccl/build/release/hipify/src/include/nvtx3/nvtxDetail/nvtxInit.h
Added fault injection to /home/yelkhamr/dark-factory/rocm-systems/projects/rccl/build/release/hipify/src/device/symmetric/gin_scratch__types.h
[  9%] Hipifying src/include/nvtx3/nvtxDetail/nvtxInitDecls.h -> /home/yelkhamr/dark-factory/rocm-systems/projects/rccl/build/release/hipify/src/include/nvtx3/nvtxDetail/nvtxInitDecls.h
Added fault injection to /home/yelkhamr/dark-factory/rocm-systems/projects/rccl/build/release/hipify/src/device/symmetric/kernel.h
[  9%] Hipifying src/include/nvtx3/nvtxDetail/nvtxInitDefs.h -> /home/yelkhamr/dark-factory/rocm-systems/projects/rccl/build/release/hipify/src/include/nvtx3/nvtxDetail/nvtxInitDefs.h
[  9%] Hipifying src/include/nvtx_payload_schemas.h -> /home/yelkhamr/dark-factory/rocm-systems/projects/rccl/build/release/hipify/src/include/nvtx_payload_schemas.h
[  9%] Hipifying src/include/nvtx3/nvtxDetail/nvtxTypes.h -> /home/yelkhamr/dark-factory/rocm-systems/projects/rccl/build/release/hipify/src/include/nvtx3/nvtxDetail/nvtxTypes.h
[  9%] Hipifying src/include/nvtx_stub.h -> /home/yelkhamr/dark-factory/rocm-systems/projects/rccl/build/release/hipify/src/include/nvtx_stub.h
Added fault injection to /home/yelkhamr/dark-factory/rocm-systems/projects/rccl/build/release/hipify/src/device/reduce.h
[  9%] Hipifying src/include/os.h -> /home/yelkhamr/dark-factory/rocm-systems/projects/rccl/build/release/hipify/src/include/os.h
[  9%] Hipifying src/include/nvtx3/nvtxDetail/nvtxLinkOnce.h -> /home/yelkhamr/dark-factory/rocm-systems/projects/rccl/build/release/hipify/src/include/nvtx3/nvtxDetail/nvtxLinkOnce.h
Added fault injection to /home/yelkhamr/dark-factory/rocm-systems/projects/rccl/build/release/hipify/src/device/sendrecv.h
[  9%] Hipifying src/include/os/linux.h -> /home/yelkhamr/dark-factory/rocm-systems/projects/rccl/build/release/hipify/src/include/os/linux.h
[  9%] Hipifying src/include/os/windows.h -> /home/yelkhamr/dark-factory/rocm-systems/projects/rccl/build/release/hipify/src/include/os/windows.h
[  9%] Hipifying src/include/param/common.h -> /home/yelkhamr/dark-factory/rocm-systems/projects/rccl/build/release/hipify/src/include/param/common_tmp.h
[  9%] Hipifying src/include/param/param_registry.h -> /home/yelkhamr/dark-factory/rocm-systems/projects/rccl/build/release/hipify/src/include/param/param_registry.h
[  9%] Hipifying src/include/param.h -> /home/yelkhamr/dark-factory/rocm-systems/projects/rccl/build/release/hipify/src/include/param.h
[  9%] Hipifying src/include/param/param.h -> /home/yelkhamr/dark-factory/rocm-systems/projects/rccl/build/release/hipify/src/include/param/param_tmp.h
[  9%] Hipifying src/include/p2p.h -> /home/yelkhamr/dark-factory/rocm-systems/projects/rccl/build/release/hipify/src/include/p2p.h
[  9%] Hipifying src/include/param/parser_bitset.h -> /home/yelkhamr/dark-factory/rocm-systems/projects/rccl/build/release/hipify/src/include/param/parser_bitset.h
[  9%] Hipifying src/include/param/parser_common.h -> /home/yelkhamr/dark-factory/rocm-systems/projects/rccl/build/release/hipify/src/include/param/parser_common.h
[  9%] Hipifying src/include/param/parser_default.h -> /home/yelkhamr/dark-factory/rocm-systems/projects/rccl/build/release/hipify/src/include/param/parser_default.h
[  9%] Hipifying src/include/param/parser_enum.h -> /home/yelkhamr/dark-factory/rocm-systems/projects/rccl/build/release/hipify/src/include/param/parser_enum.h
[  9%] Hipifying src/include/param/parser_list.h -> /home/yelkhamr/dark-factory/rocm-systems/projects/rccl/build/release/hipify/src/include/param/parser_list.h
[  9%] Hipifying src/include/plugin/env/env_v1.h -> /home/yelkhamr/dark-factory/rocm-systems/projects/rccl/build/release/hipify/src/include/plugin/env/env_v1.h
[  9%] Hipifying src/include/param/parsers.h -> /home/yelkhamr/dark-factory/rocm-systems/projects/rccl/build/release/hipify/src/include/param/parsers.h
Added fault injection to /home/yelkhamr/dark-factory/rocm-systems/projects/rccl/build/release/hipify/src/device/symmetric/tma_ptx.h
[  9%] Hipifying src/include/param/utils.h -> /home/yelkhamr/dark-factory/rocm-systems/projects/rccl/build/release/hipify/src/include/param/utils_tmp.h
[  9%] Hipifying src/include/plugin/gin/gin_v12.h -> /home/yelkhamr/dark-factory/rocm-systems/projects/rccl/build/release/hipify/src/include/plugin/gin/gin_v12.h
[  9%] Hipifying src/include/plugin/nccl_env.h -> /home/yelkhamr/dark-factory/rocm-systems/projects/rccl/build/release/hipify/src/include/plugin/nccl_env.h
[  9%] Hipifying src/include/plugin/gin/gin_v11.h -> /home/yelkhamr/dark-factory/rocm-systems/projects/rccl/build/release/hipify/src/include/plugin/gin/gin_v11.h
[  9%] Hipifying src/include/plugin/gin/gin_v13.h -> /home/yelkhamr/dark-factory/rocm-systems/projects/rccl/build/release/hipify/src/include/plugin/gin/gin_v13.h
[  9%] Hipifying src/include/plugin/nccl_net.h -> /home/yelkhamr/dark-factory/rocm-systems/projects/rccl/build/release/hipify/src/include/plugin/nccl_net.h
[  9%] Hipifying src/include/plugin/nccl_gin.h -> /home/yelkhamr/dark-factory/rocm-systems/projects/rccl/build/release/hipify/src/include/plugin/nccl_gin.h
[  9%] Hipifying src/include/plugin/net/net_v10.h -> /home/yelkhamr/dark-factory/rocm-systems/projects/rccl/build/release/hipify/src/include/plugin/net/net_v10.h
[  9%] Hipifying src/include/plugin/nccl_tuner.h -> /home/yelkhamr/dark-factory/rocm-systems/projects/rccl/build/release/hipify/src/include/plugin/nccl_tuner.h
Added fault injection to /home/yelkhamr/dark-factory/rocm-systems/projects/rccl/build/release/hipify/src/device/reduce_scatter.h
[  9%] Hipifying src/include/plugin/nccl_profiler.h -> /home/yelkhamr/dark-factory/rocm-systems/projects/rccl/build/release/hipify/src/include/plugin/nccl_profiler.h
[  9%] Hipifying src/include/plugin/net/net_v12.h -> /home/yelkhamr/dark-factory/rocm-systems/projects/rccl/build/release/hipify/src/include/plugin/net/net_v12.h
Added fault injection to /home/yelkhamr/dark-factory/rocm-systems/projects/rccl/build/release/hipify/src/device/symmetric/gin_scratch.h
[  9%] Hipifying src/include/plugin/net/net_v11.h -> /home/yelkhamr/dark-factory/rocm-systems/projects/rccl/build/release/hipify/src/include/plugin/net/net_v11.h
[  9%] Hipifying src/include/plugin/net/net_v7.h -> /home/yelkhamr/dark-factory/rocm-systems/projects/rccl/build/release/hipify/src/include/plugin/net/net_v7.h
[ 11%] Hipifying src/include/plugin/net/net_v6.h -> /home/yelkhamr/dark-factory/rocm-systems/projects/rccl/build/release/hipify/src/include/plugin/net/net_v6.h
[ 11%] Hipifying src/include/plugin/net/net_v8.h -> /home/yelkhamr/dark-factory/rocm-systems/projects/rccl/build/release/hipify/src/include/plugin/net/net_v8.h
[ 11%] Hipifying src/include/plugin/net/net_v9.h -> /home/yelkhamr/dark-factory/rocm-systems/projects/rccl/build/release/hipify/src/include/plugin/net/net_v9.h
Added fault injection to /home/yelkhamr/dark-factory/rocm-systems/projects/rccl/build/release/hipify/src/device/broadcast.h
[ 11%] Hipifying src/include/plugin/plugin.h -> /home/yelkhamr/dark-factory/rocm-systems/projects/rccl/build/release/hipify/src/include/plugin/plugin.h
[ 11%] Hipifying src/include/plugin/profiler/net_ib.h -> /home/yelkhamr/dark-factory/rocm-systems/projects/rccl/build/release/hipify/src/include/plugin/profiler/net_ib.h
Added fault injection to /home/yelkhamr/dark-factory/rocm-systems/projects/rccl/build/release/hipify/src/device/common.h
Added fault injection to /home/yelkhamr/dark-factory/rocm-systems/projects/rccl/build/release/hipify/src/device/symmetric/all_gather.h
[ 11%] Hipifying src/include/plugin/profiler/net_socket.h -> /home/yelkhamr/dark-factory/rocm-systems/projects/rccl/build/release/hipify/src/include/plugin/profiler/net_socket.h
[ 11%] Hipifying src/include/plugin/profiler/net_ib_v1.h -> /home/yelkhamr/dark-factory/rocm-systems/projects/rccl/build/release/hipify/src/include/plugin/profiler/net_ib_v1.h
Added fault injection to /home/yelkhamr/dark-factory/rocm-systems/projects/rccl/build/release/hipify/src/device/symmetric/all_reduce.h
[ 11%] Hipifying src/include/plugin/profiler/net_socket_v1.h -> /home/yelkhamr/dark-factory/rocm-systems/projects/rccl/build/release/hipify/src/include/plugin/profiler/net_socket_v1.h
[ 11%] Hipifying src/include/plugin/profiler/profiler_v1.h -> /home/yelkhamr/dark-factory/rocm-systems/projects/rccl/build/release/hipify/src/include/plugin/profiler/profiler_v1.h
[ 11%] Hipifying src/include/plugin/profiler/profiler_v2.h -> /home/yelkhamr/dark-factory/rocm-systems/projects/rccl/build/release/hipify/src/include/plugin/profiler/profiler_v2.h
Added fault injection to /home/yelkhamr/dark-factory/rocm-systems/projects/rccl/build/release/hipify/src/device/common_kernel.h
Added fault injection to /home/yelkhamr/dark-factory/rocm-systems/projects/rccl/build/release/hipify/src/device/all_gather.h
[ 11%] Hipifying src/include/plugin/profiler/profiler_v4.h -> /home/yelkhamr/dark-factory/rocm-systems/projects/rccl/build/release/hipify/src/include/plugin/profiler/profiler_v4.h
[ 11%] Hipifying src/include/plugin/profiler/profiler_v3.h -> /home/yelkhamr/dark-factory/rocm-systems/projects/rccl/build/release/hipify/src/include/plugin/profiler/profiler_v3.h
[ 11%] Hipifying src/include/plugin/profiler/profiler_v5.h -> /home/yelkhamr/dark-factory/rocm-systems/projects/rccl/build/release/hipify/src/include/plugin/profiler/profiler_v5.h
Added fault injection to /home/yelkhamr/dark-factory/rocm-systems/projects/rccl/build/release/hipify/src/device/op128.h
[ 11%] Hipifying src/include/plugin/tuner/tuner_v2.h -> /home/yelkhamr/dark-factory/rocm-systems/projects/rccl/build/release/hipify/src/include/plugin/tuner/tuner_v2.h
Added fault injection to /home/yelkhamr/dark-factory/rocm-systems/projects/rccl/build/release/hipify/src/device/symmetric/gin_scratch__funcs.h
[ 11%] Hipifying src/include/plugin/tuner/tuner_v6.h -> /home/yelkhamr/dark-factory/rocm-systems/projects/rccl/build/release/hipify/src/include/plugin/tuner/tuner_v6.h
[ 11%] Hipifying src/include/plugin/tuner/tuner_v4.h -> /home/yelkhamr/dark-factory/rocm-systems/projects/rccl/build/release/hipify/src/include/plugin/tuner/tuner_v4.h
Added fault injection to /home/yelkhamr/dark-factory/rocm-systems/projects/rccl/build/release/hipify/src/device/network/unpack/unpack.h
[ 11%] Hipifying src/include/plugin/tuner/tuner_v3.h -> /home/yelkhamr/dark-factory/rocm-systems/projects/rccl/build/release/hipify/src/include/plugin/tuner/tuner_v3.h
[ 11%] Hipifying src/include/profiler.h -> /home/yelkhamr/dark-factory/rocm-systems/projects/rccl/build/release/hipify/src/include/profiler.h
[ 11%] Hipifying src/include/proxy.h -> /home/yelkhamr/dark-factory/rocm-systems/projects/rccl/build/release/hipify/src/include/proxy.h
[ 11%] Hipifying src/include/plugin/profiler/profiler_v6.h -> /home/yelkhamr/dark-factory/rocm-systems/projects/rccl/build/release/hipify/src/include/plugin/profiler/profiler_v6.h
[ 11%] Copying proxy_trace/proxy_trace.h (no hipification)
[ 11%] Hipifying src/include/plugin/tuner/tuner_v5.h -> /home/yelkhamr/dark-factory/rocm-systems/projects/rccl/build/release/hipify/src/include/plugin/tuner/tuner_v5.h
[ 11%] Hipifying src/include/proxy_diag_counters.h -> /home/yelkhamr/dark-factory/rocm-systems/projects/rccl/build/release/hipify/src/include/proxy_diag_counters.h
[ 11%] Hipifying src/include/ras.h -> /home/yelkhamr/dark-factory/rocm-systems/projects/rccl/build/release/hipify/src/include/ras.h
[ 11%] Hipifying src/include/rccl_float8.h -> /home/yelkhamr/dark-factory/rocm-systems/projects/rccl/build/release/hipify/src/include/rccl_float8.h
[ 11%] Hipifying src/include/rccl_vars.h -> /home/yelkhamr/dark-factory/rocm-systems/projects/rccl/build/release/hipify/src/include/rccl_vars.h
[ 11%] Hipifying src/include/rccl_common.h -> /home/yelkhamr/dark-factory/rocm-systems/projects/rccl/build/release/hipify/src/include/rccl_common.h
Added fault injection to /home/yelkhamr/dark-factory/rocm-systems/projects/rccl/build/release/hipify/src/device/all_reduce.h
[ 11%] Hipifying src/include/recorder.h -> /home/yelkhamr/dark-factory/rocm-systems/projects/rccl/build/release/hipify/src/include/recorder.h
Added fault injection to /home/yelkhamr/dark-factory/rocm-systems/projects/rccl/build/release/hipify/src/device/symmetric/reduce_scatter.h
[ 11%] Hipifying src/include/rma/rma.h -> /home/yelkhamr/dark-factory/rocm-systems/projects/rccl/build/release/hipify/src/include/rma/rma.h
Added fault injection to /home/yelkhamr/dark-factory/rocm-systems/projects/rccl/build/release/hipify/src/device/prims_ll.h
[ 11%] Hipifying src/include/register.h -> /home/yelkhamr/dark-factory/rocm-systems/projects/rccl/build/release/hipify/src/include/register.h
[ 11%] Hipifying src/include/rma/rma_ce.h -> /home/yelkhamr/dark-factory/rocm-systems/projects/rccl/build/release/hipify/src/include/rma/rma_ce.h
Added fault injection to /home/yelkhamr/dark-factory/rocm-systems/projects/rccl/build/release/hipify/src/device/symmetric/data_ops.h
[ 11%] Hipifying src/include/rma/rma_proxy.h -> /home/yelkhamr/dark-factory/rocm-systems/projects/rccl/build/release/hipify/src/include/rma/rma_proxy.h
[ 11%] Hipifying src/include/register_inline.h -> /home/yelkhamr/dark-factory/rocm-systems/projects/rccl/build/release/hipify/src/include/register_inline.h
[ 11%] Hipifying src/include/rocmwrap.h -> /home/yelkhamr/dark-factory/rocm-systems/projects/rccl/build/release/hipify/src/include/rocmwrap.h
[ 11%] Hipifying src/include/rma/rma_proxy_mem.h -> /home/yelkhamr/dark-factory/rocm-systems/projects/rccl/build/release/hipify/src/include/rma/rma_proxy_mem.h
[ 11%] Hipifying src/include/roctx.h -> /home/yelkhamr/dark-factory/rocm-systems/projects/rccl/build/release/hipify/src/include/roctx.h
[ 11%] Hipifying src/include/scheduler.h -> /home/yelkhamr/dark-factory/rocm-systems/projects/rccl/build/release/hipify/src/include/scheduler.h
[ 11%] Hipifying src/include/socket.h -> /home/yelkhamr/dark-factory/rocm-systems/projects/rccl/build/release/hipify/src/include/socket.h
[ 11%] Hipifying src/include/shmutils.h -> /home/yelkhamr/dark-factory/rocm-systems/projects/rccl/build/release/hipify/src/include/shmutils.h
[ 11%] Hipifying src/include/signals.h -> /home/yelkhamr/dark-factory/rocm-systems/projects/rccl/build/release/hipify/src/include/signals.h
[ 11%] Hipifying src/include/shm.h -> /home/yelkhamr/dark-factory/rocm-systems/projects/rccl/build/release/hipify/src/include/shm.h
Added fault injection to /home/yelkhamr/dark-factory/rocm-systems/projects/rccl/build/release/hipify/src/device/symmetric/primitives.h
[ 11%] Hipifying src/include/sym_kernels.h -> /home/yelkhamr/dark-factory/rocm-systems/projects/rccl/build/release/hipify/src/include/sym_kernels.h
[ 11%] Hipifying src/include/strongstream.h -> /home/yelkhamr/dark-factory/rocm-systems/projects/rccl/build/release/hipify/src/include/strongstream.h
[ 11%] Hipifying src/include/timer.h -> /home/yelkhamr/dark-factory/rocm-systems/projects/rccl/build/release/hipify/src/include/timer.h
[ 12%] Hipifying src/include/transport.h -> /home/yelkhamr/dark-factory/rocm-systems/projects/rccl/build/release/hipify/src/include/transport.h
[ 12%] Hipifying src/include/tuner.h -> /home/yelkhamr/dark-factory/rocm-systems/projects/rccl/build/release/hipify/src/include/tuner.h
[ 12%] Hipifying src/include/trees.h -> /home/yelkhamr/dark-factory/rocm-systems/projects/rccl/build/release/hipify/src/include/trees.h
Added fault injection to /home/yelkhamr/dark-factory/rocm-systems/projects/rccl/build/release/hipify/src/device/symmetric/reduce_scatter_gin.h
[ 12%] Hipifying src/include/utils.h -> /home/yelkhamr/dark-factory/rocm-systems/projects/rccl/build/release/hipify/src/include/utils.h
[ 12%] Hipifying src/init.cc -> /home/yelkhamr/dark-factory/rocm-systems/projects/rccl/build/release/hipify/src/init.cc
[ 12%] Hipifying src/init_nvtx.cc -> /home/yelkhamr/dark-factory/rocm-systems/projects/rccl/build/release/hipify/src/init_nvtx.cc
[ 12%] Hipifying src/ipc_init.cu -> /home/yelkhamr/dark-factory/rocm-systems/projects/rccl/build/release/hipify/src/ipc_init.cu.cpp
[ 12%] Hipifying src/ipc_gpu_barrier.cu -> /home/yelkhamr/dark-factory/rocm-systems/projects/rccl/build/release/hipify/src/ipc_gpu_barrier.cu.cpp
[ 12%] Hipifying src/ipc_mem_handler.cc -> /home/yelkhamr/dark-factory/rocm-systems/projects/rccl/build/release/hipify/src/ipc_mem_handler.cc
[ 12%] Hipifying src/mem_manager.cc -> /home/yelkhamr/dark-factory/rocm-systems/projects/rccl/build/release/hipify/src/mem_manager.cc
Added fault injection to /home/yelkhamr/dark-factory/rocm-systems/projects/rccl/build/release/hipify/src/device/reduce_kernel.h
[ 12%] Hipifying src/misc/amdsmi_wrap.cc -> /home/yelkhamr/dark-factory/rocm-systems/projects/rccl/build/release/hipify/src/misc/amdsmi_wrap.cc
[ 12%] Hipifying src/misc/alt_rsmi.cc -> /home/yelkhamr/dark-factory/rocm-systems/projects/rccl/build/release/hipify/src/misc/alt_rsmi.cc
Added fault injection to /home/yelkhamr/dark-factory/rocm-systems/projects/rccl/build/release/hipify/src/device/prims_simple.h
[ 12%] Hipifying src/misc/api_trace.c -> /home/yelkhamr/dark-factory/rocm-systems/projects/rccl/build/release/hipify/src/misc/api_trace.c
[ 12%] Hipifying src/misc/argcheck.cc -> /home/yelkhamr/dark-factory/rocm-systems/projects/rccl/build/release/hipify/src/misc/argcheck.cc
[ 12%] Hipifying src/misc/archinfo.cc -> /home/yelkhamr/dark-factory/rocm-systems/projects/rccl/build/release/hipify/src/misc/archinfo.cc
[ 12%] Hipifying src/misc/ibvsymbols.cc -> /home/yelkhamr/dark-factory/rocm-systems/projects/rccl/build/release/hipify/src/misc/ibvsymbols.cc
[ 12%] Hipifying src/misc/api_trace.cc -> /home/yelkhamr/dark-factory/rocm-systems/projects/rccl/build/release/hipify/src/misc/api_trace.cc
[ 12%] Hipifying src/misc/ibvwrap.cc -> /home/yelkhamr/dark-factory/rocm-systems/projects/rccl/build/release/hipify/src/misc/ibvwrap.cc
[ 12%] Hipifying src/misc/ionicdvsymbols.cc -> /home/yelkhamr/dark-factory/rocm-systems/projects/rccl/build/release/hipify/src/misc/ionicdvsymbols.cc
[ 12%] Hipifying src/misc/ionicdvwrap.cc -> /home/yelkhamr/dark-factory/rocm-systems/projects/rccl/build/release/hipify/src/misc/ionicdvwrap.cc
[ 12%] Hipifying src/misc/kernel_config.cc -> /home/yelkhamr/dark-factory/rocm-systems/projects/rccl/build/release/hipify/src/misc/kernel_config.cc
[ 12%] Hipifying src/misc/latency_profiler/CollTrace.cc -> /home/yelkhamr/dark-factory/rocm-systems/projects/rccl/build/release/hipify/src/misc/latency_profiler/CollTrace.cc
[ 12%] Hipifying src/misc/latency_profiler/CollTraceFunc.cc -> /home/yelkhamr/dark-factory/rocm-systems/projects/rccl/build/release/hipify/src/misc/latency_profiler/CollTraceFunc.cc
[ 12%] Hipifying src/misc/latency_profiler/CollTraceEvent.cc -> /home/yelkhamr/dark-factory/rocm-systems/projects/rccl/build/release/hipify/src/misc/latency_profiler/CollTraceEvent.cc
[ 12%] Hipifying src/misc/latency_profiler/CollTraceUtils.cc -> /home/yelkhamr/dark-factory/rocm-systems/projects/rccl/build/release/hipify/src/misc/latency_profiler/CollTraceUtils.cc
[ 12%] Hipifying src/misc/mlx5dvsymbols.cc -> /home/yelkhamr/dark-factory/rocm-systems/projects/rccl/build/release/hipify/src/misc/mlx5dvsymbols.cc
[ 12%] Hipifying src/misc/mlx5dvwrap.cc -> /home/yelkhamr/dark-factory/rocm-systems/projects/rccl/build/release/hipify/src/misc/mlx5dvwrap.cc
[ 12%] Hipifying src/misc/nvmlwrap_stub.cc -> /home/yelkhamr/dark-factory/rocm-systems/projects/rccl/build/release/hipify/src/misc/nvmlwrap_stub.cc
[ 12%] Hipifying src/misc/param.cc -> /home/yelkhamr/dark-factory/rocm-systems/projects/rccl/build/release/hipify/src/misc/param.cc
[ 12%] Hipifying src/misc/recorder.cc -> /home/yelkhamr/dark-factory/rocm-systems/projects/rccl/build/release/hipify/src/misc/recorder.cc
[ 12%] Hipifying src/misc/rocmwrap.cc -> /home/yelkhamr/dark-factory/rocm-systems/projects/rccl/build/release/hipify/src/misc/rocmwrap.cc
[ 12%] Hipifying src/misc/shmutils.cc -> /home/yelkhamr/dark-factory/rocm-systems/projects/rccl/build/release/hipify/src/misc/shmutils.cc
[ 12%] Hipifying src/misc/signals.cc -> /home/yelkhamr/dark-factory/rocm-systems/projects/rccl/build/release/hipify/src/misc/signals.cc
[ 12%] Hipifying src/misc/roctx.cc -> /home/yelkhamr/dark-factory/rocm-systems/projects/rccl/build/release/hipify/src/misc/roctx.cc
[ 12%] Hipifying src/misc/socket.cc -> /home/yelkhamr/dark-factory/rocm-systems/projects/rccl/build/release/hipify/src/misc/socket.cc
[ 12%] Hipifying src/misc/strongstream.cc -> /home/yelkhamr/dark-factory/rocm-systems/projects/rccl/build/release/hipify/src/misc/strongstream.cc
[ 12%] Hipifying src/misc/utils.cc -> /home/yelkhamr/dark-factory/rocm-systems/projects/rccl/build/release/hipify/src/misc/utils.cc
[ 12%] Hipifying src/mnnvl.cc -> /home/yelkhamr/dark-factory/rocm-systems/projects/rccl/build/release/hipify/src/mnnvl.cc
[ 12%] Hipifying src/nccl_device/core.cc -> /home/yelkhamr/dark-factory/rocm-systems/projects/rccl/build/release/hipify/src/nccl_device/core.cc
[ 12%] Hipifying src/nccl_device/gin_scratch.cc -> /home/yelkhamr/dark-factory/rocm-systems/projects/rccl/build/release/hipify/src/nccl_device/gin_scratch.cc
[ 12%] Hipifying src/nccl_device/gin_barrier.cc -> /home/yelkhamr/dark-factory/rocm-systems/projects/rccl/build/release/hipify/src/nccl_device/gin_barrier.cc
[ 12%] Hipifying src/nccl_device/ll_a2a.cc -> /home/yelkhamr/dark-factory/rocm-systems/projects/rccl/build/release/hipify/src/nccl_device/ll_a2a.cc
[ 12%] Hipifying src/nccl_device/lsa_barrier.cc -> /home/yelkhamr/dark-factory/rocm-systems/projects/rccl/build/release/hipify/src/nccl_device/lsa_barrier.cc
[ 12%] Hipifying src/os/linux.cc -> /home/yelkhamr/dark-factory/rocm-systems/projects/rccl/build/release/hipify/src/os/linux.cc
[ 12%] Hipifying src/param/c_api.cc -> /home/yelkhamr/dark-factory/rocm-systems/projects/rccl/build/release/hipify/src/param/c_api.cc
[ 14%] Hipifying src/os/linux_ipcsocket.cc -> /home/yelkhamr/dark-factory/rocm-systems/projects/rccl/build/release/hipify/src/os/linux_ipcsocket.cc
[ 14%] Hipifying src/param/param_registry.cc -> /home/yelkhamr/dark-factory/rocm-systems/projects/rccl/build/release/hipify/src/param/param_registry.cc
[ 14%] Hipifying src/param/param.cc -> /home/yelkhamr/dark-factory/rocm-systems/projects/rccl/build/release/hipify/src/param/param_tmp.cc
[ 14%] Hipifying src/plugin/gin.cc -> /home/yelkhamr/dark-factory/rocm-systems/projects/rccl/build/release/hipify/src/plugin/gin.cc
[ 14%] Hipifying src/plugin/env.cc -> /home/yelkhamr/dark-factory/rocm-systems/projects/rccl/build/release/hipify/src/plugin/env.cc
[ 14%] Hipifying src/plugin/env/env_v1.cc -> /home/yelkhamr/dark-factory/rocm-systems/projects/rccl/build/release/hipify/src/plugin/env/env_v1.cc
[ 14%] Hipifying src/plugin/gin/gin_v11.cc -> /home/yelkhamr/dark-factory/rocm-systems/projects/rccl/build/release/hipify/src/plugin/gin/gin_v11.cc
[ 14%] Hipifying src/plugin/gin/gin_v12.cc -> /home/yelkhamr/dark-factory/rocm-systems/projects/rccl/build/release/hipify/src/plugin/gin/gin_v12.cc
[ 14%] Hipifying src/plugin/gin/gin_v13.cc -> /home/yelkhamr/dark-factory/rocm-systems/projects/rccl/build/release/hipify/src/plugin/gin/gin_v13.cc
[ 14%] Hipifying src/plugin/net.cc -> /home/yelkhamr/dark-factory/rocm-systems/projects/rccl/build/release/hipify/src/plugin/net.cc
[ 14%] Hipifying src/plugin/net/net_v10.cc -> /home/yelkhamr/dark-factory/rocm-systems/projects/rccl/build/release/hipify/src/plugin/net/net_v10.cc
[ 14%] Hipifying src/plugin/net/net_v11.cc -> /home/yelkhamr/dark-factory/rocm-systems/projects/rccl/build/release/hipify/src/plugin/net/net_v11.cc
[ 14%] Hipifying src/plugin/net/net_v12.cc -> /home/yelkhamr/dark-factory/rocm-systems/projects/rccl/build/release/hipify/src/plugin/net/net_v12.cc
[ 14%] Hipifying src/plugin/net/net_v6.cc -> /home/yelkhamr/dark-factory/rocm-systems/projects/rccl/build/release/hipify/src/plugin/net/net_v6.cc
[ 14%] Hipifying src/plugin/net/net_v7.cc -> /home/yelkhamr/dark-factory/rocm-systems/projects/rccl/build/release/hipify/src/plugin/net/net_v7.cc
[ 14%] Hipifying src/plugin/net/net_v8.cc -> /home/yelkhamr/dark-factory/rocm-systems/projects/rccl/build/release/hipify/src/plugin/net/net_v8.cc
[ 14%] Hipifying src/plugin/net/net_v9.cc -> /home/yelkhamr/dark-factory/rocm-systems/projects/rccl/build/release/hipify/src/plugin/net/net_v9.cc
[ 14%] Hipifying src/plugin/plugin_open.cc -> /home/yelkhamr/dark-factory/rocm-systems/projects/rccl/build/release/hipify/src/plugin/plugin_open.cc
[ 14%] Hipifying src/plugin/profiler/profiler_v1.cc -> /home/yelkhamr/dark-factory/rocm-systems/projects/rccl/build/release/hipify/src/plugin/profiler/profiler_v1.cc
[ 14%] Hipifying src/plugin/profiler/profiler_v2.cc -> /home/yelkhamr/dark-factory/rocm-systems/projects/rccl/build/release/hipify/src/plugin/profiler/profiler_v2.cc
[ 14%] Hipifying src/plugin/profiler/profiler_v4.cc -> /home/yelkhamr/dark-factory/rocm-systems/projects/rccl/build/release/hipify/src/plugin/profiler/profiler_v4.cc
[ 14%] Hipifying src/plugin/profiler/profiler_v3.cc -> /home/yelkhamr/dark-factory/rocm-systems/projects/rccl/build/release/hipify/src/plugin/profiler/profiler_v3.cc
[ 14%] Hipifying src/plugin/profiler/profiler_v5.cc -> /home/yelkhamr/dark-factory/rocm-systems/projects/rccl/build/release/hipify/src/plugin/profiler/profiler_v5.cc
[ 14%] Hipifying src/plugin/profiler.cc -> /home/yelkhamr/dark-factory/rocm-systems/projects/rccl/build/release/hipify/src/plugin/profiler.cc
[ 14%] Hipifying src/plugin/profiler/profiler_v6.cc -> /home/yelkhamr/dark-factory/rocm-systems/projects/rccl/build/release/hipify/src/plugin/profiler/profiler_v6.cc
[ 14%] Hipifying src/plugin/tuner.cc -> /home/yelkhamr/dark-factory/rocm-systems/projects/rccl/build/release/hipify/src/plugin/tuner.cc
[ 14%] Hipifying src/plugin/tuner/tuner_v2.cc -> /home/yelkhamr/dark-factory/rocm-systems/projects/rccl/build/release/hipify/src/plugin/tuner/tuner_v2.cc
[ 14%] Hipifying src/plugin/tuner/csv_tuner.cc -> /home/yelkhamr/dark-factory/rocm-systems/projects/rccl/build/release/hipify/src/plugin/tuner/csv_tuner.cc
[ 14%] Hipifying src/plugin/tuner/tuner_v3.cc -> /home/yelkhamr/dark-factory/rocm-systems/projects/rccl/build/release/hipify/src/plugin/tuner/tuner_v3.cc
[ 14%] Hipifying src/plugin/tuner/tuner_v5.cc -> /home/yelkhamr/dark-factory/rocm-systems/projects/rccl/build/release/hipify/src/plugin/tuner/tuner_v5.cc
[ 14%] Hipifying src/plugin/tuner/tuner_v4.cc -> /home/yelkhamr/dark-factory/rocm-systems/projects/rccl/build/release/hipify/src/plugin/tuner/tuner_v4.cc
[ 14%] Hipifying src/plugin/tuner/tuner_v6.cc -> /home/yelkhamr/dark-factory/rocm-systems/projects/rccl/build/release/hipify/src/plugin/tuner/tuner_v6.cc
[ 14%] Hipifying src/ras/collectives.cc -> /home/yelkhamr/dark-factory/rocm-systems/projects/rccl/build/release/hipify/src/ras/collectives_tmp.cc
[ 14%] Hipifying src/ras/client.cc -> /home/yelkhamr/dark-factory/rocm-systems/projects/rccl/build/release/hipify/src/ras/client.cc
[ 14%] Hipifying src/proxy.cc -> /home/yelkhamr/dark-factory/rocm-systems/projects/rccl/build/release/hipify/src/proxy.cc
[ 14%] Hipifying src/ras/client_support.cc -> /home/yelkhamr/dark-factory/rocm-systems/projects/rccl/build/release/hipify/src/ras/client_support.cc
[ 14%] Hipifying src/ras/peers.cc -> /home/yelkhamr/dark-factory/rocm-systems/projects/rccl/build/release/hipify/src/ras/peers.cc
[ 14%] Hipifying src/ras/ras.cc -> /home/yelkhamr/dark-factory/rocm-systems/projects/rccl/build/release/hipify/src/ras/ras.cc
[ 14%] Hipifying src/ras/ras_internal.h -> /home/yelkhamr/dark-factory/rocm-systems/projects/rccl/build/release/hipify/src/ras/ras_internal.h
[ 14%] Hipifying src/ras/rasnet.cc -> /home/yelkhamr/dark-factory/rocm-systems/projects/rccl/build/release/hipify/src/ras/rasnet.cc
[ 14%] Hipifying src/rccl_wrap.cc -> /home/yelkhamr/dark-factory/rocm-systems/projects/rccl/build/release/hipify/src/rccl_wrap.cc
[ 14%] Hipifying src/register/coll_reg.cc -> /home/yelkhamr/dark-factory/rocm-systems/projects/rccl/build/release/hipify/src/register/coll_reg.cc
[ 14%] Hipifying src/register/register.cc -> /home/yelkhamr/dark-factory/rocm-systems/projects/rccl/build/release/hipify/src/register/register.cc
[ 14%] Hipifying src/register/sendrecv_reg.cc -> /home/yelkhamr/dark-factory/rocm-systems/projects/rccl/build/release/hipify/src/register/sendrecv_reg.cc
[ 15%] Hipifying src/rma/rma.cc -> /home/yelkhamr/dark-factory/rocm-systems/projects/rccl/build/release/hipify/src/rma/rma.cc
[ 15%] Hipifying src/rma/rma_proxy.cc -> /home/yelkhamr/dark-factory/rocm-systems/projects/rccl/build/release/hipify/src/rma/rma_proxy.cc
[ 15%] Hipifying src/rma/rma_ce.cc -> /home/yelkhamr/dark-factory/rocm-systems/projects/rccl/build/release/hipify/src/rma/rma_ce.cc
[ 15%] Hipifying src/rma/rma_proxy_launch.cc -> /home/yelkhamr/dark-factory/rocm-systems/projects/rccl/build/release/hipify/src/rma/rma_proxy_launch.cc
[ 15%] Hipifying src/rma/rma_proxy_progress.cc -> /home/yelkhamr/dark-factory/rocm-systems/projects/rccl/build/release/hipify/src/rma/rma_proxy_progress.cc
[ 15%] Hipifying src/sym_kernels.cc -> /home/yelkhamr/dark-factory/rocm-systems/projects/rccl/build/release/hipify/src/sym_kernels.cc
[ 15%] Hipifying src/scheduler/allgatherv_sched.cc -> /home/yelkhamr/dark-factory/rocm-systems/projects/rccl/build/release/hipify/src/scheduler/allgatherv_sched.cc
[ 15%] Hipifying src/transport.cc -> /home/yelkhamr/dark-factory/rocm-systems/projects/rccl/build/release/hipify/src/transport.cc
[ 15%] Hipifying src/scheduler/symmetric_sched.cc -> /home/yelkhamr/dark-factory/rocm-systems/projects/rccl/build/release/hipify/src/scheduler/symmetric_sched.cc
[ 15%] Hipifying src/transport/coll_net.cc -> /home/yelkhamr/dark-factory/rocm-systems/projects/rccl/build/release/hipify/src/transport/coll_net.cc
[ 15%] Hipifying src/transport/net_ib/common.cc -> /home/yelkhamr/dark-factory/rocm-systems/projects/rccl/build/release/hipify/src/transport/net_ib/common.cc
[ 15%] Hipifying src/transport/net_ib/connect.h -> /home/yelkhamr/dark-factory/rocm-systems/projects/rccl/build/release/hipify/src/transport/net_ib/connect.h
[ 15%] Hipifying src/transport/generic.cc -> /home/yelkhamr/dark-factory/rocm-systems/projects/rccl/build/release/hipify/src/transport/generic.cc
[ 15%] Hipifying src/transport/net_ib/connect.cc -> /home/yelkhamr/dark-factory/rocm-systems/projects/rccl/build/release/hipify/src/transport/net_ib/connect_tmp.cc
[ 15%] Hipifying src/transport/net_ib/gdr.cc -> /home/yelkhamr/dark-factory/rocm-systems/projects/rccl/build/release/hipify/src/transport/net_ib/gdr.cc
[ 15%] Hipifying src/transport/net_ib/gdaki/gin_host_gdaki.h -> /home/yelkhamr/dark-factory/rocm-systems/projects/rccl/build/release/hipify/src/transport/net_ib/gdaki/gin_host_gdaki.h
[ 15%] Hipifying src/transport/net_ib/gin.cc -> /home/yelkhamr/dark-factory/rocm-systems/projects/rccl/build/release/hipify/src/transport/net_ib/gin_tmp.cc
[ 15%] Hipifying src/transport/net_ib/p2p_resiliency.cc -> /home/yelkhamr/dark-factory/rocm-systems/projects/rccl/build/release/hipify/src/transport/net_ib/p2p_resiliency.cc
[ 15%] Hipifying src/transport/net_ib/init.cc -> /home/yelkhamr/dark-factory/rocm-systems/projects/rccl/build/release/hipify/src/transport/net_ib/init_tmp.cc
[ 15%] Hipifying src/transport/net_ib/p2p.cc -> /home/yelkhamr/dark-factory/rocm-systems/projects/rccl/build/release/hipify/src/transport/net_ib/p2p.cc
[ 15%] Hipifying src/transport/net_ib/p2p_resiliency.h -> /home/yelkhamr/dark-factory/rocm-systems/projects/rccl/build/release/hipify/src/transport/net_ib/p2p_resiliency.h
[ 15%] Hipifying src/transport/net_ib/p2p_resiliency_recovery.cc -> /home/yelkhamr/dark-factory/rocm-systems/projects/rccl/build/release/hipify/src/transport/net_ib/p2p_resiliency_recovery.cc
[ 15%] Hipifying src/transport/net_ib/reg.cc -> /home/yelkhamr/dark-factory/rocm-systems/projects/rccl/build/release/hipify/src/transport/net_ib/reg.cc
[ 15%] Hipifying src/transport/net_ib_cast/common_cast.h -> /home/yelkhamr/dark-factory/rocm-systems/projects/rccl/build/release/hipify/src/transport/net_ib_cast/common_cast.h
[ 15%] Hipifying src/transport/net_ib/p2p_resiliency_recovery.h -> /home/yelkhamr/dark-factory/rocm-systems/projects/rccl/build/release/hipify/src/transport/net_ib/p2p_resiliency_recovery.h
[ 15%] Hipifying src/transport/net_ib_cast/common.cc -> /home/yelkhamr/dark-factory/rocm-systems/projects/rccl/build/release/hipify/src/transport/net_ib_cast/common_tmp.cc
[ 15%] Hipifying src/transport/net_ib_cast/connect_cast.h -> /home/yelkhamr/dark-factory/rocm-systems/projects/rccl/build/release/hipify/src/transport/net_ib_cast/connect_cast.h
[ 15%] Hipifying src/transport/net_ib_cast/connect.cc -> /home/yelkhamr/dark-factory/rocm-systems/projects/rccl/build/release/hipify/src/transport/net_ib_cast/connect_tmp.cc
[ 15%] Hipifying src/transport/net_ib_cast/gin_cast.h -> /home/yelkhamr/dark-factory/rocm-systems/projects/rccl/build/release/hipify/src/transport/net_ib_cast/gin_cast.h
[ 15%] Hipifying src/transport/net_ib_cast/gdr.cc -> /home/yelkhamr/dark-factory/rocm-systems/projects/rccl/build/release/hipify/src/transport/net_ib_cast/gdr_tmp.cc
[ 15%] Hipifying src/transport/net_ib_cast/gin.cc -> /home/yelkhamr/dark-factory/rocm-systems/projects/rccl/build/release/hipify/src/transport/net_ib_cast/gin_tmp.cc
[ 15%] Hipifying src/transport/net_ib_cast/init.cc -> /home/yelkhamr/dark-factory/rocm-systems/projects/rccl/build/release/hipify/src/transport/net_ib_cast/init_tmp.cc
[ 15%] Hipifying src/transport/net_ib_cast/net_ib_cast_inspect.h -> /home/yelkhamr/dark-factory/rocm-systems/projects/rccl/build/release/hipify/src/transport/net_ib_cast/net_ib_cast_inspect.h
[ 15%] Hipifying src/transport/net_ib_cast/net_ib_cast_inspect.h -> /home/yelkhamr/dark-factory/rocm-systems/projects/rccl/build/release/hipify/src/transport/net_ib_cast/net_ib_cast_inspect_tmp.h
[ 15%] Hipifying src/transport/net_ib_cast/net_ib_fault_inject.h -> /home/yelkhamr/dark-factory/rocm-systems/projects/rccl/build/release/hipify/src/transport/net_ib_cast/net_ib_fault_inject.h
[ 15%] Hipifying src/transport/net_ib_cast/net_ib_ops_fault.h -> /home/yelkhamr/dark-factory/rocm-systems/projects/rccl/build/release/hipify/src/transport/net_ib_cast/net_ib_ops_fault.h
[ 15%] Hipifying src/transport/net_ib_cast/net_ib_ops_fault.cc -> /home/yelkhamr/dark-factory/rocm-systems/projects/rccl/build/release/hipify/src/transport/net_ib_cast/net_ib_ops_fault.cc
[ 15%] Hipifying src/transport/net_ib_cast/p2p_resiliency_cast.h -> /home/yelkhamr/dark-factory/rocm-systems/projects/rccl/build/release/hipify/src/transport/net_ib_cast/p2p_resiliency_cast.h
[ 15%] Hipifying src/transport/net_ib_cast/p2p_cast.h -> /home/yelkhamr/dark-factory/rocm-systems/projects/rccl/build/release/hipify/src/transport/net_ib_cast/p2p_cast.h
[ 15%] Hipifying src/transport/net_ib_cast/p2p_resiliency_recovery_ainic.h -> /home/yelkhamr/dark-factory/rocm-systems/projects/rccl/build/release/hipify/src/transport/net_ib_cast/p2p_resiliency_recovery_ainic.h
[ 15%] Hipifying src/transport/net_ib_cast/p2p_resiliency_recovery_ainic.cc -> /home/yelkhamr/dark-factory/rocm-systems/projects/rccl/build/release/hipify/src/transport/net_ib_cast/p2p_resiliency_recovery_ainic.cc
[ 17%] Hipifying src/transport/net_ib_cast/p2p_resiliency_recovery_cast.h -> /home/yelkhamr/dark-factory/rocm-systems/projects/rccl/build/release/hipify/src/transport/net_ib_cast/p2p_resiliency_recovery_cast.h
[ 17%] Hipifying src/transport/net_ib_cast/p2p_resiliency_recovery_internal.h -> /home/yelkhamr/dark-factory/rocm-systems/projects/rccl/build/release/hipify/src/transport/net_ib_cast/p2p_resiliency_recovery_internal.h
[ 17%] Hipifying src/transport/net_ib_cast/p2p_resiliency_recovery.cc -> /home/yelkhamr/dark-factory/rocm-systems/projects/rccl/build/release/hipify/src/transport/net_ib_cast/p2p_resiliency_recovery_tmp.cc
[ 17%] Hipifying src/transport/net_ib_cast/p2p_resiliency.cc -> /home/yelkhamr/dark-factory/rocm-systems/projects/rccl/build/release/hipify/src/transport/net_ib_cast/p2p_resiliency_tmp.cc
[ 17%] Hipifying src/transport/net_ib_cast/p2p.cc -> /home/yelkhamr/dark-factory/rocm-systems/projects/rccl/build/release/hipify/src/transport/net_ib_cast/p2p_tmp.cc
[ 17%] Hipifying src/transport/net_ib_cast/reg.cc -> /home/yelkhamr/dark-factory/rocm-systems/projects/rccl/build/release/hipify/src/transport/net_ib_cast/reg_tmp.cc
[ 17%] Hipifying src/transport/net_ib_limits.h -> /home/yelkhamr/dark-factory/rocm-systems/projects/rccl/build/release/hipify/src/transport/net_ib_limits.h
[ 17%] Hipifying src/transport/net_ib_cast/scheduler.cc -> /home/yelkhamr/dark-factory/rocm-systems/projects/rccl/build/release/hipify/src/transport/net_ib_cast/scheduler.cc
[ 17%] Hipifying src/transport/net_ib_limits.h -> /home/yelkhamr/dark-factory/rocm-systems/projects/rccl/build/release/hipify/src/transport/net_ib_limits_tmp.h
[ 17%] Hipifying src/transport/net_socket.cc -> /home/yelkhamr/dark-factory/rocm-systems/projects/rccl/build/release/hipify/src/transport/net_socket.cc
[ 17%] Hipifying src/transport/nvls.cc -> /home/yelkhamr/dark-factory/rocm-systems/projects/rccl/build/release/hipify/src/transport/nvls.cc
[ 17%] Hipifying src/transport/net.cc -> /home/yelkhamr/dark-factory/rocm-systems/projects/rccl/build/release/hipify/src/transport/net_tmp.cc
[ 17%] Hipifying src/transport/p2p.cc -> /home/yelkhamr/dark-factory/rocm-systems/projects/rccl/build/release/hipify/src/transport/p2p_tmp.cc
[ 17%] Hipifying src/transport/profiler.cc -> /home/yelkhamr/dark-factory/rocm-systems/projects/rccl/build/release/hipify/src/transport/profiler_tmp.cc
[ 17%] Hipifying src/transport/shm.cc -> /home/yelkhamr/dark-factory/rocm-systems/projects/rccl/build/release/hipify/src/transport/shm.cc
[ 17%] Built target hipify_all
[ 17%] Generating ../include/rccl/nccl_device.h
[ 19%] Built target copy_nccl_device_headers
[ 19%] Building RCCLDEV object src/CMakeFiles/rccl_device_gfx950.dir/__/hipify/gensrc/specialized/specialized_allreduce_tree_simple_sum_f8e4m3_0_0_2.o
[ 19%] Building RCCLDEV object src/CMakeFiles/rccl_device_gfx950.dir/__/hipify/gensrc/specialized/specialized_allreduce_tree_simple_sum_f8e5m2_0_0_2.o
[ 19%] Building RCCLDEV object src/CMakeFiles/rccl_device_gfx950.dir/__/hipify/gensrc/specialized/specialized_allreduce_tree_simple_minmax_f8e4m3_1_0_2.o
[ 19%] Building RCCLDEV object src/CMakeFiles/rccl_device_gfx950.dir/__/hipify/gensrc/specialized/specialized_allreduce_tree_simple_sum_f8e4m3_1_0_2.o
[ 19%] Building RCCLDEV object src/CMakeFiles/rccl_device_gfx950.dir/__/hipify/gensrc/specialized/specialized_allreduce_tree_simple_minmax_f8e4m3_0_0_2.o
[ 19%] Building RCCLDEV object src/CMakeFiles/rccl_device_gfx950.dir/__/hipify/gensrc/specialized/specialized_allreduce_tree_simple_prod_f8e5m2_1_0_2.o
[ 19%] Building RCCLDEV object src/CMakeFiles/rccl_device_gfx950.dir/__/hipify/gensrc/specialized/specialized_allreduce_tree_simple_minmax_f8e5m2_0_0_2.o
[ 19%] Building RCCLDEV object src/CMakeFiles/rccl_device_gfx950.dir/__/hipify/gensrc/specialized/specialized_allreduce_tree_simple_prod_f8e4m3_1_0_2.o
[ 19%] Building RCCLDEV object src/CMakeFiles/rccl_device_gfx950.dir/__/hipify/gensrc/specialized/specialized_allreduce_tree_simple_prod_f8e5m2_0_0_2.o
[ 19%] Building RCCLDEV object src/CMakeFiles/rccl_device_gfx950.dir/__/hipify/gensrc/specialized/specialized_allreduce_tree_simple_sum_f8e5m2_1_0_2.o
[ 19%] Building RCCLDEV object src/CMakeFiles/rccl_device_gfx950.dir/__/hipify/gensrc/specialized/specialized_allreduce_tree_simple_prod_f8e4m3_0_0_2.o
[ 19%] Building RCCLDEV object src/CMakeFiles/rccl_device_gfx950.dir/__/hipify/gensrc/specialized/specialized_allreduce_tree_simple_sum_f8e4m3_1_0_1.o
[ 19%] Building RCCLDEV object src/CMakeFiles/rccl_device_gfx950.dir/__/hipify/gensrc/specialized/specialized_allreduce_tree_simple_premulsum_f8e4m3_0_0_2.o
[ 19%] Building RCCLDEV object src/CMakeFiles/rccl_device_gfx950.dir/__/hipify/gensrc/specialized/specialized_allreduce_tree_simple_minmax_f8e5m2_1_0_2.o
[ 19%] Building RCCLDEV object src/CMakeFiles/rccl_device_gfx950.dir/__/hipify/gensrc/specialized/specialized_allreduce_tree_simple_premulsum_f8e4m3_1_0_2.o
[ 20%] Building RCCLDEV object src/CMakeFiles/rccl_device_gfx950.dir/__/hipify/gensrc/specialized/specialized_allreduce_tree_simple_premulsum_f8e5m2_1_0_2.o
[ 20%] Building RCCLDEV object src/CMakeFiles/rccl_device_gfx950.dir/__/hipify/gensrc/specialized/specialized_allreduce_tree_simple_sum_f8e4m3_0_0_1.o
[ 20%] Building RCCLDEV object src/CMakeFiles/rccl_device_gfx950.dir/__/hipify/gensrc/specialized/specialized_allreduce_tree_simple_sum_f8e5m2_0_0_1.o
[ 20%] Building RCCLDEV object src/CMakeFiles/rccl_device_gfx950.dir/__/hipify/gensrc/specialized/specialized_allreduce_tree_simple_sum_f8e5m2_1_0_1.o
[ 20%] Building RCCLDEV object src/CMakeFiles/rccl_device_gfx950.dir/__/hipify/gensrc/specialized/specialized_allreduce_tree_simple_premulsum_f8e5m2_0_0_2.o
[ 20%] Building RCCLDEV object src/CMakeFiles/rccl_device_gfx950.dir/__/hipify/gensrc/specialized/specialized_allreduce_tree_simple_prod_f8e4m3_0_0_1.o
[ 20%] Building RCCLDEV object src/CMakeFiles/rccl_device_gfx950.dir/__/hipify/gensrc/specialized/specialized_allreduce_tree_simple_prod_f8e5m2_1_0_1.o
[ 20%] Building RCCLDEV object src/CMakeFiles/rccl_device_gfx950.dir/__/hipify/gensrc/specialized/specialized_allreduce_tree_simple_prod_f8e4m3_1_0_1.o
[ 20%] Building RCCLDEV object src/CMakeFiles/rccl_device_gfx950.dir/__/hipify/gensrc/specialized/specialized_allreduce_tree_simple_prod_f8e5m2_0_0_1.o
[ 20%] Building RCCLDEV object src/CMakeFiles/rccl_device_gfx950.dir/__/hipify/gensrc/specialized/specialized_allreduce_tree_simple_minmax_f8e4m3_0_0_1.o
[ 20%] Building RCCLDEV object src/CMakeFiles/rccl_device_gfx950.dir/__/hipify/gensrc/specialized/specialized_allreduce_tree_simple_minmax_f8e5m2_0_0_1.o
[ 20%] Building RCCLDEV object src/CMakeFiles/rccl_device_gfx950.dir/__/hipify/gensrc/specialized/specialized_allreduce_tree_simple_minmax_f8e4m3_1_0_1.o
[ 20%] Building RCCLDEV object src/CMakeFiles/rccl_device_gfx950.dir/__/hipify/gensrc/specialized/specialized_reduce_ring_simple_sum_f8e4m3_0_0_2.o
[ 20%] Building RCCLDEV object src/CMakeFiles/rccl_device_gfx950.dir/__/hipify/gensrc/specialized/specialized_allreduce_tree_simple_premulsum_f8e5m2_0_0_1.o
[ 20%] Building RCCLDEV object src/CMakeFiles/rccl_device_gfx950.dir/__/hipify/gensrc/specialized/specialized_allreduce_tree_simple_minmax_f8e5m2_1_0_1.o
[ 20%] Building RCCLDEV object src/CMakeFiles/rccl_device_gfx950.dir/__/hipify/gensrc/specialized/specialized_allreduce_tree_simple_premulsum_f8e4m3_0_0_1.o
[ 20%] Building RCCLDEV object src/CMakeFiles/rccl_device_gfx950.dir/__/hipify/gensrc/specialized/specialized_allreduce_tree_simple_premulsum_f8e4m3_1_0_1.o
[ 20%] Building RCCLDEV object src/CMakeFiles/rccl_device_gfx950.dir/__/hipify/gensrc/specialized/specialized_reduce_ring_simple_prod_f8e4m3_0_0_2.o
[ 20%] Building RCCLDEV object src/CMakeFiles/rccl_device_gfx950.dir/__/hipify/gensrc/specialized/specialized_reduce_ring_simple_sum_f8e5m2_0_0_2.o
[ 20%] Building RCCLDEV object src/CMakeFiles/rccl_device_gfx950.dir/__/hipify/gensrc/specialized/specialized_reduce_ring_simple_prod_f8e5m2_0_0_2.o
[ 20%] Building RCCLDEV object src/CMakeFiles/rccl_device_gfx950.dir/__/hipify/gensrc/specialized/specialized_allreduce_tree_simple_premulsum_f8e5m2_1_0_1.o
[ 20%] Building RCCLDEV object src/CMakeFiles/rccl_device_gfx950.dir/__/hipify/gensrc/specialized/specialized_reduce_ring_simple_minmax_f8e4m3_0_0_2.o
[ 20%] Building RCCLDEV object src/CMakeFiles/rccl_device_gfx950.dir/__/hipify/gensrc/specialized/specialized_reduce_ring_simple_minmax_f8e5m2_0_0_2.o
[ 20%] Building RCCLDEV object src/CMakeFiles/rccl_device_gfx950.dir/__/hipify/gensrc/specialized/specialized_reduce_ring_simple_premulsum_f8e5m2_0_0_2.o
[ 20%] Building RCCLDEV object src/CMakeFiles/rccl_device_gfx950.dir/__/hipify/gensrc/specialized/specialized_reducescatter_ring_simple_sum_f8e4m3_0_0_2.o
[ 20%] Building RCCLDEV object src/CMakeFiles/rccl_device_gfx950.dir/__/hipify/gensrc/specialized/specialized_reduce_ring_simple_premulsum_f8e4m3_0_0_2.o
[ 20%] Building RCCLDEV object src/CMakeFiles/rccl_device_gfx950.dir/__/hipify/gensrc/specialized/specialized_reducescatter_ring_simple_sum_f8e5m2_0_0_2.o
[ 20%] Building RCCLDEV object src/CMakeFiles/rccl_device_gfx950.dir/__/hipify/gensrc/specialized/specialized_reducescatter_ring_simple_prod_f8e5m2_0_0_2.o
[ 20%] Building RCCLDEV object src/CMakeFiles/rccl_device_gfx950.dir/__/hipify/gensrc/specialized/specialized_reducescatter_ring_simple_prod_f8e4m3_0_0_2.o
[ 20%] Building RCCLDEV object src/CMakeFiles/rccl_device_gfx950.dir/__/hipify/gensrc/specialized/specialized_reducescatter_ring_simple_minmax_f8e4m3_0_0_2.o
[ 20%] Building RCCLDEV object src/CMakeFiles/rccl_device_gfx950.dir/__/hipify/gensrc/specialized/specialized_reducescatter_ring_simple_premulsum_f8e5m2_0_0_2.o
[ 20%] Building RCCLDEV object src/CMakeFiles/rccl_device_gfx950.dir/__/hipify/gensrc/specialized/specialized_allreduce_ring_simple_sum_f8e4m3_0_0_2.o
[ 20%] Building RCCLDEV object src/CMakeFiles/rccl_device_gfx950.dir/__/hipify/gensrc/specialized/specialized_reducescatter_ring_simple_premulsum_f8e4m3_0_0_2.o
[ 20%] Building RCCLDEV object src/CMakeFiles/rccl_device_gfx950.dir/__/hipify/gensrc/specialized/specialized_reducescatter_ring_simple_minmax_f8e5m2_0_0_2.o
[ 20%] Building RCCLDEV object src/CMakeFiles/rccl_device_gfx950.dir/__/hipify/gensrc/specialized/specialized_allreduce_ring_simple_sum_f8e5m2_0_0_2.o
[ 20%] Building RCCLDEV object src/CMakeFiles/rccl_device_gfx950.dir/__/hipify/gensrc/specialized/specialized_allreduce_ring_simple_sum_f8e4m3_1_0_2.o
[ 20%] Building RCCLDEV object src/CMakeFiles/rccl_device_gfx950.dir/__/hipify/gensrc/specialized/specialized_allreduce_ring_simple_prod_f8e4m3_0_0_2.o
[ 20%] Building RCCLDEV object src/CMakeFiles/rccl_device_gfx950.dir/__/hipify/gensrc/specialized/specialized_allreduce_ring_simple_sum_f8e5m2_1_0_2.o
[ 20%] Building RCCLDEV object src/CMakeFiles/rccl_device_gfx950.dir/__/hipify/gensrc/specialized/specialized_allreduce_ring_simple_prod_f8e4m3_1_0_2.o
[ 20%] Building RCCLDEV object src/CMakeFiles/rccl_device_gfx950.dir/__/hipify/gensrc/specialized/specialized_allreduce_ring_simple_minmax_f8e4m3_0_0_2.o
[ 20%] Building RCCLDEV object src/CMakeFiles/rccl_device_gfx950.dir/__/hipify/gensrc/specialized/specialized_allreduce_ring_simple_prod_f8e5m2_0_0_2.o
[ 20%] Building RCCLDEV object src/CMakeFiles/rccl_device_gfx950.dir/__/hipify/gensrc/specialized/specialized_allreduce_ring_simple_minmax_f8e4m3_1_0_2.o
[ 20%] Building RCCLDEV object src/CMakeFiles/rccl_device_gfx950.dir/__/hipify/gensrc/specialized/specialized_allreduce_ring_simple_prod_f8e5m2_1_0_2.o
[ 20%] Building RCCLDEV object src/CMakeFiles/rccl_device_gfx950.dir/__/hipify/gensrc/specialized/specialized_allreduce_ring_simple_minmax_f8e5m2_0_0_2.o
[ 22%] Building RCCLDEV object src/CMakeFiles/rccl_device_gfx950.dir/__/hipify/gensrc/specialized/specialized_allreduce_ring_simple_premulsum_f8e4m3_0_0_2.o
[ 22%] Building RCCLDEV object src/CMakeFiles/rccl_device_gfx950.dir/__/hipify/gensrc/specialized/specialized_allreduce_ring_simple_premulsum_f8e4m3_1_0_2.o
[ 22%] Building RCCLDEV object src/CMakeFiles/rccl_device_gfx950.dir/__/hipify/gensrc/specialized/specialized_allreduce_ring_simple_minmax_f8e5m2_1_0_2.o
[ 22%] Building RCCLDEV object src/CMakeFiles/rccl_device_gfx950.dir/__/hipify/gensrc/specialized/specialized_allreduce_ring_simple_premulsum_f8e5m2_0_0_2.o
[ 22%] Building RCCLDEV object src/CMakeFiles/rccl_device_gfx950.dir/__/hipify/gensrc/specialized/specialized_reduce_ring_simple_sum_f8e5m2_0_0_1.o
[ 22%] Building RCCLDEV object src/CMakeFiles/rccl_device_gfx950.dir/__/hipify/gensrc/specialized/specialized_reduce_ring_simple_sum_f8e4m3_0_0_1.o
[ 22%] Building RCCLDEV object src/CMakeFiles/rccl_device_gfx950.dir/__/hipify/gensrc/specialized/specialized_allreduce_ring_simple_premulsum_f8e5m2_1_0_2.o
[ 22%] Building RCCLDEV object src/CMakeFiles/rccl_device_gfx950.dir/__/hipify/gensrc/specialized/specialized_reduce_ring_simple_prod_f8e4m3_0_0_1.o
[ 22%] Building RCCLDEV object src/CMakeFiles/rccl_device_gfx950.dir/__/hipify/gensrc/specialized/specialized_reduce_ring_simple_prod_f8e5m2_0_0_1.o
[ 22%] Building RCCLDEV object src/CMakeFiles/rccl_device_gfx950.dir/__/hipify/gensrc/specialized/specialized_reduce_ring_simple_minmax_f8e4m3_0_0_1.o
[ 22%] Building RCCLDEV object src/CMakeFiles/rccl_device_gfx950.dir/__/hipify/gensrc/specialized/specialized_reduce_ring_simple_premulsum_f8e5m2_0_0_1.o
[ 22%] Building RCCLDEV object src/CMakeFiles/rccl_device_gfx950.dir/__/hipify/gensrc/specialized/specialized_reduce_ring_simple_premulsum_f8e4m3_0_0_1.o
[ 22%] Building RCCLDEV object src/CMakeFiles/rccl_device_gfx950.dir/__/hipify/gensrc/specialized/specialized_reduce_ring_simple_minmax_f8e5m2_0_0_1.o
[ 22%] Building RCCLDEV object src/CMakeFiles/rccl_device_gfx950.dir/__/hipify/gensrc/specialized/specialized_reducescatter_ring_simple_sum_f8e5m2_0_0_1.o
[ 22%] Building RCCLDEV object src/CMakeFiles/rccl_device_gfx950.dir/__/hipify/gensrc/specialized/specialized_reducescatter_ring_simple_sum_f8e4m3_0_0_1.o
[ 22%] Building RCCLDEV object src/CMakeFiles/rccl_device_gfx950.dir/__/hipify/gensrc/specialized/specialized_reducescatter_ring_simple_minmax_f8e5m2_0_0_1.o
[ 22%] Building RCCLDEV object src/CMakeFiles/rccl_device_gfx950.dir/__/hipify/gensrc/specialized/specialized_reducescatter_ring_simple_minmax_f8e4m3_0_0_1.o
[ 22%] Building RCCLDEV object src/CMakeFiles/rccl_device_gfx950.dir/__/hipify/gensrc/specialized/specialized_reducescatter_ring_simple_prod_f8e4m3_0_0_1.o
[ 22%] Building RCCLDEV object src/CMakeFiles/rccl_device_gfx950.dir/__/hipify/gensrc/specialized/specialized_reducescatter_ring_simple_prod_f8e5m2_0_0_1.o
[ 22%] Building RCCLDEV object src/CMakeFiles/rccl_device_gfx950.dir/__/hipify/gensrc/specialized/specialized_reducescatter_ring_simple_premulsum_f8e5m2_0_0_1.o
[ 22%] Building RCCLDEV object src/CMakeFiles/rccl_device_gfx950.dir/__/hipify/gensrc/specialized/specialized_allreduce_ring_simple_sum_f8e4m3_1_0_1.o
[ 22%] Building RCCLDEV object src/CMakeFiles/rccl_device_gfx950.dir/__/hipify/gensrc/specialized/specialized_allreduce_ring_simple_sum_f8e5m2_0_0_1.o
[ 22%] Building RCCLDEV object src/CMakeFiles/rccl_device_gfx950.dir/__/hipify/gensrc/specialized/specialized_allreduce_ring_simple_sum_f8e4m3_0_0_1.o
[ 22%] Building RCCLDEV object src/CMakeFiles/rccl_device_gfx950.dir/__/hipify/gensrc/specialized/specialized_reducescatter_ring_simple_premulsum_f8e4m3_0_0_1.o
[ 22%] Building RCCLDEV object src/CMakeFiles/rccl_device_gfx950.dir/__/hipify/gensrc/specialized/specialized_allreduce_ring_simple_sum_f8e5m2_1_0_1.o
[ 22%] Building RCCLDEV object src/CMakeFiles/rccl_device_gfx950.dir/__/hipify/gensrc/specialized/specialized_allreduce_ring_simple_prod_f8e4m3_0_0_1.o
[ 22%] Building RCCLDEV object src/CMakeFiles/rccl_device_gfx950.dir/__/hipify/gensrc/specialized/specialized_allreduce_ring_simple_prod_f8e5m2_0_0_1.o
[ 22%] Building RCCLDEV object src/CMakeFiles/rccl_device_gfx950.dir/__/hipify/gensrc/specialized/specialized_allreduce_ring_simple_prod_f8e4m3_1_0_1.o
[ 22%] Building RCCLDEV object src/CMakeFiles/rccl_device_gfx950.dir/__/hipify/gensrc/specialized/specialized_allreduce_ring_simple_prod_f8e5m2_1_0_1.o
[ 22%] Building RCCLDEV object src/CMakeFiles/rccl_device_gfx950.dir/__/hipify/gensrc/specialized/specialized_allreduce_ring_simple_premulsum_f8e4m3_1_0_1.o
[ 22%] Building RCCLDEV object src/CMakeFiles/rccl_device_gfx950.dir/__/hipify/gensrc/specialized/specialized_allreduce_ring_simple_minmax_f8e4m3_1_0_1.o
[ 22%] Building RCCLDEV object src/CMakeFiles/rccl_device_gfx950.dir/__/hipify/gensrc/specialized/specialized_allreduce_ring_simple_minmax_f8e4m3_0_0_1.o
[ 22%] Building RCCLDEV object src/CMakeFiles/rccl_device_gfx950.dir/__/hipify/gensrc/specialized/specialized_allreduce_ring_simple_minmax_f8e5m2_1_0_1.o
[ 22%] Building RCCLDEV object src/CMakeFiles/rccl_device_gfx950.dir/__/hipify/gensrc/specialized/specialized_allreduce_ring_simple_premulsum_f8e4m3_0_0_1.o
[ 22%] Building RCCLDEV object src/CMakeFiles/rccl_device_gfx950.dir/__/hipify/gensrc/specialized/specialized_allreduce_ring_simple_minmax_f8e5m2_0_0_1.o
[ 22%] Building RCCLDEV object src/CMakeFiles/rccl_device_gfx950.dir/__/hipify/gensrc/specialized/specialized_reducescatter_pat_simple_sum_f8e4m3_0_0_2.o
[ 22%] Building RCCLDEV object src/CMakeFiles/rccl_device_gfx950.dir/__/hipify/gensrc/specialized/specialized_allreduce_ring_simple_premulsum_f8e5m2_0_0_1.o
[ 22%] Building RCCLDEV object src/CMakeFiles/rccl_device_gfx950.dir/__/hipify/gensrc/specialized/specialized_allreduce_ring_simple_premulsum_f8e5m2_1_0_1.o
[ 22%] Building RCCLDEV object src/CMakeFiles/rccl_device_gfx950.dir/__/hipify/gensrc/specialized/specialized_reducescatter_pat_simple_sum_f8e5m2_0_0_2.o
[ 22%] Building RCCLDEV object src/CMakeFiles/rccl_device_gfx950.dir/__/hipify/gensrc/specialized/specialized_reducescatter_pat_simple_prod_f8e4m3_0_0_2.o
[ 22%] Building RCCLDEV object src/CMakeFiles/rccl_device_gfx950.dir/__/hipify/gensrc/specialized/specialized_reducescatter_pat_simple_prod_f8e5m2_0_0_2.o
[ 22%] Building RCCLDEV object src/CMakeFiles/rccl_device_gfx950.dir/__/hipify/gensrc/specialized/specialized_reducescatter_pat_simple_minmax_f8e5m2_0_0_2.o
[ 22%] Building RCCLDEV object src/CMakeFiles/rccl_device_gfx950.dir/__/hipify/gensrc/specialized/specialized_reducescatter_pat_simple_premulsum_f8e4m3_0_0_2.o
[ 23%] Building RCCLDEV object src/CMakeFiles/rccl_device_gfx950.dir/__/hipify/gensrc/specialized/specialized_reducescatter_pat_simple_sum_f8e4m3_0_0_1.o
[ 22%] Building RCCLDEV object src/CMakeFiles/rccl_device_gfx950.dir/__/hipify/gensrc/specialized/specialized_reducescatter_pat_simple_minmax_f8e4m3_0_0_2.o
[ 23%] Building RCCLDEV object src/CMakeFiles/rccl_device_gfx950.dir/__/hipify/gensrc/specialized/specialized_reducescatter_pat_simple_prod_f8e5m2_0_0_1.o
[ 23%] Building RCCLDEV object src/CMakeFiles/rccl_device_gfx950.dir/__/hipify/gensrc/specialized/specialized_reducescatter_pat_simple_premulsum_f8e5m2_0_0_2.o
[ 23%] Building RCCLDEV object src/CMakeFiles/rccl_device_gfx950.dir/__/hipify/gensrc/specialized/specialized_reducescatter_pat_simple_sum_f8e5m2_0_0_1.o
[ 23%] Building RCCLDEV object src/CMakeFiles/rccl_device_gfx950.dir/__/hipify/gensrc/specialized/specialized_reducescatter_pat_simple_prod_f8e4m3_0_0_1.o
[ 23%] Building RCCLDEV object src/CMakeFiles/rccl_device_gfx950.dir/__/hipify/gensrc/specialized/specialized_reducescatter_pat_simple_premulsum_f8e5m2_0_0_1.o
[ 23%] Building RCCLDEV object src/CMakeFiles/rccl_device_gfx950.dir/__/hipify/gensrc/specialized/specialized_reducescatter_pat_simple_minmax_f8e5m2_0_0_1.o
[ 23%] Building RCCLDEV object src/CMakeFiles/rccl_device_gfx950.dir/__/hipify/gensrc/specialized/specialized_allreduce_tree_ll_sum_f8e4m3_0_0_2.o
[ 23%] Building RCCLDEV object src/CMakeFiles/rccl_device_gfx950.dir/__/hipify/gensrc/specialized/specialized_reducescatter_pat_simple_minmax_f8e4m3_0_0_1.o
[ 23%] Building RCCLDEV object src/CMakeFiles/rccl_device_gfx950.dir/__/hipify/gensrc/specialized/specialized_reducescatter_pat_simple_premulsum_f8e4m3_0_0_1.o
[ 23%] Building RCCLDEV object src/CMakeFiles/rccl_device_gfx950.dir/__/hipify/gensrc/specialized/specialized_allreduce_tree_ll_sum_f8e4m3_1_0_2.o
[ 23%] Building RCCLDEV object src/CMakeFiles/rccl_device_gfx950.dir/__/hipify/gensrc/specialized/specialized_allreduce_tree_ll_sum_f8e5m2_0_0_2.o
[ 23%] Building RCCLDEV object src/CMakeFiles/rccl_device_gfx950.dir/__/hipify/gensrc/specialized/specialized_allreduce_tree_ll_sum_f8e5m2_1_0_2.o
[ 23%] Building RCCLDEV object src/CMakeFiles/rccl_device_gfx950.dir/__/hipify/gensrc/specialized/specialized_allreduce_tree_ll_prod_f8e5m2_0_0_2.o
[ 23%] Building RCCLDEV object src/CMakeFiles/rccl_device_gfx950.dir/__/hipify/gensrc/specialized/specialized_allreduce_tree_ll_prod_f8e4m3_0_0_2.o
[ 23%] Building RCCLDEV object src/CMakeFiles/rccl_device_gfx950.dir/__/hipify/gensrc/specialized/specialized_allreduce_tree_ll_prod_f8e4m3_1_0_2.o
[ 23%] Building RCCLDEV object src/CMakeFiles/rccl_device_gfx950.dir/__/hipify/gensrc/specialized/specialized_allreduce_tree_ll_minmax_f8e5m2_0_0_2.o
[ 23%] Building RCCLDEV object src/CMakeFiles/rccl_device_gfx950.dir/__/hipify/gensrc/specialized/specialized_allreduce_tree_ll_minmax_f8e4m3_1_0_2.o
[ 23%] Building RCCLDEV object src/CMakeFiles/rccl_device_gfx950.dir/__/hipify/gensrc/specialized/specialized_allreduce_tree_ll_minmax_f8e5m2_1_0_2.o
[ 23%] Building RCCLDEV object src/CMakeFiles/rccl_device_gfx950.dir/__/hipify/gensrc/specialized/specialized_allreduce_tree_ll_prod_f8e5m2_1_0_2.o
[ 23%] Building RCCLDEV object src/CMakeFiles/rccl_device_gfx950.dir/__/hipify/gensrc/specialized/specialized_allreduce_tree_ll_minmax_f8e4m3_0_0_2.o
[ 23%] Building RCCLDEV object src/CMakeFiles/rccl_device_gfx950.dir/__/hipify/gensrc/specialized/specialized_allreduce_tree_ll_premulsum_f8e4m3_0_0_2.o
[ 23%] Building RCCLDEV object src/CMakeFiles/rccl_device_gfx950.dir/__/hipify/gensrc/specialized/specialized_allreduce_tree_ll_premulsum_f8e4m3_1_0_2.o
[ 23%] Building RCCLDEV object src/CMakeFiles/rccl_device_gfx950.dir/__/hipify/gensrc/specialized/specialized_allreduce_tree_ll_premulsum_f8e5m2_0_0_2.o
[ 23%] Building RCCLDEV object src/CMakeFiles/rccl_device_gfx950.dir/__/hipify/gensrc/specialized/specialized_allreduce_tree_ll_premulsum_f8e5m2_1_0_2.o
[ 23%] Building RCCLDEV object src/CMakeFiles/rccl_device_gfx950.dir/__/hipify/gensrc/specialized/specialized_allreduce_tree_ll_sum_f8e4m3_0_0_1.o
[ 23%] Building RCCLDEV object src/CMakeFiles/rccl_device_gfx950.dir/__/hipify/gensrc/specialized/specialized_allreduce_tree_ll_sum_f8e4m3_1_0_1.o
[ 23%] Building RCCLDEV object src/CMakeFiles/rccl_device_gfx950.dir/__/hipify/gensrc/specialized/specialized_allreduce_tree_ll_sum_f8e5m2_0_0_1.o
[ 23%] Building RCCLDEV object src/CMakeFiles/rccl_device_gfx950.dir/__/hipify/gensrc/specialized/specialized_allreduce_tree_ll_sum_f8e5m2_1_0_1.o
[ 23%] Building RCCLDEV object src/CMakeFiles/rccl_device_gfx950.dir/__/hipify/gensrc/specialized/specialized_allreduce_tree_ll_prod_f8e4m3_0_0_1.o
[ 23%] Building RCCLDEV object src/CMakeFiles/rccl_device_gfx950.dir/__/hipify/gensrc/specialized/specialized_allreduce_tree_ll_prod_f8e4m3_1_0_1.o
[ 23%] Building RCCLDEV object src/CMakeFiles/rccl_device_gfx950.dir/__/hipify/gensrc/specialized/specialized_allreduce_tree_ll_prod_f8e5m2_0_0_1.o
[ 23%] Building RCCLDEV object src/CMakeFiles/rccl_device_gfx950.dir/__/hipify/gensrc/specialized/specialized_allreduce_tree_ll_prod_f8e5m2_1_0_1.o
[ 23%] Building RCCLDEV object src/CMakeFiles/rccl_device_gfx950.dir/__/hipify/gensrc/specialized/specialized_allreduce_tree_ll_minmax_f8e4m3_0_0_1.o
[ 23%] Building RCCLDEV object src/CMakeFiles/rccl_device_gfx950.dir/__/hipify/gensrc/specialized/specialized_allreduce_tree_ll_minmax_f8e4m3_1_0_1.o
[ 23%] Building RCCLDEV object src/CMakeFiles/rccl_device_gfx950.dir/__/hipify/gensrc/specialized/specialized_allreduce_tree_ll_minmax_f8e5m2_0_0_1.o
[ 23%] Building RCCLDEV object src/CMakeFiles/rccl_device_gfx950.dir/__/hipify/gensrc/specialized/specialized_allreduce_tree_ll_minmax_f8e5m2_1_0_1.o
[ 23%] Building RCCLDEV object src/CMakeFiles/rccl_device_gfx950.dir/__/hipify/gensrc/specialized/specialized_allreduce_tree_ll_premulsum_f8e4m3_0_0_1.o
[ 23%] Linking CXX shared library libfmt.so
[ 23%] Built target fmt
[ 23%] Building RCCLDEV object src/CMakeFiles/rccl_device_gfx950.dir/__/hipify/gensrc/specialized/specialized_allreduce_tree_ll_premulsum_f8e4m3_1_0_1.o
[ 23%] Building RCCLDEV object src/CMakeFiles/rccl_device_gfx950.dir/__/hipify/gensrc/specialized/specialized_allreduce_tree_ll_premulsum_f8e5m2_0_0_1.o
[ 23%] Building RCCLDEV object src/CMakeFiles/rccl_device_gfx950.dir/__/hipify/gensrc/specialized/specialized_allreduce_tree_ll_premulsum_f8e5m2_1_0_1.o
[ 23%] Building RCCLDEV object src/CMakeFiles/rccl_device_gfx950.dir/__/hipify/gensrc/specialized/specialized_reduce_ring_ll_sum_f8e4m3_0_0_2.o
[ 23%] Building RCCLDEV object src/CMakeFiles/rccl_device_gfx950.dir/__/hipify/gensrc/specialized/specialized_reduce_ring_ll_sum_f8e5m2_0_0_2.o
[ 23%] Building RCCLDEV object src/CMakeFiles/rccl_device_gfx950.dir/__/hipify/gensrc/specialized/specialized_reduce_ring_ll_prod_f8e4m3_0_0_2.o
[ 23%] Building RCCLDEV object src/CMakeFiles/rccl_device_gfx950.dir/__/hipify/gensrc/specialized/specialized_reduce_ring_ll_prod_f8e5m2_0_0_2.o
[ 23%] Building RCCLDEV object src/CMakeFiles/rccl_device_gfx950.dir/__/hipify/gensrc/specialized/specialized_reduce_ring_ll_minmax_f8e4m3_0_0_2.o
[ 25%] Building RCCLDEV object src/CMakeFiles/rccl_device_gfx950.dir/__/hipify/gensrc/specialized/specialized_reduce_ring_ll_minmax_f8e5m2_0_0_2.o
[ 25%] Building RCCLDEV object src/CMakeFiles/rccl_device_gfx950.dir/__/hipify/gensrc/specialized/specialized_reduce_ring_ll_premulsum_f8e4m3_0_0_2.o
[ 25%] Building RCCLDEV object src/CMakeFiles/rccl_device_gfx950.dir/__/hipify/gensrc/specialized/specialized_reduce_ring_ll_premulsum_f8e5m2_0_0_2.o
[ 25%] Building RCCLDEV object src/CMakeFiles/rccl_device_gfx950.dir/__/hipify/gensrc/specialized/specialized_reducescatter_ring_ll_sum_f8e4m3_0_0_2.o
[ 25%] Building RCCLDEV object src/CMakeFiles/rccl_device_gfx950.dir/__/hipify/gensrc/specialized/specialized_reducescatter_ring_ll_sum_f8e5m2_0_0_2.o
[ 25%] Building RCCLDEV object src/CMakeFiles/rccl_device_gfx950.dir/__/hipify/gensrc/specialized/specialized_reducescatter_ring_ll_prod_f8e4m3_0_0_2.o
[ 25%] Building RCCLDEV object src/CMakeFiles/rccl_device_gfx950.dir/__/hipify/gensrc/specialized/specialized_reducescatter_ring_ll_prod_f8e5m2_0_0_2.o
[ 25%] Building RCCLDEV object src/CMakeFiles/rccl_device_gfx950.dir/__/hipify/gensrc/specialized/specialized_reducescatter_ring_ll_minmax_f8e4m3_0_0_2.o
[ 25%] Building RCCLDEV object src/CMakeFiles/rccl_device_gfx950.dir/__/hipify/gensrc/specialized/specialized_reducescatter_ring_ll_minmax_f8e5m2_0_0_2.o
[ 25%] Building RCCLDEV object src/CMakeFiles/rccl_device_gfx950.dir/__/hipify/gensrc/specialized/specialized_reducescatter_ring_ll_premulsum_f8e4m3_0_0_2.o
[ 25%] Building RCCLDEV object src/CMakeFiles/rccl_device_gfx950.dir/__/hipify/gensrc/specialized/specialized_reducescatter_ring_ll_premulsum_f8e5m2_0_0_2.o
[ 25%] Building RCCLDEV object src/CMakeFiles/rccl_device_gfx950.dir/__/hipify/gensrc/specialized/specialized_allreduce_ring_ll_sum_f8e4m3_0_0_2.o
[ 25%] Building RCCLDEV object src/CMakeFiles/rccl_device_gfx950.dir/__/hipify/gensrc/specialized/specialized_allreduce_ring_ll_sum_f8e4m3_1_0_2.o
[ 25%] Building RCCLDEV object src/CMakeFiles/rccl_device_gfx950.dir/__/hipify/gensrc/specialized/specialized_allreduce_ring_ll_sum_f8e5m2_0_0_2.o
[ 25%] Building RCCLDEV object src/CMakeFiles/rccl_device_gfx950.dir/__/hipify/gensrc/specialized/specialized_allreduce_ring_ll_sum_f8e5m2_1_0_2.o
[ 25%] Building RCCLDEV object src/CMakeFiles/rccl_device_gfx950.dir/__/hipify/gensrc/specialized/specialized_allreduce_ring_ll_prod_f8e4m3_0_0_2.o
[ 25%] Building RCCLDEV object src/CMakeFiles/rccl_device_gfx950.dir/__/hipify/gensrc/specialized/specialized_allreduce_ring_ll_prod_f8e4m3_1_0_2.o
[ 25%] Building RCCLDEV object src/CMakeFiles/rccl_device_gfx950.dir/__/hipify/gensrc/specialized/specialized_allreduce_ring_ll_prod_f8e5m2_0_0_2.o
[ 25%] Building RCCLDEV object src/CMakeFiles/rccl_device_gfx950.dir/__/hipify/gensrc/specialized/specialized_allreduce_ring_ll_prod_f8e5m2_1_0_2.o
[ 25%] Building RCCLDEV object src/CMakeFiles/rccl_device_gfx950.dir/__/hipify/gensrc/specialized/specialized_allreduce_ring_ll_minmax_f8e4m3_0_0_2.o
[ 25%] Building RCCLDEV object src/CMakeFiles/rccl_device_gfx950.dir/__/hipify/gensrc/specialized/specialized_allreduce_ring_ll_minmax_f8e4m3_1_0_2.o
[ 25%] Building RCCLDEV object src/CMakeFiles/rccl_device_gfx950.dir/__/hipify/gensrc/specialized/specialized_allreduce_ring_ll_minmax_f8e5m2_0_0_2.o
[ 25%] Building RCCLDEV object src/CMakeFiles/rccl_device_gfx950.dir/__/hipify/gensrc/specialized/specialized_allreduce_ring_ll_minmax_f8e5m2_1_0_2.o
[ 25%] Building RCCLDEV object src/CMakeFiles/rccl_device_gfx950.dir/__/hipify/gensrc/specialized/specialized_allreduce_ring_ll_premulsum_f8e4m3_0_0_2.o
[ 25%] Building RCCLDEV object src/CMakeFiles/rccl_device_gfx950.dir/__/hipify/gensrc/specialized/specialized_allreduce_ring_ll_premulsum_f8e4m3_1_0_2.o
[ 25%] Building RCCLDEV object src/CMakeFiles/rccl_device_gfx950.dir/__/hipify/gensrc/specialized/specialized_allreduce_ring_ll_premulsum_f8e5m2_0_0_2.o
[ 25%] Building RCCLDEV object src/CMakeFiles/rccl_device_gfx950.dir/__/hipify/gensrc/specialized/specialized_allreduce_ring_ll_premulsum_f8e5m2_1_0_2.o
[ 25%] Building RCCLDEV object src/CMakeFiles/rccl_device_gfx950.dir/__/hipify/gensrc/specialized/specialized_reduce_ring_ll_sum_f8e5m2_0_0_1.o
[ 25%] Building RCCLDEV object src/CMakeFiles/rccl_device_gfx950.dir/__/hipify/gensrc/specialized/specialized_reduce_ring_ll_sum_f8e4m3_0_0_1.o
[ 25%] Building RCCLDEV object src/CMakeFiles/rccl_device_gfx950.dir/__/hipify/gensrc/specialized/specialized_reduce_ring_ll_prod_f8e4m3_0_0_1.o
[ 25%] Building RCCLDEV object src/CMakeFiles/rccl_device_gfx950.dir/__/hipify/gensrc/specialized/specialized_reduce_ring_ll_prod_f8e5m2_0_0_1.o
[ 25%] Building RCCLDEV object src/CMakeFiles/rccl_device_gfx950.dir/__/hipify/gensrc/specialized/specialized_reduce_ring_ll_minmax_f8e4m3_0_0_1.o
[ 25%] Building RCCLDEV object src/CMakeFiles/rccl_device_gfx950.dir/__/hipify/gensrc/specialized/specialized_reduce_ring_ll_minmax_f8e5m2_0_0_1.o
[ 25%] Building RCCLDEV object src/CMakeFiles/rccl_device_gfx950.dir/__/hipify/gensrc/specialized/specialized_reduce_ring_ll_premulsum_f8e4m3_0_0_1.o
[ 25%] Building RCCLDEV object src/CMakeFiles/rccl_device_gfx950.dir/__/hipify/gensrc/specialized/specialized_reduce_ring_ll_premulsum_f8e5m2_0_0_1.o
[ 25%] Building RCCLDEV object src/CMakeFiles/rccl_device_gfx950.dir/__/hipify/gensrc/specialized/specialized_reducescatter_ring_ll_sum_f8e4m3_0_0_1.o
[ 25%] Building RCCLDEV object src/CMakeFiles/rccl_device_gfx950.dir/__/hipify/gensrc/specialized/specialized_reducescatter_ring_ll_sum_f8e5m2_0_0_1.o
[ 25%] Building RCCLDEV object src/CMakeFiles/rccl_device_gfx950.dir/__/hipify/gensrc/specialized/specialized_reducescatter_ring_ll_prod_f8e4m3_0_0_1.o
[ 25%] Building RCCLDEV object src/CMakeFiles/rccl_device_gfx950.dir/__/hipify/gensrc/specialized/specialized_reducescatter_ring_ll_prod_f8e5m2_0_0_1.o
[ 25%] Building RCCLDEV object src/CMakeFiles/rccl_device_gfx950.dir/__/hipify/gensrc/specialized/specialized_reducescatter_ring_ll_minmax_f8e4m3_0_0_1.o
[ 25%] Building RCCLDEV object src/CMakeFiles/rccl_device_gfx950.dir/__/hipify/gensrc/specialized/specialized_reducescatter_ring_ll_minmax_f8e5m2_0_0_1.o
[ 25%] Building RCCLDEV object src/CMakeFiles/rccl_device_gfx950.dir/__/hipify/gensrc/specialized/specialized_reducescatter_ring_ll_premulsum_f8e4m3_0_0_1.o
[ 25%] Building RCCLDEV object src/CMakeFiles/rccl_device_gfx950.dir/__/hipify/gensrc/specialized/specialized_reducescatter_ring_ll_premulsum_f8e5m2_0_0_1.o
[ 25%] Building RCCLDEV object src/CMakeFiles/rccl_device_gfx950.dir/__/hipify/gensrc/specialized/specialized_allreduce_ring_ll_sum_f8e4m3_0_0_1.o
[ 26%] Building RCCLDEV object src/CMakeFiles/rccl_device_gfx950.dir/__/hipify/gensrc/specialized/specialized_allreduce_ring_ll_sum_f8e4m3_1_0_1.o
[ 26%] Building RCCLDEV object src/CMakeFiles/rccl_device_gfx950.dir/__/hipify/gensrc/specialized/specialized_allreduce_ring_ll_sum_f8e5m2_0_0_1.o
[ 26%] Building RCCLDEV object src/CMakeFiles/rccl_device_gfx950.dir/__/hipify/gensrc/specialized/specialized_allreduce_ring_ll_sum_f8e5m2_1_0_1.o
[ 26%] Building RCCLDEV object src/CMakeFiles/rccl_device_gfx950.dir/__/hipify/gensrc/specialized/specialized_allreduce_ring_ll_prod_f8e4m3_0_0_1.o
[ 26%] Building RCCLDEV object src/CMakeFiles/rccl_device_gfx950.dir/__/hipify/gensrc/specialized/specialized_allreduce_ring_ll_prod_f8e4m3_1_0_1.o
[ 26%] Building RCCLDEV object src/CMakeFiles/rccl_device_gfx950.dir/__/hipify/gensrc/specialized/specialized_allreduce_ring_ll_prod_f8e5m2_1_0_1.o
[ 26%] Building RCCLDEV object src/CMakeFiles/rccl_device_gfx950.dir/__/hipify/gensrc/specialized/specialized_allreduce_ring_ll_prod_f8e5m2_0_0_1.o
[ 26%] Building RCCLDEV object src/CMakeFiles/rccl_device_gfx950.dir/__/hipify/gensrc/specialized/specialized_allreduce_ring_ll_minmax_f8e4m3_0_0_1.o
[ 26%] Building RCCLDEV object src/CMakeFiles/rccl_device_gfx950.dir/__/hipify/gensrc/specialized/specialized_allreduce_ring_ll_minmax_f8e4m3_1_0_1.o
[ 26%] Building RCCLDEV object src/CMakeFiles/rccl_device_gfx950.dir/__/hipify/gensrc/specialized/specialized_allreduce_ring_ll_minmax_f8e5m2_0_0_1.o
[ 26%] Building RCCLDEV object src/CMakeFiles/rccl_device_gfx950.dir/__/hipify/gensrc/specialized/specialized_allreduce_ring_ll_minmax_f8e5m2_1_0_1.o
[ 26%] Building RCCLDEV object src/CMakeFiles/rccl_device_gfx950.dir/__/hipify/gensrc/specialized/specialized_allreduce_ring_ll_premulsum_f8e4m3_0_0_1.o
[ 26%] Building RCCLDEV object src/CMakeFiles/rccl_device_gfx950.dir/__/hipify/gensrc/specialized/specialized_allreduce_ring_ll_premulsum_f8e4m3_1_0_1.o
[ 26%] Building RCCLDEV object src/CMakeFiles/rccl_device_gfx950.dir/__/hipify/gensrc/specialized/specialized_allreduce_ring_ll_premulsum_f8e5m2_0_0_1.o
[ 26%] Building RCCLDEV object src/CMakeFiles/rccl_device_gfx950.dir/__/hipify/gensrc/specialized/specialized_allreduce_ring_ll_premulsum_f8e5m2_1_0_1.o
[ 26%] Building RCCLDEV object src/CMakeFiles/rccl_device_gfx950.dir/__/hipify/gensrc/specialized/specialized_reducescatter_pat_ll_sum_f8e4m3_0_0_2.o
[ 26%] Building RCCLDEV object src/CMakeFiles/rccl_device_gfx950.dir/__/hipify/gensrc/specialized/specialized_reducescatter_pat_ll_sum_f8e5m2_0_0_2.o
[ 26%] Building RCCLDEV object src/CMakeFiles/rccl_device_gfx950.dir/__/hipify/gensrc/specialized/specialized_reducescatter_pat_ll_prod_f8e4m3_0_0_2.o
[ 26%] Building RCCLDEV object src/CMakeFiles/rccl_device_gfx950.dir/__/hipify/gensrc/specialized/specialized_reducescatter_pat_ll_prod_f8e5m2_0_0_2.o
[ 26%] Building RCCLDEV object src/CMakeFiles/rccl_device_gfx950.dir/__/hipify/gensrc/specialized/specialized_reducescatter_pat_ll_minmax_f8e4m3_0_0_2.o
[ 26%] Building RCCLDEV object src/CMakeFiles/rccl_device_gfx950.dir/__/hipify/gensrc/specialized/specialized_reducescatter_pat_ll_minmax_f8e5m2_0_0_2.o
[ 26%] Building RCCLDEV object src/CMakeFiles/rccl_device_gfx950.dir/__/hipify/gensrc/specialized/specialized_reducescatter_pat_ll_premulsum_f8e4m3_0_0_2.o
[ 26%] Building RCCLDEV object src/CMakeFiles/rccl_device_gfx950.dir/__/hipify/gensrc/specialized/specialized_reducescatter_pat_ll_premulsum_f8e5m2_0_0_2.o
[ 26%] Building RCCLDEV object src/CMakeFiles/rccl_device_gfx950.dir/__/hipify/gensrc/specialized/specialized_reducescatter_pat_ll_sum_f8e4m3_0_0_1.o
[ 26%] Building RCCLDEV object src/CMakeFiles/rccl_device_gfx950.dir/__/hipify/gensrc/specialized/specialized_reducescatter_pat_ll_sum_f8e5m2_0_0_1.o
[ 26%] Building RCCLDEV object src/CMakeFiles/rccl_device_gfx950.dir/__/hipify/gensrc/specialized/specialized_reducescatter_pat_ll_prod_f8e4m3_0_0_1.o
[ 26%] Building RCCLDEV object src/CMakeFiles/rccl_device_gfx950.dir/__/hipify/gensrc/specialized/specialized_reducescatter_pat_ll_prod_f8e5m2_0_0_1.o
[ 26%] Building RCCLDEV object src/CMakeFiles/rccl_device_gfx950.dir/__/hipify/gensrc/specialized/specialized_reducescatter_pat_ll_minmax_f8e4m3_0_0_1.o
[ 26%] Building RCCLDEV object src/CMakeFiles/rccl_device_gfx950.dir/__/hipify/gensrc/specialized/specialized_reducescatter_pat_ll_minmax_f8e5m2_0_0_1.o
[ 26%] Building RCCLDEV object src/CMakeFiles/rccl_device_gfx950.dir/__/hipify/gensrc/specialized/specialized_reducescatter_pat_ll_premulsum_f8e4m3_0_0_1.o
[ 26%] Building RCCLDEV object src/CMakeFiles/rccl_device_gfx950.dir/__/hipify/gensrc/specialized/specialized_reducescatter_pat_ll_premulsum_f8e5m2_0_0_1.o
[ 26%] Building RCCLDEV object src/CMakeFiles/rccl_device_gfx950.dir/__/hipify/gensrc/specialized/specialized_allreduce_tree_ll128_sum_f8e4m3_1_0_2.o
[ 26%] Building RCCLDEV object src/CMakeFiles/rccl_device_gfx950.dir/__/hipify/gensrc/specialized/specialized_allreduce_tree_ll128_sum_f8e4m3_0_0_2.o
[ 26%] Building RCCLDEV object src/CMakeFiles/rccl_device_gfx950.dir/__/hipify/gensrc/specialized/specialized_allreduce_tree_ll128_sum_f8e5m2_0_0_2.o
[ 26%] Building RCCLDEV object src/CMakeFiles/rccl_device_gfx950.dir/__/hipify/gensrc/specialized/specialized_allreduce_tree_ll128_sum_f8e5m2_1_0_2.o
[ 26%] Building RCCLDEV object src/CMakeFiles/rccl_device_gfx950.dir/__/hipify/gensrc/specialized/specialized_allreduce_tree_ll128_prod_f8e4m3_0_0_2.o
[ 26%] Building RCCLDEV object src/CMakeFiles/rccl_device_gfx950.dir/__/hipify/gensrc/specialized/specialized_allreduce_tree_ll128_prod_f8e4m3_1_0_2.o
[ 26%] Building RCCLDEV object src/CMakeFiles/rccl_device_gfx950.dir/__/hipify/gensrc/specialized/specialized_allreduce_tree_ll128_prod_f8e5m2_0_0_2.o
[ 26%] Building RCCLDEV object src/CMakeFiles/rccl_device_gfx950.dir/__/hipify/gensrc/specialized/specialized_allreduce_tree_ll128_prod_f8e5m2_1_0_2.o
[ 26%] Building RCCLDEV object src/CMakeFiles/rccl_device_gfx950.dir/__/hipify/gensrc/specialized/specialized_allreduce_tree_ll128_minmax_f8e4m3_0_0_2.o
[ 26%] Building RCCLDEV object src/CMakeFiles/rccl_device_gfx950.dir/__/hipify/gensrc/specialized/specialized_allreduce_tree_ll128_minmax_f8e4m3_1_0_2.o
[ 26%] Building RCCLDEV object src/CMakeFiles/rccl_device_gfx950.dir/__/hipify/gensrc/specialized/specialized_allreduce_tree_ll128_minmax_f8e5m2_0_0_2.o
[ 26%] Building RCCLDEV object src/CMakeFiles/rccl_device_gfx950.dir/__/hipify/gensrc/specialized/specialized_allreduce_tree_ll128_premulsum_f8e4m3_0_0_2.o
[ 26%] Building RCCLDEV object src/CMakeFiles/rccl_device_gfx950.dir/__/hipify/gensrc/specialized/specialized_allreduce_tree_ll128_minmax_f8e5m2_1_0_2.o
[ 26%] Building RCCLDEV object src/CMakeFiles/rccl_device_gfx950.dir/__/hipify/gensrc/specialized/specialized_allreduce_tree_ll128_premulsum_f8e4m3_1_0_2.o
[ 28%] Building RCCLDEV object src/CMakeFiles/rccl_device_gfx950.dir/__/hipify/gensrc/specialized/specialized_allreduce_tree_ll128_premulsum_f8e5m2_0_0_2.o
[ 28%] Building RCCLDEV object src/CMakeFiles/rccl_device_gfx950.dir/__/hipify/gensrc/specialized/specialized_allreduce_tree_ll128_premulsum_f8e5m2_1_0_2.o
[ 28%] Building RCCLDEV object src/CMakeFiles/rccl_device_gfx950.dir/__/hipify/gensrc/specialized/specialized_allreduce_tree_ll128_sum_f8e4m3_0_0_1.o
[ 28%] Building RCCLDEV object src/CMakeFiles/rccl_device_gfx950.dir/__/hipify/gensrc/specialized/specialized_allreduce_tree_ll128_sum_f8e4m3_1_0_1.o
[ 28%] Building RCCLDEV object src/CMakeFiles/rccl_device_gfx950.dir/__/hipify/gensrc/specialized/specialized_allreduce_tree_ll128_sum_f8e5m2_0_0_1.o
[ 28%] Building RCCLDEV object src/CMakeFiles/rccl_device_gfx950.dir/__/hipify/gensrc/specialized/specialized_allreduce_tree_ll128_sum_f8e5m2_1_0_1.o
[ 28%] Building RCCLDEV object src/CMakeFiles/rccl_device_gfx950.dir/__/hipify/gensrc/specialized/specialized_allreduce_tree_ll128_prod_f8e4m3_0_0_1.o
[ 28%] Building RCCLDEV object src/CMakeFiles/rccl_device_gfx950.dir/__/hipify/gensrc/specialized/specialized_allreduce_tree_ll128_prod_f8e4m3_1_0_1.o
[ 28%] Building RCCLDEV object src/CMakeFiles/rccl_device_gfx950.dir/__/hipify/gensrc/specialized/specialized_allreduce_tree_ll128_prod_f8e5m2_0_0_1.o
[ 28%] Building RCCLDEV object src/CMakeFiles/rccl_device_gfx950.dir/__/hipify/gensrc/specialized/specialized_allreduce_tree_ll128_prod_f8e5m2_1_0_1.o
[ 28%] Building RCCLDEV object src/CMakeFiles/rccl_device_gfx950.dir/__/hipify/gensrc/specialized/specialized_allreduce_tree_ll128_minmax_f8e4m3_0_0_1.o
[ 28%] Building RCCLDEV object src/CMakeFiles/rccl_device_gfx950.dir/__/hipify/gensrc/specialized/specialized_allreduce_tree_ll128_minmax_f8e4m3_1_0_1.o
[ 28%] Building RCCLDEV object src/CMakeFiles/rccl_device_gfx950.dir/__/hipify/gensrc/specialized/specialized_allreduce_tree_ll128_minmax_f8e5m2_1_0_1.o
[ 28%] Building RCCLDEV object src/CMakeFiles/rccl_device_gfx950.dir/__/hipify/gensrc/specialized/specialized_allreduce_tree_ll128_minmax_f8e5m2_0_0_1.o
[ 28%] Building RCCLDEV object src/CMakeFiles/rccl_device_gfx950.dir/__/hipify/gensrc/specialized/specialized_allreduce_tree_ll128_premulsum_f8e4m3_0_0_1.o
[ 28%] Building RCCLDEV object src/CMakeFiles/rccl_device_gfx950.dir/__/hipify/gensrc/specialized/specialized_allreduce_tree_ll128_premulsum_f8e4m3_1_0_1.o
[ 28%] Building RCCLDEV object src/CMakeFiles/rccl_device_gfx950.dir/__/hipify/gensrc/specialized/specialized_allreduce_tree_ll128_premulsum_f8e5m2_0_0_1.o
[ 28%] Building RCCLDEV object src/CMakeFiles/rccl_device_gfx950.dir/__/hipify/gensrc/specialized/specialized_allreduce_tree_ll128_premulsum_f8e5m2_1_0_1.o
[ 28%] Building RCCLDEV object src/CMakeFiles/rccl_device_gfx950.dir/__/hipify/gensrc/specialized/specialized_reduce_ring_ll128_sum_f8e4m3_0_0_2.o
[ 28%] Building RCCLDEV object src/CMakeFiles/rccl_device_gfx950.dir/__/hipify/gensrc/specialized/specialized_reduce_ring_ll128_sum_f8e5m2_0_0_2.o
[ 28%] Building RCCLDEV object src/CMakeFiles/rccl_device_gfx950.dir/__/hipify/gensrc/specialized/specialized_reduce_ring_ll128_prod_f8e4m3_0_0_2.o
[ 28%] Building RCCLDEV object src/CMakeFiles/rccl_device_gfx950.dir/__/hipify/gensrc/specialized/specialized_reduce_ring_ll128_prod_f8e5m2_0_0_2.o
[ 28%] Building RCCLDEV object src/CMakeFiles/rccl_device_gfx950.dir/__/hipify/gensrc/specialized/specialized_reduce_ring_ll128_minmax_f8e4m3_0_0_2.o
[ 28%] Building RCCLDEV object src/CMakeFiles/rccl_device_gfx950.dir/__/hipify/gensrc/specialized/specialized_reduce_ring_ll128_minmax_f8e5m2_0_0_2.o
[ 28%] Building RCCLDEV object src/CMakeFiles/rccl_device_gfx950.dir/__/hipify/gensrc/specialized/specialized_reduce_ring_ll128_premulsum_f8e4m3_0_0_2.o
[ 28%] Building RCCLDEV object src/CMakeFiles/rccl_device_gfx950.dir/__/hipify/gensrc/specialized/specialized_reduce_ring_ll128_premulsum_f8e5m2_0_0_2.o
[ 28%] Building RCCLDEV object src/CMakeFiles/rccl_device_gfx950.dir/__/hipify/gensrc/specialized/specialized_reducescatter_ring_ll128_sum_f8e4m3_0_0_2.o
[ 28%] Building RCCLDEV object src/CMakeFiles/rccl_device_gfx950.dir/__/hipify/gensrc/specialized/specialized_reducescatter_ring_ll128_sum_f8e5m2_0_0_2.o
[ 28%] Building RCCLDEV object src/CMakeFiles/rccl_device_gfx950.dir/__/hipify/gensrc/specialized/specialized_reducescatter_ring_ll128_prod_f8e4m3_0_0_2.o
[ 28%] Building RCCLDEV object src/CMakeFiles/rccl_device_gfx950.dir/__/hipify/gensrc/specialized/specialized_reducescatter_ring_ll128_prod_f8e5m2_0_0_2.o
[ 28%] Building RCCLDEV object src/CMakeFiles/rccl_device_gfx950.dir/__/hipify/gensrc/specialized/specialized_reducescatter_ring_ll128_minmax_f8e4m3_0_0_2.o
[ 28%] Building RCCLDEV object src/CMakeFiles/rccl_device_gfx950.dir/__/hipify/gensrc/specialized/specialized_reducescatter_ring_ll128_minmax_f8e5m2_0_0_2.o
[ 28%] Building RCCLDEV object src/CMakeFiles/rccl_device_gfx950.dir/__/hipify/gensrc/specialized/specialized_reducescatter_ring_ll128_premulsum_f8e4m3_0_0_2.o
[ 28%] Building RCCLDEV object src/CMakeFiles/rccl_device_gfx950.dir/__/hipify/gensrc/specialized/specialized_reducescatter_ring_ll128_premulsum_f8e5m2_0_0_2.o
[ 28%] Building RCCLDEV object src/CMakeFiles/rccl_device_gfx950.dir/__/hipify/gensrc/specialized/specialized_allreduce_ring_ll128_sum_f8e4m3_0_0_2.o
[ 28%] Building RCCLDEV object src/CMakeFiles/rccl_device_gfx950.dir/__/hipify/gensrc/specialized/specialized_allreduce_ring_ll128_sum_f8e4m3_1_0_2.o
[ 28%] Building RCCLDEV object src/CMakeFiles/rccl_device_gfx950.dir/__/hipify/gensrc/specialized/specialized_allreduce_ring_ll128_sum_f8e5m2_0_0_2.o
[ 28%] Building RCCLDEV object src/CMakeFiles/rccl_device_gfx950.dir/__/hipify/gensrc/specialized/specialized_allreduce_ring_ll128_sum_f8e5m2_1_0_2.o
[ 28%] Building RCCLDEV object src/CMakeFiles/rccl_device_gfx950.dir/__/hipify/gensrc/specialized/specialized_allreduce_ring_ll128_prod_f8e4m3_0_0_2.o
[ 28%] Building RCCLDEV object src/CMakeFiles/rccl_device_gfx950.dir/__/hipify/gensrc/specialized/specialized_allreduce_ring_ll128_prod_f8e4m3_1_0_2.o
[ 28%] Building RCCLDEV object src/CMakeFiles/rccl_device_gfx950.dir/__/hipify/gensrc/specialized/specialized_allreduce_ring_ll128_prod_f8e5m2_0_0_2.o
[ 28%] Building RCCLDEV object src/CMakeFiles/rccl_device_gfx950.dir/__/hipify/gensrc/specialized/specialized_allreduce_ring_ll128_prod_f8e5m2_1_0_2.o
[ 28%] Building RCCLDEV object src/CMakeFiles/rccl_device_gfx950.dir/__/hipify/gensrc/specialized/specialized_allreduce_ring_ll128_minmax_f8e4m3_1_0_2.o
[ 28%] Building RCCLDEV object src/CMakeFiles/rccl_device_gfx950.dir/__/hipify/gensrc/specialized/specialized_allreduce_ring_ll128_minmax_f8e4m3_0_0_2.o
[ 30%] Building RCCLDEV object src/CMakeFiles/rccl_device_gfx950.dir/__/hipify/gensrc/specialized/specialized_allreduce_ring_ll128_minmax_f8e5m2_0_0_2.o
[ 30%] Building RCCLDEV object src/CMakeFiles/rccl_device_gfx950.dir/__/hipify/gensrc/specialized/specialized_allreduce_ring_ll128_minmax_f8e5m2_1_0_2.o
[ 30%] Building RCCLDEV object src/CMakeFiles/rccl_device_gfx950.dir/__/hipify/gensrc/specialized/specialized_allreduce_ring_ll128_premulsum_f8e4m3_0_0_2.o
[ 30%] Building RCCLDEV object src/CMakeFiles/rccl_device_gfx950.dir/__/hipify/gensrc/specialized/specialized_allreduce_ring_ll128_premulsum_f8e5m2_0_0_2.o
[ 30%] Building RCCLDEV object src/CMakeFiles/rccl_device_gfx950.dir/__/hipify/gensrc/specialized/specialized_allreduce_ring_ll128_premulsum_f8e4m3_1_0_2.o
[ 30%] Building RCCLDEV object src/CMakeFiles/rccl_device_gfx950.dir/__/hipify/gensrc/specialized/specialized_allreduce_ring_ll128_premulsum_f8e5m2_1_0_2.o
[ 30%] Building RCCLDEV object src/CMakeFiles/rccl_device_gfx950.dir/__/hipify/gensrc/specialized/specialized_reduce_ring_ll128_sum_f8e4m3_0_0_1.o
[ 30%] Building RCCLDEV object src/CMakeFiles/rccl_device_gfx950.dir/__/hipify/gensrc/specialized/specialized_reduce_ring_ll128_sum_f8e5m2_0_0_1.o
[ 30%] Building RCCLDEV object src/CMakeFiles/rccl_device_gfx950.dir/__/hipify/gensrc/specialized/specialized_reduce_ring_ll128_prod_f8e4m3_0_0_1.o
[ 30%] Building RCCLDEV object src/CMakeFiles/rccl_device_gfx950.dir/__/hipify/gensrc/specialized/specialized_reduce_ring_ll128_prod_f8e5m2_0_0_1.o
[ 30%] Building RCCLDEV object src/CMakeFiles/rccl_device_gfx950.dir/__/hipify/gensrc/specialized/specialized_reduce_ring_ll128_minmax_f8e4m3_0_0_1.o
[ 30%] Building RCCLDEV object src/CMakeFiles/rccl_device_gfx950.dir/__/hipify/gensrc/specialized/specialized_reduce_ring_ll128_minmax_f8e5m2_0_0_1.o
[ 30%] Building RCCLDEV object src/CMakeFiles/rccl_device_gfx950.dir/__/hipify/gensrc/specialized/specialized_reduce_ring_ll128_premulsum_f8e4m3_0_0_1.o
[ 30%] Building RCCLDEV object src/CMakeFiles/rccl_device_gfx950.dir/__/hipify/gensrc/specialized/specialized_reduce_ring_ll128_premulsum_f8e5m2_0_0_1.o
[ 30%] Building RCCLDEV object src/CMakeFiles/rccl_device_gfx950.dir/__/hipify/gensrc/specialized/specialized_reducescatter_ring_ll128_sum_f8e4m3_0_0_1.o
[ 30%] Building RCCLDEV object src/CMakeFiles/rccl_device_gfx950.dir/__/hipify/gensrc/specialized/specialized_reducescatter_ring_ll128_sum_f8e5m2_0_0_1.o
[ 30%] Building RCCLDEV object src/CMakeFiles/rccl_device_gfx950.dir/__/hipify/gensrc/specialized/specialized_reducescatter_ring_ll128_prod_f8e4m3_0_0_1.o
[ 30%] Building RCCLDEV object src/CMakeFiles/rccl_device_gfx950.dir/__/hipify/gensrc/specialized/specialized_reducescatter_ring_ll128_prod_f8e5m2_0_0_1.o
[ 30%] Building RCCLDEV object src/CMakeFiles/rccl_device_gfx950.dir/__/hipify/gensrc/specialized/specialized_reducescatter_ring_ll128_minmax_f8e4m3_0_0_1.o
[ 30%] Building RCCLDEV object src/CMakeFiles/rccl_device_gfx950.dir/__/hipify/gensrc/specialized/specialized_reducescatter_ring_ll128_minmax_f8e5m2_0_0_1.o
[ 30%] Building RCCLDEV object src/CMakeFiles/rccl_device_gfx950.dir/__/hipify/gensrc/specialized/specialized_reducescatter_ring_ll128_premulsum_f8e4m3_0_0_1.o
[ 30%] Building RCCLDEV object src/CMakeFiles/rccl_device_gfx950.dir/__/hipify/gensrc/specialized/specialized_reducescatter_ring_ll128_premulsum_f8e5m2_0_0_1.o
[ 30%] Building RCCLDEV object src/CMakeFiles/rccl_device_gfx950.dir/__/hipify/gensrc/specialized/specialized_allreduce_ring_ll128_sum_f8e4m3_0_0_1.o
[ 30%] Building RCCLDEV object src/CMakeFiles/rccl_device_gfx950.dir/__/hipify/gensrc/specialized/specialized_allreduce_ring_ll128_sum_f8e5m2_0_0_1.o
[ 30%] Building RCCLDEV object src/CMakeFiles/rccl_device_gfx950.dir/__/hipify/gensrc/specialized/specialized_allreduce_ring_ll128_sum_f8e4m3_1_0_1.o
[ 30%] Building RCCLDEV object src/CMakeFiles/rccl_device_gfx950.dir/__/hipify/gensrc/specialized/specialized_allreduce_ring_ll128_sum_f8e5m2_1_0_1.o
[ 30%] Building RCCLDEV object src/CMakeFiles/rccl_device_gfx950.dir/__/hipify/gensrc/specialized/specialized_allreduce_ring_ll128_prod_f8e4m3_0_0_1.o
[ 30%] Building RCCLDEV object src/CMakeFiles/rccl_device_gfx950.dir/__/hipify/gensrc/specialized/specialized_allreduce_ring_ll128_prod_f8e4m3_1_0_1.o
[ 30%] Building RCCLDEV object src/CMakeFiles/rccl_device_gfx950.dir/__/hipify/gensrc/specialized/specialized_allreduce_ring_ll128_prod_f8e5m2_0_0_1.o
[ 30%] Building RCCLDEV object src/CMakeFiles/rccl_device_gfx950.dir/__/hipify/gensrc/specialized/specialized_allreduce_ring_ll128_prod_f8e5m2_1_0_1.o
[ 30%] Building RCCLDEV object src/CMakeFiles/rccl_device_gfx950.dir/__/hipify/gensrc/specialized/specialized_allreduce_ring_ll128_minmax_f8e4m3_0_0_1.o
[ 30%] Building RCCLDEV object src/CMakeFiles/rccl_device_gfx950.dir/__/hipify/gensrc/specialized/specialized_allreduce_ring_ll128_minmax_f8e4m3_1_0_1.o
[ 30%] Building RCCLDEV object src/CMakeFiles/rccl_device_gfx950.dir/__/hipify/gensrc/specialized/specialized_allreduce_ring_ll128_minmax_f8e5m2_0_0_1.o
[ 30%] Building RCCLDEV object src/CMakeFiles/rccl_device_gfx950.dir/__/hipify/gensrc/specialized/specialized_allreduce_ring_ll128_minmax_f8e5m2_1_0_1.o
[ 30%] Building RCCLDEV object src/CMakeFiles/rccl_device_gfx950.dir/__/hipify/gensrc/specialized/specialized_allreduce_ring_ll128_premulsum_f8e4m3_0_0_1.o
[ 30%] Building RCCLDEV object src/CMakeFiles/rccl_device_gfx950.dir/__/hipify/gensrc/specialized/specialized_allreduce_ring_ll128_premulsum_f8e4m3_1_0_1.o
[ 30%] Building RCCLDEV object src/CMakeFiles/rccl_device_gfx950.dir/__/hipify/gensrc/specialized/specialized_allreduce_ring_ll128_premulsum_f8e5m2_0_0_1.o
[ 30%] Building RCCLDEV object src/CMakeFiles/rccl_device_gfx950.dir/__/hipify/gensrc/specialized/specialized_allreduce_ring_ll128_premulsum_f8e5m2_1_0_1.o
[ 30%] Building RCCLDEV object src/CMakeFiles/rccl_device_gfx950.dir/__/hipify/gensrc/specialized/specialized_reducescatter_pat_ll128_sum_f8e4m3_0_0_2.o
[ 30%] Building RCCLDEV object src/CMakeFiles/rccl_device_gfx950.dir/__/hipify/gensrc/specialized/specialized_reducescatter_pat_ll128_sum_f8e5m2_0_0_2.o
[ 30%] Building RCCLDEV object src/CMakeFiles/rccl_device_gfx950.dir/__/hipify/gensrc/specialized/specialized_reducescatter_pat_ll128_prod_f8e4m3_0_0_2.o
[ 30%] Building RCCLDEV object src/CMakeFiles/rccl_device_gfx950.dir/__/hipify/gensrc/specialized/specialized_reducescatter_pat_ll128_minmax_f8e5m2_0_0_2.o
[ 30%] Building RCCLDEV object src/CMakeFiles/rccl_device_gfx950.dir/__/hipify/gensrc/specialized/specialized_reducescatter_pat_ll128_minmax_f8e4m3_0_0_2.o
[ 30%] Building RCCLDEV object src/CMakeFiles/rccl_device_gfx950.dir/__/hipify/gensrc/specialized/specialized_reducescatter_pat_ll128_prod_f8e5m2_0_0_2.o
[ 30%] Building RCCLDEV object src/CMakeFiles/rccl_device_gfx950.dir/__/hipify/gensrc/specialized/specialized_reducescatter_pat_ll128_premulsum_f8e4m3_0_0_2.o
[ 31%] Building RCCLDEV object src/CMakeFiles/rccl_device_gfx950.dir/__/hipify/gensrc/specialized/specialized_reducescatter_pat_ll128_premulsum_f8e5m2_0_0_2.o
[ 31%] Building RCCLDEV object src/CMakeFiles/rccl_device_gfx950.dir/__/hipify/gensrc/specialized/specialized_reducescatter_pat_ll128_sum_f8e4m3_0_0_1.o
[ 31%] Building RCCLDEV object src/CMakeFiles/rccl_device_gfx950.dir/__/hipify/gensrc/specialized/specialized_reducescatter_pat_ll128_sum_f8e5m2_0_0_1.o
[ 31%] Building RCCLDEV object src/CMakeFiles/rccl_device_gfx950.dir/__/hipify/gensrc/specialized/specialized_reducescatter_pat_ll128_prod_f8e4m3_0_0_1.o
[ 31%] Building RCCLDEV object src/CMakeFiles/rccl_device_gfx950.dir/__/hipify/gensrc/specialized/specialized_reducescatter_pat_ll128_prod_f8e5m2_0_0_1.o
[ 31%] Building RCCLDEV object src/CMakeFiles/rccl_device_gfx950.dir/__/hipify/gensrc/specialized/specialized_reducescatter_pat_ll128_minmax_f8e4m3_0_0_1.o
[ 31%] Building RCCLDEV object src/CMakeFiles/rccl_device_gfx950.dir/__/hipify/gensrc/specialized/specialized_reducescatter_pat_ll128_minmax_f8e5m2_0_0_1.o
[ 31%] Building RCCLDEV object src/CMakeFiles/rccl_device_gfx950.dir/__/hipify/gensrc/specialized/specialized_reducescatter_pat_ll128_premulsum_f8e4m3_0_0_1.o
[ 31%] Building RCCLDEV object src/CMakeFiles/rccl_device_gfx950.dir/__/hipify/gensrc/specialized/specialized_reducescatter_pat_ll128_premulsum_f8e5m2_0_0_1.o
[ 31%] Building RCCLDEV object src/CMakeFiles/rccl_device_gfx950.dir/__/hipify/gensrc/specialized/specialized_allreduce_tree_simple_sum_u8_0_0_2.o
[ 31%] Building RCCLDEV object src/CMakeFiles/rccl_device_gfx950.dir/__/hipify/gensrc/specialized/specialized_allreduce_tree_simple_sum_u8_1_0_2.o
[ 31%] Building RCCLDEV object src/CMakeFiles/rccl_device_gfx950.dir/__/hipify/gensrc/specialized/specialized_allreduce_tree_simple_sum_u32_0_0_2.o
[ 31%] Building RCCLDEV object src/CMakeFiles/rccl_device_gfx950.dir/__/hipify/gensrc/specialized/specialized_allreduce_tree_simple_sum_u32_1_0_2.o
[ 31%] Building RCCLDEV object src/CMakeFiles/rccl_device_gfx950.dir/__/hipify/gensrc/specialized/specialized_allreduce_tree_simple_sum_u64_0_0_2.o
[ 31%] Building RCCLDEV object src/CMakeFiles/rccl_device_gfx950.dir/__/hipify/gensrc/specialized/specialized_allreduce_tree_simple_sum_u64_1_0_2.o
[ 31%] Building RCCLDEV object src/CMakeFiles/rccl_device_gfx950.dir/__/hipify/gensrc/specialized/specialized_allreduce_tree_simple_sum_f16_0_0_2.o
[ 31%] Building RCCLDEV object src/CMakeFiles/rccl_device_gfx950.dir/__/hipify/gensrc/specialized/specialized_allreduce_tree_simple_sum_f16_1_0_2.o
[ 31%] Building RCCLDEV object src/CMakeFiles/rccl_device_gfx950.dir/__/hipify/gensrc/specialized/specialized_allreduce_tree_simple_sum_f32_0_0_2.o
[ 31%] Building RCCLDEV object src/CMakeFiles/rccl_device_gfx950.dir/__/hipify/gensrc/specialized/specialized_allreduce_tree_simple_sum_f32_1_0_2.o
[ 31%] Building RCCLDEV object src/CMakeFiles/rccl_device_gfx950.dir/__/hipify/gensrc/specialized/specialized_allreduce_tree_simple_sum_f64_0_0_2.o
[ 31%] Building RCCLDEV object src/CMakeFiles/rccl_device_gfx950.dir/__/hipify/gensrc/specialized/specialized_allreduce_tree_simple_sum_f64_1_0_2.o
[ 31%] Building RCCLDEV object src/CMakeFiles/rccl_device_gfx950.dir/__/hipify/gensrc/specialized/specialized_allreduce_tree_simple_sum_bf16_0_0_2.o
[ 31%] Building RCCLDEV object src/CMakeFiles/rccl_device_gfx950.dir/__/hipify/gensrc/specialized/specialized_allreduce_tree_simple_sum_bf16_1_0_2.o
[ 31%] Building RCCLDEV object src/CMakeFiles/rccl_device_gfx950.dir/__/hipify/gensrc/specialized/specialized_allreduce_tree_simple_prod_u8_0_0_2.o
[ 31%] Building RCCLDEV object src/CMakeFiles/rccl_device_gfx950.dir/__/hipify/gensrc/specialized/specialized_allreduce_tree_simple_prod_u8_1_0_2.o
[ 31%] Building RCCLDEV object src/CMakeFiles/rccl_device_gfx950.dir/__/hipify/gensrc/specialized/specialized_allreduce_tree_simple_prod_u32_0_0_2.o
[ 31%] Building RCCLDEV object src/CMakeFiles/rccl_device_gfx950.dir/__/hipify/gensrc/specialized/specialized_allreduce_tree_simple_prod_u32_1_0_2.o
[ 31%] Building RCCLDEV object src/CMakeFiles/rccl_device_gfx950.dir/__/hipify/gensrc/specialized/specialized_allreduce_tree_simple_prod_u64_0_0_2.o
[ 31%] Building RCCLDEV object src/CMakeFiles/rccl_device_gfx950.dir/__/hipify/gensrc/specialized/specialized_allreduce_tree_simple_prod_u64_1_0_2.o
[ 31%] Building RCCLDEV object src/CMakeFiles/rccl_device_gfx950.dir/__/hipify/gensrc/specialized/specialized_allreduce_tree_simple_prod_f16_0_0_2.o
[ 31%] Building RCCLDEV object src/CMakeFiles/rccl_device_gfx950.dir/__/hipify/gensrc/specialized/specialized_allreduce_tree_simple_prod_f16_1_0_2.o
[ 31%] Building RCCLDEV object src/CMakeFiles/rccl_device_gfx950.dir/__/hipify/gensrc/specialized/specialized_allreduce_tree_simple_prod_f32_0_0_2.o
[ 31%] Building RCCLDEV object src/CMakeFiles/rccl_device_gfx950.dir/__/hipify/gensrc/specialized/specialized_allreduce_tree_simple_prod_f32_1_0_2.o
[ 31%] Building RCCLDEV object src/CMakeFiles/rccl_device_gfx950.dir/__/hipify/gensrc/specialized/specialized_allreduce_tree_simple_prod_f64_0_0_2.o
[ 31%] Building RCCLDEV object src/CMakeFiles/rccl_device_gfx950.dir/__/hipify/gensrc/specialized/specialized_allreduce_tree_simple_prod_f64_1_0_2.o
[ 31%] Building RCCLDEV object src/CMakeFiles/rccl_device_gfx950.dir/__/hipify/gensrc/specialized/specialized_allreduce_tree_simple_prod_bf16_0_0_2.o
[ 31%] Building RCCLDEV object src/CMakeFiles/rccl_device_gfx950.dir/__/hipify/gensrc/specialized/specialized_allreduce_tree_simple_prod_bf16_1_0_2.o
[ 31%] Building RCCLDEV object src/CMakeFiles/rccl_device_gfx950.dir/__/hipify/gensrc/specialized/specialized_allreduce_tree_simple_minmax_u8_0_0_2.o
[ 31%] Building RCCLDEV object src/CMakeFiles/rccl_device_gfx950.dir/__/hipify/gensrc/specialized/specialized_allreduce_tree_simple_minmax_u8_1_0_2.o
[ 31%] Building RCCLDEV object src/CMakeFiles/rccl_device_gfx950.dir/__/hipify/gensrc/specialized/specialized_allreduce_tree_simple_minmax_u32_0_0_2.o
[ 31%] Building RCCLDEV object src/CMakeFiles/rccl_device_gfx950.dir/__/hipify/gensrc/specialized/specialized_allreduce_tree_simple_minmax_u32_1_0_2.o
[ 31%] Building RCCLDEV object src/CMakeFiles/rccl_device_gfx950.dir/__/hipify/gensrc/specialized/specialized_allreduce_tree_simple_minmax_u64_0_0_2.o
[ 31%] Building RCCLDEV object src/CMakeFiles/rccl_device_gfx950.dir/__/hipify/gensrc/specialized/specialized_allreduce_tree_simple_minmax_u64_1_0_2.o
[ 31%] Building RCCLDEV object src/CMakeFiles/rccl_device_gfx950.dir/__/hipify/gensrc/specialized/specialized_allreduce_tree_simple_minmax_f16_0_0_2.o
[ 31%] Building RCCLDEV object src/CMakeFiles/rccl_device_gfx950.dir/__/hipify/gensrc/specialized/specialized_allreduce_tree_simple_minmax_f16_1_0_2.o
[ 33%] Building RCCLDEV object src/CMakeFiles/rccl_device_gfx950.dir/__/hipify/gensrc/specialized/specialized_allreduce_tree_simple_minmax_f32_0_0_2.o
[ 33%] Building RCCLDEV object src/CMakeFiles/rccl_device_gfx950.dir/__/hipify/gensrc/specialized/specialized_allreduce_tree_simple_minmax_f32_1_0_2.o
[ 33%] Building RCCLDEV object src/CMakeFiles/rccl_device_gfx950.dir/__/hipify/gensrc/specialized/specialized_allreduce_tree_simple_minmax_f64_0_0_2.o
[ 33%] Building RCCLDEV object src/CMakeFiles/rccl_device_gfx950.dir/__/hipify/gensrc/specialized/specialized_allreduce_tree_simple_minmax_f64_1_0_2.o
[ 33%] Building RCCLDEV object src/CMakeFiles/rccl_device_gfx950.dir/__/hipify/gensrc/specialized/specialized_allreduce_tree_simple_minmax_bf16_0_0_2.o
[ 33%] Building RCCLDEV object src/CMakeFiles/rccl_device_gfx950.dir/__/hipify/gensrc/specialized/specialized_allreduce_tree_simple_minmax_bf16_1_0_2.o
[ 33%] Building RCCLDEV object src/CMakeFiles/rccl_device_gfx950.dir/__/hipify/gensrc/specialized/specialized_allreduce_tree_simple_premulsum_u8_0_0_2.o
[ 33%] Building RCCLDEV object src/CMakeFiles/rccl_device_gfx950.dir/__/hipify/gensrc/specialized/specialized_allreduce_tree_simple_premulsum_u8_1_0_2.o
[ 33%] Building RCCLDEV object src/CMakeFiles/rccl_device_gfx950.dir/__/hipify/gensrc/specialized/specialized_allreduce_tree_simple_premulsum_u32_0_0_2.o
[ 33%] Building RCCLDEV object src/CMakeFiles/rccl_device_gfx950.dir/__/hipify/gensrc/specialized/specialized_allreduce_tree_simple_premulsum_u32_1_0_2.o
[ 33%] Building RCCLDEV object src/CMakeFiles/rccl_device_gfx950.dir/__/hipify/gensrc/specialized/specialized_allreduce_tree_simple_premulsum_u64_0_0_2.o
[ 33%] Building RCCLDEV object src/CMakeFiles/rccl_device_gfx950.dir/__/hipify/gensrc/specialized/specialized_allreduce_tree_simple_premulsum_u64_1_0_2.o
[ 33%] Building RCCLDEV object src/CMakeFiles/rccl_device_gfx950.dir/__/hipify/gensrc/specialized/specialized_allreduce_tree_simple_premulsum_f16_0_0_2.o
[ 33%] Building RCCLDEV object src/CMakeFiles/rccl_device_gfx950.dir/__/hipify/gensrc/specialized/specialized_allreduce_tree_simple_premulsum_f16_1_0_2.o
[ 33%] Building RCCLDEV object src/CMakeFiles/rccl_device_gfx950.dir/__/hipify/gensrc/specialized/specialized_allreduce_tree_simple_premulsum_f32_0_0_2.o
[ 33%] Building RCCLDEV object src/CMakeFiles/rccl_device_gfx950.dir/__/hipify/gensrc/specialized/specialized_allreduce_tree_simple_premulsum_f32_1_0_2.o
[ 33%] Building RCCLDEV object src/CMakeFiles/rccl_device_gfx950.dir/__/hipify/gensrc/specialized/specialized_allreduce_tree_simple_premulsum_f64_0_0_2.o
[ 33%] Building RCCLDEV object src/CMakeFiles/rccl_device_gfx950.dir/__/hipify/gensrc/specialized/specialized_allreduce_tree_simple_premulsum_f64_1_0_2.o
[ 33%] Building RCCLDEV object src/CMakeFiles/rccl_device_gfx950.dir/__/hipify/gensrc/specialized/specialized_allreduce_tree_simple_premulsum_bf16_0_0_2.o
[ 33%] Building RCCLDEV object src/CMakeFiles/rccl_device_gfx950.dir/__/hipify/gensrc/specialized/specialized_allreduce_tree_simple_premulsum_bf16_1_0_2.o
[ 33%] Building RCCLDEV object src/CMakeFiles/rccl_device_gfx950.dir/__/hipify/gensrc/specialized/specialized_allreduce_tree_simple_sumpostdiv_u8_0_0_2.o
[ 33%] Building RCCLDEV object src/CMakeFiles/rccl_device_gfx950.dir/__/hipify/gensrc/specialized/specialized_allreduce_tree_simple_sumpostdiv_u8_1_0_2.o
[ 33%] Building RCCLDEV object src/CMakeFiles/rccl_device_gfx950.dir/__/hipify/gensrc/specialized/specialized_allreduce_tree_simple_sumpostdiv_u32_0_0_2.o
[ 33%] Building RCCLDEV object src/CMakeFiles/rccl_device_gfx950.dir/__/hipify/gensrc/specialized/specialized_allreduce_tree_simple_sumpostdiv_u32_1_0_2.o
[ 33%] Building RCCLDEV object src/CMakeFiles/rccl_device_gfx950.dir/__/hipify/gensrc/specialized/specialized_allreduce_tree_simple_sumpostdiv_u64_0_0_2.o
[ 33%] Building RCCLDEV object src/CMakeFiles/rccl_device_gfx950.dir/__/hipify/gensrc/specialized/specialized_allreduce_tree_simple_sumpostdiv_u64_1_0_2.o
[ 33%] Building RCCLDEV object src/CMakeFiles/rccl_device_gfx950.dir/__/hipify/gensrc/specialized/specialized_allreduce_tree_simple_sum_u8_0_0_1.o
[ 33%] Building RCCLDEV object src/CMakeFiles/rccl_device_gfx950.dir/__/hipify/gensrc/specialized/specialized_allreduce_tree_simple_sum_u32_0_0_1.o
[ 33%] Building RCCLDEV object src/CMakeFiles/rccl_device_gfx950.dir/__/hipify/gensrc/specialized/specialized_allreduce_tree_simple_sum_u8_1_0_1.o
[ 33%] Building RCCLDEV object src/CMakeFiles/rccl_device_gfx950.dir/__/hipify/gensrc/specialized/specialized_allreduce_tree_simple_sum_u32_1_0_1.o
[ 33%] Building RCCLDEV object src/CMakeFiles/rccl_device_gfx950.dir/__/hipify/gensrc/specialized/specialized_allreduce_tree_simple_sum_u64_0_0_1.o
[ 33%] Building RCCLDEV object src/CMakeFiles/rccl_device_gfx950.dir/__/hipify/gensrc/specialized/specialized_allreduce_tree_simple_sum_u64_1_0_1.o
[ 33%] Building RCCLDEV object src/CMakeFiles/rccl_device_gfx950.dir/__/hipify/gensrc/specialized/specialized_allreduce_tree_simple_sum_f16_0_0_1.o
[ 33%] Building RCCLDEV object src/CMakeFiles/rccl_device_gfx950.dir/__/hipify/gensrc/specialized/specialized_allreduce_tree_simple_sum_f16_1_0_1.o
[ 33%] Building RCCLDEV object src/CMakeFiles/rccl_device_gfx950.dir/__/hipify/gensrc/specialized/specialized_allreduce_tree_simple_sum_f32_0_0_1.o
[ 33%] Building RCCLDEV object src/CMakeFiles/rccl_device_gfx950.dir/__/hipify/gensrc/specialized/specialized_allreduce_tree_simple_sum_f32_1_0_1.o
[ 33%] Building RCCLDEV object src/CMakeFiles/rccl_device_gfx950.dir/__/hipify/gensrc/specialized/specialized_allreduce_tree_simple_sum_f64_0_0_1.o
[ 33%] Building RCCLDEV object src/CMakeFiles/rccl_device_gfx950.dir/__/hipify/gensrc/specialized/specialized_allreduce_tree_simple_sum_f64_1_0_1.o
[ 33%] Building RCCLDEV object src/CMakeFiles/rccl_device_gfx950.dir/__/hipify/gensrc/specialized/specialized_allreduce_tree_simple_sum_bf16_0_0_1.o
[ 33%] Building RCCLDEV object src/CMakeFiles/rccl_device_gfx950.dir/__/hipify/gensrc/specialized/specialized_allreduce_tree_simple_sum_bf16_1_0_1.o
[ 33%] Building RCCLDEV object src/CMakeFiles/rccl_device_gfx950.dir/__/hipify/gensrc/specialized/specialized_allreduce_tree_simple_prod_u8_1_0_1.o
[ 33%] Building RCCLDEV object src/CMakeFiles/rccl_device_gfx950.dir/__/hipify/gensrc/specialized/specialized_allreduce_tree_simple_prod_u8_0_0_1.o
[ 33%] Building RCCLDEV object src/CMakeFiles/rccl_device_gfx950.dir/__/hipify/gensrc/specialized/specialized_allreduce_tree_simple_prod_u32_0_0_1.o
[ 33%] Building RCCLDEV object src/CMakeFiles/rccl_device_gfx950.dir/__/hipify/gensrc/specialized/specialized_allreduce_tree_simple_prod_u32_1_0_1.o
[ 34%] Building RCCLDEV object src/CMakeFiles/rccl_device_gfx950.dir/__/hipify/gensrc/specialized/specialized_allreduce_tree_simple_prod_u64_0_0_1.o
[ 34%] Building RCCLDEV object src/CMakeFiles/rccl_device_gfx950.dir/__/hipify/gensrc/specialized/specialized_allreduce_tree_simple_prod_u64_1_0_1.o
[ 34%] Building RCCLDEV object src/CMakeFiles/rccl_device_gfx950.dir/__/hipify/gensrc/specialized/specialized_allreduce_tree_simple_prod_f16_0_0_1.o
[ 34%] Building RCCLDEV object src/CMakeFiles/rccl_device_gfx950.dir/__/hipify/gensrc/specialized/specialized_allreduce_tree_simple_prod_f16_1_0_1.o
[ 34%] Building RCCLDEV object src/CMakeFiles/rccl_device_gfx950.dir/__/hipify/gensrc/specialized/specialized_allreduce_tree_simple_prod_f32_0_0_1.o
[ 34%] Building RCCLDEV object src/CMakeFiles/rccl_device_gfx950.dir/__/hipify/gensrc/specialized/specialized_allreduce_tree_simple_prod_f32_1_0_1.o
[ 34%] Building RCCLDEV object src/CMakeFiles/rccl_device_gfx950.dir/__/hipify/gensrc/specialized/specialized_allreduce_tree_simple_prod_f64_0_0_1.o
[ 34%] Building RCCLDEV object src/CMakeFiles/rccl_device_gfx950.dir/__/hipify/gensrc/specialized/specialized_allreduce_tree_simple_prod_f64_1_0_1.o
[ 34%] Building RCCLDEV object src/CMakeFiles/rccl_device_gfx950.dir/__/hipify/gensrc/specialized/specialized_allreduce_tree_simple_prod_bf16_0_0_1.o
[ 34%] Building RCCLDEV object src/CMakeFiles/rccl_device_gfx950.dir/__/hipify/gensrc/specialized/specialized_allreduce_tree_simple_prod_bf16_1_0_1.o
[ 34%] Building RCCLDEV object src/CMakeFiles/rccl_device_gfx950.dir/__/hipify/gensrc/specialized/specialized_allreduce_tree_simple_minmax_u8_0_0_1.o
[ 34%] Building RCCLDEV object src/CMakeFiles/rccl_device_gfx950.dir/__/hipify/gensrc/specialized/specialized_allreduce_tree_simple_minmax_u8_1_0_1.o
[ 34%] Building RCCLDEV object src/CMakeFiles/rccl_device_gfx950.dir/__/hipify/gensrc/specialized/specialized_allreduce_tree_simple_minmax_u32_0_0_1.o
[ 34%] Building RCCLDEV object src/CMakeFiles/rccl_device_gfx950.dir/__/hipify/gensrc/specialized/specialized_allreduce_tree_simple_minmax_u32_1_0_1.o
[ 34%] Building RCCLDEV object src/CMakeFiles/rccl_device_gfx950.dir/__/hipify/gensrc/specialized/specialized_allreduce_tree_simple_minmax_u64_0_0_1.o
[ 34%] Building RCCLDEV object src/CMakeFiles/rccl_device_gfx950.dir/__/hipify/gensrc/specialized/specialized_allreduce_tree_simple_minmax_u64_1_0_1.o
[ 34%] Building RCCLDEV object src/CMakeFiles/rccl_device_gfx950.dir/__/hipify/gensrc/specialized/specialized_allreduce_tree_simple_minmax_f16_0_0_1.o
[ 34%] Building RCCLDEV object src/CMakeFiles/rccl_device_gfx950.dir/__/hipify/gensrc/specialized/specialized_allreduce_tree_simple_minmax_f16_1_0_1.o
[ 34%] Building RCCLDEV object src/CMakeFiles/rccl_device_gfx950.dir/__/hipify/gensrc/specialized/specialized_allreduce_tree_simple_minmax_f32_0_0_1.o
[ 34%] Building RCCLDEV object src/CMakeFiles/rccl_device_gfx950.dir/__/hipify/gensrc/specialized/specialized_allreduce_tree_simple_minmax_f32_1_0_1.o
[ 34%] Building RCCLDEV object src/CMakeFiles/rccl_device_gfx950.dir/__/hipify/gensrc/specialized/specialized_allreduce_tree_simple_minmax_f64_0_0_1.o
[ 34%] Building RCCLDEV object src/CMakeFiles/rccl_device_gfx950.dir/__/hipify/gensrc/specialized/specialized_allreduce_tree_simple_minmax_f64_1_0_1.o
[ 34%] Building RCCLDEV object src/CMakeFiles/rccl_device_gfx950.dir/__/hipify/gensrc/specialized/specialized_allreduce_tree_simple_minmax_bf16_0_0_1.o
[ 34%] Building RCCLDEV object src/CMakeFiles/rccl_device_gfx950.dir/__/hipify/gensrc/specialized/specialized_allreduce_tree_simple_minmax_bf16_1_0_1.o
[ 34%] Building RCCLDEV object src/CMakeFiles/rccl_device_gfx950.dir/__/hipify/gensrc/specialized/specialized_allreduce_tree_simple_premulsum_u8_0_0_1.o
[ 34%] Building RCCLDEV object src/CMakeFiles/rccl_device_gfx950.dir/__/hipify/gensrc/specialized/specialized_allreduce_tree_simple_premulsum_u8_1_0_1.o
[ 34%] Building RCCLDEV object src/CMakeFiles/rccl_device_gfx950.dir/__/hipify/gensrc/specialized/specialized_allreduce_tree_simple_premulsum_u32_0_0_1.o
[ 34%] Building RCCLDEV object src/CMakeFiles/rccl_device_gfx950.dir/__/hipify/gensrc/specialized/specialized_allreduce_tree_simple_premulsum_u32_1_0_1.o
[ 34%] Building RCCLDEV object src/CMakeFiles/rccl_device_gfx950.dir/__/hipify/gensrc/specialized/specialized_allreduce_tree_simple_premulsum_u64_0_0_1.o
[ 34%] Building RCCLDEV object src/CMakeFiles/rccl_device_gfx950.dir/__/hipify/gensrc/specialized/specialized_allreduce_tree_simple_premulsum_u64_1_0_1.o
[ 34%] Building RCCLDEV object src/CMakeFiles/rccl_device_gfx950.dir/__/hipify/gensrc/specialized/specialized_allreduce_tree_simple_premulsum_f16_0_0_1.o
[ 34%] Building RCCLDEV object src/CMakeFiles/rccl_device_gfx950.dir/__/hipify/gensrc/specialized/specialized_allreduce_tree_simple_premulsum_f16_1_0_1.o
[ 34%] Building RCCLDEV object src/CMakeFiles/rccl_device_gfx950.dir/__/hipify/gensrc/specialized/specialized_allreduce_tree_simple_premulsum_f32_0_0_1.o
[ 34%] Building RCCLDEV object src/CMakeFiles/rccl_device_gfx950.dir/__/hipify/gensrc/specialized/specialized_allreduce_tree_simple_premulsum_f32_1_0_1.o
[ 34%] Building RCCLDEV object src/CMakeFiles/rccl_device_gfx950.dir/__/hipify/gensrc/specialized/specialized_allreduce_tree_simple_premulsum_f64_0_0_1.o
[ 34%] Building RCCLDEV object src/CMakeFiles/rccl_device_gfx950.dir/__/hipify/gensrc/specialized/specialized_allreduce_tree_simple_premulsum_f64_1_0_1.o
[ 34%] Building RCCLDEV object src/CMakeFiles/rccl_device_gfx950.dir/__/hipify/gensrc/specialized/specialized_allreduce_tree_simple_premulsum_bf16_0_0_1.o
[ 34%] Building RCCLDEV object src/CMakeFiles/rccl_device_gfx950.dir/__/hipify/gensrc/specialized/specialized_allreduce_tree_simple_premulsum_bf16_1_0_1.o
[ 34%] Building RCCLDEV object src/CMakeFiles/rccl_device_gfx950.dir/__/hipify/gensrc/specialized/specialized_allreduce_tree_simple_sumpostdiv_u8_0_0_1.o
[ 34%] Building RCCLDEV object src/CMakeFiles/rccl_device_gfx950.dir/__/hipify/gensrc/specialized/specialized_allreduce_tree_simple_sumpostdiv_u8_1_0_1.o
[ 34%] Building RCCLDEV object src/CMakeFiles/rccl_device_gfx950.dir/__/hipify/gensrc/specialized/specialized_allreduce_tree_simple_sumpostdiv_u32_0_0_1.o
[ 34%] Building RCCLDEV object src/CMakeFiles/rccl_device_gfx950.dir/__/hipify/gensrc/specialized/specialized_allreduce_tree_simple_sumpostdiv_u32_1_0_1.o
[ 34%] Building RCCLDEV object src/CMakeFiles/rccl_device_gfx950.dir/__/hipify/gensrc/specialized/specialized_allreduce_tree_simple_sumpostdiv_u64_0_0_1.o
[ 34%] Building RCCLDEV object src/CMakeFiles/rccl_device_gfx950.dir/__/hipify/gensrc/specialized/specialized_allreduce_tree_simple_sumpostdiv_u64_1_0_1.o
[ 34%] Building RCCLDEV object src/CMakeFiles/rccl_device_gfx950.dir/__/hipify/gensrc/specialized/specialized_broadcast_ring_simple_sum_i8_0_0_2.o
[ 36%] Building RCCLDEV object src/CMakeFiles/rccl_device_gfx950.dir/__/hipify/gensrc/specialized/specialized_reduce_ring_simple_sum_u8_0_0_2.o
[ 36%] Building RCCLDEV object src/CMakeFiles/rccl_device_gfx950.dir/__/hipify/gensrc/specialized/specialized_reduce_ring_simple_sum_u32_0_0_2.o
[ 36%] Building RCCLDEV object src/CMakeFiles/rccl_device_gfx950.dir/__/hipify/gensrc/specialized/specialized_reduce_ring_simple_sum_u64_0_0_2.o
[ 36%] Building RCCLDEV object src/CMakeFiles/rccl_device_gfx950.dir/__/hipify/gensrc/specialized/specialized_reduce_ring_simple_sum_f16_0_0_2.o
[ 36%] Building RCCLDEV object src/CMakeFiles/rccl_device_gfx950.dir/__/hipify/gensrc/specialized/specialized_reduce_ring_simple_sum_f32_0_0_2.o
[ 36%] Building RCCLDEV object src/CMakeFiles/rccl_device_gfx950.dir/__/hipify/gensrc/specialized/specialized_reduce_ring_simple_sum_f64_0_0_2.o
[ 36%] Building RCCLDEV object src/CMakeFiles/rccl_device_gfx950.dir/__/hipify/gensrc/specialized/specialized_reduce_ring_simple_sum_bf16_0_0_2.o
[ 36%] Building RCCLDEV object src/CMakeFiles/rccl_device_gfx950.dir/__/hipify/gensrc/specialized/specialized_reduce_ring_simple_prod_u8_0_0_2.o
[ 36%] Building RCCLDEV object src/CMakeFiles/rccl_device_gfx950.dir/__/hipify/gensrc/specialized/specialized_reduce_ring_simple_prod_u32_0_0_2.o
[ 36%] Building RCCLDEV object src/CMakeFiles/rccl_device_gfx950.dir/__/hipify/gensrc/specialized/specialized_reduce_ring_simple_prod_u64_0_0_2.o
[ 36%] Building RCCLDEV object src/CMakeFiles/rccl_device_gfx950.dir/__/hipify/gensrc/specialized/specialized_reduce_ring_simple_prod_f16_0_0_2.o
[ 36%] Building RCCLDEV object src/CMakeFiles/rccl_device_gfx950.dir/__/hipify/gensrc/specialized/specialized_reduce_ring_simple_prod_f32_0_0_2.o
[ 36%] Building RCCLDEV object src/CMakeFiles/rccl_device_gfx950.dir/__/hipify/gensrc/specialized/specialized_reduce_ring_simple_prod_f64_0_0_2.o
[ 36%] Building RCCLDEV object src/CMakeFiles/rccl_device_gfx950.dir/__/hipify/gensrc/specialized/specialized_reduce_ring_simple_prod_bf16_0_0_2.o
[ 36%] Building RCCLDEV object src/CMakeFiles/rccl_device_gfx950.dir/__/hipify/gensrc/specialized/specialized_reduce_ring_simple_minmax_u8_0_0_2.o
[ 36%] Building RCCLDEV object src/CMakeFiles/rccl_device_gfx950.dir/__/hipify/gensrc/specialized/specialized_reduce_ring_simple_minmax_u32_0_0_2.o
[ 36%] Building RCCLDEV object src/CMakeFiles/rccl_device_gfx950.dir/__/hipify/gensrc/specialized/specialized_reduce_ring_simple_minmax_u64_0_0_2.o
[ 36%] Building RCCLDEV object src/CMakeFiles/rccl_device_gfx950.dir/__/hipify/gensrc/specialized/specialized_reduce_ring_simple_minmax_f16_0_0_2.o
[ 36%] Building RCCLDEV object src/CMakeFiles/rccl_device_gfx950.dir/__/hipify/gensrc/specialized/specialized_reduce_ring_simple_minmax_f32_0_0_2.o
[ 36%] Building RCCLDEV object src/CMakeFiles/rccl_device_gfx950.dir/__/hipify/gensrc/specialized/specialized_reduce_ring_simple_minmax_f64_0_0_2.o
[ 36%] Building RCCLDEV object src/CMakeFiles/rccl_device_gfx950.dir/__/hipify/gensrc/specialized/specialized_reduce_ring_simple_minmax_bf16_0_0_2.o
[ 36%] Building RCCLDEV object src/CMakeFiles/rccl_device_gfx950.dir/__/hipify/gensrc/specialized/specialized_reduce_ring_simple_premulsum_u32_0_0_2.o
[ 36%] Building RCCLDEV object src/CMakeFiles/rccl_device_gfx950.dir/__/hipify/gensrc/specialized/specialized_reduce_ring_simple_premulsum_u8_0_0_2.o
[ 36%] Building RCCLDEV object src/CMakeFiles/rccl_device_gfx950.dir/__/hipify/gensrc/specialized/specialized_reduce_ring_simple_premulsum_u64_0_0_2.o
[ 36%] Building RCCLDEV object src/CMakeFiles/rccl_device_gfx950.dir/__/hipify/gensrc/specialized/specialized_reduce_ring_simple_premulsum_f16_0_0_2.o
[ 36%] Building RCCLDEV object src/CMakeFiles/rccl_device_gfx950.dir/__/hipify/gensrc/specialized/specialized_reduce_ring_simple_premulsum_f32_0_0_2.o
[ 36%] Building RCCLDEV object src/CMakeFiles/rccl_device_gfx950.dir/__/hipify/gensrc/specialized/specialized_reduce_ring_simple_premulsum_f64_0_0_2.o
[ 36%] Building RCCLDEV object src/CMakeFiles/rccl_device_gfx950.dir/__/hipify/gensrc/specialized/specialized_reduce_ring_simple_premulsum_bf16_0_0_2.o
[ 36%] Building RCCLDEV object src/CMakeFiles/rccl_device_gfx950.dir/__/hipify/gensrc/specialized/specialized_reduce_ring_simple_sumpostdiv_u8_0_0_2.o
[ 36%] Building RCCLDEV object src/CMakeFiles/rccl_device_gfx950.dir/__/hipify/gensrc/specialized/specialized_reduce_ring_simple_sumpostdiv_u32_0_0_2.o
[ 36%] Building RCCLDEV object src/CMakeFiles/rccl_device_gfx950.dir/__/hipify/gensrc/specialized/specialized_reduce_ring_simple_sumpostdiv_u64_0_0_2.o
[ 36%] Building RCCLDEV object src/CMakeFiles/rccl_device_gfx950.dir/__/hipify/gensrc/specialized/specialized_reducescatter_ring_simple_sum_u8_0_0_2.o
[ 36%] Building RCCLDEV object src/CMakeFiles/rccl_device_gfx950.dir/__/hipify/gensrc/specialized/specialized_allgather_ring_simple_sum_i8_0_0_2.o
[ 36%] Building RCCLDEV object src/CMakeFiles/rccl_device_gfx950.dir/__/hipify/gensrc/specialized/specialized_reducescatter_ring_simple_sum_u32_0_0_2.o
[ 36%] Building RCCLDEV object src/CMakeFiles/rccl_device_gfx950.dir/__/hipify/gensrc/specialized/specialized_reducescatter_ring_simple_sum_u64_0_0_2.o
[ 36%] Building RCCLDEV object src/CMakeFiles/rccl_device_gfx950.dir/__/hipify/gensrc/specialized/specialized_reducescatter_ring_simple_sum_f16_0_0_2.o
[ 36%] Building RCCLDEV object src/CMakeFiles/rccl_device_gfx950.dir/__/hipify/gensrc/specialized/specialized_reducescatter_ring_simple_sum_f32_0_0_2.o
[ 36%] Building RCCLDEV object src/CMakeFiles/rccl_device_gfx950.dir/__/hipify/gensrc/specialized/specialized_reducescatter_ring_simple_sum_bf16_0_0_2.o
[ 36%] Building RCCLDEV object src/CMakeFiles/rccl_device_gfx950.dir/__/hipify/gensrc/specialized/specialized_reducescatter_ring_simple_sum_f64_0_0_2.o
[ 36%] Building RCCLDEV object src/CMakeFiles/rccl_device_gfx950.dir/__/hipify/gensrc/specialized/specialized_reducescatter_ring_simple_prod_u8_0_0_2.o
[ 36%] Building RCCLDEV object src/CMakeFiles/rccl_device_gfx950.dir/__/hipify/gensrc/specialized/specialized_reducescatter_ring_simple_prod_u32_0_0_2.o
[ 36%] Building RCCLDEV object src/CMakeFiles/rccl_device_gfx950.dir/__/hipify/gensrc/specialized/specialized_reducescatter_ring_simple_prod_u64_0_0_2.o
[ 36%] Building RCCLDEV object src/CMakeFiles/rccl_device_gfx950.dir/__/hipify/gensrc/specialized/specialized_reducescatter_ring_simple_prod_f16_0_0_2.o
[ 36%] Building RCCLDEV object src/CMakeFiles/rccl_device_gfx950.dir/__/hipify/gensrc/specialized/specialized_reducescatter_ring_simple_prod_f32_0_0_2.o
[ 38%] Building RCCLDEV object src/CMakeFiles/rccl_device_gfx950.dir/__/hipify/gensrc/specialized/specialized_reducescatter_ring_simple_prod_f64_0_0_2.o
[ 38%] Building RCCLDEV object src/CMakeFiles/rccl_device_gfx950.dir/__/hipify/gensrc/specialized/specialized_reducescatter_ring_simple_prod_bf16_0_0_2.o
[ 38%] Building RCCLDEV object src/CMakeFiles/rccl_device_gfx950.dir/__/hipify/gensrc/specialized/specialized_reducescatter_ring_simple_minmax_u8_0_0_2.o
[ 38%] Building RCCLDEV object src/CMakeFiles/rccl_device_gfx950.dir/__/hipify/gensrc/specialized/specialized_reducescatter_ring_simple_minmax_u32_0_0_2.o
[ 38%] Building RCCLDEV object src/CMakeFiles/rccl_device_gfx950.dir/__/hipify/gensrc/specialized/specialized_reducescatter_ring_simple_minmax_u64_0_0_2.o
[ 38%] Building RCCLDEV object src/CMakeFiles/rccl_device_gfx950.dir/__/hipify/gensrc/specialized/specialized_reducescatter_ring_simple_minmax_f16_0_0_2.o
[ 38%] Building RCCLDEV object src/CMakeFiles/rccl_device_gfx950.dir/__/hipify/gensrc/specialized/specialized_reducescatter_ring_simple_minmax_f32_0_0_2.o
[ 38%] Building RCCLDEV object src/CMakeFiles/rccl_device_gfx950.dir/__/hipify/gensrc/specialized/specialized_reducescatter_ring_simple_minmax_f64_0_0_2.o
[ 38%] Building RCCLDEV object src/CMakeFiles/rccl_device_gfx950.dir/__/hipify/gensrc/specialized/specialized_reducescatter_ring_simple_minmax_bf16_0_0_2.o
[ 38%] Building RCCLDEV object src/CMakeFiles/rccl_device_gfx950.dir/__/hipify/gensrc/specialized/specialized_reducescatter_ring_simple_premulsum_u8_0_0_2.o
[ 38%] Building RCCLDEV object src/CMakeFiles/rccl_device_gfx950.dir/__/hipify/gensrc/specialized/specialized_reducescatter_ring_simple_premulsum_u32_0_0_2.o
[ 38%] Building RCCLDEV object src/CMakeFiles/rccl_device_gfx950.dir/__/hipify/gensrc/specialized/specialized_reducescatter_ring_simple_premulsum_u64_0_0_2.o
[ 38%] Building RCCLDEV object src/CMakeFiles/rccl_device_gfx950.dir/__/hipify/gensrc/specialized/specialized_reducescatter_ring_simple_premulsum_f16_0_0_2.o
[ 38%] Building RCCLDEV object src/CMakeFiles/rccl_device_gfx950.dir/__/hipify/gensrc/specialized/specialized_reducescatter_ring_simple_premulsum_f32_0_0_2.o
[ 38%] Building RCCLDEV object src/CMakeFiles/rccl_device_gfx950.dir/__/hipify/gensrc/specialized/specialized_reducescatter_ring_simple_premulsum_f64_0_0_2.o
[ 38%] Building RCCLDEV object src/CMakeFiles/rccl_device_gfx950.dir/__/hipify/gensrc/specialized/specialized_reducescatter_ring_simple_premulsum_bf16_0_0_2.o
[ 38%] Building RCCLDEV object src/CMakeFiles/rccl_device_gfx950.dir/__/hipify/gensrc/specialized/specialized_reducescatter_ring_simple_sumpostdiv_u8_0_0_2.o
[ 38%] Building RCCLDEV object src/CMakeFiles/rccl_device_gfx950.dir/__/hipify/gensrc/specialized/specialized_reducescatter_ring_simple_sumpostdiv_u32_0_0_2.o
[ 38%] Building RCCLDEV object src/CMakeFiles/rccl_device_gfx950.dir/__/hipify/gensrc/specialized/specialized_reducescatter_ring_simple_sumpostdiv_u64_0_0_2.o
[ 38%] Building RCCLDEV object src/CMakeFiles/rccl_device_gfx950.dir/__/hipify/gensrc/specialized/specialized_allreduce_ring_simple_sum_u8_0_0_2.o
[ 38%] Building RCCLDEV object src/CMakeFiles/rccl_device_gfx950.dir/__/hipify/gensrc/specialized/specialized_allreduce_ring_simple_sum_u8_1_0_2.o
[ 38%] Building RCCLDEV object src/CMakeFiles/rccl_device_gfx950.dir/__/hipify/gensrc/specialized/specialized_allreduce_ring_simple_sum_u32_0_0_2.o
[ 38%] Building RCCLDEV object src/CMakeFiles/rccl_device_gfx950.dir/__/hipify/gensrc/specialized/specialized_allreduce_ring_simple_sum_u32_1_0_2.o
[ 38%] Building RCCLDEV object src/CMakeFiles/rccl_device_gfx950.dir/__/hipify/gensrc/specialized/specialized_allreduce_ring_simple_sum_u64_0_0_2.o
[ 38%] Building RCCLDEV object src/CMakeFiles/rccl_device_gfx950.dir/__/hipify/gensrc/specialized/specialized_allreduce_ring_simple_sum_u64_1_0_2.o
[ 38%] Building RCCLDEV object src/CMakeFiles/rccl_device_gfx950.dir/__/hipify/gensrc/specialized/specialized_allreduce_ring_simple_sum_f16_0_0_2.o
[ 38%] Building RCCLDEV object src/CMakeFiles/rccl_device_gfx950.dir/__/hipify/gensrc/specialized/specialized_allreduce_ring_simple_sum_f16_1_0_2.o
[ 38%] Building RCCLDEV object src/CMakeFiles/rccl_device_gfx950.dir/__/hipify/gensrc/specialized/specialized_allreduce_ring_simple_sum_f32_1_0_2.o
[ 38%] Building RCCLDEV object src/CMakeFiles/rccl_device_gfx950.dir/__/hipify/gensrc/specialized/specialized_allreduce_ring_simple_sum_f32_0_0_2.o
[ 38%] Building RCCLDEV object src/CMakeFiles/rccl_device_gfx950.dir/__/hipify/gensrc/specialized/specialized_allreduce_ring_simple_sum_f64_0_0_2.o
[ 38%] Building RCCLDEV object src/CMakeFiles/rccl_device_gfx950.dir/__/hipify/gensrc/specialized/specialized_allreduce_ring_simple_sum_f64_1_0_2.o
[ 38%] Building RCCLDEV object src/CMakeFiles/rccl_device_gfx950.dir/__/hipify/gensrc/specialized/specialized_allreduce_ring_simple_sum_bf16_0_0_2.o
[ 38%] Building RCCLDEV object src/CMakeFiles/rccl_device_gfx950.dir/__/hipify/gensrc/specialized/specialized_allreduce_ring_simple_sum_bf16_1_0_2.o
[ 38%] Building RCCLDEV object src/CMakeFiles/rccl_device_gfx950.dir/__/hipify/gensrc/specialized/specialized_allreduce_ring_simple_prod_u8_0_0_2.o
[ 38%] Building RCCLDEV object src/CMakeFiles/rccl_device_gfx950.dir/__/hipify/gensrc/specialized/specialized_allreduce_ring_simple_prod_u8_1_0_2.o
[ 38%] Building RCCLDEV object src/CMakeFiles/rccl_device_gfx950.dir/__/hipify/gensrc/specialized/specialized_allreduce_ring_simple_prod_u32_0_0_2.o
[ 38%] Building RCCLDEV object src/CMakeFiles/rccl_device_gfx950.dir/__/hipify/gensrc/specialized/specialized_allreduce_ring_simple_prod_u32_1_0_2.o
[ 38%] Building RCCLDEV object src/CMakeFiles/rccl_device_gfx950.dir/__/hipify/gensrc/specialized/specialized_allreduce_ring_simple_prod_u64_0_0_2.o
[ 38%] Building RCCLDEV object src/CMakeFiles/rccl_device_gfx950.dir/__/hipify/gensrc/specialized/specialized_allreduce_ring_simple_prod_u64_1_0_2.o
[ 38%] Building RCCLDEV object src/CMakeFiles/rccl_device_gfx950.dir/__/hipify/gensrc/specialized/specialized_allreduce_ring_simple_prod_f16_1_0_2.o
[ 38%] Building RCCLDEV object src/CMakeFiles/rccl_device_gfx950.dir/__/hipify/gensrc/specialized/specialized_allreduce_ring_simple_prod_f16_0_0_2.o
[ 38%] Building RCCLDEV object src/CMakeFiles/rccl_device_gfx950.dir/__/hipify/gensrc/specialized/specialized_allreduce_ring_simple_prod_f32_0_0_2.o
[ 38%] Building RCCLDEV object src/CMakeFiles/rccl_device_gfx950.dir/__/hipify/gensrc/specialized/specialized_allreduce_ring_simple_prod_f32_1_0_2.o
[ 38%] Building RCCLDEV object src/CMakeFiles/rccl_device_gfx950.dir/__/hipify/gensrc/specialized/specialized_allreduce_ring_simple_prod_f64_0_0_2.o
[ 38%] Building RCCLDEV object src/CMakeFiles/rccl_device_gfx950.dir/__/hipify/gensrc/specialized/specialized_allreduce_ring_simple_prod_f64_1_0_2.o
[ 39%] Building RCCLDEV object src/CMakeFiles/rccl_device_gfx950.dir/__/hipify/gensrc/specialized/specialized_allreduce_ring_simple_prod_bf16_0_0_2.o
[ 39%] Building RCCLDEV object src/CMakeFiles/rccl_device_gfx950.dir/__/hipify/gensrc/specialized/specialized_allreduce_ring_simple_prod_bf16_1_0_2.o
[ 39%] Building RCCLDEV object src/CMakeFiles/rccl_device_gfx950.dir/__/hipify/gensrc/specialized/specialized_allreduce_ring_simple_minmax_u8_0_0_2.o
[ 39%] Building RCCLDEV object src/CMakeFiles/rccl_device_gfx950.dir/__/hipify/gensrc/specialized/specialized_allreduce_ring_simple_minmax_u8_1_0_2.o
[ 39%] Building RCCLDEV object src/CMakeFiles/rccl_device_gfx950.dir/__/hipify/gensrc/specialized/specialized_allreduce_ring_simple_minmax_u32_0_0_2.o
[ 39%] Building RCCLDEV object src/CMakeFiles/rccl_device_gfx950.dir/__/hipify/gensrc/specialized/specialized_allreduce_ring_simple_minmax_u32_1_0_2.o
[ 39%] Building RCCLDEV object src/CMakeFiles/rccl_device_gfx950.dir/__/hipify/gensrc/specialized/specialized_allreduce_ring_simple_minmax_u64_0_0_2.o
[ 39%] Building RCCLDEV object src/CMakeFiles/rccl_device_gfx950.dir/__/hipify/gensrc/specialized/specialized_allreduce_ring_simple_minmax_u64_1_0_2.o
[ 39%] Building RCCLDEV object src/CMakeFiles/rccl_device_gfx950.dir/__/hipify/gensrc/specialized/specialized_allreduce_ring_simple_minmax_f16_0_0_2.o
[ 39%] Building RCCLDEV object src/CMakeFiles/rccl_device_gfx950.dir/__/hipify/gensrc/specialized/specialized_allreduce_ring_simple_minmax_f16_1_0_2.o
[ 39%] Building RCCLDEV object src/CMakeFiles/rccl_device_gfx950.dir/__/hipify/gensrc/specialized/specialized_allreduce_ring_simple_minmax_f32_0_0_2.o
[ 39%] Building RCCLDEV object src/CMakeFiles/rccl_device_gfx950.dir/__/hipify/gensrc/specialized/specialized_allreduce_ring_simple_minmax_f32_1_0_2.o
[ 39%] Building RCCLDEV object src/CMakeFiles/rccl_device_gfx950.dir/__/hipify/gensrc/specialized/specialized_allreduce_ring_simple_minmax_f64_0_0_2.o
[ 39%] Building RCCLDEV object src/CMakeFiles/rccl_device_gfx950.dir/__/hipify/gensrc/specialized/specialized_allreduce_ring_simple_minmax_f64_1_0_2.o
[ 39%] Building RCCLDEV object src/CMakeFiles/rccl_device_gfx950.dir/__/hipify/gensrc/specialized/specialized_allreduce_ring_simple_minmax_bf16_0_0_2.o
[ 39%] Building RCCLDEV object src/CMakeFiles/rccl_device_gfx950.dir/__/hipify/gensrc/specialized/specialized_allreduce_ring_simple_minmax_bf16_1_0_2.o
[ 39%] Building RCCLDEV object src/CMakeFiles/rccl_device_gfx950.dir/__/hipify/gensrc/specialized/specialized_allreduce_ring_simple_premulsum_u8_0_0_2.o
[ 39%] Building RCCLDEV object src/CMakeFiles/rccl_device_gfx950.dir/__/hipify/gensrc/specialized/specialized_allreduce_ring_simple_premulsum_u8_1_0_2.o
[ 39%] Building RCCLDEV object src/CMakeFiles/rccl_device_gfx950.dir/__/hipify/gensrc/specialized/specialized_allreduce_ring_simple_premulsum_u32_0_0_2.o
[ 39%] Building RCCLDEV object src/CMakeFiles/rccl_device_gfx950.dir/__/hipify/gensrc/specialized/specialized_allreduce_ring_simple_premulsum_u32_1_0_2.o
[ 39%] Building RCCLDEV object src/CMakeFiles/rccl_device_gfx950.dir/__/hipify/gensrc/specialized/specialized_allreduce_ring_simple_premulsum_u64_0_0_2.o
[ 39%] Building RCCLDEV object src/CMakeFiles/rccl_device_gfx950.dir/__/hipify/gensrc/specialized/specialized_allreduce_ring_simple_premulsum_u64_1_0_2.o
[ 39%] Building RCCLDEV object src/CMakeFiles/rccl_device_gfx950.dir/__/hipify/gensrc/specialized/specialized_allreduce_ring_simple_premulsum_f16_0_0_2.o
[ 39%] Building RCCLDEV object src/CMakeFiles/rccl_device_gfx950.dir/__/hipify/gensrc/specialized/specialized_allreduce_ring_simple_premulsum_f32_0_0_2.o
[ 39%] Building RCCLDEV object src/CMakeFiles/rccl_device_gfx950.dir/__/hipify/gensrc/specialized/specialized_allreduce_ring_simple_premulsum_f32_1_0_2.o
[ 39%] Building RCCLDEV object src/CMakeFiles/rccl_device_gfx950.dir/__/hipify/gensrc/specialized/specialized_allreduce_ring_simple_premulsum_f16_1_0_2.o
[ 39%] Building RCCLDEV object src/CMakeFiles/rccl_device_gfx950.dir/__/hipify/gensrc/specialized/specialized_allreduce_ring_simple_premulsum_f64_0_0_2.o
[ 39%] Building RCCLDEV object src/CMakeFiles/rccl_device_gfx950.dir/__/hipify/gensrc/specialized/specialized_allreduce_ring_simple_premulsum_f64_1_0_2.o
[ 39%] Building RCCLDEV object src/CMakeFiles/rccl_device_gfx950.dir/__/hipify/gensrc/specialized/specialized_allreduce_ring_simple_premulsum_bf16_0_0_2.o
[ 39%] Building RCCLDEV object src/CMakeFiles/rccl_device_gfx950.dir/__/hipify/gensrc/specialized/specialized_allreduce_ring_simple_premulsum_bf16_1_0_2.o
[ 39%] Building RCCLDEV object src/CMakeFiles/rccl_device_gfx950.dir/__/hipify/gensrc/specialized/specialized_allreduce_ring_simple_sumpostdiv_u8_0_0_2.o
[ 39%] Building RCCLDEV object src/CMakeFiles/rccl_device_gfx950.dir/__/hipify/gensrc/specialized/specialized_allreduce_ring_simple_sumpostdiv_u8_1_0_2.o
[ 39%] Building RCCLDEV object src/CMakeFiles/rccl_device_gfx950.dir/__/hipify/gensrc/specialized/specialized_allreduce_ring_simple_sumpostdiv_u32_0_0_2.o
[ 39%] Building RCCLDEV object src/CMakeFiles/rccl_device_gfx950.dir/__/hipify/gensrc/specialized/specialized_allreduce_ring_simple_sumpostdiv_u32_1_0_2.o
[ 39%] Building RCCLDEV object src/CMakeFiles/rccl_device_gfx950.dir/__/hipify/gensrc/specialized/specialized_allreduce_ring_simple_sumpostdiv_u64_0_0_2.o
[ 39%] Building RCCLDEV object src/CMakeFiles/rccl_device_gfx950.dir/__/hipify/gensrc/specialized/specialized_allreduce_ring_simple_sumpostdiv_u64_1_0_2.o
[ 39%] Building RCCLDEV object src/CMakeFiles/rccl_device_gfx950.dir/__/hipify/gensrc/specialized/specialized_sendrecv_ring_simple_sum_i8_0_0_2.o
[ 39%] Building RCCLDEV object src/CMakeFiles/rccl_device_gfx950.dir/__/hipify/gensrc/specialized/specialized_alltoallpivot_ring_simple_sum_i8_0_0_2.o
[ 39%] Building RCCLDEV object src/CMakeFiles/rccl_device_gfx950.dir/__/hipify/gensrc/specialized/specialized_broadcast_ring_simple_sum_i8_0_0_1.o
[ 39%] Building RCCLDEV object src/CMakeFiles/rccl_device_gfx950.dir/__/hipify/gensrc/specialized/specialized_reduce_ring_simple_sum_u8_0_0_1.o
[ 39%] Building RCCLDEV object src/CMakeFiles/rccl_device_gfx950.dir/__/hipify/gensrc/specialized/specialized_reduce_ring_simple_sum_u32_0_0_1.o
[ 39%] Building RCCLDEV object src/CMakeFiles/rccl_device_gfx950.dir/__/hipify/gensrc/specialized/specialized_reduce_ring_simple_sum_u64_0_0_1.o
[ 39%] Building RCCLDEV object src/CMakeFiles/rccl_device_gfx950.dir/__/hipify/gensrc/specialized/specialized_reduce_ring_simple_sum_f16_0_0_1.o
[ 39%] Building RCCLDEV object src/CMakeFiles/rccl_device_gfx950.dir/__/hipify/gensrc/specialized/specialized_reduce_ring_simple_sum_f32_0_0_1.o
[ 41%] Building RCCLDEV object src/CMakeFiles/rccl_device_gfx950.dir/__/hipify/gensrc/specialized/specialized_reduce_ring_simple_sum_f64_0_0_1.o
[ 41%] Building RCCLDEV object src/CMakeFiles/rccl_device_gfx950.dir/__/hipify/gensrc/specialized/specialized_reduce_ring_simple_sum_bf16_0_0_1.o
[ 41%] Building RCCLDEV object src/CMakeFiles/rccl_device_gfx950.dir/__/hipify/gensrc/specialized/specialized_reduce_ring_simple_prod_u8_0_0_1.o
[ 41%] Building RCCLDEV object src/CMakeFiles/rccl_device_gfx950.dir/__/hipify/gensrc/specialized/specialized_reduce_ring_simple_prod_u32_0_0_1.o
[ 41%] Building RCCLDEV object src/CMakeFiles/rccl_device_gfx950.dir/__/hipify/gensrc/specialized/specialized_reduce_ring_simple_prod_u64_0_0_1.o
[ 41%] Building RCCLDEV object src/CMakeFiles/rccl_device_gfx950.dir/__/hipify/gensrc/specialized/specialized_reduce_ring_simple_prod_f16_0_0_1.o
[ 41%] Building RCCLDEV object src/CMakeFiles/rccl_device_gfx950.dir/__/hipify/gensrc/specialized/specialized_reduce_ring_simple_prod_f32_0_0_1.o
[ 41%] Building RCCLDEV object src/CMakeFiles/rccl_device_gfx950.dir/__/hipify/gensrc/specialized/specialized_reduce_ring_simple_prod_f64_0_0_1.o
[ 41%] Building RCCLDEV object src/CMakeFiles/rccl_device_gfx950.dir/__/hipify/gensrc/specialized/specialized_reduce_ring_simple_prod_bf16_0_0_1.o
[ 41%] Building RCCLDEV object src/CMakeFiles/rccl_device_gfx950.dir/__/hipify/gensrc/specialized/specialized_reduce_ring_simple_minmax_u8_0_0_1.o
[ 41%] Building RCCLDEV object src/CMakeFiles/rccl_device_gfx950.dir/__/hipify/gensrc/specialized/specialized_reduce_ring_simple_minmax_u32_0_0_1.o
[ 41%] Building RCCLDEV object src/CMakeFiles/rccl_device_gfx950.dir/__/hipify/gensrc/specialized/specialized_reduce_ring_simple_minmax_u64_0_0_1.o
[ 41%] Building RCCLDEV object src/CMakeFiles/rccl_device_gfx950.dir/__/hipify/gensrc/specialized/specialized_reduce_ring_simple_minmax_f16_0_0_1.o
[ 41%] Building RCCLDEV object src/CMakeFiles/rccl_device_gfx950.dir/__/hipify/gensrc/specialized/specialized_reduce_ring_simple_minmax_f32_0_0_1.o
[ 41%] Building RCCLDEV object src/CMakeFiles/rccl_device_gfx950.dir/__/hipify/gensrc/specialized/specialized_reduce_ring_simple_minmax_f64_0_0_1.o
[ 41%] Building RCCLDEV object src/CMakeFiles/rccl_device_gfx950.dir/__/hipify/gensrc/specialized/specialized_reduce_ring_simple_minmax_bf16_0_0_1.o
[ 41%] Building RCCLDEV object src/CMakeFiles/rccl_device_gfx950.dir/__/hipify/gensrc/specialized/specialized_reduce_ring_simple_premulsum_u8_0_0_1.o
[ 41%] Building RCCLDEV object src/CMakeFiles/rccl_device_gfx950.dir/__/hipify/gensrc/specialized/specialized_reduce_ring_simple_premulsum_u32_0_0_1.o
[ 41%] Building RCCLDEV object src/CMakeFiles/rccl_device_gfx950.dir/__/hipify/gensrc/specialized/specialized_reduce_ring_simple_premulsum_u64_0_0_1.o
[ 41%] Building RCCLDEV object src/CMakeFiles/rccl_device_gfx950.dir/__/hipify/gensrc/specialized/specialized_reduce_ring_simple_premulsum_f16_0_0_1.o
[ 41%] Building RCCLDEV object src/CMakeFiles/rccl_device_gfx950.dir/__/hipify/gensrc/specialized/specialized_reduce_ring_simple_premulsum_f32_0_0_1.o
[ 41%] Building RCCLDEV object src/CMakeFiles/rccl_device_gfx950.dir/__/hipify/gensrc/specialized/specialized_reduce_ring_simple_premulsum_f64_0_0_1.o
[ 41%] Building RCCLDEV object src/CMakeFiles/rccl_device_gfx950.dir/__/hipify/gensrc/specialized/specialized_reduce_ring_simple_premulsum_bf16_0_0_1.o
[ 41%] Building RCCLDEV object src/CMakeFiles/rccl_device_gfx950.dir/__/hipify/gensrc/specialized/specialized_reduce_ring_simple_sumpostdiv_u8_0_0_1.o
[ 41%] Building RCCLDEV object src/CMakeFiles/rccl_device_gfx950.dir/__/hipify/gensrc/specialized/specialized_reduce_ring_simple_sumpostdiv_u32_0_0_1.o
[ 41%] Building RCCLDEV object src/CMakeFiles/rccl_device_gfx950.dir/__/hipify/gensrc/specialized/specialized_reduce_ring_simple_sumpostdiv_u64_0_0_1.o
[ 41%] Building RCCLDEV object src/CMakeFiles/rccl_device_gfx950.dir/__/hipify/gensrc/specialized/specialized_allgather_ring_simple_sum_i8_0_0_1.o
[ 41%] Building RCCLDEV object src/CMakeFiles/rccl_device_gfx950.dir/__/hipify/gensrc/specialized/specialized_reducescatter_ring_simple_sum_u8_0_0_1.o
[ 41%] Building RCCLDEV object src/CMakeFiles/rccl_device_gfx950.dir/__/hipify/gensrc/specialized/specialized_reducescatter_ring_simple_sum_u32_0_0_1.o
[ 41%] Building RCCLDEV object src/CMakeFiles/rccl_device_gfx950.dir/__/hipify/gensrc/specialized/specialized_reducescatter_ring_simple_sum_u64_0_0_1.o
[ 41%] Building RCCLDEV object src/CMakeFiles/rccl_device_gfx950.dir/__/hipify/gensrc/specialized/specialized_reducescatter_ring_simple_sum_f16_0_0_1.o
[ 41%] Building RCCLDEV object src/CMakeFiles/rccl_device_gfx950.dir/__/hipify/gensrc/specialized/specialized_reducescatter_ring_simple_sum_f32_0_0_1.o
[ 41%] Building RCCLDEV object src/CMakeFiles/rccl_device_gfx950.dir/__/hipify/gensrc/specialized/specialized_reducescatter_ring_simple_sum_f64_0_0_1.o
[ 41%] Building RCCLDEV object src/CMakeFiles/rccl_device_gfx950.dir/__/hipify/gensrc/specialized/specialized_reducescatter_ring_simple_sum_bf16_0_0_1.o
[ 41%] Building RCCLDEV object src/CMakeFiles/rccl_device_gfx950.dir/__/hipify/gensrc/specialized/specialized_reducescatter_ring_simple_prod_u8_0_0_1.o
[ 41%] Building RCCLDEV object src/CMakeFiles/rccl_device_gfx950.dir/__/hipify/gensrc/specialized/specialized_reducescatter_ring_simple_prod_u32_0_0_1.o
[ 41%] Building RCCLDEV object src/CMakeFiles/rccl_device_gfx950.dir/__/hipify/gensrc/specialized/specialized_reducescatter_ring_simple_prod_u64_0_0_1.o
[ 41%] Building RCCLDEV object src/CMakeFiles/rccl_device_gfx950.dir/__/hipify/gensrc/specialized/specialized_reducescatter_ring_simple_prod_f16_0_0_1.o
[ 41%] Building RCCLDEV object src/CMakeFiles/rccl_device_gfx950.dir/__/hipify/gensrc/specialized/specialized_reducescatter_ring_simple_prod_f32_0_0_1.o
[ 41%] Building RCCLDEV object src/CMakeFiles/rccl_device_gfx950.dir/__/hipify/gensrc/specialized/specialized_reducescatter_ring_simple_prod_f64_0_0_1.o
[ 41%] Building RCCLDEV object src/CMakeFiles/rccl_device_gfx950.dir/__/hipify/gensrc/specialized/specialized_reducescatter_ring_simple_prod_bf16_0_0_1.o
[ 41%] Building RCCLDEV object src/CMakeFiles/rccl_device_gfx950.dir/__/hipify/gensrc/specialized/specialized_reducescatter_ring_simple_minmax_u8_0_0_1.o
[ 41%] Building RCCLDEV object src/CMakeFiles/rccl_device_gfx950.dir/__/hipify/gensrc/specialized/specialized_reducescatter_ring_simple_minmax_u32_0_0_1.o
[ 41%] Building RCCLDEV object src/CMakeFiles/rccl_device_gfx950.dir/__/hipify/gensrc/specialized/specialized_reducescatter_ring_simple_minmax_u64_0_0_1.o
[ 41%] Building RCCLDEV object src/CMakeFiles/rccl_device_gfx950.dir/__/hipify/gensrc/specialized/specialized_reducescatter_ring_simple_minmax_f16_0_0_1.o
[ 42%] Building RCCLDEV object src/CMakeFiles/rccl_device_gfx950.dir/__/hipify/gensrc/specialized/specialized_reducescatter_ring_simple_minmax_f32_0_0_1.o
[ 42%] Building RCCLDEV object src/CMakeFiles/rccl_device_gfx950.dir/__/hipify/gensrc/specialized/specialized_reducescatter_ring_simple_minmax_f64_0_0_1.o
[ 42%] Building RCCLDEV object src/CMakeFiles/rccl_device_gfx950.dir/__/hipify/gensrc/specialized/specialized_reducescatter_ring_simple_minmax_bf16_0_0_1.o
[ 42%] Building RCCLDEV object src/CMakeFiles/rccl_device_gfx950.dir/__/hipify/gensrc/specialized/specialized_reducescatter_ring_simple_premulsum_u8_0_0_1.o
[ 42%] Building RCCLDEV object src/CMakeFiles/rccl_device_gfx950.dir/__/hipify/gensrc/specialized/specialized_reducescatter_ring_simple_premulsum_u32_0_0_1.o
[ 42%] Building RCCLDEV object src/CMakeFiles/rccl_device_gfx950.dir/__/hipify/gensrc/specialized/specialized_reducescatter_ring_simple_premulsum_u64_0_0_1.o
[ 42%] Building RCCLDEV object src/CMakeFiles/rccl_device_gfx950.dir/__/hipify/gensrc/specialized/specialized_reducescatter_ring_simple_premulsum_f16_0_0_1.o
[ 42%] Building RCCLDEV object src/CMakeFiles/rccl_device_gfx950.dir/__/hipify/gensrc/specialized/specialized_reducescatter_ring_simple_premulsum_f32_0_0_1.o
[ 42%] Building RCCLDEV object src/CMakeFiles/rccl_device_gfx950.dir/__/hipify/gensrc/specialized/specialized_reducescatter_ring_simple_premulsum_f64_0_0_1.o
[ 42%] Building RCCLDEV object src/CMakeFiles/rccl_device_gfx950.dir/__/hipify/gensrc/specialized/specialized_reducescatter_ring_simple_premulsum_bf16_0_0_1.o
[ 42%] Building RCCLDEV object src/CMakeFiles/rccl_device_gfx950.dir/__/hipify/gensrc/specialized/specialized_reducescatter_ring_simple_sumpostdiv_u8_0_0_1.o
[ 42%] Building RCCLDEV object src/CMakeFiles/rccl_device_gfx950.dir/__/hipify/gensrc/specialized/specialized_reducescatter_ring_simple_sumpostdiv_u32_0_0_1.o
[ 42%] Building RCCLDEV object src/CMakeFiles/rccl_device_gfx950.dir/__/hipify/gensrc/specialized/specialized_reducescatter_ring_simple_sumpostdiv_u64_0_0_1.o
[ 42%] Building RCCLDEV object src/CMakeFiles/rccl_device_gfx950.dir/__/hipify/gensrc/specialized/specialized_allreduce_ring_simple_sum_u8_1_0_1.o
[ 42%] Building RCCLDEV object src/CMakeFiles/rccl_device_gfx950.dir/__/hipify/gensrc/specialized/specialized_allreduce_ring_simple_sum_u8_0_0_1.o
[ 42%] Building RCCLDEV object src/CMakeFiles/rccl_device_gfx950.dir/__/hipify/gensrc/specialized/specialized_allreduce_ring_simple_sum_u32_0_0_1.o
[ 42%] Building RCCLDEV object src/CMakeFiles/rccl_device_gfx950.dir/__/hipify/gensrc/specialized/specialized_allreduce_ring_simple_sum_u32_1_0_1.o
[ 42%] Building RCCLDEV object src/CMakeFiles/rccl_device_gfx950.dir/__/hipify/gensrc/specialized/specialized_allreduce_ring_simple_sum_u64_0_0_1.o
[ 42%] Building RCCLDEV object src/CMakeFiles/rccl_device_gfx950.dir/__/hipify/gensrc/specialized/specialized_allreduce_ring_simple_sum_u64_1_0_1.o
[ 42%] Building RCCLDEV object src/CMakeFiles/rccl_device_gfx950.dir/__/hipify/gensrc/specialized/specialized_allreduce_ring_simple_sum_f16_0_0_1.o
[ 42%] Building RCCLDEV object src/CMakeFiles/rccl_device_gfx950.dir/__/hipify/gensrc/specialized/specialized_allreduce_ring_simple_sum_f16_1_0_1.o
[ 42%] Building RCCLDEV object src/CMakeFiles/rccl_device_gfx950.dir/__/hipify/gensrc/specialized/specialized_allreduce_ring_simple_sum_f32_0_0_1.o
[ 42%] Building RCCLDEV object src/CMakeFiles/rccl_device_gfx950.dir/__/hipify/gensrc/specialized/specialized_allreduce_ring_simple_sum_f32_1_0_1.o
[ 42%] Building RCCLDEV object src/CMakeFiles/rccl_device_gfx950.dir/__/hipify/gensrc/specialized/specialized_allreduce_ring_simple_sum_f64_0_0_1.o
[ 42%] Building RCCLDEV object src/CMakeFiles/rccl_device_gfx950.dir/__/hipify/gensrc/specialized/specialized_allreduce_ring_simple_sum_f64_1_0_1.o
[ 42%] Building RCCLDEV object src/CMakeFiles/rccl_device_gfx950.dir/__/hipify/gensrc/specialized/specialized_allreduce_ring_simple_sum_bf16_0_0_1.o
[ 42%] Building RCCLDEV object src/CMakeFiles/rccl_device_gfx950.dir/__/hipify/gensrc/specialized/specialized_allreduce_ring_simple_sum_bf16_1_0_1.o
[ 42%] Building RCCLDEV object src/CMakeFiles/rccl_device_gfx950.dir/__/hipify/gensrc/specialized/specialized_allreduce_ring_simple_prod_u8_0_0_1.o
[ 42%] Building RCCLDEV object src/CMakeFiles/rccl_device_gfx950.dir/__/hipify/gensrc/specialized/specialized_allreduce_ring_simple_prod_u8_1_0_1.o
[ 42%] Building RCCLDEV object src/CMakeFiles/rccl_device_gfx950.dir/__/hipify/gensrc/specialized/specialized_allreduce_ring_simple_prod_u32_0_0_1.o
[ 42%] Building RCCLDEV object src/CMakeFiles/rccl_device_gfx950.dir/__/hipify/gensrc/specialized/specialized_allreduce_ring_simple_prod_u32_1_0_1.o
[ 42%] Building RCCLDEV object src/CMakeFiles/rccl_device_gfx950.dir/__/hipify/gensrc/specialized/specialized_allreduce_ring_simple_prod_u64_0_0_1.o
[ 42%] Building RCCLDEV object src/CMakeFiles/rccl_device_gfx950.dir/__/hipify/gensrc/specialized/specialized_allreduce_ring_simple_prod_u64_1_0_1.o
[ 42%] Building RCCLDEV object src/CMakeFiles/rccl_device_gfx950.dir/__/hipify/gensrc/specialized/specialized_allreduce_ring_simple_prod_f16_0_0_1.o
[ 42%] Building RCCLDEV object src/CMakeFiles/rccl_device_gfx950.dir/__/hipify/gensrc/specialized/specialized_allreduce_ring_simple_prod_f16_1_0_1.o
[ 42%] Building RCCLDEV object src/CMakeFiles/rccl_device_gfx950.dir/__/hipify/gensrc/specialized/specialized_allreduce_ring_simple_prod_f32_0_0_1.o
[ 42%] Building RCCLDEV object src/CMakeFiles/rccl_device_gfx950.dir/__/hipify/gensrc/specialized/specialized_allreduce_ring_simple_prod_f32_1_0_1.o
[ 42%] Building RCCLDEV object src/CMakeFiles/rccl_device_gfx950.dir/__/hipify/gensrc/specialized/specialized_allreduce_ring_simple_prod_f64_0_0_1.o
[ 42%] Building RCCLDEV object src/CMakeFiles/rccl_device_gfx950.dir/__/hipify/gensrc/specialized/specialized_allreduce_ring_simple_prod_f64_1_0_1.o
[ 42%] Building RCCLDEV object src/CMakeFiles/rccl_device_gfx950.dir/__/hipify/gensrc/specialized/specialized_allreduce_ring_simple_prod_bf16_0_0_1.o
[ 42%] Building RCCLDEV object src/CMakeFiles/rccl_device_gfx950.dir/__/hipify/gensrc/specialized/specialized_allreduce_ring_simple_prod_bf16_1_0_1.o
[ 42%] Building RCCLDEV object src/CMakeFiles/rccl_device_gfx950.dir/__/hipify/gensrc/specialized/specialized_allreduce_ring_simple_minmax_u8_0_0_1.o
[ 42%] Building RCCLDEV object src/CMakeFiles/rccl_device_gfx950.dir/__/hipify/gensrc/specialized/specialized_allreduce_ring_simple_minmax_u8_1_0_1.o
[ 42%] Building RCCLDEV object src/CMakeFiles/rccl_device_gfx950.dir/__/hipify/gensrc/specialized/specialized_allreduce_ring_simple_minmax_u32_0_0_1.o
[ 44%] Building RCCLDEV object src/CMakeFiles/rccl_device_gfx950.dir/__/hipify/gensrc/specialized/specialized_allreduce_ring_simple_minmax_u32_1_0_1.o
[ 44%] Building RCCLDEV object src/CMakeFiles/rccl_device_gfx950.dir/__/hipify/gensrc/specialized/specialized_allreduce_ring_simple_minmax_u64_0_0_1.o
[ 44%] Building RCCLDEV object src/CMakeFiles/rccl_device_gfx950.dir/__/hipify/gensrc/specialized/specialized_allreduce_ring_simple_minmax_u64_1_0_1.o
[ 44%] Building RCCLDEV object src/CMakeFiles/rccl_device_gfx950.dir/__/hipify/gensrc/specialized/specialized_allreduce_ring_simple_minmax_f16_0_0_1.o
[ 44%] Building RCCLDEV object src/CMakeFiles/rccl_device_gfx950.dir/__/hipify/gensrc/specialized/specialized_allreduce_ring_simple_minmax_f16_1_0_1.o
[ 44%] Building RCCLDEV object src/CMakeFiles/rccl_device_gfx950.dir/__/hipify/gensrc/specialized/specialized_allreduce_ring_simple_minmax_f32_0_0_1.o
[ 44%] Building RCCLDEV object src/CMakeFiles/rccl_device_gfx950.dir/__/hipify/gensrc/specialized/specialized_allreduce_ring_simple_minmax_f32_1_0_1.o
[ 44%] Building RCCLDEV object src/CMakeFiles/rccl_device_gfx950.dir/__/hipify/gensrc/specialized/specialized_allreduce_ring_simple_minmax_bf16_0_0_1.o
[ 44%] Building RCCLDEV object src/CMakeFiles/rccl_device_gfx950.dir/__/hipify/gensrc/specialized/specialized_allreduce_ring_simple_minmax_f64_1_0_1.o
[ 44%] Building RCCLDEV object src/CMakeFiles/rccl_device_gfx950.dir/__/hipify/gensrc/specialized/specialized_allreduce_ring_simple_minmax_f64_0_0_1.o
[ 44%] Building RCCLDEV object src/CMakeFiles/rccl_device_gfx950.dir/__/hipify/gensrc/specialized/specialized_allreduce_ring_simple_minmax_bf16_1_0_1.o
[ 44%] Building RCCLDEV object src/CMakeFiles/rccl_device_gfx950.dir/__/hipify/gensrc/specialized/specialized_allreduce_ring_simple_premulsum_u8_0_0_1.o
[ 44%] Building RCCLDEV object src/CMakeFiles/rccl_device_gfx950.dir/__/hipify/gensrc/specialized/specialized_allreduce_ring_simple_premulsum_u8_1_0_1.o
[ 44%] Building RCCLDEV object src/CMakeFiles/rccl_device_gfx950.dir/__/hipify/gensrc/specialized/specialized_allreduce_ring_simple_premulsum_u32_0_0_1.o
[ 44%] Building RCCLDEV object src/CMakeFiles/rccl_device_gfx950.dir/__/hipify/gensrc/specialized/specialized_allreduce_ring_simple_premulsum_u32_1_0_1.o
[ 44%] Building RCCLDEV object src/CMakeFiles/rccl_device_gfx950.dir/__/hipify/gensrc/specialized/specialized_allreduce_ring_simple_premulsum_u64_0_0_1.o
[ 44%] Building RCCLDEV object src/CMakeFiles/rccl_device_gfx950.dir/__/hipify/gensrc/specialized/specialized_allreduce_ring_simple_premulsum_u64_1_0_1.o
[ 44%] Building RCCLDEV object src/CMakeFiles/rccl_device_gfx950.dir/__/hipify/gensrc/specialized/specialized_allreduce_ring_simple_premulsum_f16_0_0_1.o
[ 44%] Building RCCLDEV object src/CMakeFiles/rccl_device_gfx950.dir/__/hipify/gensrc/specialized/specialized_allreduce_ring_simple_premulsum_f16_1_0_1.o
[ 44%] Building RCCLDEV object src/CMakeFiles/rccl_device_gfx950.dir/__/hipify/gensrc/specialized/specialized_allreduce_ring_simple_premulsum_f32_0_0_1.o
[ 44%] Building RCCLDEV object src/CMakeFiles/rccl_device_gfx950.dir/__/hipify/gensrc/specialized/specialized_allreduce_ring_simple_premulsum_f32_1_0_1.o
[ 44%] Building RCCLDEV object src/CMakeFiles/rccl_device_gfx950.dir/__/hipify/gensrc/specialized/specialized_allreduce_ring_simple_premulsum_f64_0_0_1.o
[ 44%] Building RCCLDEV object src/CMakeFiles/rccl_device_gfx950.dir/__/hipify/gensrc/specialized/specialized_allreduce_ring_simple_premulsum_f64_1_0_1.o
[ 44%] Building RCCLDEV object src/CMakeFiles/rccl_device_gfx950.dir/__/hipify/gensrc/specialized/specialized_allreduce_ring_simple_premulsum_bf16_0_0_1.o
[ 44%] Building RCCLDEV object src/CMakeFiles/rccl_device_gfx950.dir/__/hipify/gensrc/specialized/specialized_allreduce_ring_simple_premulsum_bf16_1_0_1.o
[ 44%] Building RCCLDEV object src/CMakeFiles/rccl_device_gfx950.dir/__/hipify/gensrc/specialized/specialized_allreduce_ring_simple_sumpostdiv_u8_0_0_1.o
[ 44%] Building RCCLDEV object src/CMakeFiles/rccl_device_gfx950.dir/__/hipify/gensrc/specialized/specialized_allreduce_ring_simple_sumpostdiv_u8_1_0_1.o
[ 44%] Building RCCLDEV object src/CMakeFiles/rccl_device_gfx950.dir/__/hipify/gensrc/specialized/specialized_allreduce_ring_simple_sumpostdiv_u32_0_0_1.o
[ 44%] Building RCCLDEV object src/CMakeFiles/rccl_device_gfx950.dir/__/hipify/gensrc/specialized/specialized_allreduce_ring_simple_sumpostdiv_u32_1_0_1.o
[ 44%] Building RCCLDEV object src/CMakeFiles/rccl_device_gfx950.dir/__/hipify/gensrc/specialized/specialized_allreduce_ring_simple_sumpostdiv_u64_0_0_1.o
[ 44%] Building RCCLDEV object src/CMakeFiles/rccl_device_gfx950.dir/__/hipify/gensrc/specialized/specialized_allreduce_ring_simple_sumpostdiv_u64_1_0_1.o
[ 44%] Building RCCLDEV object src/CMakeFiles/rccl_device_gfx950.dir/__/hipify/gensrc/specialized/specialized_alltoallpivot_ring_simple_sum_i8_0_0_1.o
[ 44%] Building RCCLDEV object src/CMakeFiles/rccl_device_gfx950.dir/__/hipify/gensrc/specialized/specialized_sendrecv_ring_simple_sum_i8_0_0_1.o
[ 44%] Building RCCLDEV object src/CMakeFiles/rccl_device_gfx950.dir/__/hipify/gensrc/specialized/specialized_allgather_pat_simple_sum_i8_0_0_2.o
[ 44%] Building RCCLDEV object src/CMakeFiles/rccl_device_gfx950.dir/__/hipify/gensrc/specialized/specialized_reducescatter_pat_simple_sum_u8_0_0_2.o
[ 44%] Building RCCLDEV object src/CMakeFiles/rccl_device_gfx950.dir/__/hipify/gensrc/specialized/specialized_reducescatter_pat_simple_sum_u32_0_0_2.o
[ 44%] Building RCCLDEV object src/CMakeFiles/rccl_device_gfx950.dir/__/hipify/gensrc/specialized/specialized_reducescatter_pat_simple_sum_u64_0_0_2.o
[ 44%] Building RCCLDEV object src/CMakeFiles/rccl_device_gfx950.dir/__/hipify/gensrc/specialized/specialized_reducescatter_pat_simple_sum_f16_0_0_2.o
[ 44%] Building RCCLDEV object src/CMakeFiles/rccl_device_gfx950.dir/__/hipify/gensrc/specialized/specialized_reducescatter_pat_simple_sum_f32_0_0_2.o
[ 44%] Building RCCLDEV object src/CMakeFiles/rccl_device_gfx950.dir/__/hipify/gensrc/specialized/specialized_reducescatter_pat_simple_sum_f64_0_0_2.o
[ 44%] Building RCCLDEV object src/CMakeFiles/rccl_device_gfx950.dir/__/hipify/gensrc/specialized/specialized_reducescatter_pat_simple_sum_bf16_0_0_2.o
[ 44%] Building RCCLDEV object src/CMakeFiles/rccl_device_gfx950.dir/__/hipify/gensrc/specialized/specialized_reducescatter_pat_simple_prod_u8_0_0_2.o
[ 44%] Building RCCLDEV object src/CMakeFiles/rccl_device_gfx950.dir/__/hipify/gensrc/specialized/specialized_reducescatter_pat_simple_prod_u32_0_0_2.o
[ 44%] Building RCCLDEV object src/CMakeFiles/rccl_device_gfx950.dir/__/hipify/gensrc/specialized/specialized_reducescatter_pat_simple_prod_u64_0_0_2.o
[ 44%] Building RCCLDEV object src/CMakeFiles/rccl_device_gfx950.dir/__/hipify/gensrc/specialized/specialized_reducescatter_pat_simple_prod_f16_0_0_2.o
[ 46%] Building RCCLDEV object src/CMakeFiles/rccl_device_gfx950.dir/__/hipify/gensrc/specialized/specialized_reducescatter_pat_simple_prod_f32_0_0_2.o
[ 46%] Building RCCLDEV object src/CMakeFiles/rccl_device_gfx950.dir/__/hipify/gensrc/specialized/specialized_reducescatter_pat_simple_prod_f64_0_0_2.o
[ 46%] Building RCCLDEV object src/CMakeFiles/rccl_device_gfx950.dir/__/hipify/gensrc/specialized/specialized_reducescatter_pat_simple_prod_bf16_0_0_2.o
[ 46%] Building RCCLDEV object src/CMakeFiles/rccl_device_gfx950.dir/__/hipify/gensrc/specialized/specialized_reducescatter_pat_simple_minmax_u8_0_0_2.o
[ 46%] Building RCCLDEV object src/CMakeFiles/rccl_device_gfx950.dir/__/hipify/gensrc/specialized/specialized_reducescatter_pat_simple_minmax_u32_0_0_2.o
[ 46%] Building RCCLDEV object src/CMakeFiles/rccl_device_gfx950.dir/__/hipify/gensrc/specialized/specialized_reducescatter_pat_simple_minmax_u64_0_0_2.o
[ 46%] Building RCCLDEV object src/CMakeFiles/rccl_device_gfx950.dir/__/hipify/gensrc/specialized/specialized_reducescatter_pat_simple_minmax_f16_0_0_2.o
[ 46%] Building RCCLDEV object src/CMakeFiles/rccl_device_gfx950.dir/__/hipify/gensrc/specialized/specialized_reducescatter_pat_simple_minmax_f32_0_0_2.o
[ 46%] Building RCCLDEV object src/CMakeFiles/rccl_device_gfx950.dir/__/hipify/gensrc/specialized/specialized_reducescatter_pat_simple_minmax_f64_0_0_2.o
[ 46%] Building RCCLDEV object src/CMakeFiles/rccl_device_gfx950.dir/__/hipify/gensrc/specialized/specialized_reducescatter_pat_simple_minmax_bf16_0_0_2.o
[ 46%] Building RCCLDEV object src/CMakeFiles/rccl_device_gfx950.dir/__/hipify/gensrc/specialized/specialized_reducescatter_pat_simple_premulsum_u8_0_0_2.o
[ 46%] Building RCCLDEV object src/CMakeFiles/rccl_device_gfx950.dir/__/hipify/gensrc/specialized/specialized_reducescatter_pat_simple_premulsum_u32_0_0_2.o
[ 46%] Building RCCLDEV object src/CMakeFiles/rccl_device_gfx950.dir/__/hipify/gensrc/specialized/specialized_reducescatter_pat_simple_premulsum_u64_0_0_2.o
[ 46%] Building RCCLDEV object src/CMakeFiles/rccl_device_gfx950.dir/__/hipify/gensrc/specialized/specialized_reducescatter_pat_simple_premulsum_f16_0_0_2.o
[ 46%] Building RCCLDEV object src/CMakeFiles/rccl_device_gfx950.dir/__/hipify/gensrc/specialized/specialized_reducescatter_pat_simple_premulsum_f32_0_0_2.o
[ 46%] Building RCCLDEV object src/CMakeFiles/rccl_device_gfx950.dir/__/hipify/gensrc/specialized/specialized_reducescatter_pat_simple_premulsum_f64_0_0_2.o
[ 46%] Building RCCLDEV object src/CMakeFiles/rccl_device_gfx950.dir/__/hipify/gensrc/specialized/specialized_reducescatter_pat_simple_premulsum_bf16_0_0_2.o
[ 46%] Building RCCLDEV object src/CMakeFiles/rccl_device_gfx950.dir/__/hipify/gensrc/specialized/specialized_reducescatter_pat_simple_sumpostdiv_u8_0_0_2.o
[ 46%] Building RCCLDEV object src/CMakeFiles/rccl_device_gfx950.dir/__/hipify/gensrc/specialized/specialized_reducescatter_pat_simple_sumpostdiv_u32_0_0_2.o
[ 46%] Building RCCLDEV object src/CMakeFiles/rccl_device_gfx950.dir/__/hipify/gensrc/specialized/specialized_reducescatter_pat_simple_sumpostdiv_u64_0_0_2.o
[ 46%] Building RCCLDEV object src/CMakeFiles/rccl_device_gfx950.dir/__/hipify/gensrc/specialized/specialized_allgather_pat_simple_sum_i8_0_0_1.o
[ 46%] Building RCCLDEV object src/CMakeFiles/rccl_device_gfx950.dir/__/hipify/gensrc/specialized/specialized_reducescatter_pat_simple_sum_u8_0_0_1.o
[ 46%] Building RCCLDEV object src/CMakeFiles/rccl_device_gfx950.dir/__/hipify/gensrc/specialized/specialized_reducescatter_pat_simple_sum_u32_0_0_1.o
[ 46%] Building RCCLDEV object src/CMakeFiles/rccl_device_gfx950.dir/__/hipify/gensrc/specialized/specialized_reducescatter_pat_simple_sum_u64_0_0_1.o
[ 46%] Building RCCLDEV object src/CMakeFiles/rccl_device_gfx950.dir/__/hipify/gensrc/specialized/specialized_reducescatter_pat_simple_sum_f16_0_0_1.o
[ 46%] Building RCCLDEV object src/CMakeFiles/rccl_device_gfx950.dir/__/hipify/gensrc/specialized/specialized_reducescatter_pat_simple_sum_f32_0_0_1.o
[ 46%] Building RCCLDEV object src/CMakeFiles/rccl_device_gfx950.dir/__/hipify/gensrc/specialized/specialized_reducescatter_pat_simple_sum_f64_0_0_1.o
[ 46%] Building RCCLDEV object src/CMakeFiles/rccl_device_gfx950.dir/__/hipify/gensrc/specialized/specialized_reducescatter_pat_simple_sum_bf16_0_0_1.o
[ 46%] Building RCCLDEV object src/CMakeFiles/rccl_device_gfx950.dir/__/hipify/gensrc/specialized/specialized_reducescatter_pat_simple_prod_u8_0_0_1.o
[ 46%] Building RCCLDEV object src/CMakeFiles/rccl_device_gfx950.dir/__/hipify/gensrc/specialized/specialized_reducescatter_pat_simple_prod_u32_0_0_1.o
[ 46%] Building RCCLDEV object src/CMakeFiles/rccl_device_gfx950.dir/__/hipify/gensrc/specialized/specialized_reducescatter_pat_simple_prod_u64_0_0_1.o
[ 46%] Building RCCLDEV object src/CMakeFiles/rccl_device_gfx950.dir/__/hipify/gensrc/specialized/specialized_reducescatter_pat_simple_prod_f16_0_0_1.o
[ 46%] Building RCCLDEV object src/CMakeFiles/rccl_device_gfx950.dir/__/hipify/gensrc/specialized/specialized_reducescatter_pat_simple_prod_f32_0_0_1.o
[ 46%] Building RCCLDEV object src/CMakeFiles/rccl_device_gfx950.dir/__/hipify/gensrc/specialized/specialized_reducescatter_pat_simple_prod_f64_0_0_1.o
[ 46%] Building RCCLDEV object src/CMakeFiles/rccl_device_gfx950.dir/__/hipify/gensrc/specialized/specialized_reducescatter_pat_simple_prod_bf16_0_0_1.o
[ 46%] Building RCCLDEV object src/CMakeFiles/rccl_device_gfx950.dir/__/hipify/gensrc/specialized/specialized_reducescatter_pat_simple_minmax_u8_0_0_1.o
[ 46%] Building RCCLDEV object src/CMakeFiles/rccl_device_gfx950.dir/__/hipify/gensrc/specialized/specialized_reducescatter_pat_simple_minmax_u32_0_0_1.o
[ 46%] Building RCCLDEV object src/CMakeFiles/rccl_device_gfx950.dir/__/hipify/gensrc/specialized/specialized_reducescatter_pat_simple_minmax_u64_0_0_1.o
[ 46%] Building RCCLDEV object src/CMakeFiles/rccl_device_gfx950.dir/__/hipify/gensrc/specialized/specialized_reducescatter_pat_simple_minmax_f16_0_0_1.o
[ 46%] Building RCCLDEV object src/CMakeFiles/rccl_device_gfx950.dir/__/hipify/gensrc/specialized/specialized_reducescatter_pat_simple_minmax_f32_0_0_1.o
[ 46%] Building RCCLDEV object src/CMakeFiles/rccl_device_gfx950.dir/__/hipify/gensrc/specialized/specialized_reducescatter_pat_simple_minmax_f64_0_0_1.o
[ 46%] Building RCCLDEV object src/CMakeFiles/rccl_device_gfx950.dir/__/hipify/gensrc/specialized/specialized_reducescatter_pat_simple_minmax_bf16_0_0_1.o
[ 46%] Building RCCLDEV object src/CMakeFiles/rccl_device_gfx950.dir/__/hipify/gensrc/specialized/specialized_reducescatter_pat_simple_premulsum_u8_0_0_1.o
[ 46%] Building RCCLDEV object src/CMakeFiles/rccl_device_gfx950.dir/__/hipify/gensrc/specialized/specialized_reducescatter_pat_simple_premulsum_u32_0_0_1.o
[ 47%] Building RCCLDEV object src/CMakeFiles/rccl_device_gfx950.dir/__/hipify/gensrc/specialized/specialized_reducescatter_pat_simple_premulsum_u64_0_0_1.o
[ 47%] Building RCCLDEV object src/CMakeFiles/rccl_device_gfx950.dir/__/hipify/gensrc/specialized/specialized_reducescatter_pat_simple_premulsum_f16_0_0_1.o
[ 47%] Building RCCLDEV object src/CMakeFiles/rccl_device_gfx950.dir/__/hipify/gensrc/specialized/specialized_reducescatter_pat_simple_premulsum_f32_0_0_1.o
[ 47%] Building RCCLDEV object src/CMakeFiles/rccl_device_gfx950.dir/__/hipify/gensrc/specialized/specialized_reducescatter_pat_simple_premulsum_f64_0_0_1.o
[ 47%] Building RCCLDEV object src/CMakeFiles/rccl_device_gfx950.dir/__/hipify/gensrc/specialized/specialized_reducescatter_pat_simple_premulsum_bf16_0_0_1.o
[ 47%] Building RCCLDEV object src/CMakeFiles/rccl_device_gfx950.dir/__/hipify/gensrc/specialized/specialized_reducescatter_pat_simple_sumpostdiv_u8_0_0_1.o
[ 47%] Building RCCLDEV object src/CMakeFiles/rccl_device_gfx950.dir/__/hipify/gensrc/specialized/specialized_reducescatter_pat_simple_sumpostdiv_u64_0_0_1.o
[ 47%] Building RCCLDEV object src/CMakeFiles/rccl_device_gfx950.dir/__/hipify/gensrc/specialized/specialized_reducescatter_pat_simple_sumpostdiv_u32_0_0_1.o
[ 47%] Building RCCLDEV object src/CMakeFiles/rccl_device_gfx950.dir/__/hipify/gensrc/specialized/specialized_allreduce_tree_ll_sum_u8_0_0_2.o
[ 47%] Building RCCLDEV object src/CMakeFiles/rccl_device_gfx950.dir/__/hipify/gensrc/specialized/specialized_allreduce_tree_ll_sum_u8_1_0_2.o
[ 47%] Building RCCLDEV object src/CMakeFiles/rccl_device_gfx950.dir/__/hipify/gensrc/specialized/specialized_allreduce_tree_ll_sum_u32_0_0_2.o
[ 47%] Building RCCLDEV object src/CMakeFiles/rccl_device_gfx950.dir/__/hipify/gensrc/specialized/specialized_allreduce_tree_ll_sum_u32_1_0_2.o
[ 47%] Building RCCLDEV object src/CMakeFiles/rccl_device_gfx950.dir/__/hipify/gensrc/specialized/specialized_allreduce_tree_ll_sum_u64_0_0_2.o
[ 47%] Building RCCLDEV object src/CMakeFiles/rccl_device_gfx950.dir/__/hipify/gensrc/specialized/specialized_allreduce_tree_ll_sum_u64_1_0_2.o
[ 47%] Building RCCLDEV object src/CMakeFiles/rccl_device_gfx950.dir/__/hipify/gensrc/specialized/specialized_allreduce_tree_ll_sum_f16_0_0_2.o
[ 47%] Building RCCLDEV object src/CMakeFiles/rccl_device_gfx950.dir/__/hipify/gensrc/specialized/specialized_allreduce_tree_ll_sum_f16_1_0_2.o
[ 47%] Building RCCLDEV object src/CMakeFiles/rccl_device_gfx950.dir/__/hipify/gensrc/specialized/specialized_allreduce_tree_ll_sum_f32_1_0_2.o
[ 47%] Building RCCLDEV object src/CMakeFiles/rccl_device_gfx950.dir/__/hipify/gensrc/specialized/specialized_allreduce_tree_ll_sum_f32_0_0_2.o
[ 47%] Building RCCLDEV object src/CMakeFiles/rccl_device_gfx950.dir/__/hipify/gensrc/specialized/specialized_allreduce_tree_ll_sum_f64_0_0_2.o
[ 47%] Building RCCLDEV object src/CMakeFiles/rccl_device_gfx950.dir/__/hipify/gensrc/specialized/specialized_allreduce_tree_ll_sum_f64_1_0_2.o
[ 47%] Building RCCLDEV object src/CMakeFiles/rccl_device_gfx950.dir/__/hipify/gensrc/specialized/specialized_allreduce_tree_ll_sum_bf16_0_0_2.o
[ 47%] Building RCCLDEV object src/CMakeFiles/rccl_device_gfx950.dir/__/hipify/gensrc/specialized/specialized_allreduce_tree_ll_sum_bf16_1_0_2.o
[ 47%] Building RCCLDEV object src/CMakeFiles/rccl_device_gfx950.dir/__/hipify/gensrc/specialized/specialized_allreduce_tree_ll_prod_u8_0_0_2.o
[ 47%] Building RCCLDEV object src/CMakeFiles/rccl_device_gfx950.dir/__/hipify/gensrc/specialized/specialized_allreduce_tree_ll_prod_u8_1_0_2.o
[ 47%] Building RCCLDEV object src/CMakeFiles/rccl_device_gfx950.dir/__/hipify/gensrc/specialized/specialized_allreduce_tree_ll_prod_u32_0_0_2.o
[ 47%] Building RCCLDEV object src/CMakeFiles/rccl_device_gfx950.dir/__/hipify/gensrc/specialized/specialized_allreduce_tree_ll_prod_u32_1_0_2.o
[ 47%] Building RCCLDEV object src/CMakeFiles/rccl_device_gfx950.dir/__/hipify/gensrc/specialized/specialized_allreduce_tree_ll_prod_u64_0_0_2.o
[ 47%] Building RCCLDEV object src/CMakeFiles/rccl_device_gfx950.dir/__/hipify/gensrc/specialized/specialized_allreduce_tree_ll_prod_u64_1_0_2.o
[ 47%] Building RCCLDEV object src/CMakeFiles/rccl_device_gfx950.dir/__/hipify/gensrc/specialized/specialized_allreduce_tree_ll_prod_f16_0_0_2.o
[ 47%] Building RCCLDEV object src/CMakeFiles/rccl_device_gfx950.dir/__/hipify/gensrc/specialized/specialized_allreduce_tree_ll_prod_f16_1_0_2.o
[ 47%] Building RCCLDEV object src/CMakeFiles/rccl_device_gfx950.dir/__/hipify/gensrc/specialized/specialized_allreduce_tree_ll_prod_f32_0_0_2.o
[ 47%] Building RCCLDEV object src/CMakeFiles/rccl_device_gfx950.dir/__/hipify/gensrc/specialized/specialized_allreduce_tree_ll_prod_f32_1_0_2.o
[ 47%] Building RCCLDEV object src/CMakeFiles/rccl_device_gfx950.dir/__/hipify/gensrc/specialized/specialized_allreduce_tree_ll_prod_f64_0_0_2.o
[ 47%] Building RCCLDEV object src/CMakeFiles/rccl_device_gfx950.dir/__/hipify/gensrc/specialized/specialized_allreduce_tree_ll_prod_f64_1_0_2.o
[ 47%] Building RCCLDEV object src/CMakeFiles/rccl_device_gfx950.dir/__/hipify/gensrc/specialized/specialized_allreduce_tree_ll_prod_bf16_0_0_2.o
[ 47%] Building RCCLDEV object src/CMakeFiles/rccl_device_gfx950.dir/__/hipify/gensrc/specialized/specialized_allreduce_tree_ll_prod_bf16_1_0_2.o
[ 47%] Building RCCLDEV object src/CMakeFiles/rccl_device_gfx950.dir/__/hipify/gensrc/specialized/specialized_allreduce_tree_ll_minmax_u8_0_0_2.o
[ 47%] Building RCCLDEV object src/CMakeFiles/rccl_device_gfx950.dir/__/hipify/gensrc/specialized/specialized_allreduce_tree_ll_minmax_u8_1_0_2.o
[ 47%] Building RCCLDEV object src/CMakeFiles/rccl_device_gfx950.dir/__/hipify/gensrc/specialized/specialized_allreduce_tree_ll_minmax_u32_0_0_2.o
[ 47%] Building RCCLDEV object src/CMakeFiles/rccl_device_gfx950.dir/__/hipify/gensrc/specialized/specialized_allreduce_tree_ll_minmax_u32_1_0_2.o
[ 47%] Building RCCLDEV object src/CMakeFiles/rccl_device_gfx950.dir/__/hipify/gensrc/specialized/specialized_allreduce_tree_ll_minmax_u64_0_0_2.o
[ 47%] Building RCCLDEV object src/CMakeFiles/rccl_device_gfx950.dir/__/hipify/gensrc/specialized/specialized_allreduce_tree_ll_minmax_u64_1_0_2.o
[ 47%] Building RCCLDEV object src/CMakeFiles/rccl_device_gfx950.dir/__/hipify/gensrc/specialized/specialized_allreduce_tree_ll_minmax_f16_0_0_2.o
[ 47%] Building RCCLDEV object src/CMakeFiles/rccl_device_gfx950.dir/__/hipify/gensrc/specialized/specialized_allreduce_tree_ll_minmax_f16_1_0_2.o
[ 47%] Building RCCLDEV object src/CMakeFiles/rccl_device_gfx950.dir/__/hipify/gensrc/specialized/specialized_allreduce_tree_ll_minmax_f32_0_0_2.o
[ 49%] Building RCCLDEV object src/CMakeFiles/rccl_device_gfx950.dir/__/hipify/gensrc/specialized/specialized_allreduce_tree_ll_minmax_f32_1_0_2.o
[ 49%] Building RCCLDEV object src/CMakeFiles/rccl_device_gfx950.dir/__/hipify/gensrc/specialized/specialized_allreduce_tree_ll_minmax_f64_0_0_2.o
[ 49%] Building RCCLDEV object src/CMakeFiles/rccl_device_gfx950.dir/__/hipify/gensrc/specialized/specialized_allreduce_tree_ll_minmax_f64_1_0_2.o
[ 49%] Building RCCLDEV object src/CMakeFiles/rccl_device_gfx950.dir/__/hipify/gensrc/specialized/specialized_allreduce_tree_ll_minmax_bf16_0_0_2.o
[ 49%] Building RCCLDEV object src/CMakeFiles/rccl_device_gfx950.dir/__/hipify/gensrc/specialized/specialized_allreduce_tree_ll_minmax_bf16_1_0_2.o
[ 49%] Building RCCLDEV object src/CMakeFiles/rccl_device_gfx950.dir/__/hipify/gensrc/specialized/specialized_allreduce_tree_ll_premulsum_u8_0_0_2.o
[ 49%] Building RCCLDEV object src/CMakeFiles/rccl_device_gfx950.dir/__/hipify/gensrc/specialized/specialized_allreduce_tree_ll_premulsum_u8_1_0_2.o
[ 49%] Building RCCLDEV object src/CMakeFiles/rccl_device_gfx950.dir/__/hipify/gensrc/specialized/specialized_allreduce_tree_ll_premulsum_u32_0_0_2.o
[ 49%] Building RCCLDEV object src/CMakeFiles/rccl_device_gfx950.dir/__/hipify/gensrc/specialized/specialized_allreduce_tree_ll_premulsum_u32_1_0_2.o
[ 49%] Building RCCLDEV object src/CMakeFiles/rccl_device_gfx950.dir/__/hipify/gensrc/specialized/specialized_allreduce_tree_ll_premulsum_u64_0_0_2.o
[ 49%] Building RCCLDEV object src/CMakeFiles/rccl_device_gfx950.dir/__/hipify/gensrc/specialized/specialized_allreduce_tree_ll_premulsum_u64_1_0_2.o
[ 49%] Building RCCLDEV object src/CMakeFiles/rccl_device_gfx950.dir/__/hipify/gensrc/specialized/specialized_allreduce_tree_ll_premulsum_f16_0_0_2.o
[ 49%] Building RCCLDEV object src/CMakeFiles/rccl_device_gfx950.dir/__/hipify/gensrc/specialized/specialized_allreduce_tree_ll_premulsum_f16_1_0_2.o
[ 49%] Building RCCLDEV object src/CMakeFiles/rccl_device_gfx950.dir/__/hipify/gensrc/specialized/specialized_allreduce_tree_ll_premulsum_f32_0_0_2.o
[ 49%] Building RCCLDEV object src/CMakeFiles/rccl_device_gfx950.dir/__/hipify/gensrc/specialized/specialized_allreduce_tree_ll_premulsum_f32_1_0_2.o
[ 49%] Building RCCLDEV object src/CMakeFiles/rccl_device_gfx950.dir/__/hipify/gensrc/specialized/specialized_allreduce_tree_ll_premulsum_f64_0_0_2.o
[ 49%] Building RCCLDEV object src/CMakeFiles/rccl_device_gfx950.dir/__/hipify/gensrc/specialized/specialized_allreduce_tree_ll_premulsum_f64_1_0_2.o
[ 49%] Building RCCLDEV object src/CMakeFiles/rccl_device_gfx950.dir/__/hipify/gensrc/specialized/specialized_allreduce_tree_ll_premulsum_bf16_0_0_2.o
[ 49%] Building RCCLDEV object src/CMakeFiles/rccl_device_gfx950.dir/__/hipify/gensrc/specialized/specialized_allreduce_tree_ll_premulsum_bf16_1_0_2.o
[ 49%] Building RCCLDEV object src/CMakeFiles/rccl_device_gfx950.dir/__/hipify/gensrc/specialized/specialized_allreduce_tree_ll_sumpostdiv_u8_0_0_2.o
[ 49%] Building RCCLDEV object src/CMakeFiles/rccl_device_gfx950.dir/__/hipify/gensrc/specialized/specialized_allreduce_tree_ll_sumpostdiv_u8_1_0_2.o
[ 49%] Building RCCLDEV object src/CMakeFiles/rccl_device_gfx950.dir/__/hipify/gensrc/specialized/specialized_allreduce_tree_ll_sumpostdiv_u32_0_0_2.o
[ 49%] Building RCCLDEV object src/CMakeFiles/rccl_device_gfx950.dir/__/hipify/gensrc/specialized/specialized_allreduce_tree_ll_sumpostdiv_u32_1_0_2.o
[ 49%] Building RCCLDEV object src/CMakeFiles/rccl_device_gfx950.dir/__/hipify/gensrc/specialized/specialized_allreduce_tree_ll_sumpostdiv_u64_0_0_2.o
[ 49%] Building RCCLDEV object src/CMakeFiles/rccl_device_gfx950.dir/__/hipify/gensrc/specialized/specialized_allreduce_tree_ll_sumpostdiv_u64_1_0_2.o
[ 49%] Building RCCLDEV object src/CMakeFiles/rccl_device_gfx950.dir/__/hipify/gensrc/specialized/specialized_allreduce_tree_ll_sum_u8_0_0_1.o
[ 49%] Building RCCLDEV object src/CMakeFiles/rccl_device_gfx950.dir/__/hipify/gensrc/specialized/specialized_allreduce_tree_ll_sum_u8_1_0_1.o
[ 49%] Building RCCLDEV object src/CMakeFiles/rccl_device_gfx950.dir/__/hipify/gensrc/specialized/specialized_allreduce_tree_ll_sum_u32_0_0_1.o
[ 49%] Building RCCLDEV object src/CMakeFiles/rccl_device_gfx950.dir/__/hipify/gensrc/specialized/specialized_allreduce_tree_ll_sum_u32_1_0_1.o
[ 49%] Building RCCLDEV object src/CMakeFiles/rccl_device_gfx950.dir/__/hipify/gensrc/specialized/specialized_allreduce_tree_ll_sum_u64_1_0_1.o
[ 49%] Building RCCLDEV object src/CMakeFiles/rccl_device_gfx950.dir/__/hipify/gensrc/specialized/specialized_allreduce_tree_ll_sum_u64_0_0_1.o
[ 49%] Building RCCLDEV object src/CMakeFiles/rccl_device_gfx950.dir/__/hipify/gensrc/specialized/specialized_allreduce_tree_ll_sum_f16_0_0_1.o
[ 49%] Building RCCLDEV object src/CMakeFiles/rccl_device_gfx950.dir/__/hipify/gensrc/specialized/specialized_allreduce_tree_ll_sum_f16_1_0_1.o
[ 49%] Building RCCLDEV object src/CMakeFiles/rccl_device_gfx950.dir/__/hipify/gensrc/specialized/specialized_allreduce_tree_ll_sum_f32_0_0_1.o
[ 49%] Building RCCLDEV object src/CMakeFiles/rccl_device_gfx950.dir/__/hipify/gensrc/specialized/specialized_allreduce_tree_ll_sum_f64_0_0_1.o
[ 49%] Building RCCLDEV object src/CMakeFiles/rccl_device_gfx950.dir/__/hipify/gensrc/specialized/specialized_allreduce_tree_ll_sum_f32_1_0_1.o
[ 49%] Building RCCLDEV object src/CMakeFiles/rccl_device_gfx950.dir/__/hipify/gensrc/specialized/specialized_allreduce_tree_ll_sum_f64_1_0_1.o
[ 49%] Building RCCLDEV object src/CMakeFiles/rccl_device_gfx950.dir/__/hipify/gensrc/specialized/specialized_allreduce_tree_ll_sum_bf16_0_0_1.o
[ 49%] Building RCCLDEV object src/CMakeFiles/rccl_device_gfx950.dir/__/hipify/gensrc/specialized/specialized_allreduce_tree_ll_sum_bf16_1_0_1.o
[ 49%] Building RCCLDEV object src/CMakeFiles/rccl_device_gfx950.dir/__/hipify/gensrc/specialized/specialized_allreduce_tree_ll_prod_u8_0_0_1.o
[ 49%] Building RCCLDEV object src/CMakeFiles/rccl_device_gfx950.dir/__/hipify/gensrc/specialized/specialized_allreduce_tree_ll_prod_u8_1_0_1.o
[ 49%] Building RCCLDEV object src/CMakeFiles/rccl_device_gfx950.dir/__/hipify/gensrc/specialized/specialized_allreduce_tree_ll_prod_u32_0_0_1.o
[ 49%] Building RCCLDEV object src/CMakeFiles/rccl_device_gfx950.dir/__/hipify/gensrc/specialized/specialized_allreduce_tree_ll_prod_u32_1_0_1.o
[ 49%] Building RCCLDEV object src/CMakeFiles/rccl_device_gfx950.dir/__/hipify/gensrc/specialized/specialized_allreduce_tree_ll_prod_u64_0_0_1.o
[ 49%] Building RCCLDEV object src/CMakeFiles/rccl_device_gfx950.dir/__/hipify/gensrc/specialized/specialized_allreduce_tree_ll_prod_u64_1_0_1.o
[ 50%] Building RCCLDEV object src/CMakeFiles/rccl_device_gfx950.dir/__/hipify/gensrc/specialized/specialized_allreduce_tree_ll_prod_f16_0_0_1.o
[ 50%] Building RCCLDEV object src/CMakeFiles/rccl_device_gfx950.dir/__/hipify/gensrc/specialized/specialized_allreduce_tree_ll_prod_f16_1_0_1.o
[ 50%] Building RCCLDEV object src/CMakeFiles/rccl_device_gfx950.dir/__/hipify/gensrc/specialized/specialized_allreduce_tree_ll_prod_f32_0_0_1.o
[ 50%] Building RCCLDEV object src/CMakeFiles/rccl_device_gfx950.dir/__/hipify/gensrc/specialized/specialized_allreduce_tree_ll_prod_f32_1_0_1.o
[ 50%] Building RCCLDEV object src/CMakeFiles/rccl_device_gfx950.dir/__/hipify/gensrc/specialized/specialized_allreduce_tree_ll_prod_f64_0_0_1.o
[ 50%] Building RCCLDEV object src/CMakeFiles/rccl_device_gfx950.dir/__/hipify/gensrc/specialized/specialized_allreduce_tree_ll_prod_f64_1_0_1.o
[ 50%] Building RCCLDEV object src/CMakeFiles/rccl_device_gfx950.dir/__/hipify/gensrc/specialized/specialized_allreduce_tree_ll_prod_bf16_0_0_1.o
[ 50%] Building RCCLDEV object src/CMakeFiles/rccl_device_gfx950.dir/__/hipify/gensrc/specialized/specialized_allreduce_tree_ll_prod_bf16_1_0_1.o
[ 50%] Building RCCLDEV object src/CMakeFiles/rccl_device_gfx950.dir/__/hipify/gensrc/specialized/specialized_allreduce_tree_ll_minmax_u8_0_0_1.o
[ 50%] Building RCCLDEV object src/CMakeFiles/rccl_device_gfx950.dir/__/hipify/gensrc/specialized/specialized_allreduce_tree_ll_minmax_u8_1_0_1.o
[ 50%] Building RCCLDEV object src/CMakeFiles/rccl_device_gfx950.dir/__/hipify/gensrc/specialized/specialized_allreduce_tree_ll_minmax_u32_0_0_1.o
[ 50%] Building RCCLDEV object src/CMakeFiles/rccl_device_gfx950.dir/__/hipify/gensrc/specialized/specialized_allreduce_tree_ll_minmax_u32_1_0_1.o
[ 50%] Building RCCLDEV object src/CMakeFiles/rccl_device_gfx950.dir/__/hipify/gensrc/specialized/specialized_allreduce_tree_ll_minmax_u64_0_0_1.o
[ 50%] Building RCCLDEV object src/CMakeFiles/rccl_device_gfx950.dir/__/hipify/gensrc/specialized/specialized_allreduce_tree_ll_minmax_u64_1_0_1.o
[ 50%] Building RCCLDEV object src/CMakeFiles/rccl_device_gfx950.dir/__/hipify/gensrc/specialized/specialized_allreduce_tree_ll_minmax_f16_0_0_1.o
[ 50%] Building RCCLDEV object src/CMakeFiles/rccl_device_gfx950.dir/__/hipify/gensrc/specialized/specialized_allreduce_tree_ll_minmax_f16_1_0_1.o
[ 50%] Building RCCLDEV object src/CMakeFiles/rccl_device_gfx950.dir/__/hipify/gensrc/specialized/specialized_allreduce_tree_ll_minmax_f32_0_0_1.o
[ 50%] Building RCCLDEV object src/CMakeFiles/rccl_device_gfx950.dir/__/hipify/gensrc/specialized/specialized_allreduce_tree_ll_minmax_f32_1_0_1.o
[ 50%] Building RCCLDEV object src/CMakeFiles/rccl_device_gfx950.dir/__/hipify/gensrc/specialized/specialized_allreduce_tree_ll_minmax_f64_0_0_1.o
[ 50%] Building RCCLDEV object src/CMakeFiles/rccl_device_gfx950.dir/__/hipify/gensrc/specialized/specialized_allreduce_tree_ll_minmax_f64_1_0_1.o
[ 50%] Building RCCLDEV object src/CMakeFiles/rccl_device_gfx950.dir/__/hipify/gensrc/specialized/specialized_allreduce_tree_ll_minmax_bf16_0_0_1.o
[ 50%] Building RCCLDEV object src/CMakeFiles/rccl_device_gfx950.dir/__/hipify/gensrc/specialized/specialized_allreduce_tree_ll_minmax_bf16_1_0_1.o
[ 50%] Building RCCLDEV object src/CMakeFiles/rccl_device_gfx950.dir/__/hipify/gensrc/specialized/specialized_allreduce_tree_ll_premulsum_u8_0_0_1.o
[ 50%] Building RCCLDEV object src/CMakeFiles/rccl_device_gfx950.dir/__/hipify/gensrc/specialized/specialized_allreduce_tree_ll_premulsum_u8_1_0_1.o
[ 50%] Building RCCLDEV object src/CMakeFiles/rccl_device_gfx950.dir/__/hipify/gensrc/specialized/specialized_allreduce_tree_ll_premulsum_u32_0_0_1.o
[ 50%] Building RCCLDEV object src/CMakeFiles/rccl_device_gfx950.dir/__/hipify/gensrc/specialized/specialized_allreduce_tree_ll_premulsum_u32_1_0_1.o
[ 50%] Building RCCLDEV object src/CMakeFiles/rccl_device_gfx950.dir/__/hipify/gensrc/specialized/specialized_allreduce_tree_ll_premulsum_u64_0_0_1.o
[ 50%] Building RCCLDEV object src/CMakeFiles/rccl_device_gfx950.dir/__/hipify/gensrc/specialized/specialized_allreduce_tree_ll_premulsum_u64_1_0_1.o
[ 50%] Building RCCLDEV object src/CMakeFiles/rccl_device_gfx950.dir/__/hipify/gensrc/specialized/specialized_allreduce_tree_ll_premulsum_f16_0_0_1.o
[ 50%] Building RCCLDEV object src/CMakeFiles/rccl_device_gfx950.dir/__/hipify/gensrc/specialized/specialized_allreduce_tree_ll_premulsum_f16_1_0_1.o
[ 50%] Building RCCLDEV object src/CMakeFiles/rccl_device_gfx950.dir/__/hipify/gensrc/specialized/specialized_allreduce_tree_ll_premulsum_f32_0_0_1.o
[ 50%] Building RCCLDEV object src/CMakeFiles/rccl_device_gfx950.dir/__/hipify/gensrc/specialized/specialized_allreduce_tree_ll_premulsum_f32_1_0_1.o
[ 50%] Building RCCLDEV object src/CMakeFiles/rccl_device_gfx950.dir/__/hipify/gensrc/specialized/specialized_allreduce_tree_ll_premulsum_f64_0_0_1.o
[ 50%] Building RCCLDEV object src/CMakeFiles/rccl_device_gfx950.dir/__/hipify/gensrc/specialized/specialized_allreduce_tree_ll_premulsum_f64_1_0_1.o
[ 50%] Building RCCLDEV object src/CMakeFiles/rccl_device_gfx950.dir/__/hipify/gensrc/specialized/specialized_allreduce_tree_ll_premulsum_bf16_0_0_1.o
[ 50%] Building RCCLDEV object src/CMakeFiles/rccl_device_gfx950.dir/__/hipify/gensrc/specialized/specialized_allreduce_tree_ll_premulsum_bf16_1_0_1.o
[ 50%] Building RCCLDEV object src/CMakeFiles/rccl_device_gfx950.dir/__/hipify/gensrc/specialized/specialized_allreduce_tree_ll_sumpostdiv_u8_0_0_1.o
[ 50%] Building RCCLDEV object src/CMakeFiles/rccl_device_gfx950.dir/__/hipify/gensrc/specialized/specialized_allreduce_tree_ll_sumpostdiv_u8_1_0_1.o
[ 50%] Building RCCLDEV object src/CMakeFiles/rccl_device_gfx950.dir/__/hipify/gensrc/specialized/specialized_allreduce_tree_ll_sumpostdiv_u32_0_0_1.o
[ 50%] Building RCCLDEV object src/CMakeFiles/rccl_device_gfx950.dir/__/hipify/gensrc/specialized/specialized_allreduce_tree_ll_sumpostdiv_u32_1_0_1.o
[ 50%] Building RCCLDEV object src/CMakeFiles/rccl_device_gfx950.dir/__/hipify/gensrc/specialized/specialized_allreduce_tree_ll_sumpostdiv_u64_0_0_1.o
[ 50%] Building RCCLDEV object src/CMakeFiles/rccl_device_gfx950.dir/__/hipify/gensrc/specialized/specialized_allreduce_tree_ll_sumpostdiv_u64_1_0_1.o
[ 50%] Building RCCLDEV object src/CMakeFiles/rccl_device_gfx950.dir/__/hipify/gensrc/specialized/specialized_broadcast_ring_ll_sum_i8_0_0_2.o
[ 50%] Building RCCLDEV object src/CMakeFiles/rccl_device_gfx950.dir/__/hipify/gensrc/specialized/specialized_reduce_ring_ll_sum_u8_0_0_2.o
[ 52%] Building RCCLDEV object src/CMakeFiles/rccl_device_gfx950.dir/__/hipify/gensrc/specialized/specialized_reduce_ring_ll_sum_u32_0_0_2.o
[ 52%] Building RCCLDEV object src/CMakeFiles/rccl_device_gfx950.dir/__/hipify/gensrc/specialized/specialized_reduce_ring_ll_sum_u64_0_0_2.o
[ 52%] Building RCCLDEV object src/CMakeFiles/rccl_device_gfx950.dir/__/hipify/gensrc/specialized/specialized_reduce_ring_ll_sum_f16_0_0_2.o
[ 52%] Building RCCLDEV object src/CMakeFiles/rccl_device_gfx950.dir/__/hipify/gensrc/specialized/specialized_reduce_ring_ll_sum_f32_0_0_2.o
[ 52%] Building RCCLDEV object src/CMakeFiles/rccl_device_gfx950.dir/__/hipify/gensrc/specialized/specialized_reduce_ring_ll_sum_f64_0_0_2.o
[ 52%] Building RCCLDEV object src/CMakeFiles/rccl_device_gfx950.dir/__/hipify/gensrc/specialized/specialized_reduce_ring_ll_sum_bf16_0_0_2.o
[ 52%] Building RCCLDEV object src/CMakeFiles/rccl_device_gfx950.dir/__/hipify/gensrc/specialized/specialized_reduce_ring_ll_prod_u8_0_0_2.o
[ 52%] Building RCCLDEV object src/CMakeFiles/rccl_device_gfx950.dir/__/hipify/gensrc/specialized/specialized_reduce_ring_ll_prod_u32_0_0_2.o
[ 52%] Building RCCLDEV object src/CMakeFiles/rccl_device_gfx950.dir/__/hipify/gensrc/specialized/specialized_reduce_ring_ll_prod_u64_0_0_2.o
[ 52%] Building RCCLDEV object src/CMakeFiles/rccl_device_gfx950.dir/__/hipify/gensrc/specialized/specialized_reduce_ring_ll_prod_f16_0_0_2.o
[ 52%] Building RCCLDEV object src/CMakeFiles/rccl_device_gfx950.dir/__/hipify/gensrc/specialized/specialized_reduce_ring_ll_prod_f32_0_0_2.o
[ 52%] Building RCCLDEV object src/CMakeFiles/rccl_device_gfx950.dir/__/hipify/gensrc/specialized/specialized_reduce_ring_ll_prod_f64_0_0_2.o
[ 52%] Building RCCLDEV object src/CMakeFiles/rccl_device_gfx950.dir/__/hipify/gensrc/specialized/specialized_reduce_ring_ll_prod_bf16_0_0_2.o
[ 52%] Building RCCLDEV object src/CMakeFiles/rccl_device_gfx950.dir/__/hipify/gensrc/specialized/specialized_reduce_ring_ll_minmax_u8_0_0_2.o
[ 52%] Building RCCLDEV object src/CMakeFiles/rccl_device_gfx950.dir/__/hipify/gensrc/specialized/specialized_reduce_ring_ll_minmax_u32_0_0_2.o
[ 52%] Building RCCLDEV object src/CMakeFiles/rccl_device_gfx950.dir/__/hipify/gensrc/specialized/specialized_reduce_ring_ll_minmax_f16_0_0_2.o
[ 52%] Building RCCLDEV object src/CMakeFiles/rccl_device_gfx950.dir/__/hipify/gensrc/specialized/specialized_reduce_ring_ll_minmax_u64_0_0_2.o
[ 52%] Building RCCLDEV object src/CMakeFiles/rccl_device_gfx950.dir/__/hipify/gensrc/specialized/specialized_reduce_ring_ll_minmax_f32_0_0_2.o
[ 52%] Building RCCLDEV object src/CMakeFiles/rccl_device_gfx950.dir/__/hipify/gensrc/specialized/specialized_reduce_ring_ll_minmax_f64_0_0_2.o
[ 52%] Building RCCLDEV object src/CMakeFiles/rccl_device_gfx950.dir/__/hipify/gensrc/specialized/specialized_reduce_ring_ll_minmax_bf16_0_0_2.o
[ 52%] Building RCCLDEV object src/CMakeFiles/rccl_device_gfx950.dir/__/hipify/gensrc/specialized/specialized_reduce_ring_ll_premulsum_u8_0_0_2.o
[ 52%] Building RCCLDEV object src/CMakeFiles/rccl_device_gfx950.dir/__/hipify/gensrc/specialized/specialized_reduce_ring_ll_premulsum_u32_0_0_2.o
[ 52%] Building RCCLDEV object src/CMakeFiles/rccl_device_gfx950.dir/__/hipify/gensrc/specialized/specialized_reduce_ring_ll_premulsum_u64_0_0_2.o
[ 52%] Building RCCLDEV object src/CMakeFiles/rccl_device_gfx950.dir/__/hipify/gensrc/specialized/specialized_reduce_ring_ll_premulsum_f16_0_0_2.o
[ 52%] Building RCCLDEV object src/CMakeFiles/rccl_device_gfx950.dir/__/hipify/gensrc/specialized/specialized_reduce_ring_ll_premulsum_f32_0_0_2.o
[ 52%] Building RCCLDEV object src/CMakeFiles/rccl_device_gfx950.dir/__/hipify/gensrc/specialized/specialized_reduce_ring_ll_premulsum_f64_0_0_2.o
[ 52%] Building RCCLDEV object src/CMakeFiles/rccl_device_gfx950.dir/__/hipify/gensrc/specialized/specialized_reduce_ring_ll_sumpostdiv_u8_0_0_2.o
[ 52%] Building RCCLDEV object src/CMakeFiles/rccl_device_gfx950.dir/__/hipify/gensrc/specialized/specialized_reduce_ring_ll_premulsum_bf16_0_0_2.o
[ 52%] Building RCCLDEV object src/CMakeFiles/rccl_device_gfx950.dir/__/hipify/gensrc/specialized/specialized_reduce_ring_ll_sumpostdiv_u32_0_0_2.o
[ 52%] Building RCCLDEV object src/CMakeFiles/rccl_device_gfx950.dir/__/hipify/gensrc/specialized/specialized_reduce_ring_ll_sumpostdiv_u64_0_0_2.o
[ 52%] Building RCCLDEV object src/CMakeFiles/rccl_device_gfx950.dir/__/hipify/gensrc/specialized/specialized_allgather_ring_ll_sum_i8_0_0_2.o
[ 52%] Building RCCLDEV object src/CMakeFiles/rccl_device_gfx950.dir/__/hipify/gensrc/specialized/specialized_reducescatter_ring_ll_sum_u8_0_0_2.o
[ 52%] Building RCCLDEV object src/CMakeFiles/rccl_device_gfx950.dir/__/hipify/gensrc/specialized/specialized_reducescatter_ring_ll_sum_u32_0_0_2.o
[ 52%] Building RCCLDEV object src/CMakeFiles/rccl_device_gfx950.dir/__/hipify/gensrc/specialized/specialized_reducescatter_ring_ll_sum_u64_0_0_2.o
[ 52%] Building RCCLDEV object src/CMakeFiles/rccl_device_gfx950.dir/__/hipify/gensrc/specialized/specialized_reducescatter_ring_ll_sum_f16_0_0_2.o
[ 52%] Building RCCLDEV object src/CMakeFiles/rccl_device_gfx950.dir/__/hipify/gensrc/specialized/specialized_reducescatter_ring_ll_sum_f32_0_0_2.o
[ 52%] Building RCCLDEV object src/CMakeFiles/rccl_device_gfx950.dir/__/hipify/gensrc/specialized/specialized_reducescatter_ring_ll_sum_f64_0_0_2.o
[ 52%] Building RCCLDEV object src/CMakeFiles/rccl_device_gfx950.dir/__/hipify/gensrc/specialized/specialized_reducescatter_ring_ll_sum_bf16_0_0_2.o
[ 52%] Building RCCLDEV object src/CMakeFiles/rccl_device_gfx950.dir/__/hipify/gensrc/specialized/specialized_reducescatter_ring_ll_prod_u8_0_0_2.o
[ 52%] Building RCCLDEV object src/CMakeFiles/rccl_device_gfx950.dir/__/hipify/gensrc/specialized/specialized_reducescatter_ring_ll_prod_u32_0_0_2.o
[ 52%] Building RCCLDEV object src/CMakeFiles/rccl_device_gfx950.dir/__/hipify/gensrc/specialized/specialized_reducescatter_ring_ll_prod_u64_0_0_2.o
[ 52%] Building RCCLDEV object src/CMakeFiles/rccl_device_gfx950.dir/__/hipify/gensrc/specialized/specialized_reducescatter_ring_ll_prod_f16_0_0_2.o
[ 52%] Building RCCLDEV object src/CMakeFiles/rccl_device_gfx950.dir/__/hipify/gensrc/specialized/specialized_reducescatter_ring_ll_prod_f32_0_0_2.o
[ 52%] Building RCCLDEV object src/CMakeFiles/rccl_device_gfx950.dir/__/hipify/gensrc/specialized/specialized_reducescatter_ring_ll_prod_f64_0_0_2.o
[ 52%] Building RCCLDEV object src/CMakeFiles/rccl_device_gfx950.dir/__/hipify/gensrc/specialized/specialized_reducescatter_ring_ll_prod_bf16_0_0_2.o
[ 53%] Building RCCLDEV object src/CMakeFiles/rccl_device_gfx950.dir/__/hipify/gensrc/specialized/specialized_reducescatter_ring_ll_minmax_u8_0_0_2.o
[ 53%] Building RCCLDEV object src/CMakeFiles/rccl_device_gfx950.dir/__/hipify/gensrc/specialized/specialized_reducescatter_ring_ll_minmax_u32_0_0_2.o
[ 53%] Building RCCLDEV object src/CMakeFiles/rccl_device_gfx950.dir/__/hipify/gensrc/specialized/specialized_reducescatter_ring_ll_minmax_u64_0_0_2.o
[ 53%] Building RCCLDEV object src/CMakeFiles/rccl_device_gfx950.dir/__/hipify/gensrc/specialized/specialized_reducescatter_ring_ll_minmax_f16_0_0_2.o
[ 53%] Building RCCLDEV object src/CMakeFiles/rccl_device_gfx950.dir/__/hipify/gensrc/specialized/specialized_reducescatter_ring_ll_minmax_f32_0_0_2.o
[ 53%] Building RCCLDEV object src/CMakeFiles/rccl_device_gfx950.dir/__/hipify/gensrc/specialized/specialized_reducescatter_ring_ll_minmax_f64_0_0_2.o
[ 53%] Building RCCLDEV object src/CMakeFiles/rccl_device_gfx950.dir/__/hipify/gensrc/specialized/specialized_reducescatter_ring_ll_minmax_bf16_0_0_2.o
[ 53%] Building RCCLDEV object src/CMakeFiles/rccl_device_gfx950.dir/__/hipify/gensrc/specialized/specialized_reducescatter_ring_ll_premulsum_u8_0_0_2.o
[ 53%] Building RCCLDEV object src/CMakeFiles/rccl_device_gfx950.dir/__/hipify/gensrc/specialized/specialized_reducescatter_ring_ll_premulsum_u32_0_0_2.o
[ 53%] Building RCCLDEV object src/CMakeFiles/rccl_device_gfx950.dir/__/hipify/gensrc/specialized/specialized_reducescatter_ring_ll_premulsum_u64_0_0_2.o
[ 53%] Building RCCLDEV object src/CMakeFiles/rccl_device_gfx950.dir/__/hipify/gensrc/specialized/specialized_reducescatter_ring_ll_premulsum_f16_0_0_2.o
[ 53%] Building RCCLDEV object src/CMakeFiles/rccl_device_gfx950.dir/__/hipify/gensrc/specialized/specialized_reducescatter_ring_ll_premulsum_f32_0_0_2.o
[ 53%] Building RCCLDEV object src/CMakeFiles/rccl_device_gfx950.dir/__/hipify/gensrc/specialized/specialized_reducescatter_ring_ll_premulsum_f64_0_0_2.o
[ 53%] Building RCCLDEV object src/CMakeFiles/rccl_device_gfx950.dir/__/hipify/gensrc/specialized/specialized_reducescatter_ring_ll_premulsum_bf16_0_0_2.o
[ 53%] Building RCCLDEV object src/CMakeFiles/rccl_device_gfx950.dir/__/hipify/gensrc/specialized/specialized_reducescatter_ring_ll_sumpostdiv_u8_0_0_2.o
[ 53%] Building RCCLDEV object src/CMakeFiles/rccl_device_gfx950.dir/__/hipify/gensrc/specialized/specialized_reducescatter_ring_ll_sumpostdiv_u32_0_0_2.o
[ 53%] Building RCCLDEV object src/CMakeFiles/rccl_device_gfx950.dir/__/hipify/gensrc/specialized/specialized_reducescatter_ring_ll_sumpostdiv_u64_0_0_2.o
[ 53%] Building RCCLDEV object src/CMakeFiles/rccl_device_gfx950.dir/__/hipify/gensrc/specialized/specialized_allreduce_ring_ll_sum_u8_1_0_2.o
[ 53%] Building RCCLDEV object src/CMakeFiles/rccl_device_gfx950.dir/__/hipify/gensrc/specialized/specialized_allreduce_ring_ll_sum_u8_0_0_2.o
[ 53%] Building RCCLDEV object src/CMakeFiles/rccl_device_gfx950.dir/__/hipify/gensrc/specialized/specialized_allreduce_ring_ll_sum_u32_0_0_2.o
[ 53%] Building RCCLDEV object src/CMakeFiles/rccl_device_gfx950.dir/__/hipify/gensrc/specialized/specialized_allreduce_ring_ll_sum_u32_1_0_2.o
[ 53%] Building RCCLDEV object src/CMakeFiles/rccl_device_gfx950.dir/__/hipify/gensrc/specialized/specialized_allreduce_ring_ll_sum_u64_0_0_2.o
[ 53%] Building RCCLDEV object src/CMakeFiles/rccl_device_gfx950.dir/__/hipify/gensrc/specialized/specialized_allreduce_ring_ll_sum_u64_1_0_2.o
[ 53%] Building RCCLDEV object src/CMakeFiles/rccl_device_gfx950.dir/__/hipify/gensrc/specialized/specialized_allreduce_ring_ll_sum_f16_0_0_2.o
[ 53%] Building RCCLDEV object src/CMakeFiles/rccl_device_gfx950.dir/__/hipify/gensrc/specialized/specialized_allreduce_ring_ll_sum_f16_1_0_2.o
[ 53%] Building RCCLDEV object src/CMakeFiles/rccl_device_gfx950.dir/__/hipify/gensrc/specialized/specialized_allreduce_ring_ll_sum_f32_0_0_2.o
[ 53%] Building RCCLDEV object src/CMakeFiles/rccl_device_gfx950.dir/__/hipify/gensrc/specialized/specialized_allreduce_ring_ll_sum_f32_1_0_2.o
[ 53%] Building RCCLDEV object src/CMakeFiles/rccl_device_gfx950.dir/__/hipify/gensrc/specialized/specialized_allreduce_ring_ll_sum_f64_0_0_2.o
[ 53%] Building RCCLDEV object src/CMakeFiles/rccl_device_gfx950.dir/__/hipify/gensrc/specialized/specialized_allreduce_ring_ll_sum_f64_1_0_2.o
[ 53%] Building RCCLDEV object src/CMakeFiles/rccl_device_gfx950.dir/__/hipify/gensrc/specialized/specialized_allreduce_ring_ll_sum_bf16_0_0_2.o
[ 53%] Building RCCLDEV object src/CMakeFiles/rccl_device_gfx950.dir/__/hipify/gensrc/specialized/specialized_allreduce_ring_ll_sum_bf16_1_0_2.o
[ 53%] Building RCCLDEV object src/CMakeFiles/rccl_device_gfx950.dir/__/hipify/gensrc/specialized/specialized_allreduce_ring_ll_prod_u8_0_0_2.o
[ 53%] Building RCCLDEV object src/CMakeFiles/rccl_device_gfx950.dir/__/hipify/gensrc/specialized/specialized_allreduce_ring_ll_prod_u8_1_0_2.o
[ 53%] Building RCCLDEV object src/CMakeFiles/rccl_device_gfx950.dir/__/hipify/gensrc/specialized/specialized_allreduce_ring_ll_prod_u32_0_0_2.o
[ 53%] Building RCCLDEV object src/CMakeFiles/rccl_device_gfx950.dir/__/hipify/gensrc/specialized/specialized_allreduce_ring_ll_prod_u64_0_0_2.o
[ 53%] Building RCCLDEV object src/CMakeFiles/rccl_device_gfx950.dir/__/hipify/gensrc/specialized/specialized_allreduce_ring_ll_prod_u32_1_0_2.o
[ 53%] Building RCCLDEV object src/CMakeFiles/rccl_device_gfx950.dir/__/hipify/gensrc/specialized/specialized_allreduce_ring_ll_prod_u64_1_0_2.o
[ 53%] Building RCCLDEV object src/CMakeFiles/rccl_device_gfx950.dir/__/hipify/gensrc/specialized/specialized_allreduce_ring_ll_prod_f16_0_0_2.o
[ 53%] Building RCCLDEV object src/CMakeFiles/rccl_device_gfx950.dir/__/hipify/gensrc/specialized/specialized_allreduce_ring_ll_prod_f16_1_0_2.o
[ 53%] Building RCCLDEV object src/CMakeFiles/rccl_device_gfx950.dir/__/hipify/gensrc/specialized/specialized_allreduce_ring_ll_prod_f32_0_0_2.o
[ 53%] Building RCCLDEV object src/CMakeFiles/rccl_device_gfx950.dir/__/hipify/gensrc/specialized/specialized_allreduce_ring_ll_prod_f32_1_0_2.o
[ 53%] Building RCCLDEV object src/CMakeFiles/rccl_device_gfx950.dir/__/hipify/gensrc/specialized/specialized_allreduce_ring_ll_prod_f64_0_0_2.o
[ 53%] Building RCCLDEV object src/CMakeFiles/rccl_device_gfx950.dir/__/hipify/gensrc/specialized/specialized_allreduce_ring_ll_prod_f64_1_0_2.o
[ 53%] Building RCCLDEV object src/CMakeFiles/rccl_device_gfx950.dir/__/hipify/gensrc/specialized/specialized_allreduce_ring_ll_prod_bf16_0_0_2.o
[ 53%] Building RCCLDEV object src/CMakeFiles/rccl_device_gfx950.dir/__/hipify/gensrc/specialized/specialized_allreduce_ring_ll_minmax_u8_0_0_2.o
[ 55%] Building RCCLDEV object src/CMakeFiles/rccl_device_gfx950.dir/__/hipify/gensrc/specialized/specialized_allreduce_ring_ll_prod_bf16_1_0_2.o
[ 55%] Building RCCLDEV object src/CMakeFiles/rccl_device_gfx950.dir/__/hipify/gensrc/specialized/specialized_allreduce_ring_ll_minmax_u8_1_0_2.o
[ 55%] Building RCCLDEV object src/CMakeFiles/rccl_device_gfx950.dir/__/hipify/gensrc/specialized/specialized_allreduce_ring_ll_minmax_u32_0_0_2.o
[ 55%] Building RCCLDEV object src/CMakeFiles/rccl_device_gfx950.dir/__/hipify/gensrc/specialized/specialized_allreduce_ring_ll_minmax_u32_1_0_2.o
[ 55%] Building RCCLDEV object src/CMakeFiles/rccl_device_gfx950.dir/__/hipify/gensrc/specialized/specialized_allreduce_ring_ll_minmax_u64_0_0_2.o
[ 55%] Building RCCLDEV object src/CMakeFiles/rccl_device_gfx950.dir/__/hipify/gensrc/specialized/specialized_allreduce_ring_ll_minmax_u64_1_0_2.o
[ 55%] Building RCCLDEV object src/CMakeFiles/rccl_device_gfx950.dir/__/hipify/gensrc/specialized/specialized_allreduce_ring_ll_minmax_f16_0_0_2.o
[ 55%] Building RCCLDEV object src/CMakeFiles/rccl_device_gfx950.dir/__/hipify/gensrc/specialized/specialized_allreduce_ring_ll_minmax_f16_1_0_2.o
[ 55%] Building RCCLDEV object src/CMakeFiles/rccl_device_gfx950.dir/__/hipify/gensrc/specialized/specialized_allreduce_ring_ll_minmax_f32_0_0_2.o
[ 55%] Building RCCLDEV object src/CMakeFiles/rccl_device_gfx950.dir/__/hipify/gensrc/specialized/specialized_allreduce_ring_ll_minmax_f32_1_0_2.o
[ 55%] Building RCCLDEV object src/CMakeFiles/rccl_device_gfx950.dir/__/hipify/gensrc/specialized/specialized_allreduce_ring_ll_minmax_f64_0_0_2.o
[ 55%] Building RCCLDEV object src/CMakeFiles/rccl_device_gfx950.dir/__/hipify/gensrc/specialized/specialized_allreduce_ring_ll_minmax_f64_1_0_2.o
[ 55%] Building RCCLDEV object src/CMakeFiles/rccl_device_gfx950.dir/__/hipify/gensrc/specialized/specialized_allreduce_ring_ll_minmax_bf16_0_0_2.o
[ 55%] Building RCCLDEV object src/CMakeFiles/rccl_device_gfx950.dir/__/hipify/gensrc/specialized/specialized_allreduce_ring_ll_minmax_bf16_1_0_2.o
[ 55%] Building RCCLDEV object src/CMakeFiles/rccl_device_gfx950.dir/__/hipify/gensrc/specialized/specialized_allreduce_ring_ll_premulsum_u8_0_0_2.o
[ 55%] Building RCCLDEV object src/CMakeFiles/rccl_device_gfx950.dir/__/hipify/gensrc/specialized/specialized_allreduce_ring_ll_premulsum_u8_1_0_2.o
[ 55%] Building RCCLDEV object src/CMakeFiles/rccl_device_gfx950.dir/__/hipify/gensrc/specialized/specialized_allreduce_ring_ll_premulsum_u32_0_0_2.o
[ 55%] Building RCCLDEV object src/CMakeFiles/rccl_device_gfx950.dir/__/hipify/gensrc/specialized/specialized_allreduce_ring_ll_premulsum_u32_1_0_2.o
[ 55%] Building RCCLDEV object src/CMakeFiles/rccl_device_gfx950.dir/__/hipify/gensrc/specialized/specialized_allreduce_ring_ll_premulsum_u64_0_0_2.o
[ 55%] Building RCCLDEV object src/CMakeFiles/rccl_device_gfx950.dir/__/hipify/gensrc/specialized/specialized_allreduce_ring_ll_premulsum_u64_1_0_2.o
[ 55%] Building RCCLDEV object src/CMakeFiles/rccl_device_gfx950.dir/__/hipify/gensrc/specialized/specialized_allreduce_ring_ll_premulsum_f16_0_0_2.o
[ 55%] Building RCCLDEV object src/CMakeFiles/rccl_device_gfx950.dir/__/hipify/gensrc/specialized/specialized_allreduce_ring_ll_premulsum_f16_1_0_2.o
[ 55%] Building RCCLDEV object src/CMakeFiles/rccl_device_gfx950.dir/__/hipify/gensrc/specialized/specialized_allreduce_ring_ll_premulsum_f32_0_0_2.o
[ 55%] Building RCCLDEV object src/CMakeFiles/rccl_device_gfx950.dir/__/hipify/gensrc/specialized/specialized_allreduce_ring_ll_premulsum_f32_1_0_2.o
[ 55%] Building RCCLDEV object src/CMakeFiles/rccl_device_gfx950.dir/__/hipify/gensrc/specialized/specialized_allreduce_ring_ll_premulsum_f64_0_0_2.o
[ 55%] Building RCCLDEV object src/CMakeFiles/rccl_device_gfx950.dir/__/hipify/gensrc/specialized/specialized_allreduce_ring_ll_premulsum_f64_1_0_2.o
[ 55%] Building RCCLDEV object src/CMakeFiles/rccl_device_gfx950.dir/__/hipify/gensrc/specialized/specialized_allreduce_ring_ll_premulsum_bf16_1_0_2.o
[ 55%] Building RCCLDEV object src/CMakeFiles/rccl_device_gfx950.dir/__/hipify/gensrc/specialized/specialized_allreduce_ring_ll_premulsum_bf16_0_0_2.o
[ 55%] Building RCCLDEV object src/CMakeFiles/rccl_device_gfx950.dir/__/hipify/gensrc/specialized/specialized_allreduce_ring_ll_sumpostdiv_u8_0_0_2.o
[ 55%] Building RCCLDEV object src/CMakeFiles/rccl_device_gfx950.dir/__/hipify/gensrc/specialized/specialized_allreduce_ring_ll_sumpostdiv_u8_1_0_2.o
[ 55%] Building RCCLDEV object src/CMakeFiles/rccl_device_gfx950.dir/__/hipify/gensrc/specialized/specialized_allreduce_ring_ll_sumpostdiv_u32_1_0_2.o
[ 55%] Building RCCLDEV object src/CMakeFiles/rccl_device_gfx950.dir/__/hipify/gensrc/specialized/specialized_allreduce_ring_ll_sumpostdiv_u64_1_0_2.o
[ 55%] Building RCCLDEV object src/CMakeFiles/rccl_device_gfx950.dir/__/hipify/gensrc/specialized/specialized_allreduce_ring_ll_sumpostdiv_u32_0_0_2.o
[ 55%] Building RCCLDEV object src/CMakeFiles/rccl_device_gfx950.dir/__/hipify/gensrc/specialized/specialized_allreduce_ring_ll_sumpostdiv_u64_0_0_2.o
[ 55%] Building RCCLDEV object src/CMakeFiles/rccl_device_gfx950.dir/__/hipify/gensrc/specialized/specialized_broadcast_ring_ll_sum_i8_0_0_1.o
[ 55%] Building RCCLDEV object src/CMakeFiles/rccl_device_gfx950.dir/__/hipify/gensrc/specialized/specialized_reduce_ring_ll_sum_u8_0_0_1.o
[ 55%] Building RCCLDEV object src/CMakeFiles/rccl_device_gfx950.dir/__/hipify/gensrc/specialized/specialized_reduce_ring_ll_sum_u32_0_0_1.o
[ 55%] Building RCCLDEV object src/CMakeFiles/rccl_device_gfx950.dir/__/hipify/gensrc/specialized/specialized_reduce_ring_ll_sum_u64_0_0_1.o
[ 55%] Building RCCLDEV object src/CMakeFiles/rccl_device_gfx950.dir/__/hipify/gensrc/specialized/specialized_reduce_ring_ll_sum_f16_0_0_1.o
[ 55%] Building RCCLDEV object src/CMakeFiles/rccl_device_gfx950.dir/__/hipify/gensrc/specialized/specialized_reduce_ring_ll_sum_f32_0_0_1.o
[ 55%] Building RCCLDEV object src/CMakeFiles/rccl_device_gfx950.dir/__/hipify/gensrc/specialized/specialized_reduce_ring_ll_sum_f64_0_0_1.o
[ 55%] Building RCCLDEV object src/CMakeFiles/rccl_device_gfx950.dir/__/hipify/gensrc/specialized/specialized_reduce_ring_ll_sum_bf16_0_0_1.o
[ 55%] Building RCCLDEV object src/CMakeFiles/rccl_device_gfx950.dir/__/hipify/gensrc/specialized/specialized_reduce_ring_ll_prod_u8_0_0_1.o
[ 55%] Building RCCLDEV object src/CMakeFiles/rccl_device_gfx950.dir/__/hipify/gensrc/specialized/specialized_reduce_ring_ll_prod_u32_0_0_1.o
[ 57%] Building RCCLDEV object src/CMakeFiles/rccl_device_gfx950.dir/__/hipify/gensrc/specialized/specialized_reduce_ring_ll_prod_u64_0_0_1.o
[ 57%] Building RCCLDEV object src/CMakeFiles/rccl_device_gfx950.dir/__/hipify/gensrc/specialized/specialized_reduce_ring_ll_prod_f16_0_0_1.o
[ 57%] Building RCCLDEV object src/CMakeFiles/rccl_device_gfx950.dir/__/hipify/gensrc/specialized/specialized_reduce_ring_ll_prod_f32_0_0_1.o
[ 57%] Building RCCLDEV object src/CMakeFiles/rccl_device_gfx950.dir/__/hipify/gensrc/specialized/specialized_reduce_ring_ll_prod_f64_0_0_1.o
[ 57%] Building RCCLDEV object src/CMakeFiles/rccl_device_gfx950.dir/__/hipify/gensrc/specialized/specialized_reduce_ring_ll_minmax_u8_0_0_1.o
[ 57%] Building RCCLDEV object src/CMakeFiles/rccl_device_gfx950.dir/__/hipify/gensrc/specialized/specialized_reduce_ring_ll_prod_bf16_0_0_1.o
[ 57%] Building RCCLDEV object src/CMakeFiles/rccl_device_gfx950.dir/__/hipify/gensrc/specialized/specialized_reduce_ring_ll_minmax_u32_0_0_1.o
[ 57%] Building RCCLDEV object src/CMakeFiles/rccl_device_gfx950.dir/__/hipify/gensrc/specialized/specialized_reduce_ring_ll_minmax_u64_0_0_1.o
[ 57%] Building RCCLDEV object src/CMakeFiles/rccl_device_gfx950.dir/__/hipify/gensrc/specialized/specialized_reduce_ring_ll_minmax_f16_0_0_1.o
[ 57%] Building RCCLDEV object src/CMakeFiles/rccl_device_gfx950.dir/__/hipify/gensrc/specialized/specialized_reduce_ring_ll_minmax_f32_0_0_1.o
[ 57%] Building RCCLDEV object src/CMakeFiles/rccl_device_gfx950.dir/__/hipify/gensrc/specialized/specialized_reduce_ring_ll_minmax_f64_0_0_1.o
[ 57%] Building RCCLDEV object src/CMakeFiles/rccl_device_gfx950.dir/__/hipify/gensrc/specialized/specialized_reduce_ring_ll_minmax_bf16_0_0_1.o
[ 57%] Building RCCLDEV object src/CMakeFiles/rccl_device_gfx950.dir/__/hipify/gensrc/specialized/specialized_reduce_ring_ll_premulsum_u8_0_0_1.o
[ 57%] Building RCCLDEV object src/CMakeFiles/rccl_device_gfx950.dir/__/hipify/gensrc/specialized/specialized_reduce_ring_ll_premulsum_u32_0_0_1.o
[ 57%] Building RCCLDEV object src/CMakeFiles/rccl_device_gfx950.dir/__/hipify/gensrc/specialized/specialized_reduce_ring_ll_premulsum_u64_0_0_1.o
[ 57%] Building RCCLDEV object src/CMakeFiles/rccl_device_gfx950.dir/__/hipify/gensrc/specialized/specialized_reduce_ring_ll_premulsum_f16_0_0_1.o
[ 57%] Building RCCLDEV object src/CMakeFiles/rccl_device_gfx950.dir/__/hipify/gensrc/specialized/specialized_reduce_ring_ll_premulsum_f64_0_0_1.o
[ 57%] Building RCCLDEV object src/CMakeFiles/rccl_device_gfx950.dir/__/hipify/gensrc/specialized/specialized_reduce_ring_ll_premulsum_f32_0_0_1.o
[ 57%] Building RCCLDEV object src/CMakeFiles/rccl_device_gfx950.dir/__/hipify/gensrc/specialized/specialized_reduce_ring_ll_premulsum_bf16_0_0_1.o
[ 57%] Building RCCLDEV object src/CMakeFiles/rccl_device_gfx950.dir/__/hipify/gensrc/specialized/specialized_reduce_ring_ll_sumpostdiv_u8_0_0_1.o
[ 57%] Building RCCLDEV object src/CMakeFiles/rccl_device_gfx950.dir/__/hipify/gensrc/specialized/specialized_reduce_ring_ll_sumpostdiv_u32_0_0_1.o
[ 57%] Building RCCLDEV object src/CMakeFiles/rccl_device_gfx950.dir/__/hipify/gensrc/specialized/specialized_reduce_ring_ll_sumpostdiv_u64_0_0_1.o
[ 57%] Building RCCLDEV object src/CMakeFiles/rccl_device_gfx950.dir/__/hipify/gensrc/specialized/specialized_allgather_ring_ll_sum_i8_0_0_1.o
[ 57%] Building RCCLDEV object src/CMakeFiles/rccl_device_gfx950.dir/__/hipify/gensrc/specialized/specialized_reducescatter_ring_ll_sum_u8_0_0_1.o
[ 57%] Building RCCLDEV object src/CMakeFiles/rccl_device_gfx950.dir/__/hipify/gensrc/specialized/specialized_reducescatter_ring_ll_sum_u32_0_0_1.o
[ 57%] Building RCCLDEV object src/CMakeFiles/rccl_device_gfx950.dir/__/hipify/gensrc/specialized/specialized_reducescatter_ring_ll_sum_u64_0_0_1.o
[ 57%] Building RCCLDEV object src/CMakeFiles/rccl_device_gfx950.dir/__/hipify/gensrc/specialized/specialized_reducescatter_ring_ll_sum_f16_0_0_1.o
[ 57%] Building RCCLDEV object src/CMakeFiles/rccl_device_gfx950.dir/__/hipify/gensrc/specialized/specialized_reducescatter_ring_ll_sum_f32_0_0_1.o
[ 57%] Building RCCLDEV object src/CMakeFiles/rccl_device_gfx950.dir/__/hipify/gensrc/specialized/specialized_reducescatter_ring_ll_sum_f64_0_0_1.o
[ 57%] Building RCCLDEV object src/CMakeFiles/rccl_device_gfx950.dir/__/hipify/gensrc/specialized/specialized_reducescatter_ring_ll_sum_bf16_0_0_1.o
[ 57%] Building RCCLDEV object src/CMakeFiles/rccl_device_gfx950.dir/__/hipify/gensrc/specialized/specialized_reducescatter_ring_ll_prod_u8_0_0_1.o
[ 57%] Building RCCLDEV object src/CMakeFiles/rccl_device_gfx950.dir/__/hipify/gensrc/specialized/specialized_reducescatter_ring_ll_prod_u32_0_0_1.o
[ 57%] Building RCCLDEV object src/CMakeFiles/rccl_device_gfx950.dir/__/hipify/gensrc/specialized/specialized_reducescatter_ring_ll_prod_u64_0_0_1.o
[ 57%] Building RCCLDEV object src/CMakeFiles/rccl_device_gfx950.dir/__/hipify/gensrc/specialized/specialized_reducescatter_ring_ll_prod_f16_0_0_1.o
[ 57%] Building RCCLDEV object src/CMakeFiles/rccl_device_gfx950.dir/__/hipify/gensrc/specialized/specialized_reducescatter_ring_ll_prod_f32_0_0_1.o
[ 57%] Building RCCLDEV object src/CMakeFiles/rccl_device_gfx950.dir/__/hipify/gensrc/specialized/specialized_reducescatter_ring_ll_prod_f64_0_0_1.o
[ 57%] Building RCCLDEV object src/CMakeFiles/rccl_device_gfx950.dir/__/hipify/gensrc/specialized/specialized_reducescatter_ring_ll_prod_bf16_0_0_1.o
[ 57%] Building RCCLDEV object src/CMakeFiles/rccl_device_gfx950.dir/__/hipify/gensrc/specialized/specialized_reducescatter_ring_ll_minmax_u8_0_0_1.o
[ 57%] Building RCCLDEV object src/CMakeFiles/rccl_device_gfx950.dir/__/hipify/gensrc/specialized/specialized_reducescatter_ring_ll_minmax_u32_0_0_1.o
[ 57%] Building RCCLDEV object src/CMakeFiles/rccl_device_gfx950.dir/__/hipify/gensrc/specialized/specialized_reducescatter_ring_ll_minmax_u64_0_0_1.o
[ 57%] Building RCCLDEV object src/CMakeFiles/rccl_device_gfx950.dir/__/hipify/gensrc/specialized/specialized_reducescatter_ring_ll_minmax_f16_0_0_1.o
[ 57%] Building RCCLDEV object src/CMakeFiles/rccl_device_gfx950.dir/__/hipify/gensrc/specialized/specialized_reducescatter_ring_ll_minmax_f32_0_0_1.o
[ 57%] Building RCCLDEV object src/CMakeFiles/rccl_device_gfx950.dir/__/hipify/gensrc/specialized/specialized_reducescatter_ring_ll_minmax_f64_0_0_1.o
[ 57%] Building RCCLDEV object src/CMakeFiles/rccl_device_gfx950.dir/__/hipify/gensrc/specialized/specialized_reducescatter_ring_ll_minmax_bf16_0_0_1.o
[ 58%] Building RCCLDEV object src/CMakeFiles/rccl_device_gfx950.dir/__/hipify/gensrc/specialized/specialized_reducescatter_ring_ll_premulsum_u8_0_0_1.o
[ 58%] Building RCCLDEV object src/CMakeFiles/rccl_device_gfx950.dir/__/hipify/gensrc/specialized/specialized_reducescatter_ring_ll_premulsum_u32_0_0_1.o
[ 58%] Building RCCLDEV object src/CMakeFiles/rccl_device_gfx950.dir/__/hipify/gensrc/specialized/specialized_reducescatter_ring_ll_premulsum_u64_0_0_1.o
[ 58%] Building RCCLDEV object src/CMakeFiles/rccl_device_gfx950.dir/__/hipify/gensrc/specialized/specialized_reducescatter_ring_ll_premulsum_f16_0_0_1.o
[ 58%] Building RCCLDEV object src/CMakeFiles/rccl_device_gfx950.dir/__/hipify/gensrc/specialized/specialized_reducescatter_ring_ll_premulsum_f64_0_0_1.o
[ 58%] Building RCCLDEV object src/CMakeFiles/rccl_device_gfx950.dir/__/hipify/gensrc/specialized/specialized_reducescatter_ring_ll_premulsum_f32_0_0_1.o
[ 58%] Building RCCLDEV object src/CMakeFiles/rccl_device_gfx950.dir/__/hipify/gensrc/specialized/specialized_reducescatter_ring_ll_premulsum_bf16_0_0_1.o
[ 58%] Building RCCLDEV object src/CMakeFiles/rccl_device_gfx950.dir/__/hipify/gensrc/specialized/specialized_reducescatter_ring_ll_sumpostdiv_u8_0_0_1.o
[ 58%] Building RCCLDEV object src/CMakeFiles/rccl_device_gfx950.dir/__/hipify/gensrc/specialized/specialized_reducescatter_ring_ll_sumpostdiv_u32_0_0_1.o
[ 58%] Building RCCLDEV object src/CMakeFiles/rccl_device_gfx950.dir/__/hipify/gensrc/specialized/specialized_reducescatter_ring_ll_sumpostdiv_u64_0_0_1.o
[ 58%] Building RCCLDEV object src/CMakeFiles/rccl_device_gfx950.dir/__/hipify/gensrc/specialized/specialized_allreduce_ring_ll_sum_u8_0_0_1.o
[ 58%] Building RCCLDEV object src/CMakeFiles/rccl_device_gfx950.dir/__/hipify/gensrc/specialized/specialized_allreduce_ring_ll_sum_u8_1_0_1.o
[ 58%] Building RCCLDEV object src/CMakeFiles/rccl_device_gfx950.dir/__/hipify/gensrc/specialized/specialized_allreduce_ring_ll_sum_u32_0_0_1.o
[ 58%] Building RCCLDEV object src/CMakeFiles/rccl_device_gfx950.dir/__/hipify/gensrc/specialized/specialized_allreduce_ring_ll_sum_u32_1_0_1.o
[ 58%] Building RCCLDEV object src/CMakeFiles/rccl_device_gfx950.dir/__/hipify/gensrc/specialized/specialized_allreduce_ring_ll_sum_u64_0_0_1.o
[ 58%] Building RCCLDEV object src/CMakeFiles/rccl_device_gfx950.dir/__/hipify/gensrc/specialized/specialized_allreduce_ring_ll_sum_u64_1_0_1.o
[ 58%] Building RCCLDEV object src/CMakeFiles/rccl_device_gfx950.dir/__/hipify/gensrc/specialized/specialized_allreduce_ring_ll_sum_f16_0_0_1.o
[ 58%] Building RCCLDEV object src/CMakeFiles/rccl_device_gfx950.dir/__/hipify/gensrc/specialized/specialized_allreduce_ring_ll_sum_f16_1_0_1.o
[ 58%] Building RCCLDEV object src/CMakeFiles/rccl_device_gfx950.dir/__/hipify/gensrc/specialized/specialized_allreduce_ring_ll_sum_f32_0_0_1.o
[ 58%] Building RCCLDEV object src/CMakeFiles/rccl_device_gfx950.dir/__/hipify/gensrc/specialized/specialized_allreduce_ring_ll_sum_f32_1_0_1.o
[ 58%] Building RCCLDEV object src/CMakeFiles/rccl_device_gfx950.dir/__/hipify/gensrc/specialized/specialized_allreduce_ring_ll_sum_f64_0_0_1.o
[ 58%] Building RCCLDEV object src/CMakeFiles/rccl_device_gfx950.dir/__/hipify/gensrc/specialized/specialized_allreduce_ring_ll_sum_f64_1_0_1.o
[ 58%] Building RCCLDEV object src/CMakeFiles/rccl_device_gfx950.dir/__/hipify/gensrc/specialized/specialized_allreduce_ring_ll_sum_bf16_0_0_1.o
[ 58%] Building RCCLDEV object src/CMakeFiles/rccl_device_gfx950.dir/__/hipify/gensrc/specialized/specialized_allreduce_ring_ll_sum_bf16_1_0_1.o
[ 58%] Building RCCLDEV object src/CMakeFiles/rccl_device_gfx950.dir/__/hipify/gensrc/specialized/specialized_allreduce_ring_ll_prod_u8_0_0_1.o
[ 58%] Building RCCLDEV object src/CMakeFiles/rccl_device_gfx950.dir/__/hipify/gensrc/specialized/specialized_allreduce_ring_ll_prod_u8_1_0_1.o
[ 58%] Building RCCLDEV object src/CMakeFiles/rccl_device_gfx950.dir/__/hipify/gensrc/specialized/specialized_allreduce_ring_ll_prod_u32_0_0_1.o
[ 58%] Building RCCLDEV object src/CMakeFiles/rccl_device_gfx950.dir/__/hipify/gensrc/specialized/specialized_allreduce_ring_ll_prod_u32_1_0_1.o
[ 58%] Building RCCLDEV object src/CMakeFiles/rccl_device_gfx950.dir/__/hipify/gensrc/specialized/specialized_allreduce_ring_ll_prod_u64_0_0_1.o
[ 58%] Building RCCLDEV object src/CMakeFiles/rccl_device_gfx950.dir/__/hipify/gensrc/specialized/specialized_allreduce_ring_ll_prod_u64_1_0_1.o
[ 58%] Building RCCLDEV object src/CMakeFiles/rccl_device_gfx950.dir/__/hipify/gensrc/specialized/specialized_allreduce_ring_ll_prod_f16_0_0_1.o
[ 58%] Building RCCLDEV object src/CMakeFiles/rccl_device_gfx950.dir/__/hipify/gensrc/specialized/specialized_allreduce_ring_ll_prod_f16_1_0_1.o
[ 58%] Building RCCLDEV object src/CMakeFiles/rccl_device_gfx950.dir/__/hipify/gensrc/specialized/specialized_allreduce_ring_ll_prod_f32_0_0_1.o
[ 58%] Building RCCLDEV object src/CMakeFiles/rccl_device_gfx950.dir/__/hipify/gensrc/specialized/specialized_allreduce_ring_ll_prod_f32_1_0_1.o
[ 58%] Building RCCLDEV object src/CMakeFiles/rccl_device_gfx950.dir/__/hipify/gensrc/specialized/specialized_allreduce_ring_ll_prod_f64_0_0_1.o
[ 58%] Building RCCLDEV object src/CMakeFiles/rccl_device_gfx950.dir/__/hipify/gensrc/specialized/specialized_allreduce_ring_ll_prod_f64_1_0_1.o
[ 58%] Building RCCLDEV object src/CMakeFiles/rccl_device_gfx950.dir/__/hipify/gensrc/specialized/specialized_allreduce_ring_ll_prod_bf16_0_0_1.o
[ 58%] Building RCCLDEV object src/CMakeFiles/rccl_device_gfx950.dir/__/hipify/gensrc/specialized/specialized_allreduce_ring_ll_prod_bf16_1_0_1.o
[ 58%] Building RCCLDEV object src/CMakeFiles/rccl_device_gfx950.dir/__/hipify/gensrc/specialized/specialized_allreduce_ring_ll_minmax_u8_0_0_1.o
[ 58%] Building RCCLDEV object src/CMakeFiles/rccl_device_gfx950.dir/__/hipify/gensrc/specialized/specialized_allreduce_ring_ll_minmax_u8_1_0_1.o
[ 58%] Building RCCLDEV object src/CMakeFiles/rccl_device_gfx950.dir/__/hipify/gensrc/specialized/specialized_allreduce_ring_ll_minmax_u32_0_0_1.o
[ 58%] Building RCCLDEV object src/CMakeFiles/rccl_device_gfx950.dir/__/hipify/gensrc/specialized/specialized_allreduce_ring_ll_minmax_u32_1_0_1.o
[ 58%] Building RCCLDEV object src/CMakeFiles/rccl_device_gfx950.dir/__/hipify/gensrc/specialized/specialized_allreduce_ring_ll_minmax_u64_0_0_1.o
[ 58%] Building RCCLDEV object src/CMakeFiles/rccl_device_gfx950.dir/__/hipify/gensrc/specialized/specialized_allreduce_ring_ll_minmax_u64_1_0_1.o
[ 58%] Building RCCLDEV object src/CMakeFiles/rccl_device_gfx950.dir/__/hipify/gensrc/specialized/specialized_allreduce_ring_ll_minmax_f16_0_0_1.o
[ 60%] Building RCCLDEV object src/CMakeFiles/rccl_device_gfx950.dir/__/hipify/gensrc/specialized/specialized_allreduce_ring_ll_minmax_f16_1_0_1.o
[ 60%] Building RCCLDEV object src/CMakeFiles/rccl_device_gfx950.dir/__/hipify/gensrc/specialized/specialized_allreduce_ring_ll_minmax_f32_0_0_1.o
[ 60%] Building RCCLDEV object src/CMakeFiles/rccl_device_gfx950.dir/__/hipify/gensrc/specialized/specialized_allreduce_ring_ll_minmax_f32_1_0_1.o
[ 60%] Building RCCLDEV object src/CMakeFiles/rccl_device_gfx950.dir/__/hipify/gensrc/specialized/specialized_allreduce_ring_ll_minmax_f64_1_0_1.o
[ 60%] Building RCCLDEV object src/CMakeFiles/rccl_device_gfx950.dir/__/hipify/gensrc/specialized/specialized_allreduce_ring_ll_minmax_f64_0_0_1.o
[ 60%] Building RCCLDEV object src/CMakeFiles/rccl_device_gfx950.dir/__/hipify/gensrc/specialized/specialized_allreduce_ring_ll_minmax_bf16_1_0_1.o
[ 60%] Building RCCLDEV object src/CMakeFiles/rccl_device_gfx950.dir/__/hipify/gensrc/specialized/specialized_allreduce_ring_ll_minmax_bf16_0_0_1.o
[ 60%] Building RCCLDEV object src/CMakeFiles/rccl_device_gfx950.dir/__/hipify/gensrc/specialized/specialized_allreduce_ring_ll_premulsum_u8_0_0_1.o
[ 60%] Building RCCLDEV object src/CMakeFiles/rccl_device_gfx950.dir/__/hipify/gensrc/specialized/specialized_allreduce_ring_ll_premulsum_u8_1_0_1.o
[ 60%] Building RCCLDEV object src/CMakeFiles/rccl_device_gfx950.dir/__/hipify/gensrc/specialized/specialized_allreduce_ring_ll_premulsum_u32_0_0_1.o
[ 60%] Building RCCLDEV object src/CMakeFiles/rccl_device_gfx950.dir/__/hipify/gensrc/specialized/specialized_allreduce_ring_ll_premulsum_u32_1_0_1.o
[ 60%] Building RCCLDEV object src/CMakeFiles/rccl_device_gfx950.dir/__/hipify/gensrc/specialized/specialized_allreduce_ring_ll_premulsum_u64_0_0_1.o
[ 60%] Building RCCLDEV object src/CMakeFiles/rccl_device_gfx950.dir/__/hipify/gensrc/specialized/specialized_allreduce_ring_ll_premulsum_u64_1_0_1.o
[ 60%] Building RCCLDEV object src/CMakeFiles/rccl_device_gfx950.dir/__/hipify/gensrc/specialized/specialized_allreduce_ring_ll_premulsum_f16_0_0_1.o
[ 60%] Building RCCLDEV object src/CMakeFiles/rccl_device_gfx950.dir/__/hipify/gensrc/specialized/specialized_allreduce_ring_ll_premulsum_f16_1_0_1.o
[ 60%] Building RCCLDEV object src/CMakeFiles/rccl_device_gfx950.dir/__/hipify/gensrc/specialized/specialized_allreduce_ring_ll_premulsum_f32_1_0_1.o
[ 60%] Building RCCLDEV object src/CMakeFiles/rccl_device_gfx950.dir/__/hipify/gensrc/specialized/specialized_allreduce_ring_ll_premulsum_f32_0_0_1.o
[ 60%] Building RCCLDEV object src/CMakeFiles/rccl_device_gfx950.dir/__/hipify/gensrc/specialized/specialized_allreduce_ring_ll_premulsum_f64_0_0_1.o
[ 60%] Building RCCLDEV object src/CMakeFiles/rccl_device_gfx950.dir/__/hipify/gensrc/specialized/specialized_allreduce_ring_ll_premulsum_f64_1_0_1.o
[ 60%] Building RCCLDEV object src/CMakeFiles/rccl_device_gfx950.dir/__/hipify/gensrc/specialized/specialized_allreduce_ring_ll_premulsum_bf16_0_0_1.o
[ 60%] Building RCCLDEV object src/CMakeFiles/rccl_device_gfx950.dir/__/hipify/gensrc/specialized/specialized_allreduce_ring_ll_premulsum_bf16_1_0_1.o
[ 60%] Building RCCLDEV object src/CMakeFiles/rccl_device_gfx950.dir/__/hipify/gensrc/specialized/specialized_allreduce_ring_ll_sumpostdiv_u8_0_0_1.o
[ 60%] Building RCCLDEV object src/CMakeFiles/rccl_device_gfx950.dir/__/hipify/gensrc/specialized/specialized_allreduce_ring_ll_sumpostdiv_u32_0_0_1.o
[ 60%] Building RCCLDEV object src/CMakeFiles/rccl_device_gfx950.dir/__/hipify/gensrc/specialized/specialized_allreduce_ring_ll_sumpostdiv_u8_1_0_1.o
[ 60%] Building RCCLDEV object src/CMakeFiles/rccl_device_gfx950.dir/__/hipify/gensrc/specialized/specialized_allreduce_ring_ll_sumpostdiv_u32_1_0_1.o
[ 60%] Building RCCLDEV object src/CMakeFiles/rccl_device_gfx950.dir/__/hipify/gensrc/specialized/specialized_allreduce_ring_ll_sumpostdiv_u64_0_0_1.o
[ 60%] Building RCCLDEV object src/CMakeFiles/rccl_device_gfx950.dir/__/hipify/gensrc/specialized/specialized_allreduce_ring_ll_sumpostdiv_u64_1_0_1.o
[ 60%] Building RCCLDEV object src/CMakeFiles/rccl_device_gfx950.dir/__/hipify/gensrc/specialized/specialized_allgather_pat_ll_sum_i8_0_0_2.o
[ 60%] Building RCCLDEV object src/CMakeFiles/rccl_device_gfx950.dir/__/hipify/gensrc/specialized/specialized_reducescatter_pat_ll_sum_u8_0_0_2.o
[ 60%] Building RCCLDEV object src/CMakeFiles/rccl_device_gfx950.dir/__/hipify/gensrc/specialized/specialized_reducescatter_pat_ll_sum_u32_0_0_2.o
[ 60%] Building RCCLDEV object src/CMakeFiles/rccl_device_gfx950.dir/__/hipify/gensrc/specialized/specialized_reducescatter_pat_ll_sum_u64_0_0_2.o
[ 60%] Building RCCLDEV object src/CMakeFiles/rccl_device_gfx950.dir/__/hipify/gensrc/specialized/specialized_reducescatter_pat_ll_sum_f16_0_0_2.o
[ 60%] Building RCCLDEV object src/CMakeFiles/rccl_device_gfx950.dir/__/hipify/gensrc/specialized/specialized_reducescatter_pat_ll_sum_f32_0_0_2.o
[ 60%] Building RCCLDEV object src/CMakeFiles/rccl_device_gfx950.dir/__/hipify/gensrc/specialized/specialized_reducescatter_pat_ll_sum_f64_0_0_2.o
[ 60%] Building RCCLDEV object src/CMakeFiles/rccl_device_gfx950.dir/__/hipify/gensrc/specialized/specialized_reducescatter_pat_ll_sum_bf16_0_0_2.o
[ 60%] Building RCCLDEV object src/CMakeFiles/rccl_device_gfx950.dir/__/hipify/gensrc/specialized/specialized_reducescatter_pat_ll_prod_u8_0_0_2.o
[ 60%] Building RCCLDEV object src/CMakeFiles/rccl_device_gfx950.dir/__/hipify/gensrc/specialized/specialized_reducescatter_pat_ll_prod_u32_0_0_2.o
[ 60%] Building RCCLDEV object src/CMakeFiles/rccl_device_gfx950.dir/__/hipify/gensrc/specialized/specialized_reducescatter_pat_ll_prod_u64_0_0_2.o
[ 60%] Building RCCLDEV object src/CMakeFiles/rccl_device_gfx950.dir/__/hipify/gensrc/specialized/specialized_reducescatter_pat_ll_prod_f16_0_0_2.o
[ 60%] Building RCCLDEV object src/CMakeFiles/rccl_device_gfx950.dir/__/hipify/gensrc/specialized/specialized_reducescatter_pat_ll_prod_f32_0_0_2.o
[ 60%] Building RCCLDEV object src/CMakeFiles/rccl_device_gfx950.dir/__/hipify/gensrc/specialized/specialized_reducescatter_pat_ll_prod_f64_0_0_2.o
[ 60%] Building RCCLDEV object src/CMakeFiles/rccl_device_gfx950.dir/__/hipify/gensrc/specialized/specialized_reducescatter_pat_ll_prod_bf16_0_0_2.o
[ 60%] Building RCCLDEV object src/CMakeFiles/rccl_device_gfx950.dir/__/hipify/gensrc/specialized/specialized_reducescatter_pat_ll_minmax_u8_0_0_2.o
[ 60%] Building RCCLDEV object src/CMakeFiles/rccl_device_gfx950.dir/__/hipify/gensrc/specialized/specialized_reducescatter_pat_ll_minmax_u32_0_0_2.o
[ 61%] Building RCCLDEV object src/CMakeFiles/rccl_device_gfx950.dir/__/hipify/gensrc/specialized/specialized_reducescatter_pat_ll_minmax_u64_0_0_2.o
[ 61%] Building RCCLDEV object src/CMakeFiles/rccl_device_gfx950.dir/__/hipify/gensrc/specialized/specialized_reducescatter_pat_ll_minmax_f16_0_0_2.o
[ 61%] Building RCCLDEV object src/CMakeFiles/rccl_device_gfx950.dir/__/hipify/gensrc/specialized/specialized_reducescatter_pat_ll_minmax_f32_0_0_2.o
[ 61%] Building RCCLDEV object src/CMakeFiles/rccl_device_gfx950.dir/__/hipify/gensrc/specialized/specialized_reducescatter_pat_ll_minmax_f64_0_0_2.o
[ 61%] Building RCCLDEV object src/CMakeFiles/rccl_device_gfx950.dir/__/hipify/gensrc/specialized/specialized_reducescatter_pat_ll_minmax_bf16_0_0_2.o
[ 61%] Building RCCLDEV object src/CMakeFiles/rccl_device_gfx950.dir/__/hipify/gensrc/specialized/specialized_reducescatter_pat_ll_premulsum_u8_0_0_2.o
[ 61%] Building RCCLDEV object src/CMakeFiles/rccl_device_gfx950.dir/__/hipify/gensrc/specialized/specialized_reducescatter_pat_ll_premulsum_u32_0_0_2.o
[ 61%] Building RCCLDEV object src/CMakeFiles/rccl_device_gfx950.dir/__/hipify/gensrc/specialized/specialized_reducescatter_pat_ll_premulsum_u64_0_0_2.o
[ 61%] Building RCCLDEV object src/CMakeFiles/rccl_device_gfx950.dir/__/hipify/gensrc/specialized/specialized_reducescatter_pat_ll_premulsum_f16_0_0_2.o
[ 61%] Building RCCLDEV object src/CMakeFiles/rccl_device_gfx950.dir/__/hipify/gensrc/specialized/specialized_reducescatter_pat_ll_premulsum_f32_0_0_2.o
[ 61%] Building RCCLDEV object src/CMakeFiles/rccl_device_gfx950.dir/__/hipify/gensrc/specialized/specialized_reducescatter_pat_ll_premulsum_f64_0_0_2.o
[ 61%] Building RCCLDEV object src/CMakeFiles/rccl_device_gfx950.dir/__/hipify/gensrc/specialized/specialized_reducescatter_pat_ll_premulsum_bf16_0_0_2.o
[ 61%] Building RCCLDEV object src/CMakeFiles/rccl_device_gfx950.dir/__/hipify/gensrc/specialized/specialized_reducescatter_pat_ll_sumpostdiv_u8_0_0_2.o
[ 61%] Building RCCLDEV object src/CMakeFiles/rccl_device_gfx950.dir/__/hipify/gensrc/specialized/specialized_reducescatter_pat_ll_sumpostdiv_u32_0_0_2.o
[ 61%] Building RCCLDEV object src/CMakeFiles/rccl_device_gfx950.dir/__/hipify/gensrc/specialized/specialized_reducescatter_pat_ll_sumpostdiv_u64_0_0_2.o
[ 61%] Building RCCLDEV object src/CMakeFiles/rccl_device_gfx950.dir/__/hipify/gensrc/specialized/specialized_allgather_pat_ll_sum_i8_0_0_1.o
[ 61%] Building RCCLDEV object src/CMakeFiles/rccl_device_gfx950.dir/__/hipify/gensrc/specialized/specialized_reducescatter_pat_ll_sum_u8_0_0_1.o
[ 61%] Building RCCLDEV object src/CMakeFiles/rccl_device_gfx950.dir/__/hipify/gensrc/specialized/specialized_reducescatter_pat_ll_sum_u32_0_0_1.o
[ 61%] Building RCCLDEV object src/CMakeFiles/rccl_device_gfx950.dir/__/hipify/gensrc/specialized/specialized_reducescatter_pat_ll_sum_u64_0_0_1.o
[ 61%] Building RCCLDEV object src/CMakeFiles/rccl_device_gfx950.dir/__/hipify/gensrc/specialized/specialized_reducescatter_pat_ll_sum_f16_0_0_1.o
[ 61%] Building RCCLDEV object src/CMakeFiles/rccl_device_gfx950.dir/__/hipify/gensrc/specialized/specialized_reducescatter_pat_ll_sum_f32_0_0_1.o
[ 61%] Building RCCLDEV object src/CMakeFiles/rccl_device_gfx950.dir/__/hipify/gensrc/specialized/specialized_reducescatter_pat_ll_sum_f64_0_0_1.o
[ 61%] Building RCCLDEV object src/CMakeFiles/rccl_device_gfx950.dir/__/hipify/gensrc/specialized/specialized_reducescatter_pat_ll_sum_bf16_0_0_1.o
[ 61%] Building RCCLDEV object src/CMakeFiles/rccl_device_gfx950.dir/__/hipify/gensrc/specialized/specialized_reducescatter_pat_ll_prod_u8_0_0_1.o
[ 61%] Building RCCLDEV object src/CMakeFiles/rccl_device_gfx950.dir/__/hipify/gensrc/specialized/specialized_reducescatter_pat_ll_prod_u32_0_0_1.o
[ 61%] Building RCCLDEV object src/CMakeFiles/rccl_device_gfx950.dir/__/hipify/gensrc/specialized/specialized_reducescatter_pat_ll_prod_u64_0_0_1.o
[ 61%] Building RCCLDEV object src/CMakeFiles/rccl_device_gfx950.dir/__/hipify/gensrc/specialized/specialized_reducescatter_pat_ll_prod_f16_0_0_1.o
[ 61%] Building RCCLDEV object src/CMakeFiles/rccl_device_gfx950.dir/__/hipify/gensrc/specialized/specialized_reducescatter_pat_ll_prod_f32_0_0_1.o
[ 61%] Building RCCLDEV object src/CMakeFiles/rccl_device_gfx950.dir/__/hipify/gensrc/specialized/specialized_reducescatter_pat_ll_prod_f64_0_0_1.o
[ 61%] Building RCCLDEV object src/CMakeFiles/rccl_device_gfx950.dir/__/hipify/gensrc/specialized/specialized_reducescatter_pat_ll_prod_bf16_0_0_1.o
[ 61%] Building RCCLDEV object src/CMakeFiles/rccl_device_gfx950.dir/__/hipify/gensrc/specialized/specialized_reducescatter_pat_ll_minmax_u8_0_0_1.o
[ 61%] Building RCCLDEV object src/CMakeFiles/rccl_device_gfx950.dir/__/hipify/gensrc/specialized/specialized_reducescatter_pat_ll_minmax_u32_0_0_1.o
[ 61%] Building RCCLDEV object src/CMakeFiles/rccl_device_gfx950.dir/__/hipify/gensrc/specialized/specialized_reducescatter_pat_ll_minmax_u64_0_0_1.o
[ 61%] Building RCCLDEV object src/CMakeFiles/rccl_device_gfx950.dir/__/hipify/gensrc/specialized/specialized_reducescatter_pat_ll_minmax_f16_0_0_1.o
[ 61%] Building RCCLDEV object src/CMakeFiles/rccl_device_gfx950.dir/__/hipify/gensrc/specialized/specialized_reducescatter_pat_ll_minmax_f32_0_0_1.o
[ 61%] Building RCCLDEV object src/CMakeFiles/rccl_device_gfx950.dir/__/hipify/gensrc/specialized/specialized_reducescatter_pat_ll_minmax_f64_0_0_1.o
[ 61%] Building RCCLDEV object src/CMakeFiles/rccl_device_gfx950.dir/__/hipify/gensrc/specialized/specialized_reducescatter_pat_ll_minmax_bf16_0_0_1.o
[ 61%] Building RCCLDEV object src/CMakeFiles/rccl_device_gfx950.dir/__/hipify/gensrc/specialized/specialized_reducescatter_pat_ll_premulsum_u8_0_0_1.o
[ 61%] Building RCCLDEV object src/CMakeFiles/rccl_device_gfx950.dir/__/hipify/gensrc/specialized/specialized_reducescatter_pat_ll_premulsum_u32_0_0_1.o
[ 61%] Building RCCLDEV object src/CMakeFiles/rccl_device_gfx950.dir/__/hipify/gensrc/specialized/specialized_reducescatter_pat_ll_premulsum_u64_0_0_1.o
[ 61%] Building RCCLDEV object src/CMakeFiles/rccl_device_gfx950.dir/__/hipify/gensrc/specialized/specialized_reducescatter_pat_ll_premulsum_f16_0_0_1.o
[ 61%] Building RCCLDEV object src/CMakeFiles/rccl_device_gfx950.dir/__/hipify/gensrc/specialized/specialized_reducescatter_pat_ll_premulsum_f32_0_0_1.o
[ 61%] Building RCCLDEV object src/CMakeFiles/rccl_device_gfx950.dir/__/hipify/gensrc/specialized/specialized_reducescatter_pat_ll_premulsum_f64_0_0_1.o
[ 61%] Building RCCLDEV object src/CMakeFiles/rccl_device_gfx950.dir/__/hipify/gensrc/specialized/specialized_reducescatter_pat_ll_premulsum_bf16_0_0_1.o
[ 61%] Building RCCLDEV object src/CMakeFiles/rccl_device_gfx950.dir/__/hipify/gensrc/specialized/specialized_reducescatter_pat_ll_sumpostdiv_u8_0_0_1.o
[ 63%] Building RCCLDEV object src/CMakeFiles/rccl_device_gfx950.dir/__/hipify/gensrc/specialized/specialized_reducescatter_pat_ll_sumpostdiv_u32_0_0_1.o
[ 63%] Building RCCLDEV object src/CMakeFiles/rccl_device_gfx950.dir/__/hipify/gensrc/specialized/specialized_reducescatter_pat_ll_sumpostdiv_u64_0_0_1.o
[ 63%] Building RCCLDEV object src/CMakeFiles/rccl_device_gfx950.dir/__/hipify/gensrc/specialized/specialized_allreduce_tree_ll128_sum_u8_0_0_2.o
[ 63%] Building RCCLDEV object src/CMakeFiles/rccl_device_gfx950.dir/__/hipify/gensrc/specialized/specialized_allreduce_tree_ll128_sum_u8_1_0_2.o
[ 63%] Building RCCLDEV object src/CMakeFiles/rccl_device_gfx950.dir/__/hipify/gensrc/specialized/specialized_allreduce_tree_ll128_sum_u32_0_0_2.o
[ 63%] Building RCCLDEV object src/CMakeFiles/rccl_device_gfx950.dir/__/hipify/gensrc/specialized/specialized_allreduce_tree_ll128_sum_u32_1_0_2.o
[ 63%] Building RCCLDEV object src/CMakeFiles/rccl_device_gfx950.dir/__/hipify/gensrc/specialized/specialized_allreduce_tree_ll128_sum_u64_0_0_2.o
[ 63%] Building RCCLDEV object src/CMakeFiles/rccl_device_gfx950.dir/__/hipify/gensrc/specialized/specialized_allreduce_tree_ll128_sum_u64_1_0_2.o
[ 63%] Building RCCLDEV object src/CMakeFiles/rccl_device_gfx950.dir/__/hipify/gensrc/specialized/specialized_allreduce_tree_ll128_sum_f16_0_0_2.o
[ 63%] Building RCCLDEV object src/CMakeFiles/rccl_device_gfx950.dir/__/hipify/gensrc/specialized/specialized_allreduce_tree_ll128_sum_f16_1_0_2.o
[ 63%] Building RCCLDEV object src/CMakeFiles/rccl_device_gfx950.dir/__/hipify/gensrc/specialized/specialized_allreduce_tree_ll128_sum_f32_0_0_2.o
[ 63%] Building RCCLDEV object src/CMakeFiles/rccl_device_gfx950.dir/__/hipify/gensrc/specialized/specialized_allreduce_tree_ll128_sum_f32_1_0_2.o
[ 63%] Building RCCLDEV object src/CMakeFiles/rccl_device_gfx950.dir/__/hipify/gensrc/specialized/specialized_allreduce_tree_ll128_sum_f64_0_0_2.o
[ 63%] Building RCCLDEV object src/CMakeFiles/rccl_device_gfx950.dir/__/hipify/gensrc/specialized/specialized_allreduce_tree_ll128_sum_f64_1_0_2.o
[ 63%] Building RCCLDEV object src/CMakeFiles/rccl_device_gfx950.dir/__/hipify/gensrc/specialized/specialized_allreduce_tree_ll128_sum_bf16_0_0_2.o
[ 63%] Building RCCLDEV object src/CMakeFiles/rccl_device_gfx950.dir/__/hipify/gensrc/specialized/specialized_allreduce_tree_ll128_sum_bf16_1_0_2.o
[ 63%] Building RCCLDEV object src/CMakeFiles/rccl_device_gfx950.dir/__/hipify/gensrc/specialized/specialized_allreduce_tree_ll128_prod_u8_0_0_2.o
[ 63%] Building RCCLDEV object src/CMakeFiles/rccl_device_gfx950.dir/__/hipify/gensrc/specialized/specialized_allreduce_tree_ll128_prod_u8_1_0_2.o
[ 63%] Building RCCLDEV object src/CMakeFiles/rccl_device_gfx950.dir/__/hipify/gensrc/specialized/specialized_allreduce_tree_ll128_prod_u32_0_0_2.o
[ 63%] Building RCCLDEV object src/CMakeFiles/rccl_device_gfx950.dir/__/hipify/gensrc/specialized/specialized_allreduce_tree_ll128_prod_u32_1_0_2.o
[ 63%] Building RCCLDEV object src/CMakeFiles/rccl_device_gfx950.dir/__/hipify/gensrc/specialized/specialized_allreduce_tree_ll128_prod_u64_1_0_2.o
[ 63%] Building RCCLDEV object src/CMakeFiles/rccl_device_gfx950.dir/__/hipify/gensrc/specialized/specialized_allreduce_tree_ll128_prod_u64_0_0_2.o
[ 63%] Building RCCLDEV object src/CMakeFiles/rccl_device_gfx950.dir/__/hipify/gensrc/specialized/specialized_allreduce_tree_ll128_prod_f16_0_0_2.o
[ 63%] Building RCCLDEV object src/CMakeFiles/rccl_device_gfx950.dir/__/hipify/gensrc/specialized/specialized_allreduce_tree_ll128_prod_f16_1_0_2.o
[ 63%] Building RCCLDEV object src/CMakeFiles/rccl_device_gfx950.dir/__/hipify/gensrc/specialized/specialized_allreduce_tree_ll128_prod_f32_0_0_2.o
[ 63%] Building RCCLDEV object src/CMakeFiles/rccl_device_gfx950.dir/__/hipify/gensrc/specialized/specialized_allreduce_tree_ll128_prod_f32_1_0_2.o
[ 63%] Building RCCLDEV object src/CMakeFiles/rccl_device_gfx950.dir/__/hipify/gensrc/specialized/specialized_allreduce_tree_ll128_prod_f64_0_0_2.o
[ 63%] Building RCCLDEV object src/CMakeFiles/rccl_device_gfx950.dir/__/hipify/gensrc/specialized/specialized_allreduce_tree_ll128_prod_f64_1_0_2.o
[ 63%] Building RCCLDEV object src/CMakeFiles/rccl_device_gfx950.dir/__/hipify/gensrc/specialized/specialized_allreduce_tree_ll128_prod_bf16_0_0_2.o
[ 63%] Building RCCLDEV object src/CMakeFiles/rccl_device_gfx950.dir/__/hipify/gensrc/specialized/specialized_allreduce_tree_ll128_prod_bf16_1_0_2.o
[ 63%] Building RCCLDEV object src/CMakeFiles/rccl_device_gfx950.dir/__/hipify/gensrc/specialized/specialized_allreduce_tree_ll128_minmax_u8_0_0_2.o
[ 63%] Building RCCLDEV object src/CMakeFiles/rccl_device_gfx950.dir/__/hipify/gensrc/specialized/specialized_allreduce_tree_ll128_minmax_u32_0_0_2.o
[ 63%] Building RCCLDEV object src/CMakeFiles/rccl_device_gfx950.dir/__/hipify/gensrc/specialized/specialized_allreduce_tree_ll128_minmax_u8_1_0_2.o
[ 63%] Building RCCLDEV object src/CMakeFiles/rccl_device_gfx950.dir/__/hipify/gensrc/specialized/specialized_allreduce_tree_ll128_minmax_u32_1_0_2.o
[ 63%] Building RCCLDEV object src/CMakeFiles/rccl_device_gfx950.dir/__/hipify/gensrc/specialized/specialized_allreduce_tree_ll128_minmax_u64_0_0_2.o
[ 63%] Building RCCLDEV object src/CMakeFiles/rccl_device_gfx950.dir/__/hipify/gensrc/specialized/specialized_allreduce_tree_ll128_minmax_u64_1_0_2.o
[ 63%] Building RCCLDEV object src/CMakeFiles/rccl_device_gfx950.dir/__/hipify/gensrc/specialized/specialized_allreduce_tree_ll128_minmax_f16_0_0_2.o
[ 63%] Building RCCLDEV object src/CMakeFiles/rccl_device_gfx950.dir/__/hipify/gensrc/specialized/specialized_allreduce_tree_ll128_minmax_f16_1_0_2.o
[ 63%] Building RCCLDEV object src/CMakeFiles/rccl_device_gfx950.dir/__/hipify/gensrc/specialized/specialized_allreduce_tree_ll128_minmax_f32_0_0_2.o
[ 63%] Building RCCLDEV object src/CMakeFiles/rccl_device_gfx950.dir/__/hipify/gensrc/specialized/specialized_allreduce_tree_ll128_minmax_f32_1_0_2.o
[ 63%] Building RCCLDEV object src/CMakeFiles/rccl_device_gfx950.dir/__/hipify/gensrc/specialized/specialized_allreduce_tree_ll128_minmax_f64_0_0_2.o
[ 63%] Building RCCLDEV object src/CMakeFiles/rccl_device_gfx950.dir/__/hipify/gensrc/specialized/specialized_allreduce_tree_ll128_minmax_f64_1_0_2.o
[ 63%] Building RCCLDEV object src/CMakeFiles/rccl_device_gfx950.dir/__/hipify/gensrc/specialized/specialized_allreduce_tree_ll128_minmax_bf16_0_0_2.o
[ 63%] Building RCCLDEV object src/CMakeFiles/rccl_device_gfx950.dir/__/hipify/gensrc/specialized/specialized_allreduce_tree_ll128_minmax_bf16_1_0_2.o
[ 63%] Building RCCLDEV object src/CMakeFiles/rccl_device_gfx950.dir/__/hipify/gensrc/specialized/specialized_allreduce_tree_ll128_premulsum_u8_0_0_2.o
[ 65%] Building RCCLDEV object src/CMakeFiles/rccl_device_gfx950.dir/__/hipify/gensrc/specialized/specialized_allreduce_tree_ll128_premulsum_u8_1_0_2.o
[ 65%] Building RCCLDEV object src/CMakeFiles/rccl_device_gfx950.dir/__/hipify/gensrc/specialized/specialized_allreduce_tree_ll128_premulsum_u32_0_0_2.o
[ 65%] Building RCCLDEV object src/CMakeFiles/rccl_device_gfx950.dir/__/hipify/gensrc/specialized/specialized_allreduce_tree_ll128_premulsum_u32_1_0_2.o
[ 65%] Building RCCLDEV object src/CMakeFiles/rccl_device_gfx950.dir/__/hipify/gensrc/specialized/specialized_allreduce_tree_ll128_premulsum_u64_0_0_2.o
[ 65%] Building RCCLDEV object src/CMakeFiles/rccl_device_gfx950.dir/__/hipify/gensrc/specialized/specialized_allreduce_tree_ll128_premulsum_u64_1_0_2.o
[ 65%] Building RCCLDEV object src/CMakeFiles/rccl_device_gfx950.dir/__/hipify/gensrc/specialized/specialized_allreduce_tree_ll128_premulsum_f16_0_0_2.o
[ 65%] Building RCCLDEV object src/CMakeFiles/rccl_device_gfx950.dir/__/hipify/gensrc/specialized/specialized_allreduce_tree_ll128_premulsum_f16_1_0_2.o
[ 65%] Building RCCLDEV object src/CMakeFiles/rccl_device_gfx950.dir/__/hipify/gensrc/specialized/specialized_allreduce_tree_ll128_premulsum_f32_0_0_2.o
[ 65%] Building RCCLDEV object src/CMakeFiles/rccl_device_gfx950.dir/__/hipify/gensrc/specialized/specialized_allreduce_tree_ll128_premulsum_f32_1_0_2.o
[ 65%] Building RCCLDEV object src/CMakeFiles/rccl_device_gfx950.dir/__/hipify/gensrc/specialized/specialized_allreduce_tree_ll128_premulsum_f64_0_0_2.o
[ 65%] Building RCCLDEV object src/CMakeFiles/rccl_device_gfx950.dir/__/hipify/gensrc/specialized/specialized_allreduce_tree_ll128_premulsum_f64_1_0_2.o
[ 65%] Building RCCLDEV object src/CMakeFiles/rccl_device_gfx950.dir/__/hipify/gensrc/specialized/specialized_allreduce_tree_ll128_premulsum_bf16_0_0_2.o
[ 65%] Building RCCLDEV object src/CMakeFiles/rccl_device_gfx950.dir/__/hipify/gensrc/specialized/specialized_allreduce_tree_ll128_premulsum_bf16_1_0_2.o
[ 65%] Building RCCLDEV object src/CMakeFiles/rccl_device_gfx950.dir/__/hipify/gensrc/specialized/specialized_allreduce_tree_ll128_sumpostdiv_u8_0_0_2.o
[ 65%] Building RCCLDEV object src/CMakeFiles/rccl_device_gfx950.dir/__/hipify/gensrc/specialized/specialized_allreduce_tree_ll128_sumpostdiv_u8_1_0_2.o
[ 65%] Building RCCLDEV object src/CMakeFiles/rccl_device_gfx950.dir/__/hipify/gensrc/specialized/specialized_allreduce_tree_ll128_sumpostdiv_u32_0_0_2.o
[ 65%] Building RCCLDEV object src/CMakeFiles/rccl_device_gfx950.dir/__/hipify/gensrc/specialized/specialized_allreduce_tree_ll128_sumpostdiv_u32_1_0_2.o
[ 65%] Building RCCLDEV object src/CMakeFiles/rccl_device_gfx950.dir/__/hipify/gensrc/specialized/specialized_allreduce_tree_ll128_sumpostdiv_u64_0_0_2.o
[ 65%] Building RCCLDEV object src/CMakeFiles/rccl_device_gfx950.dir/__/hipify/gensrc/specialized/specialized_allreduce_tree_ll128_sumpostdiv_u64_1_0_2.o
[ 65%] Building RCCLDEV object src/CMakeFiles/rccl_device_gfx950.dir/__/hipify/gensrc/specialized/specialized_allreduce_tree_ll128_sum_u8_0_0_1.o
[ 65%] Building RCCLDEV object src/CMakeFiles/rccl_device_gfx950.dir/__/hipify/gensrc/specialized/specialized_allreduce_tree_ll128_sum_u8_1_0_1.o
[ 65%] Building RCCLDEV object src/CMakeFiles/rccl_device_gfx950.dir/__/hipify/gensrc/specialized/specialized_allreduce_tree_ll128_sum_u32_0_0_1.o
[ 65%] Building RCCLDEV object src/CMakeFiles/rccl_device_gfx950.dir/__/hipify/gensrc/specialized/specialized_allreduce_tree_ll128_sum_u32_1_0_1.o
[ 65%] Building RCCLDEV object src/CMakeFiles/rccl_device_gfx950.dir/__/hipify/gensrc/specialized/specialized_allreduce_tree_ll128_sum_u64_0_0_1.o
[ 65%] Building RCCLDEV object src/CMakeFiles/rccl_device_gfx950.dir/__/hipify/gensrc/specialized/specialized_allreduce_tree_ll128_sum_u64_1_0_1.o
[ 65%] Building RCCLDEV object src/CMakeFiles/rccl_device_gfx950.dir/__/hipify/gensrc/specialized/specialized_allreduce_tree_ll128_sum_f16_0_0_1.o
[ 65%] Building RCCLDEV object src/CMakeFiles/rccl_device_gfx950.dir/__/hipify/gensrc/specialized/specialized_allreduce_tree_ll128_sum_f16_1_0_1.o
[ 65%] Building RCCLDEV object src/CMakeFiles/rccl_device_gfx950.dir/__/hipify/gensrc/specialized/specialized_allreduce_tree_ll128_sum_f32_0_0_1.o
[ 65%] Building RCCLDEV object src/CMakeFiles/rccl_device_gfx950.dir/__/hipify/gensrc/specialized/specialized_allreduce_tree_ll128_sum_f64_0_0_1.o
[ 65%] Building RCCLDEV object src/CMakeFiles/rccl_device_gfx950.dir/__/hipify/gensrc/specialized/specialized_allreduce_tree_ll128_sum_f32_1_0_1.o
[ 65%] Building RCCLDEV object src/CMakeFiles/rccl_device_gfx950.dir/__/hipify/gensrc/specialized/specialized_allreduce_tree_ll128_sum_f64_1_0_1.o
[ 65%] Building RCCLDEV object src/CMakeFiles/rccl_device_gfx950.dir/__/hipify/gensrc/specialized/specialized_allreduce_tree_ll128_sum_bf16_0_0_1.o
[ 65%] Building RCCLDEV object src/CMakeFiles/rccl_device_gfx950.dir/__/hipify/gensrc/specialized/specialized_allreduce_tree_ll128_sum_bf16_1_0_1.o
[ 65%] Building RCCLDEV object src/CMakeFiles/rccl_device_gfx950.dir/__/hipify/gensrc/specialized/specialized_allreduce_tree_ll128_prod_u8_0_0_1.o
[ 65%] Building RCCLDEV object src/CMakeFiles/rccl_device_gfx950.dir/__/hipify/gensrc/specialized/specialized_allreduce_tree_ll128_prod_u8_1_0_1.o
[ 65%] Building RCCLDEV object src/CMakeFiles/rccl_device_gfx950.dir/__/hipify/gensrc/specialized/specialized_allreduce_tree_ll128_prod_u32_0_0_1.o
[ 65%] Building RCCLDEV object src/CMakeFiles/rccl_device_gfx950.dir/__/hipify/gensrc/specialized/specialized_allreduce_tree_ll128_prod_u32_1_0_1.o
[ 65%] Building RCCLDEV object src/CMakeFiles/rccl_device_gfx950.dir/__/hipify/gensrc/specialized/specialized_allreduce_tree_ll128_prod_u64_1_0_1.o
[ 65%] Building RCCLDEV object src/CMakeFiles/rccl_device_gfx950.dir/__/hipify/gensrc/specialized/specialized_allreduce_tree_ll128_prod_u64_0_0_1.o
[ 65%] Building RCCLDEV object src/CMakeFiles/rccl_device_gfx950.dir/__/hipify/gensrc/specialized/specialized_allreduce_tree_ll128_prod_f16_0_0_1.o
[ 65%] Building RCCLDEV object src/CMakeFiles/rccl_device_gfx950.dir/__/hipify/gensrc/specialized/specialized_allreduce_tree_ll128_prod_f16_1_0_1.o
[ 65%] Building RCCLDEV object src/CMakeFiles/rccl_device_gfx950.dir/__/hipify/gensrc/specialized/specialized_allreduce_tree_ll128_prod_f32_0_0_1.o
[ 65%] Building RCCLDEV object src/CMakeFiles/rccl_device_gfx950.dir/__/hipify/gensrc/specialized/specialized_allreduce_tree_ll128_prod_f32_1_0_1.o
[ 65%] Building RCCLDEV object src/CMakeFiles/rccl_device_gfx950.dir/__/hipify/gensrc/specialized/specialized_allreduce_tree_ll128_prod_f64_0_0_1.o
[ 66%] Building RCCLDEV object src/CMakeFiles/rccl_device_gfx950.dir/__/hipify/gensrc/specialized/specialized_allreduce_tree_ll128_prod_f64_1_0_1.o
[ 66%] Building RCCLDEV object src/CMakeFiles/rccl_device_gfx950.dir/__/hipify/gensrc/specialized/specialized_allreduce_tree_ll128_prod_bf16_0_0_1.o
[ 66%] Building RCCLDEV object src/CMakeFiles/rccl_device_gfx950.dir/__/hipify/gensrc/specialized/specialized_allreduce_tree_ll128_prod_bf16_1_0_1.o
[ 66%] Building RCCLDEV object src/CMakeFiles/rccl_device_gfx950.dir/__/hipify/gensrc/specialized/specialized_allreduce_tree_ll128_minmax_u8_0_0_1.o
[ 66%] Building RCCLDEV object src/CMakeFiles/rccl_device_gfx950.dir/__/hipify/gensrc/specialized/specialized_allreduce_tree_ll128_minmax_u8_1_0_1.o
[ 66%] Building RCCLDEV object src/CMakeFiles/rccl_device_gfx950.dir/__/hipify/gensrc/specialized/specialized_allreduce_tree_ll128_minmax_u32_0_0_1.o
[ 66%] Building RCCLDEV object src/CMakeFiles/rccl_device_gfx950.dir/__/hipify/gensrc/specialized/specialized_allreduce_tree_ll128_minmax_u32_1_0_1.o
[ 66%] Building RCCLDEV object src/CMakeFiles/rccl_device_gfx950.dir/__/hipify/gensrc/specialized/specialized_allreduce_tree_ll128_minmax_u64_0_0_1.o
[ 66%] Building RCCLDEV object src/CMakeFiles/rccl_device_gfx950.dir/__/hipify/gensrc/specialized/specialized_allreduce_tree_ll128_minmax_u64_1_0_1.o
[ 66%] Building RCCLDEV object src/CMakeFiles/rccl_device_gfx950.dir/__/hipify/gensrc/specialized/specialized_allreduce_tree_ll128_minmax_f16_0_0_1.o
[ 66%] Building RCCLDEV object src/CMakeFiles/rccl_device_gfx950.dir/__/hipify/gensrc/specialized/specialized_allreduce_tree_ll128_minmax_f16_1_0_1.o
[ 66%] Building RCCLDEV object src/CMakeFiles/rccl_device_gfx950.dir/__/hipify/gensrc/specialized/specialized_allreduce_tree_ll128_minmax_f32_0_0_1.o
[ 66%] Building RCCLDEV object src/CMakeFiles/rccl_device_gfx950.dir/__/hipify/gensrc/specialized/specialized_allreduce_tree_ll128_minmax_f32_1_0_1.o
[ 66%] Building RCCLDEV object src/CMakeFiles/rccl_device_gfx950.dir/__/hipify/gensrc/specialized/specialized_allreduce_tree_ll128_minmax_f64_0_0_1.o
[ 66%] Building RCCLDEV object src/CMakeFiles/rccl_device_gfx950.dir/__/hipify/gensrc/specialized/specialized_allreduce_tree_ll128_minmax_f64_1_0_1.o
[ 66%] Building RCCLDEV object src/CMakeFiles/rccl_device_gfx950.dir/__/hipify/gensrc/specialized/specialized_allreduce_tree_ll128_minmax_bf16_0_0_1.o
[ 66%] Building RCCLDEV object src/CMakeFiles/rccl_device_gfx950.dir/__/hipify/gensrc/specialized/specialized_allreduce_tree_ll128_minmax_bf16_1_0_1.o
[ 66%] Building RCCLDEV object src/CMakeFiles/rccl_device_gfx950.dir/__/hipify/gensrc/specialized/specialized_allreduce_tree_ll128_premulsum_u8_0_0_1.o
[ 66%] Building RCCLDEV object src/CMakeFiles/rccl_device_gfx950.dir/__/hipify/gensrc/specialized/specialized_allreduce_tree_ll128_premulsum_u8_1_0_1.o
[ 66%] Building RCCLDEV object src/CMakeFiles/rccl_device_gfx950.dir/__/hipify/gensrc/specialized/specialized_allreduce_tree_ll128_premulsum_u32_0_0_1.o
[ 66%] Building RCCLDEV object src/CMakeFiles/rccl_device_gfx950.dir/__/hipify/gensrc/specialized/specialized_allreduce_tree_ll128_premulsum_u32_1_0_1.o
[ 66%] Building RCCLDEV object src/CMakeFiles/rccl_device_gfx950.dir/__/hipify/gensrc/specialized/specialized_allreduce_tree_ll128_premulsum_u64_0_0_1.o
[ 66%] Building RCCLDEV object src/CMakeFiles/rccl_device_gfx950.dir/__/hipify/gensrc/specialized/specialized_allreduce_tree_ll128_premulsum_u64_1_0_1.o
[ 66%] Building RCCLDEV object src/CMakeFiles/rccl_device_gfx950.dir/__/hipify/gensrc/specialized/specialized_allreduce_tree_ll128_premulsum_f16_0_0_1.o
[ 66%] Building RCCLDEV object src/CMakeFiles/rccl_device_gfx950.dir/__/hipify/gensrc/specialized/specialized_allreduce_tree_ll128_premulsum_f16_1_0_1.o
[ 66%] Building RCCLDEV object src/CMakeFiles/rccl_device_gfx950.dir/__/hipify/gensrc/specialized/specialized_allreduce_tree_ll128_premulsum_f32_0_0_1.o
[ 66%] Building RCCLDEV object src/CMakeFiles/rccl_device_gfx950.dir/__/hipify/gensrc/specialized/specialized_allreduce_tree_ll128_premulsum_f32_1_0_1.o
[ 66%] Building RCCLDEV object src/CMakeFiles/rccl_device_gfx950.dir/__/hipify/gensrc/specialized/specialized_allreduce_tree_ll128_premulsum_f64_0_0_1.o
[ 66%] Building RCCLDEV object src/CMakeFiles/rccl_device_gfx950.dir/__/hipify/gensrc/specialized/specialized_allreduce_tree_ll128_premulsum_f64_1_0_1.o
[ 66%] Building RCCLDEV object src/CMakeFiles/rccl_device_gfx950.dir/__/hipify/gensrc/specialized/specialized_allreduce_tree_ll128_premulsum_bf16_0_0_1.o
[ 66%] Building RCCLDEV object src/CMakeFiles/rccl_device_gfx950.dir/__/hipify/gensrc/specialized/specialized_allreduce_tree_ll128_premulsum_bf16_1_0_1.o
[ 66%] Building RCCLDEV object src/CMakeFiles/rccl_device_gfx950.dir/__/hipify/gensrc/specialized/specialized_allreduce_tree_ll128_sumpostdiv_u8_0_0_1.o
[ 66%] Building RCCLDEV object src/CMakeFiles/rccl_device_gfx950.dir/__/hipify/gensrc/specialized/specialized_allreduce_tree_ll128_sumpostdiv_u8_1_0_1.o
[ 66%] Building RCCLDEV object src/CMakeFiles/rccl_device_gfx950.dir/__/hipify/gensrc/specialized/specialized_allreduce_tree_ll128_sumpostdiv_u32_0_0_1.o
[ 66%] Building RCCLDEV object src/CMakeFiles/rccl_device_gfx950.dir/__/hipify/gensrc/specialized/specialized_allreduce_tree_ll128_sumpostdiv_u32_1_0_1.o
[ 66%] Building RCCLDEV object src/CMakeFiles/rccl_device_gfx950.dir/__/hipify/gensrc/specialized/specialized_allreduce_tree_ll128_sumpostdiv_u64_0_0_1.o
[ 66%] Building RCCLDEV object src/CMakeFiles/rccl_device_gfx950.dir/__/hipify/gensrc/specialized/specialized_allreduce_tree_ll128_sumpostdiv_u64_1_0_1.o
[ 66%] Building RCCLDEV object src/CMakeFiles/rccl_device_gfx950.dir/__/hipify/gensrc/specialized/specialized_broadcast_ring_ll128_sum_i8_0_0_2.o
[ 66%] Building RCCLDEV object src/CMakeFiles/rccl_device_gfx950.dir/__/hipify/gensrc/specialized/specialized_reduce_ring_ll128_sum_u8_0_0_2.o
[ 66%] Building RCCLDEV object src/CMakeFiles/rccl_device_gfx950.dir/__/hipify/gensrc/specialized/specialized_reduce_ring_ll128_sum_u32_0_0_2.o
[ 66%] Building RCCLDEV object src/CMakeFiles/rccl_device_gfx950.dir/__/hipify/gensrc/specialized/specialized_reduce_ring_ll128_sum_u64_0_0_2.o
[ 66%] Building RCCLDEV object src/CMakeFiles/rccl_device_gfx950.dir/__/hipify/gensrc/specialized/specialized_reduce_ring_ll128_sum_f16_0_0_2.o
[ 66%] Building RCCLDEV object src/CMakeFiles/rccl_device_gfx950.dir/__/hipify/gensrc/specialized/specialized_reduce_ring_ll128_sum_f32_0_0_2.o
[ 66%] Building RCCLDEV object src/CMakeFiles/rccl_device_gfx950.dir/__/hipify/gensrc/specialized/specialized_reduce_ring_ll128_sum_f64_0_0_2.o
[ 66%] Building RCCLDEV object src/CMakeFiles/rccl_device_gfx950.dir/__/hipify/gensrc/specialized/specialized_reduce_ring_ll128_sum_bf16_0_0_2.o
[ 68%] Building RCCLDEV object src/CMakeFiles/rccl_device_gfx950.dir/__/hipify/gensrc/specialized/specialized_reduce_ring_ll128_prod_u8_0_0_2.o
[ 68%] Building RCCLDEV object src/CMakeFiles/rccl_device_gfx950.dir/__/hipify/gensrc/specialized/specialized_reduce_ring_ll128_prod_u32_0_0_2.o
[ 68%] Building RCCLDEV object src/CMakeFiles/rccl_device_gfx950.dir/__/hipify/gensrc/specialized/specialized_reduce_ring_ll128_prod_u64_0_0_2.o
[ 68%] Building RCCLDEV object src/CMakeFiles/rccl_device_gfx950.dir/__/hipify/gensrc/specialized/specialized_reduce_ring_ll128_prod_f16_0_0_2.o
[ 68%] Building RCCLDEV object src/CMakeFiles/rccl_device_gfx950.dir/__/hipify/gensrc/specialized/specialized_reduce_ring_ll128_prod_f32_0_0_2.o
[ 68%] Building RCCLDEV object src/CMakeFiles/rccl_device_gfx950.dir/__/hipify/gensrc/specialized/specialized_reduce_ring_ll128_prod_f64_0_0_2.o
[ 68%] Building RCCLDEV object src/CMakeFiles/rccl_device_gfx950.dir/__/hipify/gensrc/specialized/specialized_reduce_ring_ll128_prod_bf16_0_0_2.o
[ 68%] Building RCCLDEV object src/CMakeFiles/rccl_device_gfx950.dir/__/hipify/gensrc/specialized/specialized_reduce_ring_ll128_minmax_u8_0_0_2.o
[ 68%] Building RCCLDEV object src/CMakeFiles/rccl_device_gfx950.dir/__/hipify/gensrc/specialized/specialized_reduce_ring_ll128_minmax_u32_0_0_2.o
[ 68%] Building RCCLDEV object src/CMakeFiles/rccl_device_gfx950.dir/__/hipify/gensrc/specialized/specialized_reduce_ring_ll128_minmax_u64_0_0_2.o
[ 68%] Building RCCLDEV object src/CMakeFiles/rccl_device_gfx950.dir/__/hipify/gensrc/specialized/specialized_reduce_ring_ll128_minmax_f16_0_0_2.o
[ 68%] Building RCCLDEV object src/CMakeFiles/rccl_device_gfx950.dir/__/hipify/gensrc/specialized/specialized_reduce_ring_ll128_minmax_f32_0_0_2.o
[ 68%] Building RCCLDEV object src/CMakeFiles/rccl_device_gfx950.dir/__/hipify/gensrc/specialized/specialized_reduce_ring_ll128_minmax_f64_0_0_2.o
[ 68%] Building RCCLDEV object src/CMakeFiles/rccl_device_gfx950.dir/__/hipify/gensrc/specialized/specialized_reduce_ring_ll128_minmax_bf16_0_0_2.o
[ 68%] Building RCCLDEV object src/CMakeFiles/rccl_device_gfx950.dir/__/hipify/gensrc/specialized/specialized_reduce_ring_ll128_premulsum_u8_0_0_2.o
[ 68%] Building RCCLDEV object src/CMakeFiles/rccl_device_gfx950.dir/__/hipify/gensrc/specialized/specialized_reduce_ring_ll128_premulsum_u32_0_0_2.o
[ 68%] Building RCCLDEV object src/CMakeFiles/rccl_device_gfx950.dir/__/hipify/gensrc/specialized/specialized_reduce_ring_ll128_premulsum_u64_0_0_2.o
[ 68%] Building RCCLDEV object src/CMakeFiles/rccl_device_gfx950.dir/__/hipify/gensrc/specialized/specialized_reduce_ring_ll128_premulsum_f16_0_0_2.o
[ 68%] Building RCCLDEV object src/CMakeFiles/rccl_device_gfx950.dir/__/hipify/gensrc/specialized/specialized_reduce_ring_ll128_premulsum_f32_0_0_2.o
[ 68%] Building RCCLDEV object src/CMakeFiles/rccl_device_gfx950.dir/__/hipify/gensrc/specialized/specialized_reduce_ring_ll128_premulsum_f64_0_0_2.o
[ 68%] Building RCCLDEV object src/CMakeFiles/rccl_device_gfx950.dir/__/hipify/gensrc/specialized/specialized_reduce_ring_ll128_premulsum_bf16_0_0_2.o
[ 68%] Building RCCLDEV object src/CMakeFiles/rccl_device_gfx950.dir/__/hipify/gensrc/specialized/specialized_reduce_ring_ll128_sumpostdiv_u8_0_0_2.o
[ 68%] Building RCCLDEV object src/CMakeFiles/rccl_device_gfx950.dir/__/hipify/gensrc/specialized/specialized_reduce_ring_ll128_sumpostdiv_u32_0_0_2.o
[ 68%] Building RCCLDEV object src/CMakeFiles/rccl_device_gfx950.dir/__/hipify/gensrc/specialized/specialized_reduce_ring_ll128_sumpostdiv_u64_0_0_2.o
[ 68%] Building RCCLDEV object src/CMakeFiles/rccl_device_gfx950.dir/__/hipify/gensrc/specialized/specialized_allgather_ring_ll128_sum_i8_0_0_2.o
[ 68%] Building RCCLDEV object src/CMakeFiles/rccl_device_gfx950.dir/__/hipify/gensrc/specialized/specialized_reducescatter_ring_ll128_sum_u8_0_0_2.o
[ 68%] Building RCCLDEV object src/CMakeFiles/rccl_device_gfx950.dir/__/hipify/gensrc/specialized/specialized_reducescatter_ring_ll128_sum_u32_0_0_2.o
[ 68%] Building RCCLDEV object src/CMakeFiles/rccl_device_gfx950.dir/__/hipify/gensrc/specialized/specialized_reducescatter_ring_ll128_sum_u64_0_0_2.o
[ 68%] Building RCCLDEV object src/CMakeFiles/rccl_device_gfx950.dir/__/hipify/gensrc/specialized/specialized_reducescatter_ring_ll128_sum_f16_0_0_2.o
[ 68%] Building RCCLDEV object src/CMakeFiles/rccl_device_gfx950.dir/__/hipify/gensrc/specialized/specialized_reducescatter_ring_ll128_sum_f32_0_0_2.o
[ 68%] Building RCCLDEV object src/CMakeFiles/rccl_device_gfx950.dir/__/hipify/gensrc/specialized/specialized_reducescatter_ring_ll128_sum_f64_0_0_2.o
[ 68%] Building RCCLDEV object src/CMakeFiles/rccl_device_gfx950.dir/__/hipify/gensrc/specialized/specialized_reducescatter_ring_ll128_sum_bf16_0_0_2.o
[ 68%] Building RCCLDEV object src/CMakeFiles/rccl_device_gfx950.dir/__/hipify/gensrc/specialized/specialized_reducescatter_ring_ll128_prod_u8_0_0_2.o
[ 68%] Building RCCLDEV object src/CMakeFiles/rccl_device_gfx950.dir/__/hipify/gensrc/specialized/specialized_reducescatter_ring_ll128_prod_u64_0_0_2.o
[ 68%] Building RCCLDEV object src/CMakeFiles/rccl_device_gfx950.dir/__/hipify/gensrc/specialized/specialized_reducescatter_ring_ll128_prod_u32_0_0_2.o
[ 68%] Building RCCLDEV object src/CMakeFiles/rccl_device_gfx950.dir/__/hipify/gensrc/specialized/specialized_reducescatter_ring_ll128_prod_f16_0_0_2.o
[ 68%] Building RCCLDEV object src/CMakeFiles/rccl_device_gfx950.dir/__/hipify/gensrc/specialized/specialized_reducescatter_ring_ll128_prod_f32_0_0_2.o
[ 68%] Building RCCLDEV object src/CMakeFiles/rccl_device_gfx950.dir/__/hipify/gensrc/specialized/specialized_reducescatter_ring_ll128_prod_f64_0_0_2.o
[ 68%] Building RCCLDEV object src/CMakeFiles/rccl_device_gfx950.dir/__/hipify/gensrc/specialized/specialized_reducescatter_ring_ll128_prod_bf16_0_0_2.o
[ 68%] Building RCCLDEV object src/CMakeFiles/rccl_device_gfx950.dir/__/hipify/gensrc/specialized/specialized_reducescatter_ring_ll128_minmax_u8_0_0_2.o
[ 68%] Building RCCLDEV object src/CMakeFiles/rccl_device_gfx950.dir/__/hipify/gensrc/specialized/specialized_reducescatter_ring_ll128_minmax_u32_0_0_2.o
[ 68%] Building RCCLDEV object src/CMakeFiles/rccl_device_gfx950.dir/__/hipify/gensrc/specialized/specialized_reducescatter_ring_ll128_minmax_f16_0_0_2.o
[ 68%] Building RCCLDEV object src/CMakeFiles/rccl_device_gfx950.dir/__/hipify/gensrc/specialized/specialized_reducescatter_ring_ll128_minmax_u64_0_0_2.o
[ 68%] Building RCCLDEV object src/CMakeFiles/rccl_device_gfx950.dir/__/hipify/gensrc/specialized/specialized_reducescatter_ring_ll128_minmax_f32_0_0_2.o
[ 69%] Building RCCLDEV object src/CMakeFiles/rccl_device_gfx950.dir/__/hipify/gensrc/specialized/specialized_reducescatter_ring_ll128_minmax_f64_0_0_2.o
[ 69%] Building RCCLDEV object src/CMakeFiles/rccl_device_gfx950.dir/__/hipify/gensrc/specialized/specialized_reducescatter_ring_ll128_minmax_bf16_0_0_2.o
[ 69%] Building RCCLDEV object src/CMakeFiles/rccl_device_gfx950.dir/__/hipify/gensrc/specialized/specialized_reducescatter_ring_ll128_premulsum_u8_0_0_2.o
[ 69%] Building RCCLDEV object src/CMakeFiles/rccl_device_gfx950.dir/__/hipify/gensrc/specialized/specialized_reducescatter_ring_ll128_premulsum_u32_0_0_2.o
[ 69%] Building RCCLDEV object src/CMakeFiles/rccl_device_gfx950.dir/__/hipify/gensrc/specialized/specialized_reducescatter_ring_ll128_premulsum_u64_0_0_2.o
[ 69%] Building RCCLDEV object src/CMakeFiles/rccl_device_gfx950.dir/__/hipify/gensrc/specialized/specialized_reducescatter_ring_ll128_premulsum_f16_0_0_2.o
[ 69%] Building RCCLDEV object src/CMakeFiles/rccl_device_gfx950.dir/__/hipify/gensrc/specialized/specialized_reducescatter_ring_ll128_premulsum_f32_0_0_2.o
[ 69%] Building RCCLDEV object src/CMakeFiles/rccl_device_gfx950.dir/__/hipify/gensrc/specialized/specialized_reducescatter_ring_ll128_premulsum_f64_0_0_2.o
[ 69%] Building RCCLDEV object src/CMakeFiles/rccl_device_gfx950.dir/__/hipify/gensrc/specialized/specialized_reducescatter_ring_ll128_premulsum_bf16_0_0_2.o
[ 69%] Building RCCLDEV object src/CMakeFiles/rccl_device_gfx950.dir/__/hipify/gensrc/specialized/specialized_reducescatter_ring_ll128_sumpostdiv_u8_0_0_2.o
[ 69%] Building RCCLDEV object src/CMakeFiles/rccl_device_gfx950.dir/__/hipify/gensrc/specialized/specialized_reducescatter_ring_ll128_sumpostdiv_u32_0_0_2.o
[ 69%] Building RCCLDEV object src/CMakeFiles/rccl_device_gfx950.dir/__/hipify/gensrc/specialized/specialized_reducescatter_ring_ll128_sumpostdiv_u64_0_0_2.o
[ 69%] Building RCCLDEV object src/CMakeFiles/rccl_device_gfx950.dir/__/hipify/gensrc/specialized/specialized_allreduce_ring_ll128_sum_u8_0_0_2.o
[ 69%] Building RCCLDEV object src/CMakeFiles/rccl_device_gfx950.dir/__/hipify/gensrc/specialized/specialized_allreduce_ring_ll128_sum_u8_1_0_2.o
[ 69%] Building RCCLDEV object src/CMakeFiles/rccl_device_gfx950.dir/__/hipify/gensrc/specialized/specialized_allreduce_ring_ll128_sum_u32_0_0_2.o
[ 69%] Building RCCLDEV object src/CMakeFiles/rccl_device_gfx950.dir/__/hipify/gensrc/specialized/specialized_allreduce_ring_ll128_sum_u32_1_0_2.o
[ 69%] Building RCCLDEV object src/CMakeFiles/rccl_device_gfx950.dir/__/hipify/gensrc/specialized/specialized_allreduce_ring_ll128_sum_u64_0_0_2.o
[ 69%] Building RCCLDEV object src/CMakeFiles/rccl_device_gfx950.dir/__/hipify/gensrc/specialized/specialized_allreduce_ring_ll128_sum_u64_1_0_2.o
[ 69%] Building RCCLDEV object src/CMakeFiles/rccl_device_gfx950.dir/__/hipify/gensrc/specialized/specialized_allreduce_ring_ll128_sum_f16_0_0_2.o
[ 69%] Building RCCLDEV object src/CMakeFiles/rccl_device_gfx950.dir/__/hipify/gensrc/specialized/specialized_allreduce_ring_ll128_sum_f16_1_0_2.o
[ 69%] Building RCCLDEV object src/CMakeFiles/rccl_device_gfx950.dir/__/hipify/gensrc/specialized/specialized_allreduce_ring_ll128_sum_f32_0_0_2.o
[ 69%] Building RCCLDEV object src/CMakeFiles/rccl_device_gfx950.dir/__/hipify/gensrc/specialized/specialized_allreduce_ring_ll128_sum_f32_1_0_2.o
[ 69%] Building RCCLDEV object src/CMakeFiles/rccl_device_gfx950.dir/__/hipify/gensrc/specialized/specialized_allreduce_ring_ll128_sum_f64_0_0_2.o
[ 69%] Building RCCLDEV object src/CMakeFiles/rccl_device_gfx950.dir/__/hipify/gensrc/specialized/specialized_allreduce_ring_ll128_sum_f64_1_0_2.o
[ 69%] Building RCCLDEV object src/CMakeFiles/rccl_device_gfx950.dir/__/hipify/gensrc/specialized/specialized_allreduce_ring_ll128_sum_bf16_0_0_2.o
[ 69%] Building RCCLDEV object src/CMakeFiles/rccl_device_gfx950.dir/__/hipify/gensrc/specialized/specialized_allreduce_ring_ll128_sum_bf16_1_0_2.o
[ 69%] Building RCCLDEV object src/CMakeFiles/rccl_device_gfx950.dir/__/hipify/gensrc/specialized/specialized_allreduce_ring_ll128_prod_u8_0_0_2.o
[ 69%] Building RCCLDEV object src/CMakeFiles/rccl_device_gfx950.dir/__/hipify/gensrc/specialized/specialized_allreduce_ring_ll128_prod_u8_1_0_2.o
[ 69%] Building RCCLDEV object src/CMakeFiles/rccl_device_gfx950.dir/__/hipify/gensrc/specialized/specialized_allreduce_ring_ll128_prod_u32_0_0_2.o
[ 69%] Building RCCLDEV object src/CMakeFiles/rccl_device_gfx950.dir/__/hipify/gensrc/specialized/specialized_allreduce_ring_ll128_prod_u32_1_0_2.o
[ 69%] Building RCCLDEV object src/CMakeFiles/rccl_device_gfx950.dir/__/hipify/gensrc/specialized/specialized_allreduce_ring_ll128_prod_u64_0_0_2.o
[ 69%] Building RCCLDEV object src/CMakeFiles/rccl_device_gfx950.dir/__/hipify/gensrc/specialized/specialized_allreduce_ring_ll128_prod_u64_1_0_2.o
[ 69%] Building RCCLDEV object src/CMakeFiles/rccl_device_gfx950.dir/__/hipify/gensrc/specialized/specialized_allreduce_ring_ll128_prod_f16_0_0_2.o
[ 69%] Building RCCLDEV object src/CMakeFiles/rccl_device_gfx950.dir/__/hipify/gensrc/specialized/specialized_allreduce_ring_ll128_prod_f16_1_0_2.o
[ 69%] Building RCCLDEV object src/CMakeFiles/rccl_device_gfx950.dir/__/hipify/gensrc/specialized/specialized_allreduce_ring_ll128_prod_f32_0_0_2.o
[ 69%] Building RCCLDEV object src/CMakeFiles/rccl_device_gfx950.dir/__/hipify/gensrc/specialized/specialized_allreduce_ring_ll128_prod_f32_1_0_2.o
[ 69%] Building RCCLDEV object src/CMakeFiles/rccl_device_gfx950.dir/__/hipify/gensrc/specialized/specialized_allreduce_ring_ll128_prod_f64_0_0_2.o
[ 69%] Building RCCLDEV object src/CMakeFiles/rccl_device_gfx950.dir/__/hipify/gensrc/specialized/specialized_allreduce_ring_ll128_prod_f64_1_0_2.o
[ 69%] Building RCCLDEV object src/CMakeFiles/rccl_device_gfx950.dir/__/hipify/gensrc/specialized/specialized_allreduce_ring_ll128_prod_bf16_0_0_2.o
[ 69%] Building RCCLDEV object src/CMakeFiles/rccl_device_gfx950.dir/__/hipify/gensrc/specialized/specialized_allreduce_ring_ll128_prod_bf16_1_0_2.o
[ 69%] Building RCCLDEV object src/CMakeFiles/rccl_device_gfx950.dir/__/hipify/gensrc/specialized/specialized_allreduce_ring_ll128_minmax_u8_0_0_2.o
[ 69%] Building RCCLDEV object src/CMakeFiles/rccl_device_gfx950.dir/__/hipify/gensrc/specialized/specialized_allreduce_ring_ll128_minmax_u8_1_0_2.o
[ 69%] Building RCCLDEV object src/CMakeFiles/rccl_device_gfx950.dir/__/hipify/gensrc/specialized/specialized_allreduce_ring_ll128_minmax_u32_0_0_2.o
[ 69%] Building RCCLDEV object src/CMakeFiles/rccl_device_gfx950.dir/__/hipify/gensrc/specialized/specialized_allreduce_ring_ll128_minmax_u32_1_0_2.o
[ 69%] Building RCCLDEV object src/CMakeFiles/rccl_device_gfx950.dir/__/hipify/gensrc/specialized/specialized_allreduce_ring_ll128_minmax_u64_0_0_2.o
[ 71%] Building RCCLDEV object src/CMakeFiles/rccl_device_gfx950.dir/__/hipify/gensrc/specialized/specialized_allreduce_ring_ll128_minmax_u64_1_0_2.o
[ 71%] Building RCCLDEV object src/CMakeFiles/rccl_device_gfx950.dir/__/hipify/gensrc/specialized/specialized_allreduce_ring_ll128_minmax_f16_0_0_2.o
[ 71%] Building RCCLDEV object src/CMakeFiles/rccl_device_gfx950.dir/__/hipify/gensrc/specialized/specialized_allreduce_ring_ll128_minmax_f16_1_0_2.o
[ 71%] Building RCCLDEV object src/CMakeFiles/rccl_device_gfx950.dir/__/hipify/gensrc/specialized/specialized_allreduce_ring_ll128_minmax_f32_0_0_2.o
[ 71%] Building RCCLDEV object src/CMakeFiles/rccl_device_gfx950.dir/__/hipify/gensrc/specialized/specialized_allreduce_ring_ll128_minmax_f32_1_0_2.o
[ 71%] Building RCCLDEV object src/CMakeFiles/rccl_device_gfx950.dir/__/hipify/gensrc/specialized/specialized_allreduce_ring_ll128_minmax_f64_0_0_2.o
[ 71%] Building RCCLDEV object src/CMakeFiles/rccl_device_gfx950.dir/__/hipify/gensrc/specialized/specialized_allreduce_ring_ll128_minmax_f64_1_0_2.o
[ 71%] Building RCCLDEV object src/CMakeFiles/rccl_device_gfx950.dir/__/hipify/gensrc/specialized/specialized_allreduce_ring_ll128_minmax_bf16_0_0_2.o
[ 71%] Building RCCLDEV object src/CMakeFiles/rccl_device_gfx950.dir/__/hipify/gensrc/specialized/specialized_allreduce_ring_ll128_minmax_bf16_1_0_2.o
[ 71%] Building RCCLDEV object src/CMakeFiles/rccl_device_gfx950.dir/__/hipify/gensrc/specialized/specialized_allreduce_ring_ll128_premulsum_u8_0_0_2.o
[ 71%] Building RCCLDEV object src/CMakeFiles/rccl_device_gfx950.dir/__/hipify/gensrc/specialized/specialized_allreduce_ring_ll128_premulsum_u8_1_0_2.o
[ 71%] Building RCCLDEV object src/CMakeFiles/rccl_device_gfx950.dir/__/hipify/gensrc/specialized/specialized_allreduce_ring_ll128_premulsum_u32_1_0_2.o
[ 71%] Building RCCLDEV object src/CMakeFiles/rccl_device_gfx950.dir/__/hipify/gensrc/specialized/specialized_allreduce_ring_ll128_premulsum_u32_0_0_2.o
[ 71%] Building RCCLDEV object src/CMakeFiles/rccl_device_gfx950.dir/__/hipify/gensrc/specialized/specialized_allreduce_ring_ll128_premulsum_u64_0_0_2.o
[ 71%] Building RCCLDEV object src/CMakeFiles/rccl_device_gfx950.dir/__/hipify/gensrc/specialized/specialized_allreduce_ring_ll128_premulsum_u64_1_0_2.o
[ 71%] Building RCCLDEV object src/CMakeFiles/rccl_device_gfx950.dir/__/hipify/gensrc/specialized/specialized_allreduce_ring_ll128_premulsum_f16_0_0_2.o
[ 71%] Building RCCLDEV object src/CMakeFiles/rccl_device_gfx950.dir/__/hipify/gensrc/specialized/specialized_allreduce_ring_ll128_premulsum_f16_1_0_2.o
[ 71%] Building RCCLDEV object src/CMakeFiles/rccl_device_gfx950.dir/__/hipify/gensrc/specialized/specialized_allreduce_ring_ll128_premulsum_f32_0_0_2.o
[ 71%] Building RCCLDEV object src/CMakeFiles/rccl_device_gfx950.dir/__/hipify/gensrc/specialized/specialized_allreduce_ring_ll128_premulsum_f32_1_0_2.o
[ 71%] Building RCCLDEV object src/CMakeFiles/rccl_device_gfx950.dir/__/hipify/gensrc/specialized/specialized_allreduce_ring_ll128_premulsum_f64_0_0_2.o
[ 71%] Building RCCLDEV object src/CMakeFiles/rccl_device_gfx950.dir/__/hipify/gensrc/specialized/specialized_allreduce_ring_ll128_premulsum_f64_1_0_2.o
[ 71%] Building RCCLDEV object src/CMakeFiles/rccl_device_gfx950.dir/__/hipify/gensrc/specialized/specialized_allreduce_ring_ll128_premulsum_bf16_0_0_2.o
[ 71%] Building RCCLDEV object src/CMakeFiles/rccl_device_gfx950.dir/__/hipify/gensrc/specialized/specialized_allreduce_ring_ll128_premulsum_bf16_1_0_2.o
[ 71%] Building RCCLDEV object src/CMakeFiles/rccl_device_gfx950.dir/__/hipify/gensrc/specialized/specialized_allreduce_ring_ll128_sumpostdiv_u8_0_0_2.o
[ 71%] Building RCCLDEV object src/CMakeFiles/rccl_device_gfx950.dir/__/hipify/gensrc/specialized/specialized_allreduce_ring_ll128_sumpostdiv_u8_1_0_2.o
[ 71%] Building RCCLDEV object src/CMakeFiles/rccl_device_gfx950.dir/__/hipify/gensrc/specialized/specialized_allreduce_ring_ll128_sumpostdiv_u32_1_0_2.o
[ 71%] Building RCCLDEV object src/CMakeFiles/rccl_device_gfx950.dir/__/hipify/gensrc/specialized/specialized_allreduce_ring_ll128_sumpostdiv_u32_0_0_2.o
[ 71%] Building RCCLDEV object src/CMakeFiles/rccl_device_gfx950.dir/__/hipify/gensrc/specialized/specialized_allreduce_ring_ll128_sumpostdiv_u64_0_0_2.o
[ 71%] Building RCCLDEV object src/CMakeFiles/rccl_device_gfx950.dir/__/hipify/gensrc/specialized/specialized_allreduce_ring_ll128_sumpostdiv_u64_1_0_2.o
[ 71%] Building RCCLDEV object src/CMakeFiles/rccl_device_gfx950.dir/__/hipify/gensrc/specialized/specialized_broadcast_ring_ll128_sum_i8_0_0_1.o
[ 71%] Building RCCLDEV object src/CMakeFiles/rccl_device_gfx950.dir/__/hipify/gensrc/specialized/specialized_reduce_ring_ll128_sum_u8_0_0_1.o
[ 71%] Building RCCLDEV object src/CMakeFiles/rccl_device_gfx950.dir/__/hipify/gensrc/specialized/specialized_reduce_ring_ll128_sum_u32_0_0_1.o
[ 71%] Building RCCLDEV object src/CMakeFiles/rccl_device_gfx950.dir/__/hipify/gensrc/specialized/specialized_reduce_ring_ll128_sum_u64_0_0_1.o
[ 71%] Building RCCLDEV object src/CMakeFiles/rccl_device_gfx950.dir/__/hipify/gensrc/specialized/specialized_reduce_ring_ll128_sum_f16_0_0_1.o
[ 71%] Building RCCLDEV object src/CMakeFiles/rccl_device_gfx950.dir/__/hipify/gensrc/specialized/specialized_reduce_ring_ll128_sum_f32_0_0_1.o
[ 71%] Building RCCLDEV object src/CMakeFiles/rccl_device_gfx950.dir/__/hipify/gensrc/specialized/specialized_reduce_ring_ll128_sum_f64_0_0_1.o
[ 71%] Building RCCLDEV object src/CMakeFiles/rccl_device_gfx950.dir/__/hipify/gensrc/specialized/specialized_reduce_ring_ll128_sum_bf16_0_0_1.o
[ 71%] Building RCCLDEV object src/CMakeFiles/rccl_device_gfx950.dir/__/hipify/gensrc/specialized/specialized_reduce_ring_ll128_prod_u8_0_0_1.o
[ 71%] Building RCCLDEV object src/CMakeFiles/rccl_device_gfx950.dir/__/hipify/gensrc/specialized/specialized_reduce_ring_ll128_prod_u32_0_0_1.o
[ 71%] Building RCCLDEV object src/CMakeFiles/rccl_device_gfx950.dir/__/hipify/gensrc/specialized/specialized_reduce_ring_ll128_prod_u64_0_0_1.o
[ 71%] Building RCCLDEV object src/CMakeFiles/rccl_device_gfx950.dir/__/hipify/gensrc/specialized/specialized_reduce_ring_ll128_prod_f16_0_0_1.o
[ 71%] Building RCCLDEV object src/CMakeFiles/rccl_device_gfx950.dir/__/hipify/gensrc/specialized/specialized_reduce_ring_ll128_prod_f32_0_0_1.o
[ 71%] Building RCCLDEV object src/CMakeFiles/rccl_device_gfx950.dir/__/hipify/gensrc/specialized/specialized_reduce_ring_ll128_prod_f64_0_0_1.o
[ 71%] Building RCCLDEV object src/CMakeFiles/rccl_device_gfx950.dir/__/hipify/gensrc/specialized/specialized_reduce_ring_ll128_prod_bf16_0_0_1.o
[ 71%] Building RCCLDEV object src/CMakeFiles/rccl_device_gfx950.dir/__/hipify/gensrc/specialized/specialized_reduce_ring_ll128_minmax_u32_0_0_1.o
[ 73%] Building RCCLDEV object src/CMakeFiles/rccl_device_gfx950.dir/__/hipify/gensrc/specialized/specialized_reduce_ring_ll128_minmax_u8_0_0_1.o
[ 73%] Building RCCLDEV object src/CMakeFiles/rccl_device_gfx950.dir/__/hipify/gensrc/specialized/specialized_reduce_ring_ll128_minmax_u64_0_0_1.o
[ 73%] Building RCCLDEV object src/CMakeFiles/rccl_device_gfx950.dir/__/hipify/gensrc/specialized/specialized_reduce_ring_ll128_minmax_f16_0_0_1.o
[ 73%] Building RCCLDEV object src/CMakeFiles/rccl_device_gfx950.dir/__/hipify/gensrc/specialized/specialized_reduce_ring_ll128_minmax_f32_0_0_1.o
[ 73%] Building RCCLDEV object src/CMakeFiles/rccl_device_gfx950.dir/__/hipify/gensrc/specialized/specialized_reduce_ring_ll128_minmax_f64_0_0_1.o
[ 73%] Building RCCLDEV object src/CMakeFiles/rccl_device_gfx950.dir/__/hipify/gensrc/specialized/specialized_reduce_ring_ll128_minmax_bf16_0_0_1.o
[ 73%] Building RCCLDEV object src/CMakeFiles/rccl_device_gfx950.dir/__/hipify/gensrc/specialized/specialized_reduce_ring_ll128_premulsum_u8_0_0_1.o
[ 73%] Building RCCLDEV object src/CMakeFiles/rccl_device_gfx950.dir/__/hipify/gensrc/specialized/specialized_reduce_ring_ll128_premulsum_u32_0_0_1.o
[ 73%] Building RCCLDEV object src/CMakeFiles/rccl_device_gfx950.dir/__/hipify/gensrc/specialized/specialized_reduce_ring_ll128_premulsum_u64_0_0_1.o
[ 73%] Building RCCLDEV object src/CMakeFiles/rccl_device_gfx950.dir/__/hipify/gensrc/specialized/specialized_reduce_ring_ll128_premulsum_f16_0_0_1.o
[ 73%] Building RCCLDEV object src/CMakeFiles/rccl_device_gfx950.dir/__/hipify/gensrc/specialized/specialized_reduce_ring_ll128_premulsum_f32_0_0_1.o
[ 73%] Building RCCLDEV object src/CMakeFiles/rccl_device_gfx950.dir/__/hipify/gensrc/specialized/specialized_reduce_ring_ll128_premulsum_f64_0_0_1.o
[ 73%] Building RCCLDEV object src/CMakeFiles/rccl_device_gfx950.dir/__/hipify/gensrc/specialized/specialized_reduce_ring_ll128_premulsum_bf16_0_0_1.o
[ 73%] Building RCCLDEV object src/CMakeFiles/rccl_device_gfx950.dir/__/hipify/gensrc/specialized/specialized_reduce_ring_ll128_sumpostdiv_u8_0_0_1.o
[ 73%] Building RCCLDEV object src/CMakeFiles/rccl_device_gfx950.dir/__/hipify/gensrc/specialized/specialized_reduce_ring_ll128_sumpostdiv_u32_0_0_1.o
[ 73%] Building RCCLDEV object src/CMakeFiles/rccl_device_gfx950.dir/__/hipify/gensrc/specialized/specialized_reduce_ring_ll128_sumpostdiv_u64_0_0_1.o
[ 73%] Building RCCLDEV object src/CMakeFiles/rccl_device_gfx950.dir/__/hipify/gensrc/specialized/specialized_allgather_ring_ll128_sum_i8_0_0_1.o
[ 73%] Building RCCLDEV object src/CMakeFiles/rccl_device_gfx950.dir/__/hipify/gensrc/specialized/specialized_reducescatter_ring_ll128_sum_u8_0_0_1.o
[ 73%] Building RCCLDEV object src/CMakeFiles/rccl_device_gfx950.dir/__/hipify/gensrc/specialized/specialized_reducescatter_ring_ll128_sum_u32_0_0_1.o
[ 73%] Building RCCLDEV object src/CMakeFiles/rccl_device_gfx950.dir/__/hipify/gensrc/specialized/specialized_reducescatter_ring_ll128_sum_u64_0_0_1.o
[ 73%] Building RCCLDEV object src/CMakeFiles/rccl_device_gfx950.dir/__/hipify/gensrc/specialized/specialized_reducescatter_ring_ll128_sum_f16_0_0_1.o
[ 73%] Building RCCLDEV object src/CMakeFiles/rccl_device_gfx950.dir/__/hipify/gensrc/specialized/specialized_reducescatter_ring_ll128_sum_f32_0_0_1.o
[ 73%] Building RCCLDEV object src/CMakeFiles/rccl_device_gfx950.dir/__/hipify/gensrc/specialized/specialized_reducescatter_ring_ll128_sum_f64_0_0_1.o
[ 73%] Building RCCLDEV object src/CMakeFiles/rccl_device_gfx950.dir/__/hipify/gensrc/specialized/specialized_reducescatter_ring_ll128_sum_bf16_0_0_1.o
[ 73%] Building RCCLDEV object src/CMakeFiles/rccl_device_gfx950.dir/__/hipify/gensrc/specialized/specialized_reducescatter_ring_ll128_prod_u8_0_0_1.o
[ 73%] Building RCCLDEV object src/CMakeFiles/rccl_device_gfx950.dir/__/hipify/gensrc/specialized/specialized_reducescatter_ring_ll128_prod_u32_0_0_1.o
[ 73%] Building RCCLDEV object src/CMakeFiles/rccl_device_gfx950.dir/__/hipify/gensrc/specialized/specialized_reducescatter_ring_ll128_prod_u64_0_0_1.o
[ 73%] Building RCCLDEV object src/CMakeFiles/rccl_device_gfx950.dir/__/hipify/gensrc/specialized/specialized_reducescatter_ring_ll128_prod_f16_0_0_1.o
[ 73%] Building RCCLDEV object src/CMakeFiles/rccl_device_gfx950.dir/__/hipify/gensrc/specialized/specialized_reducescatter_ring_ll128_prod_f32_0_0_1.o
[ 73%] Building RCCLDEV object src/CMakeFiles/rccl_device_gfx950.dir/__/hipify/gensrc/specialized/specialized_reducescatter_ring_ll128_prod_f64_0_0_1.o
[ 73%] Building RCCLDEV object src/CMakeFiles/rccl_device_gfx950.dir/__/hipify/gensrc/specialized/specialized_reducescatter_ring_ll128_prod_bf16_0_0_1.o
[ 73%] Building RCCLDEV object src/CMakeFiles/rccl_device_gfx950.dir/__/hipify/gensrc/specialized/specialized_reducescatter_ring_ll128_minmax_u8_0_0_1.o
[ 73%] Building RCCLDEV object src/CMakeFiles/rccl_device_gfx950.dir/__/hipify/gensrc/specialized/specialized_reducescatter_ring_ll128_minmax_u32_0_0_1.o
[ 73%] Building RCCLDEV object src/CMakeFiles/rccl_device_gfx950.dir/__/hipify/gensrc/specialized/specialized_reducescatter_ring_ll128_minmax_u64_0_0_1.o
[ 73%] Building RCCLDEV object src/CMakeFiles/rccl_device_gfx950.dir/__/hipify/gensrc/specialized/specialized_reducescatter_ring_ll128_minmax_f16_0_0_1.o
[ 73%] Building RCCLDEV object src/CMakeFiles/rccl_device_gfx950.dir/__/hipify/gensrc/specialized/specialized_reducescatter_ring_ll128_minmax_f32_0_0_1.o
[ 73%] Building RCCLDEV object src/CMakeFiles/rccl_device_gfx950.dir/__/hipify/gensrc/specialized/specialized_reducescatter_ring_ll128_minmax_f64_0_0_1.o
[ 73%] Building RCCLDEV object src/CMakeFiles/rccl_device_gfx950.dir/__/hipify/gensrc/specialized/specialized_reducescatter_ring_ll128_minmax_bf16_0_0_1.o
[ 73%] Building RCCLDEV object src/CMakeFiles/rccl_device_gfx950.dir/__/hipify/gensrc/specialized/specialized_reducescatter_ring_ll128_premulsum_u8_0_0_1.o
[ 73%] Building RCCLDEV object src/CMakeFiles/rccl_device_gfx950.dir/__/hipify/gensrc/specialized/specialized_reducescatter_ring_ll128_premulsum_u32_0_0_1.o
[ 73%] Building RCCLDEV object src/CMakeFiles/rccl_device_gfx950.dir/__/hipify/gensrc/specialized/specialized_reducescatter_ring_ll128_premulsum_u64_0_0_1.o
[ 73%] Building RCCLDEV object src/CMakeFiles/rccl_device_gfx950.dir/__/hipify/gensrc/specialized/specialized_reducescatter_ring_ll128_premulsum_f16_0_0_1.o
[ 73%] Building RCCLDEV object src/CMakeFiles/rccl_device_gfx950.dir/__/hipify/gensrc/specialized/specialized_reducescatter_ring_ll128_premulsum_f32_0_0_1.o
[ 73%] Building RCCLDEV object src/CMakeFiles/rccl_device_gfx950.dir/__/hipify/gensrc/specialized/specialized_reducescatter_ring_ll128_premulsum_f64_0_0_1.o
[ 74%] Building RCCLDEV object src/CMakeFiles/rccl_device_gfx950.dir/__/hipify/gensrc/specialized/specialized_reducescatter_ring_ll128_premulsum_bf16_0_0_1.o
[ 74%] Building RCCLDEV object src/CMakeFiles/rccl_device_gfx950.dir/__/hipify/gensrc/specialized/specialized_reducescatter_ring_ll128_sumpostdiv_u8_0_0_1.o
[ 74%] Building RCCLDEV object src/CMakeFiles/rccl_device_gfx950.dir/__/hipify/gensrc/specialized/specialized_reducescatter_ring_ll128_sumpostdiv_u32_0_0_1.o
[ 74%] Building RCCLDEV object src/CMakeFiles/rccl_device_gfx950.dir/__/hipify/gensrc/specialized/specialized_reducescatter_ring_ll128_sumpostdiv_u64_0_0_1.o
[ 74%] Building RCCLDEV object src/CMakeFiles/rccl_device_gfx950.dir/__/hipify/gensrc/specialized/specialized_allreduce_ring_ll128_sum_u8_0_0_1.o
[ 74%] Building RCCLDEV object src/CMakeFiles/rccl_device_gfx950.dir/__/hipify/gensrc/specialized/specialized_allreduce_ring_ll128_sum_u8_1_0_1.o
[ 74%] Building RCCLDEV object src/CMakeFiles/rccl_device_gfx950.dir/__/hipify/gensrc/specialized/specialized_allreduce_ring_ll128_sum_u32_0_0_1.o
[ 74%] Building RCCLDEV object src/CMakeFiles/rccl_device_gfx950.dir/__/hipify/gensrc/specialized/specialized_allreduce_ring_ll128_sum_u32_1_0_1.o
[ 74%] Building RCCLDEV object src/CMakeFiles/rccl_device_gfx950.dir/__/hipify/gensrc/specialized/specialized_allreduce_ring_ll128_sum_u64_0_0_1.o
[ 74%] Building RCCLDEV object src/CMakeFiles/rccl_device_gfx950.dir/__/hipify/gensrc/specialized/specialized_allreduce_ring_ll128_sum_u64_1_0_1.o
[ 74%] Building RCCLDEV object src/CMakeFiles/rccl_device_gfx950.dir/__/hipify/gensrc/specialized/specialized_allreduce_ring_ll128_sum_f16_0_0_1.o
[ 74%] Building RCCLDEV object src/CMakeFiles/rccl_device_gfx950.dir/__/hipify/gensrc/specialized/specialized_allreduce_ring_ll128_sum_f32_0_0_1.o
[ 74%] Building RCCLDEV object src/CMakeFiles/rccl_device_gfx950.dir/__/hipify/gensrc/specialized/specialized_allreduce_ring_ll128_sum_f16_1_0_1.o
[ 74%] Building RCCLDEV object src/CMakeFiles/rccl_device_gfx950.dir/__/hipify/gensrc/specialized/specialized_allreduce_ring_ll128_sum_f32_1_0_1.o
[ 74%] Building RCCLDEV object src/CMakeFiles/rccl_device_gfx950.dir/__/hipify/gensrc/specialized/specialized_allreduce_ring_ll128_sum_f64_0_0_1.o
[ 74%] Building RCCLDEV object src/CMakeFiles/rccl_device_gfx950.dir/__/hipify/gensrc/specialized/specialized_allreduce_ring_ll128_sum_f64_1_0_1.o
[ 74%] Building RCCLDEV object src/CMakeFiles/rccl_device_gfx950.dir/__/hipify/gensrc/specialized/specialized_allreduce_ring_ll128_sum_bf16_0_0_1.o
[ 74%] Building RCCLDEV object src/CMakeFiles/rccl_device_gfx950.dir/__/hipify/gensrc/specialized/specialized_allreduce_ring_ll128_sum_bf16_1_0_1.o
[ 74%] Building RCCLDEV object src/CMakeFiles/rccl_device_gfx950.dir/__/hipify/gensrc/specialized/specialized_allreduce_ring_ll128_prod_u8_0_0_1.o
[ 74%] Building RCCLDEV object src/CMakeFiles/rccl_device_gfx950.dir/__/hipify/gensrc/specialized/specialized_allreduce_ring_ll128_prod_u8_1_0_1.o
[ 74%] Building RCCLDEV object src/CMakeFiles/rccl_device_gfx950.dir/__/hipify/gensrc/specialized/specialized_allreduce_ring_ll128_prod_u32_0_0_1.o
[ 74%] Building RCCLDEV object src/CMakeFiles/rccl_device_gfx950.dir/__/hipify/gensrc/specialized/specialized_allreduce_ring_ll128_prod_u32_1_0_1.o
[ 74%] Building RCCLDEV object src/CMakeFiles/rccl_device_gfx950.dir/__/hipify/gensrc/specialized/specialized_allreduce_ring_ll128_prod_u64_0_0_1.o
[ 74%] Building RCCLDEV object src/CMakeFiles/rccl_device_gfx950.dir/__/hipify/gensrc/specialized/specialized_allreduce_ring_ll128_prod_u64_1_0_1.o
[ 74%] Building RCCLDEV object src/CMakeFiles/rccl_device_gfx950.dir/__/hipify/gensrc/specialized/specialized_allreduce_ring_ll128_prod_f16_0_0_1.o
[ 74%] Building RCCLDEV object src/CMakeFiles/rccl_device_gfx950.dir/__/hipify/gensrc/specialized/specialized_allreduce_ring_ll128_prod_f16_1_0_1.o
[ 74%] Building RCCLDEV object src/CMakeFiles/rccl_device_gfx950.dir/__/hipify/gensrc/specialized/specialized_allreduce_ring_ll128_prod_f32_0_0_1.o
[ 74%] Building RCCLDEV object src/CMakeFiles/rccl_device_gfx950.dir/__/hipify/gensrc/specialized/specialized_allreduce_ring_ll128_prod_f32_1_0_1.o
[ 74%] Building RCCLDEV object src/CMakeFiles/rccl_device_gfx950.dir/__/hipify/gensrc/specialized/specialized_allreduce_ring_ll128_prod_f64_0_0_1.o
[ 74%] Building RCCLDEV object src/CMakeFiles/rccl_device_gfx950.dir/__/hipify/gensrc/specialized/specialized_allreduce_ring_ll128_prod_f64_1_0_1.o
[ 74%] Building RCCLDEV object src/CMakeFiles/rccl_device_gfx950.dir/__/hipify/gensrc/specialized/specialized_allreduce_ring_ll128_prod_bf16_0_0_1.o
[ 74%] Building RCCLDEV object src/CMakeFiles/rccl_device_gfx950.dir/__/hipify/gensrc/specialized/specialized_allreduce_ring_ll128_prod_bf16_1_0_1.o
[ 74%] Building RCCLDEV object src/CMakeFiles/rccl_device_gfx950.dir/__/hipify/gensrc/specialized/specialized_allreduce_ring_ll128_minmax_u8_0_0_1.o
[ 74%] Building RCCLDEV object src/CMakeFiles/rccl_device_gfx950.dir/__/hipify/gensrc/specialized/specialized_allreduce_ring_ll128_minmax_u8_1_0_1.o
[ 74%] Building RCCLDEV object src/CMakeFiles/rccl_device_gfx950.dir/__/hipify/gensrc/specialized/specialized_allreduce_ring_ll128_minmax_u32_0_0_1.o
[ 74%] Building RCCLDEV object src/CMakeFiles/rccl_device_gfx950.dir/__/hipify/gensrc/specialized/specialized_allreduce_ring_ll128_minmax_u32_1_0_1.o
[ 74%] Building RCCLDEV object src/CMakeFiles/rccl_device_gfx950.dir/__/hipify/gensrc/specialized/specialized_allreduce_ring_ll128_minmax_u64_0_0_1.o
[ 74%] Building RCCLDEV object src/CMakeFiles/rccl_device_gfx950.dir/__/hipify/gensrc/specialized/specialized_allreduce_ring_ll128_minmax_u64_1_0_1.o
[ 74%] Building RCCLDEV object src/CMakeFiles/rccl_device_gfx950.dir/__/hipify/gensrc/specialized/specialized_allreduce_ring_ll128_minmax_f16_0_0_1.o
[ 74%] Building RCCLDEV object src/CMakeFiles/rccl_device_gfx950.dir/__/hipify/gensrc/specialized/specialized_allreduce_ring_ll128_minmax_f16_1_0_1.o
[ 74%] Building RCCLDEV object src/CMakeFiles/rccl_device_gfx950.dir/__/hipify/gensrc/specialized/specialized_allreduce_ring_ll128_minmax_f32_1_0_1.o
[ 74%] Building RCCLDEV object src/CMakeFiles/rccl_device_gfx950.dir/__/hipify/gensrc/specialized/specialized_allreduce_ring_ll128_minmax_f32_0_0_1.o
[ 74%] Building RCCLDEV object src/CMakeFiles/rccl_device_gfx950.dir/__/hipify/gensrc/specialized/specialized_allreduce_ring_ll128_minmax_f64_0_0_1.o
[ 74%] Building RCCLDEV object src/CMakeFiles/rccl_device_gfx950.dir/__/hipify/gensrc/specialized/specialized_allreduce_ring_ll128_minmax_f64_1_0_1.o
[ 76%] Building RCCLDEV object src/CMakeFiles/rccl_device_gfx950.dir/__/hipify/gensrc/specialized/specialized_allreduce_ring_ll128_minmax_bf16_0_0_1.o
[ 76%] Building RCCLDEV object src/CMakeFiles/rccl_device_gfx950.dir/__/hipify/gensrc/specialized/specialized_allreduce_ring_ll128_premulsum_u8_0_0_1.o
[ 76%] Building RCCLDEV object src/CMakeFiles/rccl_device_gfx950.dir/__/hipify/gensrc/specialized/specialized_allreduce_ring_ll128_minmax_bf16_1_0_1.o
[ 76%] Building RCCLDEV object src/CMakeFiles/rccl_device_gfx950.dir/__/hipify/gensrc/specialized/specialized_allreduce_ring_ll128_premulsum_u8_1_0_1.o
[ 76%] Building RCCLDEV object src/CMakeFiles/rccl_device_gfx950.dir/__/hipify/gensrc/specialized/specialized_allreduce_ring_ll128_premulsum_u32_1_0_1.o
[ 76%] Building RCCLDEV object src/CMakeFiles/rccl_device_gfx950.dir/__/hipify/gensrc/specialized/specialized_allreduce_ring_ll128_premulsum_u32_0_0_1.o
[ 76%] Building RCCLDEV object src/CMakeFiles/rccl_device_gfx950.dir/__/hipify/gensrc/specialized/specialized_allreduce_ring_ll128_premulsum_u64_0_0_1.o
[ 76%] Building RCCLDEV object src/CMakeFiles/rccl_device_gfx950.dir/__/hipify/gensrc/specialized/specialized_allreduce_ring_ll128_premulsum_u64_1_0_1.o
[ 76%] Building RCCLDEV object src/CMakeFiles/rccl_device_gfx950.dir/__/hipify/gensrc/specialized/specialized_allreduce_ring_ll128_premulsum_f16_1_0_1.o
[ 76%] Building RCCLDEV object src/CMakeFiles/rccl_device_gfx950.dir/__/hipify/gensrc/specialized/specialized_allreduce_ring_ll128_premulsum_f16_0_0_1.o
[ 76%] Building RCCLDEV object src/CMakeFiles/rccl_device_gfx950.dir/__/hipify/gensrc/specialized/specialized_allreduce_ring_ll128_premulsum_f32_0_0_1.o
[ 76%] Building RCCLDEV object src/CMakeFiles/rccl_device_gfx950.dir/__/hipify/gensrc/specialized/specialized_allreduce_ring_ll128_premulsum_f32_1_0_1.o
[ 76%] Building RCCLDEV object src/CMakeFiles/rccl_device_gfx950.dir/__/hipify/gensrc/specialized/specialized_allreduce_ring_ll128_premulsum_f64_0_0_1.o
[ 76%] Building RCCLDEV object src/CMakeFiles/rccl_device_gfx950.dir/__/hipify/gensrc/specialized/specialized_allreduce_ring_ll128_premulsum_f64_1_0_1.o
[ 76%] Building RCCLDEV object src/CMakeFiles/rccl_device_gfx950.dir/__/hipify/gensrc/specialized/specialized_allreduce_ring_ll128_premulsum_bf16_1_0_1.o
[ 76%] Building RCCLDEV object src/CMakeFiles/rccl_device_gfx950.dir/__/hipify/gensrc/specialized/specialized_allreduce_ring_ll128_sumpostdiv_u8_0_0_1.o
[ 76%] Building RCCLDEV object src/CMakeFiles/rccl_device_gfx950.dir/__/hipify/gensrc/specialized/specialized_allreduce_ring_ll128_premulsum_bf16_0_0_1.o
[ 76%] Building RCCLDEV object src/CMakeFiles/rccl_device_gfx950.dir/__/hipify/gensrc/specialized/specialized_allreduce_ring_ll128_sumpostdiv_u8_1_0_1.o
[ 76%] Building RCCLDEV object src/CMakeFiles/rccl_device_gfx950.dir/__/hipify/gensrc/specialized/specialized_allreduce_ring_ll128_sumpostdiv_u32_0_0_1.o
[ 76%] Building RCCLDEV object src/CMakeFiles/rccl_device_gfx950.dir/__/hipify/gensrc/specialized/specialized_allreduce_ring_ll128_sumpostdiv_u32_1_0_1.o
[ 76%] Building RCCLDEV object src/CMakeFiles/rccl_device_gfx950.dir/__/hipify/gensrc/specialized/specialized_allreduce_ring_ll128_sumpostdiv_u64_0_0_1.o
[ 76%] Building RCCLDEV object src/CMakeFiles/rccl_device_gfx950.dir/__/hipify/gensrc/specialized/specialized_allreduce_ring_ll128_sumpostdiv_u64_1_0_1.o
[ 76%] Building RCCLDEV object src/CMakeFiles/rccl_device_gfx950.dir/__/hipify/gensrc/specialized/specialized_allgather_pat_ll128_sum_i8_0_0_2.o
[ 76%] Building RCCLDEV object src/CMakeFiles/rccl_device_gfx950.dir/__/hipify/gensrc/specialized/specialized_reducescatter_pat_ll128_sum_u8_0_0_2.o
[ 76%] Building RCCLDEV object src/CMakeFiles/rccl_device_gfx950.dir/__/hipify/gensrc/specialized/specialized_reducescatter_pat_ll128_sum_u32_0_0_2.o
[ 76%] Building RCCLDEV object src/CMakeFiles/rccl_device_gfx950.dir/__/hipify/gensrc/specialized/specialized_reducescatter_pat_ll128_sum_u64_0_0_2.o
[ 76%] Building RCCLDEV object src/CMakeFiles/rccl_device_gfx950.dir/__/hipify/gensrc/specialized/specialized_reducescatter_pat_ll128_sum_f16_0_0_2.o
[ 76%] Building RCCLDEV object src/CMakeFiles/rccl_device_gfx950.dir/__/hipify/gensrc/specialized/specialized_reducescatter_pat_ll128_sum_f32_0_0_2.o
[ 76%] Building RCCLDEV object src/CMakeFiles/rccl_device_gfx950.dir/__/hipify/gensrc/specialized/specialized_reducescatter_pat_ll128_sum_f64_0_0_2.o
[ 76%] Building RCCLDEV object src/CMakeFiles/rccl_device_gfx950.dir/__/hipify/gensrc/specialized/specialized_reducescatter_pat_ll128_sum_bf16_0_0_2.o
[ 76%] Building RCCLDEV object src/CMakeFiles/rccl_device_gfx950.dir/__/hipify/gensrc/specialized/specialized_reducescatter_pat_ll128_prod_u8_0_0_2.o
[ 76%] Building RCCLDEV object src/CMakeFiles/rccl_device_gfx950.dir/__/hipify/gensrc/specialized/specialized_reducescatter_pat_ll128_prod_u32_0_0_2.o
[ 76%] Building RCCLDEV object src/CMakeFiles/rccl_device_gfx950.dir/__/hipify/gensrc/specialized/specialized_reducescatter_pat_ll128_prod_u64_0_0_2.o
[ 76%] Building RCCLDEV object src/CMakeFiles/rccl_device_gfx950.dir/__/hipify/gensrc/specialized/specialized_reducescatter_pat_ll128_prod_f16_0_0_2.o
[ 76%] Building RCCLDEV object src/CMakeFiles/rccl_device_gfx950.dir/__/hipify/gensrc/specialized/specialized_reducescatter_pat_ll128_prod_f32_0_0_2.o
[ 76%] Building RCCLDEV object src/CMakeFiles/rccl_device_gfx950.dir/__/hipify/gensrc/specialized/specialized_reducescatter_pat_ll128_prod_f64_0_0_2.o
[ 76%] Building RCCLDEV object src/CMakeFiles/rccl_device_gfx950.dir/__/hipify/gensrc/specialized/specialized_reducescatter_pat_ll128_prod_bf16_0_0_2.o
[ 76%] Building RCCLDEV object src/CMakeFiles/rccl_device_gfx950.dir/__/hipify/gensrc/specialized/specialized_reducescatter_pat_ll128_minmax_u8_0_0_2.o
[ 76%] Building RCCLDEV object src/CMakeFiles/rccl_device_gfx950.dir/__/hipify/gensrc/specialized/specialized_reducescatter_pat_ll128_minmax_u32_0_0_2.o
[ 76%] Building RCCLDEV object src/CMakeFiles/rccl_device_gfx950.dir/__/hipify/gensrc/specialized/specialized_reducescatter_pat_ll128_minmax_u64_0_0_2.o
[ 76%] Building RCCLDEV object src/CMakeFiles/rccl_device_gfx950.dir/__/hipify/gensrc/specialized/specialized_reducescatter_pat_ll128_minmax_f16_0_0_2.o
[ 76%] Building RCCLDEV object src/CMakeFiles/rccl_device_gfx950.dir/__/hipify/gensrc/specialized/specialized_reducescatter_pat_ll128_minmax_f32_0_0_2.o
[ 76%] Building RCCLDEV object src/CMakeFiles/rccl_device_gfx950.dir/__/hipify/gensrc/specialized/specialized_reducescatter_pat_ll128_minmax_f64_0_0_2.o
[ 76%] Building RCCLDEV object src/CMakeFiles/rccl_device_gfx950.dir/__/hipify/gensrc/specialized/specialized_reducescatter_pat_ll128_premulsum_u8_0_0_2.o
[ 76%] Building RCCLDEV object src/CMakeFiles/rccl_device_gfx950.dir/__/hipify/gensrc/specialized/specialized_reducescatter_pat_ll128_minmax_bf16_0_0_2.o
[ 77%] Building RCCLDEV object src/CMakeFiles/rccl_device_gfx950.dir/__/hipify/gensrc/specialized/specialized_reducescatter_pat_ll128_premulsum_u32_0_0_2.o
[ 77%] Building RCCLDEV object src/CMakeFiles/rccl_device_gfx950.dir/__/hipify/gensrc/specialized/specialized_reducescatter_pat_ll128_premulsum_u64_0_0_2.o
[ 77%] Building RCCLDEV object src/CMakeFiles/rccl_device_gfx950.dir/__/hipify/gensrc/specialized/specialized_reducescatter_pat_ll128_premulsum_f16_0_0_2.o
[ 77%] Building RCCLDEV object src/CMakeFiles/rccl_device_gfx950.dir/__/hipify/gensrc/specialized/specialized_reducescatter_pat_ll128_premulsum_f32_0_0_2.o
[ 77%] Building RCCLDEV object src/CMakeFiles/rccl_device_gfx950.dir/__/hipify/gensrc/specialized/specialized_reducescatter_pat_ll128_premulsum_f64_0_0_2.o
[ 77%] Building RCCLDEV object src/CMakeFiles/rccl_device_gfx950.dir/__/hipify/gensrc/specialized/specialized_reducescatter_pat_ll128_premulsum_bf16_0_0_2.o
[ 77%] Building RCCLDEV object src/CMakeFiles/rccl_device_gfx950.dir/__/hipify/gensrc/specialized/specialized_reducescatter_pat_ll128_sumpostdiv_u8_0_0_2.o
[ 77%] Building RCCLDEV object src/CMakeFiles/rccl_device_gfx950.dir/__/hipify/gensrc/specialized/specialized_reducescatter_pat_ll128_sumpostdiv_u32_0_0_2.o
[ 77%] Building RCCLDEV object src/CMakeFiles/rccl_device_gfx950.dir/__/hipify/gensrc/specialized/specialized_reducescatter_pat_ll128_sumpostdiv_u64_0_0_2.o
[ 77%] Building RCCLDEV object src/CMakeFiles/rccl_device_gfx950.dir/__/hipify/gensrc/specialized/specialized_allgather_pat_ll128_sum_i8_0_0_1.o
[ 77%] Building RCCLDEV object src/CMakeFiles/rccl_device_gfx950.dir/__/hipify/gensrc/specialized/specialized_reducescatter_pat_ll128_sum_u8_0_0_1.o
[ 77%] Building RCCLDEV object src/CMakeFiles/rccl_device_gfx950.dir/__/hipify/gensrc/specialized/specialized_reducescatter_pat_ll128_sum_u32_0_0_1.o
[ 77%] Building RCCLDEV object src/CMakeFiles/rccl_device_gfx950.dir/__/hipify/gensrc/specialized/specialized_reducescatter_pat_ll128_sum_u64_0_0_1.o
[ 77%] Building RCCLDEV object src/CMakeFiles/rccl_device_gfx950.dir/__/hipify/gensrc/specialized/specialized_reducescatter_pat_ll128_sum_f16_0_0_1.o
[ 77%] Building RCCLDEV object src/CMakeFiles/rccl_device_gfx950.dir/__/hipify/gensrc/specialized/specialized_reducescatter_pat_ll128_sum_f32_0_0_1.o
[ 77%] Building RCCLDEV object src/CMakeFiles/rccl_device_gfx950.dir/__/hipify/gensrc/specialized/specialized_reducescatter_pat_ll128_sum_f64_0_0_1.o
[ 77%] Building RCCLDEV object src/CMakeFiles/rccl_device_gfx950.dir/__/hipify/gensrc/specialized/specialized_reducescatter_pat_ll128_sum_bf16_0_0_1.o
[ 77%] Building RCCLDEV object src/CMakeFiles/rccl_device_gfx950.dir/__/hipify/gensrc/specialized/specialized_reducescatter_pat_ll128_prod_u8_0_0_1.o
[ 77%] Building RCCLDEV object src/CMakeFiles/rccl_device_gfx950.dir/__/hipify/gensrc/specialized/specialized_reducescatter_pat_ll128_prod_u32_0_0_1.o
[ 77%] Building RCCLDEV object src/CMakeFiles/rccl_device_gfx950.dir/__/hipify/gensrc/specialized/specialized_reducescatter_pat_ll128_prod_u64_0_0_1.o
[ 77%] Building RCCLDEV object src/CMakeFiles/rccl_device_gfx950.dir/__/hipify/gensrc/specialized/specialized_reducescatter_pat_ll128_prod_f16_0_0_1.o
[ 77%] Building RCCLDEV object src/CMakeFiles/rccl_device_gfx950.dir/__/hipify/gensrc/specialized/specialized_reducescatter_pat_ll128_prod_f32_0_0_1.o
[ 77%] Building RCCLDEV object src/CMakeFiles/rccl_device_gfx950.dir/__/hipify/gensrc/specialized/specialized_reducescatter_pat_ll128_prod_f64_0_0_1.o
[ 77%] Building RCCLDEV object src/CMakeFiles/rccl_device_gfx950.dir/__/hipify/gensrc/specialized/specialized_reducescatter_pat_ll128_prod_bf16_0_0_1.o
[ 77%] Building RCCLDEV object src/CMakeFiles/rccl_device_gfx950.dir/__/hipify/gensrc/specialized/specialized_reducescatter_pat_ll128_minmax_u8_0_0_1.o
[ 77%] Building RCCLDEV object src/CMakeFiles/rccl_device_gfx950.dir/__/hipify/gensrc/specialized/specialized_reducescatter_pat_ll128_minmax_u32_0_0_1.o
[ 77%] Building RCCLDEV object src/CMakeFiles/rccl_device_gfx950.dir/__/hipify/gensrc/specialized/specialized_reducescatter_pat_ll128_minmax_u64_0_0_1.o
[ 77%] Building RCCLDEV object src/CMakeFiles/rccl_device_gfx950.dir/__/hipify/gensrc/specialized/specialized_reducescatter_pat_ll128_minmax_f16_0_0_1.o
[ 77%] Building RCCLDEV object src/CMakeFiles/rccl_device_gfx950.dir/__/hipify/gensrc/specialized/specialized_reducescatter_pat_ll128_minmax_f32_0_0_1.o
[ 77%] Building RCCLDEV object src/CMakeFiles/rccl_device_gfx950.dir/__/hipify/gensrc/specialized/specialized_reducescatter_pat_ll128_minmax_f64_0_0_1.o
[ 77%] Building RCCLDEV object src/CMakeFiles/rccl_device_gfx950.dir/__/hipify/gensrc/specialized/specialized_reducescatter_pat_ll128_minmax_bf16_0_0_1.o
[ 77%] Building RCCLDEV object src/CMakeFiles/rccl_device_gfx950.dir/__/hipify/gensrc/specialized/specialized_reducescatter_pat_ll128_premulsum_u8_0_0_1.o
[ 77%] Building RCCLDEV object src/CMakeFiles/rccl_device_gfx950.dir/__/hipify/gensrc/specialized/specialized_reducescatter_pat_ll128_premulsum_u32_0_0_1.o
[ 77%] Building RCCLDEV object src/CMakeFiles/rccl_device_gfx950.dir/__/hipify/gensrc/specialized/specialized_reducescatter_pat_ll128_premulsum_u64_0_0_1.o
[ 77%] Building RCCLDEV object src/CMakeFiles/rccl_device_gfx950.dir/__/hipify/gensrc/specialized/specialized_reducescatter_pat_ll128_premulsum_f16_0_0_1.o
[ 77%] Building RCCLDEV object src/CMakeFiles/rccl_device_gfx950.dir/__/hipify/gensrc/specialized/specialized_reducescatter_pat_ll128_premulsum_f32_0_0_1.o
[ 77%] Building RCCLDEV object src/CMakeFiles/rccl_device_gfx950.dir/__/hipify/gensrc/specialized/specialized_reducescatter_pat_ll128_premulsum_f64_0_0_1.o
[ 77%] Building RCCLDEV object src/CMakeFiles/rccl_device_gfx950.dir/__/hipify/gensrc/specialized/specialized_reducescatter_pat_ll128_premulsum_bf16_0_0_1.o
[ 77%] Building RCCLDEV object src/CMakeFiles/rccl_device_gfx950.dir/__/hipify/gensrc/specialized/specialized_reducescatter_pat_ll128_sumpostdiv_u32_0_0_1.o
[ 77%] Building RCCLDEV object src/CMakeFiles/rccl_device_gfx950.dir/__/hipify/gensrc/specialized/specialized_reducescatter_pat_ll128_sumpostdiv_u8_0_0_1.o
[ 77%] Building RCCLDEV object src/CMakeFiles/rccl_device_gfx950.dir/__/hipify/gensrc/specialized/specialized_reducescatter_pat_ll128_sumpostdiv_u64_0_0_1.o
[ 77%] Built target rccl_device_gfx950
[ 77%] DL [gfx950] link: device.elf
[ 77%] DL compile: dda_all_gather_ipc.cu.cpp (has device kernels)
[ 77%] DL compile: dda_reduce_scatter_ipc.cu.cpp (has device kernels)
[ 77%] DL compile: collectives.cc (has __global__ kernel, header-tracking via DEPFILE)
[ 77%] DL compile: sym all_reduce_sum_f32 (multi-arch fat object)
[ 77%] DL compile: dda_all_reduce_ipc.cu.cpp (has device kernels)
[ 77%] DL compile: dda_alltoall_ipc.cu.cpp (has device kernels)
[ 77%] DL compile: sym all_reduce_sum_f8e4m3 (multi-arch fat object)
[ 77%] DL compile: sym all_gather (multi-arch fat object)
[ 77%] DL compile: onerank.cu.cpp (normal fat object)
[ 77%] DL compile: sym all_reduce (multi-arch fat object)
[ 77%] DL compile: sym all_reduce_sum_f16 (multi-arch fat object)
[ 77%] DL compile: sym reduce_scatter_avg_f8e5m2 (multi-arch fat object)
[ 77%] DL compile: sym all_reduce_sum_bf16 (multi-arch fat object)
[ 77%] DL compile: sym all_reduce_sum_f8e5m2 (multi-arch fat object)
[ 77%] DL compile: sym reduce_scatter_avg_f16 (multi-arch fat object)
[ 77%] DL compile: sym reduce_scatter_avg_bf16 (multi-arch fat object)
[ 77%] DL compile: sym reduce_scatter_gin_avg_f32 (multi-arch fat object)
[ 77%] DL compile: sym reduce_scatter (multi-arch fat object)
[ 77%] DL compile: sym reduce_scatter_avg_f8e4m3 (multi-arch fat object)
[ 77%] DL compile: sym reduce_scatter_gin_avg_f16 (multi-arch fat object)
[ 77%] DL compile: sym reduce_scatter_avg_f32 (multi-arch fat object)
[ 77%] DL compile: sym reduce_scatter_gin_avg_bf16 (multi-arch fat object)
[ 77%] DL compile: sym reduce_scatter_gin_avg_f8e4m3 (multi-arch fat object)
[ 77%] DL compile: sym reduce_scatter_gin_sum_f16 (multi-arch fat object)
[ 77%] DL compile: sym reduce_scatter_gin_sum_f8e4m3 (multi-arch fat object)
[ 77%] DL compile: sym reduce_scatter_gin_avg_f8e5m2 (multi-arch fat object)
[ 77%] DL compile: sym reduce_scatter_sum_bf16 (multi-arch fat object)
[ 77%] DL compile: sym reduce_scatter_gin_sum_f8e5m2 (multi-arch fat object)
[ 77%] DL compile: sym reduce_scatter_gin_sum_bf16 (multi-arch fat object)
[ 77%] DL compile: sym reduce_scatter_gin_sum_f32 (multi-arch fat object)
[ 77%] DL compile: sym reduce_scatter_sum_f16 (multi-arch fat object)
[ 77%] DL compile: sym reduce_scatter_sum_f8e4m3 (multi-arch fat object)
[ 79%] DL compile: sym reduce_scatter_sum_f32 (multi-arch fat object)
[ 79%] DL compile: sym reduce_scatter_sum_f8e5m2 (multi-arch fat object)
[gfx950] Aggregated 1660 resources: VGPR=280, AGPR=32, SGPR=106, scratch=352
[ 79%] DL bundle: device.elf(s) -> device.hipfb [gfx950]
[ 79%] DL host compile: common.cu.cpp with embedded device binary
[ 79%] Built target device_linker_build
[ 79%] Building CXX object src/CMakeFiles/rccl.dir/__/hipify/src/allocator.cc.o
[ 79%] Building CXX object src/CMakeFiles/rccl.dir/__/hipify/src/bootstrap.cc.o
[ 79%] Building CXX object src/CMakeFiles/rccl.dir/__/hipify/src/enqueue.cc.o
[ 79%] Building CXX object src/CMakeFiles/rccl.dir/__/hipify/src/debug.cc.o
[ 79%] Building CXX object src/CMakeFiles/rccl.dir/__/hipify/src/ce_coll.cc.o
[ 79%] Building CXX object src/CMakeFiles/rccl.dir/__/hipify/src/channel.cc.o
[ 79%] Building CXX object src/CMakeFiles/rccl.dir/__/hipify/src/device_buffer.cc.o
[ 79%] Building CXX object src/CMakeFiles/rccl.dir/__/hipify/src/mem_manager.cc.o
[ 79%] Building CXX object src/CMakeFiles/rccl.dir/__/hipify/src/ipc_init.cu.cpp.o
[ 79%] Building CXX object src/CMakeFiles/rccl.dir/__/hipify/src/ipc_mem_handler.cc.o
[ 79%] Building CXX object src/CMakeFiles/rccl.dir/__/hipify/src/ipc_gpu_barrier.cu.cpp.o
[ 79%] Building CXX object src/CMakeFiles/rccl.dir/__/hipify/src/commDump.cc.o
[ 79%] Building CXX object src/CMakeFiles/rccl.dir/__/hipify/src/dev_runtime.cc.o
[ 79%] Building CXX object src/CMakeFiles/rccl.dir/__/hipify/src/init_nvtx.cc.o
[ 79%] Building CXX object src/CMakeFiles/rccl.dir/__/hipify/src/group.cc.o
[ 79%] Building CXX object src/CMakeFiles/rccl.dir/__/hipify/src/init.cc.o
[ 79%] Building CXX object src/CMakeFiles/rccl.dir/__/hipify/src/rccl_wrap.cc.o
[ 79%] Building CXX object src/CMakeFiles/rccl.dir/__/hipify/src/mnnvl.cc.o
[ 79%] Building CXX object src/CMakeFiles/rccl.dir/__/hipify/src/proxy.cc.o
[ 79%] Building CXX object src/CMakeFiles/rccl.dir/__/hipify/src/sym_kernels.cc.o
[ 79%] Building CXX object src/CMakeFiles/rccl.dir/__/hipify/src/transport.cc.o
[ 79%] Building CXX object src/CMakeFiles/rccl.dir/__/hipify/src/graph/connect.cc.o
[ 79%] Building CXX object src/CMakeFiles/rccl.dir/__/hipify/src/graph/paths.cc.o
clang++: warning: argument unused during compilation: '--offload-compress' [-Wunused-command-line-argument]
clang++: warning: argument unused during compilation: '--offload-compress' [-Wunused-command-line-argument]
clang++: warning: argument unused during compilation: '--offload-compress' [-Wunused-command-line-argument]
[ 79%] Building CXX object src/CMakeFiles/rccl.dir/__/hipify/src/graph/rome_models.cc.o
[ 79%] Building CXX object src/CMakeFiles/rccl.dir/__/hipify/src/graph/rings.cc.o
[ 79%] Building CXX object src/CMakeFiles/rccl.dir/__/hipify/src/graph/rome_topo_consensus.cc.o
clang++: warning: argument unused during compilation: '--offload-compress' [-Wunused-command-line-argument]
[ 79%] Building CXX object src/CMakeFiles/rccl.dir/__/hipify/src/graph/search.cc.o
[ 79%] Building CXX object src/CMakeFiles/rccl.dir/__/hipify/src/graph/topo.cc.o
clang++: warning: argument unused during compilation: '--offload-compress' [-Wunused-command-line-argument]
[ 79%] Building CXX object src/CMakeFiles/rccl.dir/__/hipify/src/graph/xml.cc.o
clang++: warning: argument unused during compilation: '--offload-compress' [-Wunused-command-line-argument]
clang++: warning: argument unused during compilation: '--offload-compress' [-Wunused-command-line-argument]
clang++: warning: argument unused during compilation: '--offload-compress' [-Wunused-command-line-argument]
[ 79%] Building CXX object src/CMakeFiles/rccl.dir/__/hipify/src/graph/trees.cc.o
[ 79%] Building CXX object src/CMakeFiles/rccl.dir/__/hipify/src/misc/ibvwrap.cc.o
[ 79%] Building CXX object src/CMakeFiles/rccl.dir/__/hipify/src/misc/archinfo.cc.o
[ 79%] Building CXX object src/CMakeFiles/rccl.dir/__/hipify/src/graph/tuning.cc.o
[ 79%] Building CXX object src/CMakeFiles/rccl.dir/__/hipify/src/misc/argcheck.cc.o
clang++: warning: argument unused during compilation: '--offload-compress' [-Wunused-command-line-argument]
clang++: warning: argument unused during compilation: '--offload-compress' [-Wunused-command-line-argument]
[ 80%] Building CXX object src/CMakeFiles/rccl.dir/__/hipify/src/misc/ibvsymbols.cc.o
[ 80%] Building CXX object src/CMakeFiles/rccl.dir/__/hipify/src/misc/alt_rsmi.cc.o
clang++clang++: : warning: argument unused during compilation: '--offload-compress' [-Wunused-command-line-argument]
warning: argument unused during compilation: '--offload-compress' [-Wunused-command-line-argument]
clang++: warning: argument unused during compilation: '--offload-compress' [-Wunused-command-line-argument][ 80%] Building CXX object src/CMakeFiles/rccl.dir/__/hipify/src/misc/ionicdvwrap.cc.o

[ 80%] Building CXX object src/CMakeFiles/rccl.dir/__/hipify/src/misc/api_trace.cc.o
[ 80%] Building CXX object src/CMakeFiles/rccl.dir/__/hipify/src/misc/ionicdvsymbols.cc.o
[ 80%] Building CXX object src/CMakeFiles/rccl.dir/__/hipify/src/misc/mlx5dvwrap.cc.o
clang++: warning: argument unused during compilation: '--offload-compress' [-Wunused-command-line-argument]
clang++clang++: : warning: argument unused during compilation: '--offload-compress' [-Wunused-command-line-argument]
warning: argument unused during compilation: '--offload-compress' [-Wunused-command-line-argument]
[ 80%] Building CXX object src/CMakeFiles/rccl.dir/__/hipify/src/os/linux_ipcsocket.cc.o
clang++: warning: argument unused during compilation: '--offload-compress' [-Wunused-command-line-argument]
[ 80%] Building CXX object src/CMakeFiles/rccl.dir/__/hipify/src/misc/nvmlwrap_stub.cc.o
clang++clang++: [ 80%] Building CXX object src/CMakeFiles/rccl.dir/__/hipify/src/misc/mlx5dvsymbols.cc.o
warning: : argument unused during compilation: '--offload-compress' [-Wunused-command-line-argument]
warning: argument unused during compilation: '--offload-compress' [-Wunused-command-line-argument]
[ 80%] Building CXX object src/CMakeFiles/rccl.dir/__/hipify/src/misc/kernel_config.cc.o
clang++: warning: argument unused during compilation: '--offload-compress' [-Wunused-command-line-argument]
[ 80%] Building CXX object src/CMakeFiles/rccl.dir/__/hipify/src/misc/param.cc.o
[ 80%] Building CXX object src/CMakeFiles/rccl.dir/__/hipify/src/misc/rocmwrap.cc.o
clang++: warning: argument unused during compilation: '--offload-compress' [-Wunused-command-line-argument]
clang++: warning: argument unused during compilation: '--offload-compress' [-Wunused-command-line-argument]
clang++: warning: argument unused during compilation: '--offload-compress' [-Wunused-command-line-argument]
clang++: warning: argument unused during compilation: '--offload-compress' [-Wunused-command-line-argument]
clang++: warning: argument unused during compilation: '--offload-compress' [-Wunused-command-line-argument]
[ 80%] Building CXX object src/CMakeFiles/rccl.dir/__/hipify/src/misc/roctx.cc.o
[ 80%] Building CXX object src/CMakeFiles/rccl.dir/__/hipify/src/misc/recorder.cc.o
clang++clang++: : [ 80%] Building CXX object src/CMakeFiles/rccl.dir/__/hipify/src/misc/signals.cc.o
warning: warning: argument unused during compilation: '--offload-compress' [-Wunused-command-line-argument]argument unused during compilation: '--offload-compress' [-Wunused-command-line-argument]

clang++[ 80%] Building CXX object src/CMakeFiles/rccl.dir/__/hipify/src/misc/socket.cc.o
: warning: argument unused during compilation: '--offload-compress' [-Wunused-command-line-argument]
[ 80%] Building CXX object src/CMakeFiles/rccl.dir/__/hipify/src/misc/shmutils.cc.o
[ 80%] Building CXX object src/CMakeFiles/rccl.dir/__/hipify/src/nccl_device/core.cc.o
clang++: warning: argument unused during compilation: '--offload-compress' [-Wunused-command-line-argument]
clang++: warning: argument unused during compilation: '--offload-compress' [-Wunused-command-line-argument]
[ 80%] Building CXX object src/CMakeFiles/rccl.dir/__/hipify/src/nccl_device/gin_barrier.cc.o
clang++: warning: argument unused during compilation: '--offload-compress' [-Wunused-command-line-argument]
[ 80%] Building CXX object src/CMakeFiles/rccl.dir/__/hipify/src/misc/strongstream.cc.o
[ 80%] Building CXX object src/CMakeFiles/rccl.dir/__/hipify/src/misc/utils.cc.o
[ 80%] Building CXX object src/CMakeFiles/rccl.dir/__/hipify/src/nccl_device/ll_a2a.cc.o
[ 80%] Building CXX object src/CMakeFiles/rccl.dir/__/hipify/src/nccl_device/lsa_barrier.cc.o
clang++: warning: argument unused during compilation: '--offload-compress' [-Wunused-command-line-argument]
clang++: warning: argument unused during compilation: '--offload-compress' [-Wunused-command-line-argument]
[ 80%] Building CXX object src/CMakeFiles/rccl.dir/__/hipify/src/nccl_device/gin_scratch.cc.o
[ 80%] Building CXX object src/CMakeFiles/rccl.dir/__/hipify/src/param/c_api.cc.o
[ 80%] Building CXX object src/CMakeFiles/rccl.dir/__/hipify/src/os/linux.cc.o
clang++: warning: argument unused during compilation: '--offload-compress' [-Wunused-command-line-argument]
clang++clang++: : warning: argument unused during compilation: '--offload-compress' [-Wunused-command-line-argument]
warning: argument unused during compilation: '--offload-compress' [-Wunused-command-line-argument]
clang++: warning: argument unused during compilation: '--offload-compress' [-Wunused-command-line-argument]
clang++: warning: argument unused during compilation: '--offload-compress' [-Wunused-command-line-argument]
clang++[ 80%] Building CXX object src/CMakeFiles/rccl.dir/__/hipify/src/param/param_tmp.cc.o
[ 80%] Building CXX object src/CMakeFiles/rccl.dir/__/hipify/src/param/param_registry.cc.o
: warning: argument unused during compilation: '--offload-compress' [-Wunused-command-line-argument]
clang++: warning: argument unused during compilation: '--offload-compress' [-Wunused-command-line-argument]
[ 80%] Building CXX object src/CMakeFiles/rccl.dir/__/hipify/src/rma/rma.cc.o
clang++clang++: : warning: warning: argument unused during compilation: '--offload-compress' [-Wunused-command-line-argument]
argument unused during compilation: '--offload-compress' [-Wunused-command-line-argument]
clang++: warning: argument unused during compilation: '--offload-compress' [-Wunused-command-line-argument]
[ 80%] Building CXX object src/CMakeFiles/rccl.dir/__/hipify/src/rma/rma_proxy.cc.o
[ 80%] Building CXX object src/CMakeFiles/rccl.dir/__/hipify/src/rma/rma_ce.cc.o
clang++: warning: argument unused during compilation: '--offload-compress' [-Wunused-command-line-argument]
[ 80%] Building CXX object src/CMakeFiles/rccl.dir/__/hipify/src/rma/rma_proxy_launch.cc.o
clang++: warning: argument unused during compilation: '--offload-compress' [-Wunused-command-line-argument]
[ 80%] Building CXX object src/CMakeFiles/rccl.dir/__/hipify/src/plugin/env.cc.o
[ 80%] Building CXX object src/CMakeFiles/rccl.dir/__/hipify/src/rma/rma_proxy_progress.cc.o
clang++: warning: argument unused during compilation: '--offload-compress' [-Wunused-command-line-argument]
[ 80%] Building CXX object src/CMakeFiles/rccl.dir/__/hipify/src/plugin/net.cc.o
[ 80%] Building CXX object src/CMakeFiles/rccl.dir/__/hipify/src/plugin/profiler.cc.o
[ 80%] Building CXX object src/CMakeFiles/rccl.dir/__/hipify/src/plugin/env/env_v1.cc.o
clang++[ 80%] Building CXX object src/CMakeFiles/rccl.dir/__/hipify/src/plugin/plugin_open.cc.o
: warning: argument unused during compilation: '--offload-compress' [-Wunused-command-line-argument]
[ 80%] Building CXX object src/CMakeFiles/rccl.dir/__/hipify/src/plugin/tuner.cc.o
clang++: warning: argument unused during compilation: '--offload-compress' [-Wunused-command-line-argument]
[ 82%] Building CXX object src/CMakeFiles/rccl.dir/__/hipify/src/plugin/net/net_v9.cc.o
clang++: warning: argument unused during compilation: '--offload-compress' [-Wunused-command-line-argument]
[ 82%] Building CXX object src/CMakeFiles/rccl.dir/__/hipify/src/plugin/net/net_v7.cc.o
[ 82%] Building CXX object src/CMakeFiles/rccl.dir/__/hipify/src/plugin/net/net_v6.cc.o
clang++: [ 82%] Building CXX object src/CMakeFiles/rccl.dir/__/hipify/src/plugin/net/net_v8.cc.o
warning: argument unused during compilation: '--offload-compress' [-Wunused-command-line-argument]
clang++: warning: argument unused during compilation: '--offload-compress' [-Wunused-command-line-argument]
clang++: warning: argument unused during compilation: '--offload-compress' [-Wunused-command-line-argument]
clang++: warning: argument unused during compilation: '--offload-compress' [-Wunused-command-line-argument]
[ 82%] Building CXX object src/CMakeFiles/rccl.dir/__/hipify/src/plugin/net/net_v10.cc.o
clang++: warning: argument unused during compilation: '--offload-compress' [-Wunused-command-line-argument]
clang++clang++: : warning: argument unused during compilation: '--offload-compress' [-Wunused-command-line-argument]warning: 
argument unused during compilation: '--offload-compress' [-Wunused-command-line-argument]
[ 82%] Building CXX object src/CMakeFiles/rccl.dir/__/hipify/src/plugin/net/net_v11.cc.o
clang++: warning: argument unused during compilation: '--offload-compress' [-Wunused-command-line-argument]
[ 82%] Building CXX object src/CMakeFiles/rccl.dir/__/hipify/src/plugin/net/net_v12.cc.o
[ 82%] Building CXX object src/CMakeFiles/rccl.dir/__/hipify/src/plugin/profiler/profiler_v1.cc.o
clang++: warning: argument unused during compilation: '--offload-compress' [-Wunused-command-line-argument]
clang++: warning: clang++argument unused during compilation: '--offload-compress' [-Wunused-command-line-argument]: 
warning: argument unused during compilation: '--offload-compress' [-Wunused-command-line-argument]
[ 82%] Building CXX object src/CMakeFiles/rccl.dir/__/hipify/src/plugin/profiler/profiler_v2.cc.o
[ 82%] Building CXX object src/CMakeFiles/rccl.dir/__/hipify/src/plugin/profiler/profiler_v4.cc.o
clang++: warning: argument unused during compilation: '--offload-compress' [-Wunused-command-line-argument]
[ 82%] Building CXX object src/CMakeFiles/rccl.dir/__/hipify/src/plugin/profiler/profiler_v3.cc.o
clang++: warning: argument unused during compilation: '--offload-compress' [-Wunused-command-line-argument]
clang++[ 82%] Building CXX object src/CMakeFiles/rccl.dir/__/hipify/src/plugin/tuner/tuner_v2.cc.o
: warning: argument unused during compilation: '--offload-compress' [-Wunused-command-line-argument]
[ 82%] Building CXX object src/CMakeFiles/rccl.dir/__/hipify/src/plugin/profiler/profiler_v6.cc.o
[ 82%] Building CXX object src/CMakeFiles/rccl.dir/__/hipify/src/plugin/profiler/profiler_v5.cc.o
clang++: warning: argument unused during compilation: '--offload-compress' [-Wunused-command-line-argument]
[ 82%] Building CXX object src/CMakeFiles/rccl.dir/__/hipify/src/plugin/tuner/tuner_v3.cc.o
clang++clang++[ 82%] Building CXX object src/CMakeFiles/rccl.dir/__/hipify/src/plugin/tuner/tuner_v6.cc.o
[ 82%] Building CXX object src/CMakeFiles/rccl.dir/__/hipify/src/plugin/tuner/tuner_v4.cc.o
: : warning: warning: argument unused during compilation: '--offload-compress' [-Wunused-command-line-argument]
argument unused during compilation: '--offload-compress' [-Wunused-command-line-argument]
[ 82%] Building CXX object src/CMakeFiles/rccl.dir/__/hipify/src/plugin/tuner/tuner_v5.cc.o
clang++: warning: argument unused during compilation: '--offload-compress' [-Wunused-command-line-argument]
clang++: warning: argument unused during compilation: '--offload-compress' [-Wunused-command-line-argument]
clang++: warning: argument unused during compilation: '--offload-compress' [-Wunused-command-line-argument]
clang++: warning: argument unused during compilation: '--offload-compress' [-Wunused-command-line-argument]
[ 82%] Building CXX object src/CMakeFiles/rccl.dir/__/hipify/src/plugin/gin/gin_v12.cc.o
clang++: [ 82%] Building CXX object src/CMakeFiles/rccl.dir/__/hipify/src/plugin/gin.cc.o
[ 82%] Building CXX object src/CMakeFiles/rccl.dir/__/hipify/src/plugin/tuner/csv_tuner.cc.o
warning: argument unused during compilation: '--offload-compress' [-Wunused-command-line-argument]
clang++: warning: argument unused during compilation: '--offload-compress' [-Wunused-command-line-argument]
[ 82%] Building CXX object src/CMakeFiles/rccl.dir/__/hipify/src/plugin/gin/gin_v11.cc.o
clang++[ 82%] Building CXX object src/CMakeFiles/rccl.dir/__/hipify/src/plugin/gin/gin_v13.cc.o
: warning: argument unused during compilation: '--offload-compress' [-Wunused-command-line-argument]
clang++clang++: : warning: argument unused during compilation: '--offload-compress' [-Wunused-command-line-argument]warning: 
argument unused during compilation: '--offload-compress' [-Wunused-command-line-argument]
clang++: warning: argument unused during compilation: '--offload-compress' [-Wunused-command-line-argument]
[ 82%] Building CXX object src/CMakeFiles/rccl.dir/__/hipify/src/ras/client.cc.o
clang++: warning: argument unused during compilation: '--offload-compress' [-Wunused-command-line-argument]
clang++: warning: argument unused during compilation: '--offload-compress' [-Wunused-command-line-argument]
clang++: warning: argument unused during compilation: '--offload-compress' [-Wunused-command-line-argument]
[ 82%] Building CXX object src/CMakeFiles/rccl.dir/__/hipify/src/ras/client_support.cc.o
[ 82%] Building CXX object src/CMakeFiles/rccl.dir/__/hipify/src/ras/collectives_tmp.cc.o
[ 82%] Building CXX object src/CMakeFiles/rccl.dir/__/hipify/src/ras/peers.cc.o
clang++: warning: argument unused during compilation: '--offload-compress' [-Wunused-command-line-argument]
clang++: warning: argument unused during compilation: '--offload-compress' [-Wunused-command-line-argument]
[ 82%] Building CXX object src/CMakeFiles/rccl.dir/__/hipify/src/ras/ras.cc.o
clang++: warning: argument unused during compilation: '--offload-compress' [-Wunused-command-line-argument]
[ 82%] Building CXX object src/CMakeFiles/rccl.dir/__/hipify/src/ras/rasnet.cc.o
[ 82%] Building CXX object src/CMakeFiles/rccl.dir/__/hipify/src/register/coll_reg.cc.o
clang++: warning: argument unused during compilation: '--offload-compress' [-Wunused-command-line-argument]
clang++: warning: argument unused during compilation: '--offload-compress' [-Wunused-command-line-argument]
clang++: warning: argument unused during compilation: '--offload-compress' [-Wunused-command-line-argument]
[ 82%] Building CXX object src/CMakeFiles/rccl.dir/__/hipify/src/scheduler/symmetric_sched.cc.o
clang++: [ 82%] Building CXX object src/CMakeFiles/rccl.dir/__/hipify/src/register/sendrecv_reg.cc.o
warning: argument unused during compilation: '--offload-compress' [-Wunused-command-line-argument]
[ 82%] Building CXX object src/CMakeFiles/rccl.dir/__/hipify/src/register/register.cc.o
clang++: warning: argument unused during compilation: '--offload-compress' [-Wunused-command-line-argument]
[ 82%] Building CXX object src/CMakeFiles/rccl.dir/__/hipify/src/scheduler/allgatherv_sched.cc.o
clang++: warning: argument unused during compilation: '--offload-compress' [-Wunused-command-line-argument]
[ 82%] Building CXX object src/CMakeFiles/rccl.dir/__/hipify/src/transport/coll_net.cc.o
[ 82%] Building CXX object src/CMakeFiles/rccl.dir/__/hipify/src/transport/generic.cc.o
clang++[ 82%] Building CXX object src/CMakeFiles/rccl.dir/__/hipify/src/transport/net_tmp.cc.o
: warning: argument unused during compilation: '--offload-compress' [-Wunused-command-line-argument]
clang++: warning: argument unused during compilation: '--offload-compress' [-Wunused-command-line-argument]
clang++: warning: argument unused during compilation: '--offload-compress' [-Wunused-command-line-argument]
[ 82%] Building CXX object src/CMakeFiles/rccl.dir/__/hipify/src/transport/net_ib/gdr.cc.o
clang++clang++: : warning: argument unused during compilation: '--offload-compress' [-Wunused-command-line-argument]
warning: argument unused during compilation: '--offload-compress' [-Wunused-command-line-argument]
[ 82%] Building CXX object src/CMakeFiles/rccl.dir/__/hipify/src/transport/net_ib/gin_tmp.cc.o
[ 82%] Building CXX object src/CMakeFiles/rccl.dir/__/hipify/src/transport/net_ib/init_tmp.cc.o
[ 82%] Building CXX object src/CMakeFiles/rccl.dir/__/hipify/src/transport/net_ib/p2p.cc.o
[ 82%] Building CXX object src/CMakeFiles/rccl.dir/__/hipify/src/transport/net_ib/common.cc.o
[ 82%] Building CXX object src/CMakeFiles/rccl.dir/__/hipify/src/transport/net_ib/connect_tmp.cc.o
clang++: warning: argument unused during compilation: '--offload-compress' [-Wunused-command-line-argument]
clang++: warning: argument unused during compilation: '--offload-compress' [-Wunused-command-line-argument]
[ 82%] Building CXX object src/CMakeFiles/rccl.dir/__/hipify/src/transport/net_ib/p2p_resiliency_recovery.cc.o
clang++: warning: argument unused during compilation: '--offload-compress' [-Wunused-command-line-argument]
clang++: warning: argument unused during compilation: '--offload-compress' [-Wunused-command-line-argument]
[ 82%] Building CXX object src/CMakeFiles/rccl.dir/__/hipify/src/transport/net_ib/reg.cc.o
[ 82%] Building CXX object src/CMakeFiles/rccl.dir/__/hipify/src/transport/net_ib/p2p_resiliency.cc.o
[ 82%] Building CXX object src/CMakeFiles/rccl.dir/__/hipify/src/transport/net_socket.cc.o
[ 82%] Building CXX object src/CMakeFiles/rccl.dir/__/hipify/src/transport/profiler_tmp.cc.o
clang++: warning: argument unused during compilation: '--offload-compress' [-Wunused-command-line-argument]
clang++[ 84%] Building CXX object src/CMakeFiles/rccl.dir/__/hipify/src/transport/p2p_tmp.cc.o
: warning: argument unused during compilation: '--offload-compress' [-Wunused-command-line-argument]
[ 84%] Building CXX object src/CMakeFiles/rccl.dir/__/hipify/src/transport/nvls.cc.o
clang++clang++: : warning: argument unused during compilation: '--offload-compress' [-Wunused-command-line-argument]
warning: argument unused during compilation: '--offload-compress' [-Wunused-command-line-argument]
clang++: warning: argument unused during compilation: '--offload-compress' [-Wunused-command-line-argument]
[ 84%] Building CXX object src/CMakeFiles/rccl.dir/__/hipify/src/gin/gin_host_proxy.cc.o
[ 84%] Building CXX object src/CMakeFiles/rccl.dir/__/hipify/src/transport/shm.cc.o
clang++clang++[ 84%] Building CXX object src/CMakeFiles/rccl.dir/__/hipify/src/misc/latency_profiler/CollTraceEvent.cc.o
[ 84%] Building CXX object src/CMakeFiles/rccl.dir/__/hipify/src/gin/gin_host.cc.o
: : warning: warning: argument unused during compilation: '--offload-compress' [-Wunused-command-line-argument]
argument unused during compilation: '--offload-compress' [-Wunused-command-line-argument]
clang++: warning: argument unused during compilation: '--offload-compress' [-Wunused-command-line-argument]
[ 84%] Building CXX object src/CMakeFiles/rccl.dir/__/hipify/src/misc/latency_profiler/CollTrace.cc.o
clang++: warning: argument unused during compilation: '--offload-compress' [-Wunused-command-line-argument]
clang++: warning: argument unused during compilation: '--offload-compress' [-Wunused-command-line-argument]
clang++: warning: argument unused during compilation: '--offload-compress' [-Wunused-command-line-argument]
clang++: warning: argument unused during compilation: '--offload-compress' [-Wunused-command-line-argument]
clang++clang++clang++: : : warning: warning: warning: argument unused during compilation: '--offload-compress' [-Wunused-command-line-argument]argument unused during compilation: '--offload-compress' [-Wunused-command-line-argument]

argument unused during compilation: '--offload-compress' [-Wunused-command-line-argument]
clang++: warning: argument unused during compilation: '--offload-compress' [-Wunused-command-line-argument]
clang++: warning: argument unused during compilation: '--offload-compress' [-Wunused-command-line-argument]
clang++clang++clang++: : : warning: warning: argument unused during compilation: '--offload-compress' [-Wunused-command-line-argument]warning: argument unused during compilation: '--offload-compress' [-Wunused-command-line-argument]
argument unused during compilation: '--offload-compress' [-Wunused-command-line-argument]

clang++: warning: argument unused during compilation: '--offload-compress' [-Wunused-command-line-argument]
clang++: warning: argument unused during compilation: '--offload-compress' [-Wunused-command-line-argument]
clang++: warning: argument unused during compilation: '--offload-compress' [-Wunused-command-line-argument]
clang++: warning: argument unused during compilation: '--offload-compress' [-Wunused-command-line-argument]
clang++: warning: argument unused during compilation: '--offload-compress' [-Wunused-command-line-argument]
clang++: warning: argument unused during compilation: '--offload-compress' [-Wunused-command-line-argument]
clang++clang++clang++clang++: : : : warning: warning: warning: argument unused during compilation: '--offload-compress' [-Wunused-command-line-argument]warning: argument unused during compilation: '--offload-compress' [-Wunused-command-line-argument]
argument unused during compilation: '--offload-compress' [-Wunused-command-line-argument]argument unused during compilation: '--offload-compress' [-Wunused-command-line-argument]


clang++: warning: argument unused during compilation: '--offload-compress' [-Wunused-command-line-argument]
[ 84%] Building CXX object src/CMakeFiles/rccl.dir/__/hipify/src/misc/latency_profiler/CollTraceFunc.cc.o
clang++: warning: argument unused during compilation: '--offload-compress' [-Wunused-command-line-argument]
In file included from /home/yelkhamr/dark-factory/rocm-systems/projects/rccl/build/release/hipify/src/dev_runtime.cc:9:
In file included from /home/yelkhamr/dark-factory/rocm-systems/projects/rccl/build/release/hipify/src/include/dev_runtime.h:11:
In file included from /home/yelkhamr/dark-factory/rocm-systems/projects/rccl/build/release/hipify/src/include/nccl_device.h:10:
In file included from /home/yelkhamr/dark-factory/rocm-systems/projects/rccl/build/release/hipify/src/include/nccl_device/impl/barrier__funcs.h:12:
In file included from /home/yelkhamr/dark-factory/rocm-systems/projects/rccl/build/release/hipify/src/include/nccl_device/impl/barrier__types.h:10:
In file included from /home/yelkhamr/dark-factory/rocm-systems/projects/rccl/build/release/hipify/src/include/nccl_device/impl/../barrier.h:11:
/home/yelkhamr/dark-factory/rocm-systems/projects/rccl/build/release/hipify/src/include/nccl_device/impl/../impl/core__types.h:26:9: warning: 'NCCL_GIN_MAX_CONNECTIONS' macro redefined [-Wmacro-redefined]
   26 | #define NCCL_GIN_MAX_CONNECTIONS 4
      |         ^
/home/yelkhamr/dark-factory/rocm-systems/projects/rccl/build/release/include/nccl_device/gin/gin_device_host_common.h:18:9: note: previous definition is here
   18 | #define NCCL_GIN_MAX_CONNECTIONS NCCL_GIN_MAX_CONTEXTS
      |         ^
[ 84%] Building CXX object src/CMakeFiles/rccl.dir/__/hipify/src/misc/latency_profiler/CollTraceUtils.cc.o
In file included from /home/yelkhamr/dark-factory/rocm-systems/projects/rccl/build/release/hipify/src/dev_runtime.cc:9:
In file included from /home/yelkhamr/dark-factory/rocm-systems/projects/rccl/build/release/hipify/src/include/dev_runtime.h:11:
In file included from /home/yelkhamr/dark-factory/rocm-systems/projects/rccl/build/release/hipify/src/include/nccl_device.h:16:
/home/yelkhamr/dark-factory/rocm-systems/projects/rccl/build/release/hipify/src/include/nccl_device/impl/gin__funcs.h:413:60: warning: result of comparison of constant 3 with expression of type 'const hipMemLocationType' is always false [-Wtautological-constant-out-of-range-compare]
  413 |           if (!doneSysmemFence && srcSegmentWindow.memType == CU_MEM_LOCATION_TYPE_HOST_NUMA) {
      |                                   ~~~~~~~~~~~~~~~~~~~~~~~~ ^  ~~~~~~~~~~~~~~~~~~~~~~~~~~~~~~
clang++: warning: argument unused during compilation: '--offload-compress' [-Wunused-command-line-argument]
[ 84%] Building CXX object src/CMakeFiles/rccl.dir/__/hipify/src/misc/amdsmi_wrap.cc.o
clang++: warning: argument unused during compilation: '--offload-compress' [-Wunused-command-line-argument]
[ 84%] Building CXX object src/CMakeFiles/rccl.dir/__/hipify/src/transport/net_ib_cast/common_tmp.cc.o
clang++: warning: argument unused during compilation: '--offload-compress' [-Wunused-command-line-argument]
[ 84%] Building CXX object src/CMakeFiles/rccl.dir/__/hipify/src/transport/net_ib_cast/connect_tmp.cc.o
In file included from /home/yelkhamr/dark-factory/rocm-systems/projects/rccl/build/release/hipify/src/ipc_gpu_barrier.cu.cpp:12:
/home/yelkhamr/dark-factory/rocm-systems/projects/rccl/build/release/hipify/src/include/ipc_gpu_barrier.h:85:7: warning: private field 'nBlocks_' is not used [-Wunused-private-field]
   85 |   int nBlocks_;
      |       ^
/home/yelkhamr/dark-factory/rocm-systems/projects/rccl/build/release/hipify/src/include/ipc_gpu_barrier.h:152:7: warning: private field 'nBlocks_' is not used [-Wunused-private-field]
  152 |   int nBlocks_{-1};
      |       ^
clang++: warning: argument unused during compilation: '--offload-compress' [-Wunused-command-line-argument]
[ 84%] Building CXX object src/CMakeFiles/rccl.dir/__/hipify/src/transport/net_ib_cast/gdr_tmp.cc.o
[ 84%] Building CXX object src/CMakeFiles/rccl.dir/__/hipify/src/transport/net_ib_cast/init_tmp.cc.o
clang++: warning: argument unused during compilation: '--offload-compress' [-Wunused-command-line-argument]
2 warnings generated when compiling for host.
clang++: warning: argument unused during compilation: '--offload-compress' [-Wunused-command-line-argument]
[ 84%] Building CXX object src/CMakeFiles/rccl.dir/__/hipify/src/transport/net_ib_cast/p2p_tmp.cc.o
[ 84%] Building CXX object src/CMakeFiles/rccl.dir/__/hipify/src/transport/net_ib_cast/net_ib_ops_fault.cc.o
[ 84%] Building CXX object src/CMakeFiles/rccl.dir/__/hipify/src/transport/net_ib_cast/p2p_resiliency_tmp.cc.o
clang++: warning: argument unused during compilation: '--offload-compress' [-Wunused-command-line-argument]
clang++: warning: argument unused during compilation: '--offload-compress' [-Wunused-command-line-argument]
[ 84%] Building CXX object src/CMakeFiles/rccl.dir/__/hipify/src/transport/net_ib_cast/p2p_resiliency_recovery_tmp.cc.o
[ 84%] Building CXX object src/CMakeFiles/rccl.dir/__/hipify/src/transport/net_ib_cast/p2p_resiliency_recovery_ainic.cc.o
clang++: warning: argument unused during compilation: '--offload-compress' [-Wunused-command-line-argument]
[ 84%] Building CXX object src/CMakeFiles/rccl.dir/__/hipify/src/transport/net_ib_cast/reg_tmp.cc.o
clang++: warning: argument unused during compilation: '--offload-compress' [-Wunused-command-line-argument]
clang++: warning: argument unused during compilation: '--offload-compress' [-Wunused-command-line-argument]
clang++: warning: argument unused during compilation: '--offload-compress' [-Wunused-command-line-argument]
[ 84%] Building CXX object src/CMakeFiles/rccl.dir/__/hipify/src/transport/net_ib_cast/scheduler.cc.o
clang++: warning: argument unused during compilation: '--offload-compress' [-Wunused-command-line-argument]
In file included from /home/yelkhamr/dark-factory/rocm-systems/projects/rccl/build/release/hipify/src/sym_kernels.cc:9:
In file included from /home/yelkhamr/dark-factory/rocm-systems/projects/rccl/build/release/hipify/src/include/sym_kernels.h:11:
In file included from /home/yelkhamr/dark-factory/rocm-systems/projects/rccl/build/release/hipify/src/include/nccl_device.h:10:
In file included from /home/yelkhamr/dark-factory/rocm-systems/projects/rccl/build/release/hipify/src/include/nccl_device/impl/barrier__funcs.h:12:
In file included from /home/yelkhamr/dark-factory/rocm-systems/projects/rccl/build/release/hipify/src/include/nccl_device/impl/barrier__types.h:10:
In file included from /home/yelkhamr/dark-factory/rocm-systems/projects/rccl/build/release/hipify/src/include/nccl_device/impl/../barrier.h:11:
/home/yelkhamr/dark-factory/rocm-systems/projects/rccl/build/release/hipify/src/include/nccl_device/impl/../impl/core__types.h:26:9: warning: 'NCCL_GIN_MAX_CONNECTIONS' macro redefined [-Wmacro-redefined]
   26 | #define NCCL_GIN_MAX_CONNECTIONS 4
      |         ^
/home/yelkhamr/dark-factory/rocm-systems/projects/rccl/build/release/include/nccl_device/gin/gin_device_host_common.h:18:9: note: previous definition is here
   18 | #define NCCL_GIN_MAX_CONNECTIONS NCCL_GIN_MAX_CONTEXTS
      |         ^
[ 84%] Building CXX object src/CMakeFiles/rccl.dir/__/hipify/src/transport/net_ib_cast/gin_tmp.cc.o
clang++: warning: argument unused during compilation: '--offload-compress' [-Wunused-command-line-argument]
In file included from /home/yelkhamr/dark-factory/rocm-systems/projects/rccl/build/release/hipify/src/nccl_device/gin_barrier.cc:9:
In file included from /home/yelkhamr/dark-factory/rocm-systems/projects/rccl/build/release/include/nccl_device/impl/gin_barrier__funcs.h:11:
In file included from /home/yelkhamr/dark-factory/rocm-systems/projects/rccl/build/release/include/nccl_device/impl/gin_barrier__types.h:11:
/home/yelkhamr/dark-factory/rocm-systems/projects/rccl/build/release/include/nccl_device/impl/core__types.h:26:9: warning: 'NCCL_GIN_MAX_CONNECTIONS' macro redefined [-Wmacro-redefined]
   26 | #define NCCL_GIN_MAX_CONNECTIONS 4
      |         ^
/home/yelkhamr/dark-factory/rocm-systems/projects/rccl/build/release/include/nccl_device/impl/../gin/gin_device_host_common.h:18:9: note: previous definition is here
   18 | #define NCCL_GIN_MAX_CONNECTIONS NCCL_GIN_MAX_CONTEXTS
      |         ^
In file included from /home/yelkhamr/dark-factory/rocm-systems/projects/rccl/build/release/hipify/src/sym_kernels.cc:9:
In file included from /home/yelkhamr/dark-factory/rocm-systems/projects/rccl/build/release/hipify/src/include/sym_kernels.h:11:
In file included from /home/yelkhamr/dark-factory/rocm-systems/projects/rccl/build/release/hipify/src/include/nccl_device.h:16:
/home/yelkhamr/dark-factory/rocm-systems/projects/rccl/build/release/hipify/src/include/nccl_device/impl/gin__funcs.h:413:60: warning: result of comparison of constant 3 with expression of type 'const hipMemLocationType' is always false [-Wtautological-constant-out-of-range-compare]
  413 |           if (!doneSysmemFence && srcSegmentWindow.memType == CU_MEM_LOCATION_TYPE_HOST_NUMA) {
      |                                   ~~~~~~~~~~~~~~~~~~~~~~~~ ^  ~~~~~~~~~~~~~~~~~~~~~~~~~~~~~~
In file included from /home/yelkhamr/dark-factory/rocm-systems/projects/rccl/build/release/hipify/src/nccl_device/gin_scratch.cc:10:
In file included from /home/yelkhamr/dark-factory/rocm-systems/projects/rccl/build/release/hipify/src/nccl_device/../device/symmetric/gin_scratch__funcs.h:11:
In file included from /home/yelkhamr/dark-factory/rocm-systems/projects/rccl/build/release/hipify/src/nccl_device/../device/symmetric/gin_scratch__types.h:11:
In file included from /home/yelkhamr/dark-factory/rocm-systems/projects/rccl/build/release/hipify/src/nccl_device/../device/symmetric/gin_scratch.h:11:
In file included from /home/yelkhamr/dark-factory/rocm-systems/projects/rccl/build/release/include/nccl_device.h:10:
In file included from /home/yelkhamr/dark-factory/rocm-systems/projects/rccl/build/release/include/nccl_device/impl/barrier__funcs.h:12:
In file included from /home/yelkhamr/dark-factory/rocm-systems/projects/rccl/build/release/include/nccl_device/impl/barrier__types.h:10:
In file included from /home/yelkhamr/dark-factory/rocm-systems/projects/rccl/build/release/include/nccl_device/impl/../barrier.h:11:
/home/yelkhamr/dark-factory/rocm-systems/projects/rccl/build/release/include/nccl_device/impl/../impl/core__types.h:26:9: warning: 'NCCL_GIN_MAX_CONNECTIONS' macro redefined [-Wmacro-redefined]
   26 | #define NCCL_GIN_MAX_CONNECTIONS 4
      |         ^
/home/yelkhamr/dark-factory/rocm-systems/projects/rccl/build/release/include/nccl_device/gin/gin_device_host_common.h:18:9: note: previous definition is here
   18 | #define NCCL_GIN_MAX_CONNECTIONS NCCL_GIN_MAX_CONTEXTS
      |         ^
[ 84%] Building CXX object src/CMakeFiles/rccl.dir/__/hipify/src/devcomm/devcomm_v22902.cc.o
clang++In file included from : /home/yelkhamr/dark-factory/rocm-systems/projects/rccl/build/release/hipify/src/nccl_device/gin_scratch.cc:10:
In file included from /home/yelkhamr/dark-factory/rocm-systems/projects/rccl/build/release/hipify/src/nccl_device/../device/symmetric/gin_scratch__funcs.h:11:
warning: In file included from argument unused during compilation: '--offload-compress' [-Wunused-command-line-argument]/home/yelkhamr/dark-factory/rocm-systems/projects/rccl/build/release/hipify/src/nccl_device/../device/symmetric/gin_scratch__types.h:
11:
In file included from /home/yelkhamr/dark-factory/rocm-systems/projects/rccl/build/release/hipify/src/nccl_device/../device/symmetric/gin_scratch.h:11:
In file included from /home/yelkhamr/dark-factory/rocm-systems/projects/rccl/build/release/include/nccl_device.h:16:
/home/yelkhamr/dark-factory/rocm-systems/projects/rccl/build/release/include/nccl_device/impl/gin__funcs.h:413:60: warning: result of comparison of constant 3 with expression of type 'const hipMemLocationType' is always false [-Wtautological-constant-out-of-range-compare]
  413 |           if (!doneSysmemFence && srcSegmentWindow.memType == CU_MEM_LOCATION_TYPE_HOST_NUMA) {
      |                                   ~~~~~~~~~~~~~~~~~~~~~~~~ ^  ~~~~~~~~~~~~~~~~~~~~~~~~~~~~~~
In file included from /home/yelkhamr/dark-factory/rocm-systems/projects/rccl/build/release/hipify/src/nccl_device/ll_a2a.cc:9:
In file included from /home/yelkhamr/dark-factory/rocm-systems/projects/rccl/build/release/include/nccl_device/impl/ll_a2a__funcs.h:10:
In file included from /home/yelkhamr/dark-factory/rocm-systems/projects/rccl/build/release/include/nccl_device/impl/ll_a2a__types.h:10:
In file included from /home/yelkhamr/dark-factory/rocm-systems/projects/rccl/build/release/include/nccl_device/impl/../ll_a2a.h:10:
/home/yelkhamr/dark-factory/rocm-systems/projects/rccl/build/release/include/nccl_device/impl/../impl/core__types.h:26:9: warning: 'NCCL_GIN_MAX_CONNECTIONS' macro redefined [-Wmacro-redefined]
   26 | #define NCCL_GIN_MAX_CONNECTIONS 4
      |         ^
/home/yelkhamr/dark-factory/rocm-systems/projects/rccl/build/release/include/nccl_device/gin/gin_device_host_common.h:18:9: note: previous definition is here
   18 | #define NCCL_GIN_MAX_CONNECTIONS NCCL_GIN_MAX_CONTEXTS
      |         ^
[ 84%] Building CXX object src/CMakeFiles/rccl.dir/__/hipify/src/devcomm/devcomm_v22907.cc.o
clang++: warning: argument unused during compilation: '--offload-compress' [-Wunused-command-line-argument]
[ 84%] Building CXX object src/CMakeFiles/rccl.dir/__/hipify/src/devcomm/devcomm_v23000.cc.o
clang++: warning: argument unused during compilation: '--offload-compress' [-Wunused-command-line-argument]
1 warning generated when compiling for host.
[ 84%] Building CXX object src/CMakeFiles/rccl.dir/__/hipify/gensrc/symmetric/sym_kernels_host.cc.o
clang++: warning: argument unused during compilation: '--offload-compress' [-Wunused-command-line-argument]
[ 84%] Building CXX object src/CMakeFiles/rccl.dir/__/hipify/gensrc/host_table.cpp.o
[ 84%] Building CXX object src/CMakeFiles/rccl.dir/git_version.cpp.o
clang++: warning: argument unused during compilation: '--offload-compress' [-Wunused-command-line-argument]
clang++: warning: argument unused during compilation: '--offload-compress' [-Wunused-command-line-argument]
2 warnings generated when compiling for host.
In file included from /home/yelkhamr/dark-factory/rocm-systems/projects/rccl/build/release/hipify/src/nccl_device/lsa_barrier.cc:9:
In file included from /home/yelkhamr/dark-factory/rocm-systems/projects/rccl/build/release/include/nccl_device/impl/lsa_barrier__funcs.h:12:
In file included from /home/yelkhamr/dark-factory/rocm-systems/projects/rccl/build/release/include/nccl_device/impl/lsa_barrier__types.h:10:
In file included from /home/yelkhamr/dark-factory/rocm-systems/projects/rccl/build/release/include/nccl_device/impl/../lsa_barrier.h:11:
/home/yelkhamr/dark-factory/rocm-systems/projects/rccl/build/release/include/nccl_device/impl/../impl/core__types.h:26:9: warning: 'NCCL_GIN_MAX_CONNECTIONS' macro redefined [-Wmacro-redefined]
   26 | #define NCCL_GIN_MAX_CONNECTIONS 4
      |         ^
/home/yelkhamr/dark-factory/rocm-systems/projects/rccl/build/release/include/nccl_device/gin/gin_device_host_common.h:18:9: note: previous definition is here
   18 | #define NCCL_GIN_MAX_CONNECTIONS NCCL_GIN_MAX_CONTEXTS
      |         ^
1 warning generated when compiling for host.
/home/yelkhamr/dark-factory/rocm-systems/projects/rccl/build/release/hipify/src/misc/utils.cc:21:7: warning: logical not is only applied to the left hand side of this comparison [-Wlogical-not-parentheses]
   21 |   if (!CUDASUCCESS(hipGetDevice(&cudaDev))) return 0;
      |       ^~~~~~~~~~~~~~~~~~~~~~~~~~~~~~~~~~~~
/home/yelkhamr/dark-factory/rocm-systems/projects/rccl/build/release/hipify/src/misc/utils.cc:21:7: note: add parentheses after the '!' to evaluate the comparison first
   21 |   if (!CUDASUCCESS(hipGetDevice(&cudaDev))) return 0;
      |       ^                                   
      |        (                                  )
/home/yelkhamr/dark-factory/rocm-systems/projects/rccl/build/release/hipify/src/misc/utils.cc:21:7: note: add parentheses around left hand side expression to silence this warning
/home/yelkhamr/dark-factory/rocm-systems/projects/rccl/build/release/hipify/src/misc/utils.cc:23:7: warning: logical not is only applied to the left hand side of this comparison [-Wlogical-not-parentheses]
   23 |   if (!CUDASUCCESS(hipDeviceGetAttribute(&ccMajor, hipDeviceAttributeComputeCapabilityMajor, cudaDev))) return 0;
      |       ^~~~~~~~~~~~~~~~~~~~~~~~~~~~~~~~~~~~~~~~~~~~~~~~~~~~~~~~~~~~~~~~~~~~~~~~~~~~~~~~~~~~~~~~~~~~~~~~
/home/yelkhamr/dark-factory/rocm-systems/projects/rccl/build/release/hipify/src/misc/utils.cc:23:7: note: add parentheses after the '!' to evaluate the comparison first
   23 |   if (!CUDASUCCESS(hipDeviceGetAttribute(&ccMajor, hipDeviceAttributeComputeCapabilityMajor, cudaDev))) return 0;
      |       ^                                                                                               
      |        (                                                                                              )
/home/yelkhamr/dark-factory/rocm-systems/projects/rccl/build/release/hipify/src/misc/utils.cc:23:7: note: add parentheses around left hand side expression to silence this warning
/home/yelkhamr/dark-factory/rocm-systems/projects/rccl/build/release/hipify/src/misc/utils.cc:24:7: warning: logical not is only applied to the left hand side of this comparison [-Wlogical-not-parentheses]
   24 |   if (!CUDASUCCESS(hipDeviceGetAttribute(&ccMinor, hipDeviceAttributeComputeCapabilityMinor, cudaDev))) return 0;
      |       ^~~~~~~~~~~~~~~~~~~~~~~~~~~~~~~~~~~~~~~~~~~~~~~~~~~~~~~~~~~~~~~~~~~~~~~~~~~~~~~~~~~~~~~~~~~~~~~~
/home/yelkhamr/dark-factory/rocm-systems/projects/rccl/build/release/hipify/src/misc/utils.cc:24:7: note: add parentheses after the '!' to evaluate the comparison first
   24 |   if (!CUDASUCCESS(hipDeviceGetAttribute(&ccMinor, hipDeviceAttributeComputeCapabilityMinor, cudaDev))) return 0;
      |       ^                                                                                               
      |        (                                                                                              )
/home/yelkhamr/dark-factory/rocm-systems/projects/rccl/build/release/hipify/src/misc/utils.cc:24:7: note: add parentheses around left hand side expression to silence this warning
In file included from /home/yelkhamr/dark-factory/rocm-systems/projects/rccl/build/release/hipify/src/mem_manager.cc:11:
In file included from /home/yelkhamr/dark-factory/rocm-systems/projects/rccl/build/release/hipify/src/include/comm.h:25:
In file included from /home/yelkhamr/dark-factory/rocm-systems/projects/rccl/build/release/hipify/src/include/dev_runtime.h:11:
In file included from /home/yelkhamr/dark-factory/rocm-systems/projects/rccl/build/release/hipify/src/include/nccl_device.h:10:
In file included from /home/yelkhamr/dark-factory/rocm-systems/projects/rccl/build/release/hipify/src/include/nccl_device/impl/barrier__funcs.h:12:
In file included from /home/yelkhamr/dark-factory/rocm-systems/projects/rccl/build/release/hipify/src/include/nccl_device/impl/barrier__types.h:10:
In file included from /home/yelkhamr/dark-factory/rocm-systems/projects/rccl/build/release/hipify/src/include/nccl_device/impl/../barrier.h:11:
/home/yelkhamr/dark-factory/rocm-systems/projects/rccl/build/release/hipify/src/include/nccl_device/impl/../impl/core__types.h:26:9: warning: 'NCCL_GIN_MAX_CONNECTIONS' macro redefined [-Wmacro-redefined]
   26 | #define NCCL_GIN_MAX_CONNECTIONS 4
      |         ^
/home/yelkhamr/dark-factory/rocm-systems/projects/rccl/build/release/include/nccl_device/gin/gin_device_host_common.h:18:9: note: previous definition is here
   18 | #define NCCL_GIN_MAX_CONNECTIONS NCCL_GIN_MAX_CONTEXTS
      |         ^
In file included from /home/yelkhamr/dark-factory/rocm-systems/projects/rccl/build/release/hipify/src/channel.cc:8:
In file included from /home/yelkhamr/dark-factory/rocm-systems/projects/rccl/build/release/hipify/src/include/channel.h:10:
In file included from /home/yelkhamr/dark-factory/rocm-systems/projects/rccl/build/release/hipify/src/include/comm.h:25:
In file included from /home/yelkhamr/dark-factory/rocm-systems/projects/rccl/build/release/hipify/src/include/dev_runtime.h:11:
In file included from /home/yelkhamr/dark-factory/rocm-systems/projects/rccl/build/release/hipify/src/include/nccl_device.h:10:
In file included from /home/yelkhamr/dark-factory/rocm-systems/projects/rccl/build/release/hipify/src/include/nccl_device/impl/barrier__funcs.h:12:
In file included from /home/yelkhamr/dark-factory/rocm-systems/projects/rccl/build/release/hipify/src/include/nccl_device/impl/barrier__types.h:10:
In file included from /home/yelkhamr/dark-factory/rocm-systems/projects/rccl/build/release/hipify/src/include/nccl_device/impl/../barrier.h:11:
/home/yelkhamr/dark-factory/rocm-systems/projects/rccl/build/release/hipify/src/include/nccl_device/impl/../impl/core__types.h:26:9: warning: 'NCCL_GIN_MAX_CONNECTIONS' macro redefined [-Wmacro-redefined]
   26 | #define NCCL_GIN_MAX_CONNECTIONS 4
      |         ^
/home/yelkhamr/dark-factory/rocm-systems/projects/rccl/build/release/include/nccl_device/gin/gin_device_host_common.h:18:9: note: previous definition is here
   18 | #define NCCL_GIN_MAX_CONNECTIONS NCCL_GIN_MAX_CONTEXTS
      |         ^
In file included from /home/yelkhamr/dark-factory/rocm-systems/projects/rccl/build/release/hipify/src/ce_coll.cc:9:
In file included from /home/yelkhamr/dark-factory/rocm-systems/projects/rccl/build/release/hipify/src/include/comm.h:25:
In file included from /home/yelkhamr/dark-factory/rocm-systems/projects/rccl/build/release/hipify/src/include/dev_runtime.h:11:
In file included from /home/yelkhamr/dark-factory/rocm-systems/projects/rccl/build/release/hipify/src/include/nccl_device.h:10:
In file included from /home/yelkhamr/dark-factory/rocm-systems/projects/rccl/build/release/hipify/src/include/nccl_device/impl/barrier__funcs.h:12:
In file included from /home/yelkhamr/dark-factory/rocm-systems/projects/rccl/build/release/hipify/src/include/nccl_device/impl/barrier__types.h:10:
In file included from /home/yelkhamr/dark-factory/rocm-systems/projects/rccl/build/release/hipify/src/include/nccl_device/impl/../barrier.h:11:
/home/yelkhamr/dark-factory/rocm-systems/projects/rccl/build/release/hipify/src/include/nccl_device/impl/../impl/core__types.h:26:9: warning: 'NCCL_GIN_MAX_CONNECTIONS' macro redefined [-Wmacro-redefined]
   26 | #define NCCL_GIN_MAX_CONNECTIONS 4
      |         ^
/home/yelkhamr/dark-factory/rocm-systems/projects/rccl/build/release/include/nccl_device/gin/gin_device_host_common.h:18:9: note: previous definition is here
   18 | #define NCCL_GIN_MAX_CONNECTIONS NCCL_GIN_MAX_CONTEXTS
      |         ^
In file included from /home/yelkhamr/dark-factory/rocm-systems/projects/rccl/build/release/hipify/src/mem_manager.cc:11:
In file included from /home/yelkhamr/dark-factory/rocm-systems/projects/rccl/build/release/hipify/src/include/comm.h:25:
In file included from /home/yelkhamr/dark-factory/rocm-systems/projects/rccl/build/release/hipify/src/include/dev_runtime.h:11:
In file included from /home/yelkhamr/dark-factory/rocm-systems/projects/rccl/build/release/hipify/src/include/nccl_device.h:16:
/home/yelkhamr/dark-factory/rocm-systems/projects/rccl/build/release/hipify/src/include/nccl_device/impl/gin__funcs.h:413:60: warning: result of comparison of constant 3 with expression of type 'const hipMemLocationType' is always false [-Wtautological-constant-out-of-range-compare]
  413 |           if (!doneSysmemFence && srcSegmentWindow.memType == CU_MEM_LOCATION_TYPE_HOST_NUMA) {
      |                                   ~~~~~~~~~~~~~~~~~~~~~~~~ ^  ~~~~~~~~~~~~~~~~~~~~~~~~~~~~~~
In file included from /home/yelkhamr/dark-factory/rocm-systems/projects/rccl/build/release/hipify/src/bootstrap.cc:12:
In file included from /home/yelkhamr/dark-factory/rocm-systems/projects/rccl/build/release/hipify/src/include/bootstrap.h:12:
In file included from /home/yelkhamr/dark-factory/rocm-systems/projects/rccl/build/release/hipify/src/include/comm.h:25:
In file included from /home/yelkhamr/dark-factory/rocm-systems/projects/rccl/build/release/hipify/src/include/dev_runtime.h:11:
In file included from /home/yelkhamr/dark-factory/rocm-systems/projects/rccl/build/release/hipify/src/include/nccl_device.h:10:
In file included from /home/yelkhamr/dark-factory/rocm-systems/projects/rccl/build/release/hipify/src/include/nccl_device/impl/barrier__funcs.h:12:
In file included from /home/yelkhamr/dark-factory/rocm-systems/projects/rccl/build/release/hipify/src/include/nccl_device/impl/barrier__types.h:10:
In file included from /home/yelkhamr/dark-factory/rocm-systems/projects/rccl/build/release/hipify/src/include/nccl_device/impl/../barrier.h:11:
/home/yelkhamr/dark-factory/rocm-systems/projects/rccl/build/release/hipify/src/include/nccl_device/impl/../impl/core__types.h:26:9: warning: 'NCCL_GIN_MAX_CONNECTIONS' macro redefined [-Wmacro-redefined]
   26 | #define NCCL_GIN_MAX_CONNECTIONS 4
      |         ^
/home/yelkhamr/dark-factory/rocm-systems/projects/rccl/build/release/include/nccl_device/gin/gin_device_host_common.h:18:9: note: previous definition is here
   18 | #define NCCL_GIN_MAX_CONNECTIONS NCCL_GIN_MAX_CONTEXTS
      |         ^
In file included from /home/yelkhamr/dark-factory/rocm-systems/projects/rccl/build/release/hipify/src/channel.cc:8:
In file included from /home/yelkhamr/dark-factory/rocm-systems/projects/rccl/build/release/hipify/src/include/channel.h:10:
In file included from /home/yelkhamr/dark-factory/rocm-systems/projects/rccl/build/release/hipify/src/include/comm.h:25:
In file included from /home/yelkhamr/dark-factory/rocm-systems/projects/rccl/build/release/hipify/src/include/dev_runtime.h:11:
In file included from /home/yelkhamr/dark-factory/rocm-systems/projects/rccl/build/release/hipify/src/include/nccl_device.h:16:
/home/yelkhamr/dark-factory/rocm-systems/projects/rccl/build/release/hipify/src/include/nccl_device/impl/gin__funcs.h:413:60: warning: result of comparison of constant 3 with expression of type 'const hipMemLocationType' is always false [-Wtautological-constant-out-of-range-compare]
  413 |           if (!doneSysmemFence && srcSegmentWindow.memType == CU_MEM_LOCATION_TYPE_HOST_NUMA) {
      |                                   ~~~~~~~~~~~~~~~~~~~~~~~~ ^  ~~~~~~~~~~~~~~~~~~~~~~~~~~~~~~
In file included from /home/yelkhamr/dark-factory/rocm-systems/projects/rccl/build/release/hipify/src/allocator.cc:9:
In file included from /home/yelkhamr/dark-factory/rocm-systems/projects/rccl/build/release/hipify/src/include/comm.h:25:
In file included from /home/yelkhamr/dark-factory/rocm-systems/projects/rccl/build/release/hipify/src/include/dev_runtime.h:11:
In file included from /home/yelkhamr/dark-factory/rocm-systems/projects/rccl/build/release/hipify/src/include/nccl_device.h:10:
In file included from /home/yelkhamr/dark-factory/rocm-systems/projects/rccl/build/release/hipify/src/include/nccl_device/impl/barrier__funcs.h:12:
In file included from /home/yelkhamr/dark-factory/rocm-systems/projects/rccl/build/release/hipify/src/include/nccl_device/impl/barrier__types.h:10:
In file included from /home/yelkhamr/dark-factory/rocm-systems/projects/rccl/build/release/hipify/src/include/nccl_device/impl/../barrier.h:11:
/home/yelkhamr/dark-factory/rocm-systems/projects/rccl/build/release/hipify/src/include/nccl_device/impl/../impl/core__types.h:26:9: warning: 'NCCL_GIN_MAX_CONNECTIONS' macro redefined [-Wmacro-redefined]
   26 | #define NCCL_GIN_MAX_CONNECTIONS 4
      |         ^
/home/yelkhamr/dark-factory/rocm-systems/projects/rccl/build/release/include/nccl_device/gin/gin_device_host_common.h:18:9: note: previous definition is here
   18 | #define NCCL_GIN_MAX_CONNECTIONS NCCL_GIN_MAX_CONTEXTS
      |         ^
In file included from /home/yelkhamr/dark-factory/rocm-systems/projects/rccl/build/release/hipify/src/group.cc:10:
In file included from /home/yelkhamr/dark-factory/rocm-systems/projects/rccl/build/release/hipify/src/include/group.h:12:
In file included from /home/yelkhamr/dark-factory/rocm-systems/projects/rccl/build/release/hipify/src/include/comm.h:25:
In file included from /home/yelkhamr/dark-factory/rocm-systems/projects/rccl/build/release/hipify/src/include/dev_runtime.h:11:
In file included from /home/yelkhamr/dark-factory/rocm-systems/projects/rccl/build/release/hipify/src/include/nccl_device.h:10:
In file included from /home/yelkhamr/dark-factory/rocm-systems/projects/rccl/build/release/hipify/src/include/nccl_device/impl/barrier__funcs.h:12:
In file included from /home/yelkhamr/dark-factory/rocm-systems/projects/rccl/build/release/hipify/src/include/nccl_device/impl/barrier__types.h:10:
In file included from /home/yelkhamr/dark-factory/rocm-systems/projects/rccl/build/release/hipify/src/include/nccl_device/impl/../barrier.h:11:
/home/yelkhamr/dark-factory/rocm-systems/projects/rccl/build/release/hipify/src/include/nccl_device/impl/../impl/core__types.h:26:9: warning: 'NCCL_GIN_MAX_CONNECTIONS' macro redefined [-Wmacro-redefined]
   26 | #define NCCL_GIN_MAX_CONNECTIONS 4
      |         ^
/home/yelkhamr/dark-factory/rocm-systems/projects/rccl/build/release/include/nccl_device/gin/gin_device_host_common.h:18:9: note: previous definition is here
   18 | #define NCCL_GIN_MAX_CONNECTIONS NCCL_GIN_MAX_CONTEXTS
      |         ^
In file included from /home/yelkhamr/dark-factory/rocm-systems/projects/rccl/build/release/hipify/src/graph/rome_models.cc:24:
In file included from /home/yelkhamr/dark-factory/rocm-systems/projects/rccl/build/release/hipify/src/include/comm.h:25:
In file included from /home/yelkhamr/dark-factory/rocm-systems/projects/rccl/build/release/hipify/src/include/dev_runtime.h:11:
In file included from /home/yelkhamr/dark-factory/rocm-systems/projects/rccl/build/release/hipify/src/include/nccl_device.h:10:
In file included from /home/yelkhamr/dark-factory/rocm-systems/projects/rccl/build/release/hipify/src/include/nccl_device/impl/barrier__funcs.h:12:
In file included from /home/yelkhamr/dark-factory/rocm-systems/projects/rccl/build/release/hipify/src/include/nccl_device/impl/barrier__types.h:10:
In file included from /home/yelkhamr/dark-factory/rocm-systems/projects/rccl/build/release/hipify/src/include/nccl_device/impl/../barrier.h:11:
/home/yelkhamr/dark-factory/rocm-systems/projects/rccl/build/release/hipify/src/include/nccl_device/impl/../impl/core__types.h:26:9: warning: 'NCCL_GIN_MAX_CONNECTIONS' macro redefined [-Wmacro-redefined]
   26 | #define NCCL_GIN_MAX_CONNECTIONS 4
      |         ^
/home/yelkhamr/dark-factory/rocm-systems/projects/rccl/build/release/include/nccl_device/gin/gin_device_host_common.h:18:9: note: previous definition is here
   18 | #define NCCL_GIN_MAX_CONNECTIONS NCCL_GIN_MAX_CONTEXTS
      |         ^
In file included from /home/yelkhamr/dark-factory/rocm-systems/projects/rccl/build/release/hipify/src/graph/tuning.cc:12:
In file included from /home/yelkhamr/dark-factory/rocm-systems/projects/rccl/build/release/hipify/src/include/comm.h:25:
In file included from /home/yelkhamr/dark-factory/rocm-systems/projects/rccl/build/release/hipify/src/include/dev_runtime.h:11:
In file included from /home/yelkhamr/dark-factory/rocm-systems/projects/rccl/build/release/hipify/src/include/nccl_device.h:10:
In file included from /home/yelkhamr/dark-factory/rocm-systems/projects/rccl/build/release/hipify/src/include/nccl_device/impl/barrier__funcs.h:12:
In file included from /home/yelkhamr/dark-factory/rocm-systems/projects/rccl/build/release/hipify/src/include/nccl_device/impl/barrier__types.h:10:
In file included from /home/yelkhamr/dark-factory/rocm-systems/projects/rccl/build/release/hipify/src/include/nccl_device/impl/../barrier.h:11:
/home/yelkhamr/dark-factory/rocm-systems/projects/rccl/build/release/hipify/src/include/nccl_device/impl/../impl/core__types.h:26:9: warning: 'NCCL_GIN_MAX_CONNECTIONS' macro redefined [-Wmacro-redefined]
   26 | #define NCCL_GIN_MAX_CONNECTIONS 4
      |         ^
/home/yelkhamr/dark-factory/rocm-systems/projects/rccl/build/release/include/nccl_device/gin/gin_device_host_common.h:18:9: note: previous definition is here
   18 | #define NCCL_GIN_MAX_CONNECTIONS NCCL_GIN_MAX_CONTEXTS
      |         ^
In file included from In file included from In file included from /home/yelkhamr/dark-factory/rocm-systems/projects/rccl/build/release/hipify/src/init.cc/home/yelkhamr/dark-factory/rocm-systems/projects/rccl/build/release/hipify/src/mnnvl.cc/home/yelkhamr/dark-factory/rocm-systems/projects/rccl/build/release/hipify/src/ce_coll.cc:::129:
9:
In file included from :
In file included from /home/yelkhamr/dark-factory/rocm-systems/projects/rccl/build/release/hipify/src/include/mnnvl.h:In file included from /home/yelkhamr/dark-factory/rocm-systems/projects/rccl/build/release/hipify/src/include/channel.h12/home/yelkhamr/dark-factory/rocm-systems/projects/rccl/build/release/hipify/src/include/comm.h::
:25:
10In file included from In file included from /home/yelkhamr/dark-factory/rocm-systems/projects/rccl/build/release/hipify/src/include/comm.h:25:
In file included from /home/yelkhamr/dark-factory/rocm-systems/projects/rccl/build/release/hipify/src/include/dev_runtime.h::
/home/yelkhamr/dark-factory/rocm-systems/projects/rccl/build/release/hipify/src/include/dev_runtime.h11:
In file included from :In file included from /home/yelkhamr/dark-factory/rocm-systems/projects/rccl/build/release/hipify/src/include/comm.h11/home/yelkhamr/dark-factory/rocm-systems/projects/rccl/build/release/hipify/src/include/nccl_device.h:10:25:
In file included from /home/yelkhamr/dark-factory/rocm-systems/projects/rccl/build/release/hipify/src/include/dev_runtime.h:11:
In file included from /home/yelkhamr/dark-factory/rocm-systems/projects/rccl/build/release/hipify/src/include/nccl_device.h:10:
In file included from :
:
In file included from /home/yelkhamr/dark-factory/rocm-systems/projects/rccl/build/release/hipify/src/include/nccl_device/impl/barrier__funcs.hIn file included from /home/yelkhamr/dark-factory/rocm-systems/projects/rccl/build/release/hipify/src/include/nccl_device/impl/barrier__funcs.h:12:
In file included from /home/yelkhamr/dark-factory/rocm-systems/projects/rccl/build/release/hipify/src/include/nccl_device/impl/barrier__types.h:10:
In file included from /home/yelkhamr/dark-factory/rocm-systems/projects/rccl/build/release/hipify/src/include/nccl_device/impl/../barrier.h:/home/yelkhamr/dark-factory/rocm-systems/projects/rccl/build/release/hipify/src/include/nccl_device.h::1211:
16:
:
In file included from /home/yelkhamr/dark-factory/rocm-systems/projects/rccl/build/release/hipify/src/include/nccl_device/impl/../impl/core__types.h/home/yelkhamr/dark-factory/rocm-systems/projects/rccl/build/release/hipify/src/include/nccl_device/impl/gin__funcs.h/home/yelkhamr/dark-factory/rocm-systems/projects/rccl/build/release/hipify/src/include/nccl_device/impl/barrier__types.h:::1026413:
In file included from ::/home/yelkhamr/dark-factory/rocm-systems/projects/rccl/build/release/hipify/src/include/nccl_device/impl/../barrier.h:11960::
: /home/yelkhamr/dark-factory/rocm-systems/projects/rccl/build/release/hipify/src/include/nccl_device/impl/../impl/core__types.hwarning:  :result of comparison of constant 3 with expression of type 'const hipMemLocationType' is always false [-Wtautological-constant-out-of-range-compare]26warning: 
:9: 'NCCL_GIN_MAX_CONNECTIONS' macro redefined [-Wmacro-redefined]warning: 
'NCCL_GIN_MAX_CONNECTIONS' macro redefined [-Wmacro-redefined]
  413 |     26  |  # d    e f i 26 | ne  # idNCCfeL _GIf(Ni!d_MAX_CONNECTnonIeeSO ysNNmS 4
      CCL_GIN_MAX_CONNECTIONS e| 4mF        ^

e/home/yelkhamr/dark-factory/rocm-systems/projects/rccl/build/release/include/nccl_device/gin/gin_device_host_common.hnc      :18e | :9&        ^:&  s
note: rprevious definition is herec
Segm/home/yelkhamr/dark-factory/rocm-systems/projects/rccl/build/release/include/nccl_device/gin/gin_device_host_common.h:18:   en918t:  | #Winote: dndoprevious definition is hereewf.me
imnTey pN   e C18 | #==CLd _Gefine NCCL_GIN_MCUIN_MAA_XXME__CONNECTIONS NCCL_GIN_MAX_CONMCTEXTS_LON
ON      CAECT| TI        ^IOON
NS_ TNYCPCEL__HGOISNT__MNAUXM_AC)O N{T
E      X| T                                  ~~~~~~~~~~~~~~~~~~~~~~~~ ^  ~~~~~~~~~~~~~~~~~~~~~~~~~~~~~~S

      |         ^
In file included from /home/yelkhamr/dark-factory/rocm-systems/projects/rccl/build/release/hipify/src/rccl_wrap.cc:25:
In file included from /home/yelkhamr/dark-factory/rocm-systems/projects/rccl/build/release/hipify/src/include/comm.h:25:
In file included from /home/yelkhamr/dark-factory/rocm-systems/projects/rccl/build/release/hipify/src/include/dev_runtime.h:11:
In file included from /home/yelkhamr/dark-factory/rocm-systems/projects/rccl/build/release/hipify/src/include/nccl_device.h:10:
In file included from /home/yelkhamr/dark-factory/rocm-systems/projects/rccl/build/release/hipify/src/include/nccl_device/impl/barrier__funcs.h:12:
In file included from /home/yelkhamr/dark-factory/rocm-systems/projects/rccl/build/release/hipify/src/include/nccl_device/impl/barrier__types.h:10:
In file included from /home/yelkhamr/dark-factory/rocm-systems/projects/rccl/build/release/hipify/src/include/nccl_device/impl/../barrier.h:11:
/home/yelkhamr/dark-factory/rocm-systems/projects/rccl/build/release/hipify/src/include/nccl_device/impl/../impl/core__types.h:26:9: warning: 'NCCL_GIN_MAX_CONNECTIONS' macro redefined [-Wmacro-redefined]
   26 | #define NCCL_GIN_MAX_CONNECTIONS 4
      |         ^
/home/yelkhamr/dark-factory/rocm-systems/projects/rccl/build/release/include/nccl_device/gin/gin_device_host_common.h:18:9: note: previous definition is here
   18 | #define NCCL_GIN_MAX_CONNECTIONS NCCL_GIN_MAX_CONTEXTS
      |         ^
In file included from /home/yelkhamr/dark-factory/rocm-systems/projects/rccl/build/release/hipify/src/graph/paths.cc:11:
In file included from /home/yelkhamr/dark-factory/rocm-systems/projects/rccl/build/release/hipify/src/graph/topo.h:15:
In file included from /home/yelkhamr/dark-factory/rocm-systems/projects/rccl/build/release/hipify/src/include/net.h:13:
In file included from /home/yelkhamr/dark-factory/rocm-systems/projects/rccl/build/release/hipify/src/include/comm.h:25:
In file included from /home/yelkhamr/dark-factory/rocm-systems/projects/rccl/build/release/hipify/src/include/dev_runtime.h:11:
In file included from /home/yelkhamr/dark-factory/rocm-systems/projects/rccl/build/release/hipify/src/include/nccl_device.h:10:
In file included from /home/yelkhamr/dark-factory/rocm-systems/projects/rccl/build/release/hipify/src/include/nccl_device/impl/barrier__funcs.h:12:
In file included from /home/yelkhamr/dark-factory/rocm-systems/projects/rccl/build/release/hipify/src/include/nccl_device/impl/barrier__types.h:10:
In file included from /home/yelkhamr/dark-factory/rocm-systems/projects/rccl/build/release/hipify/src/include/nccl_device/impl/../barrier.h:11:
/home/yelkhamr/dark-factory/rocm-systems/projects/rccl/build/release/hipify/src/include/nccl_device/impl/../impl/core__types.h:26:9: warning: 'NCCL_GIN_MAX_CONNECTIONS' macro redefined [-Wmacro-redefined]
   26 | #define NCCL_GIN_MAX_CONNECTIONS 4
      |         ^
/home/yelkhamr/dark-factory/rocm-systems/projects/rccl/build/release/include/nccl_device/gin/gin_device_host_common.h:18:9: note: previous definition is here
   18 | #define NCCL_GIN_MAX_CONNECTIONS NCCL_GIN_MAX_CONTEXTS
      |         ^
In file included from /home/yelkhamr/dark-factory/rocm-systems/projects/rccl/build/release/hipify/src/bootstrap.cc:12:
In file included from /home/yelkhamr/dark-factory/rocm-systems/projects/rccl/build/release/hipify/src/include/bootstrap.h:12:
In file included from /home/yelkhamr/dark-factory/rocm-systems/projects/rccl/build/release/hipify/src/include/comm.h:25:
In file included from /home/yelkhamr/dark-factory/rocm-systems/projects/rccl/build/release/hipify/src/include/dev_runtime.h:11:
In file included from /home/yelkhamr/dark-factory/rocm-systems/projects/rccl/build/release/hipify/src/include/nccl_device.h:16:
/home/yelkhamr/dark-factory/rocm-systems/projects/rccl/build/release/hipify/src/include/nccl_device/impl/gin__funcs.h:413:60: warning: result of comparison of constant 3 with expression of type 'const hipMemLocationType' is always false [-Wtautological-constant-out-of-range-compare]
  413 |           if (!doneSysmemFence && srcSegmentWindow.memType == CU_MEM_LOCATION_TYPE_HOST_NUMA) {
      |                                   ~~~~~~~~~~~~~~~~~~~~~~~~ ^  ~~~~~~~~~~~~~~~~~~~~~~~~~~~~~~
In file included from In file included from /home/yelkhamr/dark-factory/rocm-systems/projects/rccl/build/release/hipify/src/plugin/profiler/profiler_v2.cc/home/yelkhamr/dark-factory/rocm-systems/projects/rccl/build/release/hipify/src/plugin/profiler/profiler_v6.cc::88:
:
In file included from In file included from /home/yelkhamr/dark-factory/rocm-systems/projects/rccl/build/release/hipify/src/include/comm.h/home/yelkhamr/dark-factory/rocm-systems/projects/rccl/build/release/hipify/src/include/comm.h::2525:
:
In file included from In file included from /home/yelkhamr/dark-factory/rocm-systems/projects/rccl/build/release/hipify/src/include/dev_runtime.h/home/yelkhamr/dark-factory/rocm-systems/projects/rccl/build/release/hipify/src/include/dev_runtime.h::1111:
:
In file included from In file included from /home/yelkhamr/dark-factory/rocm-systems/projects/rccl/build/release/hipify/src/include/nccl_device.h/home/yelkhamr/dark-factory/rocm-systems/projects/rccl/build/release/hipify/src/include/nccl_device.h::1010:
:
In file included from In file included from /home/yelkhamr/dark-factory/rocm-systems/projects/rccl/build/release/hipify/src/include/nccl_device/impl/barrier__funcs.h/home/yelkhamr/dark-factory/rocm-systems/projects/rccl/build/release/hipify/src/include/nccl_device/impl/barrier__funcs.h::1212:
:
In file included from In file included from /home/yelkhamr/dark-factory/rocm-systems/projects/rccl/build/release/hipify/src/include/nccl_device/impl/barrier__types.h/home/yelkhamr/dark-factory/rocm-systems/projects/rccl/build/release/hipify/src/include/nccl_device/impl/barrier__types.h::1010:
:
In file included from In file included from /home/yelkhamr/dark-factory/rocm-systems/projects/rccl/build/release/hipify/src/include/nccl_device/impl/../barrier.h/home/yelkhamr/dark-factory/rocm-systems/projects/rccl/build/release/hipify/src/include/nccl_device/impl/../barrier.h::1111:
:
/home/yelkhamr/dark-factory/rocm-systems/projects/rccl/build/release/hipify/src/include/nccl_device/impl/../impl/core__types.h/home/yelkhamr/dark-factory/rocm-systems/projects/rccl/build/release/hipify/src/include/nccl_device/impl/../impl/core__types.h::2626::99::  warning: warning: 'NCCL_GIN_MAX_CONNECTIONS' macro redefined [-Wmacro-redefined]'NCCL_GIN_MAX_CONNECTIONS' macro redefined [-Wmacro-redefined]

      2626 |  | ##ddeeffiinnee  NNCCCCLL__GGIINN__MMAAXX__CCOONNNNEECCTTIIOONNSS  44

            | |         ^        ^

/home/yelkhamr/dark-factory/rocm-systems/projects/rccl/build/release/include/nccl_device/gin/gin_device_host_common.h/home/yelkhamr/dark-factory/rocm-systems/projects/rccl/build/release/include/nccl_device/gin/gin_device_host_common.h::1818::99::  note: note: previous definition is hereprevious definition is here

      1818 |  | ##ddeeffiinnee  NNCCCCLL__GGIINN__MMAAXX__CCOONNNNEECCTTIIOONNSS  NNCCCCLL__GGIINN__MMAAXX__CCOONNTTEEXXTTSS

            | |         ^        ^

In file included from /home/yelkhamr/dark-factory/rocm-systems/projects/rccl/build/release/hipify/src/ipc_init.cu.cpp:11:
In file included from /home/yelkhamr/dark-factory/rocm-systems/projects/rccl/build/release/hipify/src/include/comm.h:25:
In file included from /home/yelkhamr/dark-factory/rocm-systems/projects/rccl/build/release/hipify/src/include/dev_runtime.h:11:
In file included from /home/yelkhamr/dark-factory/rocm-systems/projects/rccl/build/release/hipify/src/include/nccl_device.h:10:
In file included from /home/yelkhamr/dark-factory/rocm-systems/projects/rccl/build/release/hipify/src/include/nccl_device/impl/barrier__funcs.h:12:
In file included from /home/yelkhamr/dark-factory/rocm-systems/projects/rccl/build/release/hipify/src/include/nccl_device/impl/barrier__types.h:10:
In file included from /home/yelkhamr/dark-factory/rocm-systems/projects/rccl/build/release/hipify/src/include/nccl_device/impl/../barrier.h:11:
/home/yelkhamr/dark-factory/rocm-systems/projects/rccl/build/release/hipify/src/include/nccl_device/impl/../impl/core__types.h:26:9: warning: 'NCCL_GIN_MAX_CONNECTIONS' macro redefined [-Wmacro-redefined]
   26 | #define NCCL_GIN_MAX_CONNECTIONS 4
      |         ^
/home/yelkhamr/dark-factory/rocm-systems/projects/rccl/build/release/include/nccl_device/gin/gin_device_host_common.h:18:9: note: previous definition is here
   18 | #define NCCL_GIN_MAX_CONNECTIONS NCCL_GIN_MAX_CONTEXTS
      |         ^
In file included from /home/yelkhamr/dark-factory/rocm-systems/projects/rccl/build/release/hipify/src/allocator.cc:9:
In file included from /home/yelkhamr/dark-factory/rocm-systems/projects/rccl/build/release/hipify/src/include/comm.h:25:
In file included from /home/yelkhamr/dark-factory/rocm-systems/projects/rccl/build/release/hipify/src/include/dev_runtime.h:11:
In file included from /home/yelkhamr/dark-factory/rocm-systems/projects/rccl/build/release/hipify/src/include/nccl_device.h:16:
/home/yelkhamr/dark-factory/rocm-systems/projects/rccl/build/release/hipify/src/include/nccl_device/impl/gin__funcs.h:413:60: warning: result of comparison of constant 3 with expression of type 'const hipMemLocationType' is always false [-Wtautological-constant-out-of-range-compare]
  413 |           if (!doneSysmemFence && srcSegmentWindow.memType == CU_MEM_LOCATION_TYPE_HOST_NUMA) {
      |                                   ~~~~~~~~~~~~~~~~~~~~~~~~ ^  ~~~~~~~~~~~~~~~~~~~~~~~~~~~~~~
In file included from /home/yelkhamr/dark-factory/rocm-systems/projects/rccl/build/release/hipify/src/group.cc:10:
In file included from /home/yelkhamr/dark-factory/rocm-systems/projects/rccl/build/release/hipify/src/include/group.h:12:
In file included from /home/yelkhamr/dark-factory/rocm-systems/projects/rccl/build/release/hipify/src/include/comm.h:25:
In file included from /home/yelkhamr/dark-factory/rocm-systems/projects/rccl/build/release/hipify/src/include/dev_runtime.h:11:
In file included from /home/yelkhamr/dark-factory/rocm-systems/projects/rccl/build/release/hipify/src/include/nccl_device.h:16:
/home/yelkhamr/dark-factory/rocm-systems/projects/rccl/build/release/hipify/src/include/nccl_device/impl/gin__funcs.h:413:60: warning: result of comparison of constant 3 with expression of type 'const hipMemLocationType' is always false [-Wtautological-constant-out-of-range-compare]
  413 |           if (!doneSysmemFence && srcSegmentWindow.memType == CU_MEM_LOCATION_TYPE_HOST_NUMA) {
      |                                   ~~~~~~~~~~~~~~~~~~~~~~~~ ^  ~~~~~~~~~~~~~~~~~~~~~~~~~~~~~~
In file included from /home/yelkhamr/dark-factory/rocm-systems/projects/rccl/build/release/hipify/src/graph/rome_models.cc:24:
In file included from /home/yelkhamr/dark-factory/rocm-systems/projects/rccl/build/release/hipify/src/include/comm.h:25:
In file included from /home/yelkhamr/dark-factory/rocm-systems/projects/rccl/build/release/hipify/src/include/dev_runtime.h:11:
In file included from /home/yelkhamr/dark-factory/rocm-systems/projects/rccl/build/release/hipify/src/include/nccl_device.h:16:
/home/yelkhamr/dark-factory/rocm-systems/projects/rccl/build/release/hipify/src/include/nccl_device/impl/gin__funcs.h:413:60: warning: result of comparison of constant 3 with expression of type 'const hipMemLocationType' is always false [-Wtautological-constant-out-of-range-compare]
In file included from /home/yelkhamr/dark-factory/rocm-systems/projects/rccl/build/release/hipify/src/graph/topo.cc:11:
In file included from /home/yelkhamr/dark-factory/rocm-systems/projects/rccl/build/release/hipify/src/graph/topo.h:15:
In file included from /home/yelkhamr/dark-factory/rocm-systems/projects/rccl/build/release/hipify/src/include/net.h:13:
In file included from /home/yelkhamr/dark-factory/rocm-systems/projects/rccl/build/release/hipify/src/include/comm.h:25:
In file included from /home/yelkhamr/dark-factory/rocm-systems/projects/rccl/build/release/hipify/src/include/dev_runtime.h  :413 | 11:
In file included from  /home/yelkhamr/dark-factory/rocm-systems/projects/rccl/build/release/hipify/src/include/nccl_device.h :10:
In file included from /home/yelkhamr/dark-factory/rocm-systems/projects/rccl/build/release/hipify/src/include/nccl_device/impl/barrier__funcs.h:12:
 In file included from        if/home/yelkhamr/dark-factory/rocm-systems/projects/rccl/build/release/hipify/src/include/nccl_device/impl/barrier__types.h (!:do10:
neSyIn file included from smem/home/yelkhamr/dark-factory/rocm-systems/projects/rccl/build/release/hipify/src/include/nccl_device/impl/../barrier.hFen:11:
ce &&/home/yelkhamr/dark-factory/rocm-systems/projects/rccl/build/release/hipify/src/include/nccl_device/impl/../impl/core__types.h srcSeg:men26tWind:o9:w.me mwarning: Type == 'NCCL_GIN_MAX_CONNECTIONS' macro redefined [-Wmacro-redefined]CU_
MEM_LOCATION_TYPE_HOST_NUMA) {
      |                                   ~~~~~~~~~~~~~~~~~~~~~~~~ ^  ~~~~~~~~~~~~~~~~~~~~~~~~~~~~~~
   26 | #define NCCL_GIN_MAX_CONNECTIONS 4
      |         ^
/home/yelkhamr/dark-factory/rocm-systems/projects/rccl/build/release/include/nccl_device/gin/gin_device_host_common.h:18:9: note: previous definition is here
   18 | #define NCCL_GIN_MAX_CONNECTIONS NCCL_GIN_MAX_CONTEXTS
      |         ^
In file included from /home/yelkhamr/dark-factory/rocm-systems/projects/rccl/build/release/hipify/src/graph/tuning.cc:12:
In file included from /home/yelkhamr/dark-factory/rocm-systems/projects/rccl/build/release/hipify/src/include/comm.h:25:
In file included from /home/yelkhamr/dark-factory/rocm-systems/projects/rccl/build/release/hipify/src/include/dev_runtime.h:11:
In file included from /home/yelkhamr/dark-factory/rocm-systems/projects/rccl/build/release/hipify/src/include/nccl_device.h:16:
/home/yelkhamr/dark-factory/rocm-systems/projects/rccl/build/release/hipify/src/include/nccl_device/impl/gin__funcs.h:413:60: warning: result of comparison of constant 3 with expression of type 'const hipMemLocationType' is always false [-Wtautological-constant-out-of-range-compare]
  413 |           if (!doneSysmemFence && srcSegmentWindow.memType == CU_MEM_LOCATION_TYPE_HOST_NUMA) {
      |                                   ~~~~~~~~~~~~~~~~~~~~~~~~ ^  ~~~~~~~~~~~~~~~~~~~~~~~~~~~~~~
In file included from /home/yelkhamr/dark-factory/rocm-systems/projects/rccl/build/release/hipify/src/mnnvl.cc:9:
In file included from /home/yelkhamr/dark-factory/rocm-systems/projects/rccl/build/release/hipify/src/include/mnnvl.h:12:
In file included from /home/yelkhamr/dark-factory/rocm-systems/projects/rccl/build/release/hipify/src/include/comm.h:25:
In file included from /home/yelkhamr/dark-factory/rocm-systems/projects/rccl/build/release/hipify/src/include/dev_runtime.h:11:
In file included from /home/yelkhamr/dark-factory/rocm-systems/projects/rccl/build/release/hipify/src/include/nccl_device.h:16:
/home/yelkhamr/dark-factory/rocm-systems/projects/rccl/build/release/hipify/src/include/nccl_device/impl/gin__funcs.h:413:60: warning: result of comparison of constant 3 with expression of type 'const hipMemLocationType' is always false [-Wtautological-constant-out-of-range-compare]
  413 |           if (!doneSysmemFence && srcSegmentWindow.memType == CU_MEM_LOCATION_TYPE_HOST_NUMA) {
      |                                   ~~~~~~~~~~~~~~~~~~~~~~~~ ^  ~~~~~~~~~~~~~~~~~~~~~~~~~~~~~~
In file included from /home/yelkhamr/dark-factory/rocm-systems/projects/rccl/build/release/hipify/src/init.cc:12:
In file included from /home/yelkhamr/dark-factory/rocm-systems/projects/rccl/build/release/hipify/src/include/channel.h:10:
In file included from /home/yelkhamr/dark-factory/rocm-systems/projects/rccl/build/release/hipify/src/include/comm.h:25:
In file included from /home/yelkhamr/dark-factory/rocm-systems/projects/rccl/build/release/hipify/src/include/dev_runtime.h:11:
In file included from /home/yelkhamr/dark-factory/rocm-systems/projects/rccl/build/release/hipify/src/include/nccl_device.h:16:
/home/yelkhamr/dark-factory/rocm-systems/projects/rccl/build/release/hipify/src/include/nccl_device/impl/gin__funcs.h:413:60: warning: result of comparison of constant 3 with expression of type 'const hipMemLocationType' is always false [-Wtautological-constant-out-of-range-compare]
  413 |           if (!doneSysmemFence && srcSegmentWindow.memType == CU_MEM_LOCATION_TYPE_HOST_NUMA) {
      |                                   ~~~~~~~~~~~~~~~~~~~~~~~~ ^  ~~~~~~~~~~~~~~~~~~~~~~~~~~~~~~
In file included from /home/yelkhamr/dark-factory/rocm-systems/projects/rccl/build/release/hipify/src/plugin/profiler/profiler_v3.cc:8:
In file included from /home/yelkhamr/dark-factory/rocm-systems/projects/rccl/build/release/hipify/src/include/comm.h:25:
In file included from /home/yelkhamr/dark-factory/rocm-systems/projects/rccl/build/release/hipify/src/include/dev_runtime.h:11:
In file included from /home/yelkhamr/dark-factory/rocm-systems/projects/rccl/build/release/hipify/src/include/nccl_device.h:10:
In file included from /home/yelkhamr/dark-factory/rocm-systems/projects/rccl/build/release/hipify/src/include/nccl_device/impl/barrier__funcs.h:12:
In file included from /home/yelkhamr/dark-factory/rocm-systems/projects/rccl/build/release/hipify/src/include/nccl_device/impl/barrier__types.h:10:
In file included from /home/yelkhamr/dark-factory/rocm-systems/projects/rccl/build/release/hipify/src/include/nccl_device/impl/../barrier.h:11:
/home/yelkhamr/dark-factory/rocm-systems/projects/rccl/build/release/hipify/src/include/nccl_device/impl/../impl/core__types.h:26:9: warning: 'NCCL_GIN_MAX_CONNECTIONS' macro redefined [-Wmacro-redefined]
   26 | #define NCCL_GIN_MAX_CONNECTIONS 4
      |         ^
/home/yelkhamr/dark-factory/rocm-systems/projects/rccl/build/release/include/nccl_device/gin/gin_device_host_common.h:18:9: note: previous definition is here
   18 | #define NCCL_GIN_MAX_CONNECTIONS NCCL_GIN_MAX_CONTEXTS
      |         ^
In file included from /home/yelkhamr/dark-factory/rocm-systems/projects/rccl/build/release/hipify/src/ipc_mem_handler.cc:11:
In file included from /home/yelkhamr/dark-factory/rocm-systems/projects/rccl/build/release/hipify/src/include/bootstrap.h:12:
In file included from /home/yelkhamr/dark-factory/rocm-systems/projects/rccl/build/release/hipify/src/include/comm.h:25:
In file included from /home/yelkhamr/dark-factory/rocm-systems/projects/rccl/build/release/hipify/src/include/dev_runtime.h:11:
In file included from /home/yelkhamr/dark-factory/rocm-systems/projects/rccl/build/release/hipify/src/include/nccl_device.h:10:
In file included from /home/yelkhamr/dark-factory/rocm-systems/projects/rccl/build/release/hipify/src/include/nccl_device/impl/barrier__funcs.h:12:
In file included from /home/yelkhamr/dark-factory/rocm-systems/projects/rccl/build/release/hipify/src/include/nccl_device/impl/barrier__types.h:10:
In file included from /home/yelkhamr/dark-factory/rocm-systems/projects/rccl/build/release/hipify/src/include/nccl_device/impl/../barrier.h:11:
/home/yelkhamr/dark-factory/rocm-systems/projects/rccl/build/release/hipify/src/include/nccl_device/impl/../impl/core__types.h:26:9: warning: 'NCCL_GIN_MAX_CONNECTIONS' macro redefined [-Wmacro-redefined]
   26 | #define NCCL_GIN_MAX_CONNECTIONS 4
      |         ^
/home/yelkhamr/dark-factory/rocm-systems/projects/rccl/build/release/include/nccl_device/gin/gin_device_host_common.h:18:9: note: previous definition is here
   18 | #define NCCL_GIN_MAX_CONNECTIONS NCCL_GIN_MAX_CONTEXTS
      |         ^
In file included from /home/yelkhamr/dark-factory/rocm-systems/projects/rccl/build/release/hipify/src/graph/paths.cc:11:
In file included from /home/yelkhamr/dark-factory/rocm-systems/projects/rccl/build/release/hipify/src/graph/topo.h:15:
In file included from /home/yelkhamr/dark-factory/rocm-systems/projects/rccl/build/release/hipify/src/include/net.h:13:
In file included from /home/yelkhamr/dark-factory/rocm-systems/projects/rccl/build/release/hipify/src/include/comm.h:25:
In file included from /home/yelkhamr/dark-factory/rocm-systems/projects/rccl/build/release/hipify/src/include/dev_runtime.h:11:
In file included from /home/yelkhamr/dark-factory/rocm-systems/projects/rccl/build/release/hipify/src/include/nccl_device.h:16:
/home/yelkhamr/dark-factory/rocm-systems/projects/rccl/build/release/hipify/src/include/nccl_device/impl/gin__funcs.h:413:60: warning: result of comparison of constant 3 with expression of type 'const hipMemLocationType' is always false [-Wtautological-constant-out-of-range-compare]
  413 |           if (!doneSysmemFence && srcSegmentWindow.memType == CU_MEM_LOCATION_TYPE_HOST_NUMA) {
      |                                   ~~~~~~~~~~~~~~~~~~~~~~~~ ^  ~~~~~~~~~~~~~~~~~~~~~~~~~~~~~~
In file included from /home/yelkhamr/dark-factory/rocm-systems/projects/rccl/build/release/hipify/src/transport/coll_net.cc:9:
In file included from /home/yelkhamr/dark-factory/rocm-systems/projects/rccl/build/release/hipify/src/include/comm.h:25:
In file included from /home/yelkhamr/dark-factory/rocm-systems/projects/rccl/build/release/hipify/src/include/dev_runtime.h:11:
In file included from /home/yelkhamr/dark-factory/rocm-systems/projects/rccl/build/release/hipify/src/include/nccl_device.h:10:
In file included from /home/yelkhamr/dark-factory/rocm-systems/projects/rccl/build/release/hipify/src/include/nccl_device/impl/barrier__funcs.h:12:
In file included from /home/yelkhamr/dark-factory/rocm-systems/projects/rccl/build/release/hipify/src/include/nccl_device/impl/barrier__types.h:10:
In file included from /home/yelkhamr/dark-factory/rocm-systems/projects/rccl/build/release/hipify/src/include/nccl_device/impl/../barrier.h:11:
/home/yelkhamr/dark-factory/rocm-systems/projects/rccl/build/release/hipify/src/include/nccl_device/impl/../impl/core__types.h:26:9: warning: 'NCCL_GIN_MAX_CONNECTIONS' macro redefined [-Wmacro-redefined]
   26 | #define NCCL_GIN_MAX_CONNECTIONS 4
      |         ^
/home/yelkhamr/dark-factory/rocm-systems/projects/rccl/build/release/include/nccl_device/gin/gin_device_host_common.h:18:9: note: previous definition is here
   18 | #define NCCL_GIN_MAX_CONNECTIONS NCCL_GIN_MAX_CONTEXTS
      |         ^
In file included from /home/yelkhamr/dark-factory/rocm-systems/projects/rccl/build/release/hipify/src/plugin/profiler/profiler_v2.cc:8:
In file included from /home/yelkhamr/dark-factory/rocm-systems/projects/rccl/build/release/hipify/src/include/comm.h:25:
In file included from /home/yelkhamr/dark-factory/rocm-systems/projects/rccl/build/release/hipify/src/include/dev_runtime.h:11:
In file included from /home/yelkhamr/dark-factory/rocm-systems/projects/rccl/build/release/hipify/src/include/nccl_device.h:16:
In file included from /home/yelkhamr/dark-factory/rocm-systems/projects/rccl/build/release/hipify/src/include/nccl_device/impl/gin__funcs.h:/home/yelkhamr/dark-factory/rocm-systems/projects/rccl/build/release/hipify/src/plugin/profiler/profiler_v6.cc413::860:
:In file included from  /home/yelkhamr/dark-factory/rocm-systems/projects/rccl/build/release/hipify/src/include/comm.h:25warning: :
result of comparison of constant 3 with expression of type 'const hipMemLocationType' is always false [-Wtautological-constant-out-of-range-compare]In file included from 
/home/yelkhamr/dark-factory/rocm-systems/projects/rccl/build/release/hipify/src/include/dev_runtime.h:11:
In file included from /home/yelkhamr/dark-factory/rocm-systems/projects/rccl/build/release/hipify/src/include/nccl_device.h:16:
/home/yelkhamr/dark-factory/rocm-systems/projects/rccl/build/release/hipify/src/include/nccl_device/impl/gin__funcs.h:413:60: warning: result of comparison of constant 3 with expression of type 'const hipMemLocationType' is always false [-Wtautological-constant-out-of-range-compare]
  413   | 413  |                   i fi f( !(d!odnoenSeySsymsemmeFmeFnecnec e& && &s rscrSceSgemgemnetnWtiWnidnodwo.wm.emmeTmyTpyep e= == =C UC_UM_EMME_ML_OLCOACTAITOINO_NT_YTPYEP_EH_OHSOTS_TN_UNMUAM)A ){ 
{      
|                                         ~~~~~~~~~~~~~~~~~~~~~~~~ ^  ~~~~~~~~~~~~~~~~~~~~~~~~~~~~~~| 
                                  ~~~~~~~~~~~~~~~~~~~~~~~~ ^  ~~~~~~~~~~~~~~~~~~~~~~~~~~~~~~
In file included from /home/yelkhamr/dark-factory/rocm-systems/projects/rccl/build/release/hipify/src/rccl_wrap.cc:25:
In file included from /home/yelkhamr/dark-factory/rocm-systems/projects/rccl/build/release/hipify/src/include/comm.h:25:
In file included from /home/yelkhamr/dark-factory/rocm-systems/projects/rccl/build/release/hipify/src/include/dev_runtime.h:11:
In file included from /home/yelkhamr/dark-factory/rocm-systems/projects/rccl/build/release/hipify/src/include/nccl_device.h:16:
/home/yelkhamr/dark-factory/rocm-systems/projects/rccl/build/release/hipify/src/include/nccl_device/impl/gin__funcs.h:413:60: warning: result of comparison of constant 3 with expression of type 'const hipMemLocationType' is always false [-Wtautological-constant-out-of-range-compare]
  413 |           if (!doneSysmemFence && srcSegmentWindow.memType == CU_MEM_LOCATION_TYPE_HOST_NUMA) {
      |                                   ~~~~~~~~~~~~~~~~~~~~~~~~ ^  ~~~~~~~~~~~~~~~~~~~~~~~~~~~~~~
In file included from /home/yelkhamr/dark-factory/rocm-systems/projects/rccl/build/release/hipify/src/ipc_init.cu.cpp:11:
In file included from /home/yelkhamr/dark-factory/rocm-systems/projects/rccl/build/release/hipify/src/include/comm.h:25:
In file included from /home/yelkhamr/dark-factory/rocm-systems/projects/rccl/build/release/hipify/src/include/dev_runtime.h:11:
In file included from /home/yelkhamr/dark-factory/rocm-systems/projects/rccl/build/release/hipify/src/include/nccl_device.h:16:
/home/yelkhamr/dark-factory/rocm-systems/projects/rccl/build/release/hipify/src/include/nccl_device/impl/gin__funcs.h:413:60: warning: result of comparison of constant 3 with expression of type 'const hipMemLocationType' is always false [-Wtautological-constant-out-of-range-compare]
  413 |           if (!doneSysmemFence && srcSegmentWindow.memType == CU_MEM_LOCATION_TYPE_HOST_NUMA) {
      |                                   ~~~~~~~~~~~~~~~~~~~~~~~~ ^  ~~~~~~~~~~~~~~~~~~~~~~~~~~~~~~
In file included from /home/yelkhamr/dark-factory/rocm-systems/projects/rccl/build/release/hipify/src/transport/net_tmp.cc:10:
In file included from /home/yelkhamr/dark-factory/rocm-systems/projects/rccl/build/release/hipify/src/include/comm.h:25:
In file included from /home/yelkhamr/dark-factory/rocm-systems/projects/rccl/build/release/hipify/src/include/dev_runtime.h:11:
In file included from /home/yelkhamr/dark-factory/rocm-systems/projects/rccl/build/release/hipify/src/include/nccl_device.h:10:
In file included from /home/yelkhamr/dark-factory/rocm-systems/projects/rccl/build/release/hipify/src/include/nccl_device/impl/barrier__funcs.h:12:
In file included from /home/yelkhamr/dark-factory/rocm-systems/projects/rccl/build/release/hipify/src/include/nccl_device/impl/barrier__types.h:10:
In file included from /home/yelkhamr/dark-factory/rocm-systems/projects/rccl/build/release/hipify/src/include/nccl_device/impl/../barrier.h:11:
/home/yelkhamr/dark-factory/rocm-systems/projects/rccl/build/release/hipify/src/include/nccl_device/impl/../impl/core__types.h:26:9: warning: 'NCCL_GIN_MAX_CONNECTIONS' macro redefined [-Wmacro-redefined]
   26 | #define NCCL_GIN_MAX_CONNECTIONS 4
      |         ^
/home/yelkhamr/dark-factory/rocm-systems/projects/rccl/build/release/include/nccl_device/gin/gin_device_host_common.h:18:9: note: previous definition is here
   18 | #define NCCL_GIN_MAX_CONNECTIONS NCCL_GIN_MAX_CONTEXTS
      |         ^
In file included from /home/yelkhamr/dark-factory/rocm-systems/projects/rccl/build/release/hipify/src/graph/topo.cc:11:
In file included from /home/yelkhamr/dark-factory/rocm-systems/projects/rccl/build/release/hipify/src/graph/topo.h:15:
In file included from /home/yelkhamr/dark-factory/rocm-systems/projects/rccl/build/release/hipify/src/include/net.h:13:
In file included from /home/yelkhamr/dark-factory/rocm-systems/projects/rccl/build/release/hipify/src/include/comm.h:25:
In file included from /home/yelkhamr/dark-factory/rocm-systems/projects/rccl/build/release/hipify/src/include/dev_runtime.h:11:
In file included from /home/yelkhamr/dark-factory/rocm-systems/projects/rccl/build/release/hipify/src/include/nccl_device.h:16:
/home/yelkhamr/dark-factory/rocm-systems/projects/rccl/build/release/hipify/src/include/nccl_device/impl/gin__funcs.h:413:60: warning: result of comparison of constant 3 with expression of type 'const hipMemLocationType' is always false [-Wtautological-constant-out-of-range-compare]
  413 |           if (!doneSysmemFence && srcSegmentWindow.memType == CIn file included from U/home/yelkhamr/dark-factory/rocm-systems/projects/rccl/build/release/hipify/src/plugin/profiler/profiler_v1.cc:_8ME:
In file included from /home/yelkhamr/dark-factory/rocm-systems/projects/rccl/build/release/hipify/src/include/comm.h:25:
In file included from /home/yelkhamr/dark-factory/rocm-systems/projects/rccl/build/release/hipify/src/include/dev_runtime.h:11:
In file included from /home/yelkhamr/dark-factory/rocm-systems/projects/rccl/build/release/hipify/src/include/nccl_device.h:10:
In file included from /home/yelkhamr/dark-factory/rocm-systems/projects/rccl/build/release/hipify/src/include/nccl_device/impl/barrier__funcs.h:12:
In file included from /home/yelkhamr/dark-factory/rocm-systems/projects/rccl/build/release/hipify/src/include/nccl_device/impl/barrier__types.h:10:
In file included from /home/yelkhamr/dark-factory/rocm-systems/projects/rccl/build/release/hipify/src/include/nccl_device/impl/../barrier.h:11:
/home/yelkhamr/dark-factory/rocm-systems/projects/rccl/build/release/hipify/src/include/nccl_device/impl/../impl/core__types.h:26:9: warning: 'NCCL_GIN_MAX_CONNECTIONS' macro redefined [-Wmacro-redefined]
M_LOCATION_TYPE_HOST_NUMA) {
      |                                   ~~~~~~~~~~~~~~~~~~~~~~~~ ^  ~~~~~~~~~~~~~~~~~~~~~~~~~~~~~~
   26 | #define NCCL_GIN_MAX_CONNECTIONS 4
      |         ^
/home/yelkhamr/dark-factory/rocm-systems/projects/rccl/build/release/include/nccl_device/gin/gin_device_host_common.h:18:9: note: previous definition is here
   18 | #define NCCL_GIN_MAX_CONNECTIONS NCCL_GIN_MAX_CONTEXTS
      |         ^
In file included from /home/yelkhamr/dark-factory/rocm-systems/projects/rccl/build/release/hipify/src/rma/rma_ce.cc:13:
In file included from /home/yelkhamr/dark-factory/rocm-systems/projects/rccl/build/release/hipify/src/include/comm.h:25:
In file included from /home/yelkhamr/dark-factory/rocm-systems/projects/rccl/build/release/hipify/src/include/dev_runtime.h:11:
In file included from /home/yelkhamr/dark-factory/rocm-systems/projects/rccl/build/release/hipify/src/include/nccl_device.h:10:
In file included from /home/yelkhamr/dark-factory/rocm-systems/projects/rccl/build/release/hipify/src/include/nccl_device/impl/barrier__funcs.h:12:
In file included from /home/yelkhamr/dark-factory/rocm-systems/projects/rccl/build/release/hipify/src/include/nccl_device/impl/barrier__types.h:10:
In file included from /home/yelkhamr/dark-factory/rocm-systems/projects/rccl/build/release/hipify/src/include/nccl_device/impl/../barrier.h:11:
/home/yelkhamr/dark-factory/rocm-systems/projects/rccl/build/release/hipify/src/include/nccl_device/impl/../impl/core__types.h:26:9: warning: 'NCCL_GIN_MAX_CONNECTIONS' macro redefined [-Wmacro-redefined]
   26 | #define NCCL_GIN_MAX_CONNECTIONS 4
      |         ^
/home/yelkhamr/dark-factory/rocm-systems/projects/rccl/build/release/include/nccl_device/gin/gin_device_host_common.h:18:9: note: previous definition is here
   18 | #define NCCL_GIN_MAX_CONNECTIONS NCCL_GIN_MAX_CONTEXTS
      |         ^
In file included from /home/yelkhamr/dark-factory/rocm-systems/projects/rccl/build/release/hipify/src/transport/net_ib/gdr.cc:8:
In file included from /home/yelkhamr/dark-factory/rocm-systems/projects/rccl/build/release/hipify/src/transport/net_ib/common.h:14:
In file included from /home/yelkhamr/dark-factory/rocm-systems/projects/rccl/build/release/hipify/src/include/net.h:13:
In file included from /home/yelkhamr/dark-factory/rocm-systems/projects/rccl/build/release/hipify/src/include/comm.h:25:
In file included from /home/yelkhamr/dark-factory/rocm-systems/projects/rccl/build/release/hipify/src/include/dev_runtime.h:11:
In file included from /home/yelkhamr/dark-factory/rocm-systems/projects/rccl/build/release/hipify/src/include/nccl_device.h:10:
In file included from /home/yelkhamr/dark-factory/rocm-systems/projects/rccl/build/release/hipify/src/include/nccl_device/impl/barrier__funcs.h:12:
In file included from /home/yelkhamr/dark-factory/rocm-systems/projects/rccl/build/release/hipify/src/include/nccl_device/impl/barrier__types.h:10:
In file included from /home/yelkhamr/dark-factory/rocm-systems/projects/rccl/build/release/hipify/src/include/nccl_device/impl/../barrier.h:11:
/home/yelkhamr/dark-factory/rocm-systems/projects/rccl/build/release/hipify/src/include/nccl_device/impl/../impl/core__types.h:26:9: warning: 'NCCL_GIN_MAX_CONNECTIONS' macro redefined [-Wmacro-redefined]
   26 | #define NCCL_GIN_MAX_CONNECTIONS 4
      |         ^
/home/yelkhamr/dark-factory/rocm-systems/projects/rccl/build/release/include/nccl_device/gin/gin_device_host_common.h:18:9: note: previous definition is here
   18 | #define NCCL_GIN_MAX_CONNECTIONS NCCL_GIN_MAX_CONTEXTS
      |         ^
In file included from /home/yelkhamr/dark-factory/rocm-systems/projects/rccl/build/release/hipify/src/transport/net_ib/connect_tmp.cc:9:
In file included from /home/yelkhamr/dark-factory/rocm-systems/projects/rccl/build/release/hipify/src/transport/net_ib/connect.h:11:
In file included from /home/yelkhamr/dark-factory/rocm-systems/projects/rccl/build/release/hipify/src/transport/net_ib/common.h:14:
In file included from /home/yelkhamr/dark-factory/rocm-systems/projects/rccl/build/release/hipify/src/include/net.h:13:
In file included from /home/yelkhamr/dark-factory/rocm-systems/projects/rccl/build/release/hipify/src/include/comm.h:25:
In file included from /home/yelkhamr/dark-factory/rocm-systems/projects/rccl/build/release/hipify/src/include/dev_runtime.h:11:
In file included from /home/yelkhamr/dark-factory/rocm-systems/projects/rccl/build/release/hipify/src/include/nccl_device.h:10:
In file included from /home/yelkhamr/dark-factory/rocm-systems/projects/rccl/build/release/hipify/src/include/nccl_device/impl/barrier__funcs.h:12:
In file included from /home/yelkhamr/dark-factory/rocm-systems/projects/rccl/build/release/hipify/src/include/nccl_device/impl/barrier__types.h:10:
In file included from /home/yelkhamr/dark-factory/rocm-systems/projects/rccl/build/release/hipify/src/include/nccl_device/impl/../barrier.h:11:
/home/yelkhamr/dark-factory/rocm-systems/projects/rccl/build/release/hipify/src/include/nccl_device/impl/../impl/core__types.h:26:9: warning: 'NCCL_GIN_MAX_CONNECTIONS' macro redefined [-Wmacro-redefined]
   26 | #define NCCL_GIN_MAX_CONNECTIONS 4
      |         ^
/home/yelkhamr/dark-factory/rocm-systems/projects/rccl/build/release/include/nccl_device/gin/gin_device_host_common.h:18:9: note: previous definition is here
   18 | #define NCCL_GIN_MAX_CONNECTIONS NCCL_GIN_MAX_CONTEXTS
      |         ^
In file included from In file included from /home/yelkhamr/dark-factory/rocm-systems/projects/rccl/build/release/hipify/src/plugin/tuner.cc/home/yelkhamr/dark-factory/rocm-systems/projects/rccl/build/release/hipify/src/misc/argcheck.cc::159:
:
In file included from In file included from /home/yelkhamr/dark-factory/rocm-systems/projects/rccl/build/release/hipify/src/include/tuner.h/home/yelkhamr/dark-factory/rocm-systems/projects/rccl/build/release/hipify/src/include/comm.h::1325:
:
In file included from In file included from /home/yelkhamr/dark-factory/rocm-systems/projects/rccl/build/release/hipify/src/include/dev_runtime.h/home/yelkhamr/dark-factory/rocm-systems/projects/rccl/build/release/hipify/src/include/comm.h::1125:
:
In file included from In file included from /home/yelkhamr/dark-factory/rocm-systems/projects/rccl/build/release/hipify/src/include/nccl_device.h/home/yelkhamr/dark-factory/rocm-systems/projects/rccl/build/release/hipify/src/include/dev_runtime.h::1110:
:
In file included from In file included from /home/yelkhamr/dark-factory/rocm-systems/projects/rccl/build/release/hipify/src/include/nccl_device.h/home/yelkhamr/dark-factory/rocm-systems/projects/rccl/build/release/hipify/src/include/nccl_device/impl/barrier__funcs.h::1012:
:
In file included from In file included from /home/yelkhamr/dark-factory/rocm-systems/projects/rccl/build/release/hipify/src/include/nccl_device/impl/barrier__funcs.h/home/yelkhamr/dark-factory/rocm-systems/projects/rccl/build/release/hipify/src/include/nccl_device/impl/barrier__types.h::1210:
:
In file included from In file included from /home/yelkhamr/dark-factory/rocm-systems/projects/rccl/build/release/hipify/src/include/nccl_device/impl/barrier__types.h/home/yelkhamr/dark-factory/rocm-systems/projects/rccl/build/release/hipify/src/include/nccl_device/impl/../barrier.h::1011:
:
In file included from /home/yelkhamr/dark-factory/rocm-systems/projects/rccl/build/release/hipify/src/include/nccl_device/impl/../barrier.h:/home/yelkhamr/dark-factory/rocm-systems/projects/rccl/build/release/hipify/src/include/nccl_device/impl/../impl/core__types.h11:
:/home/yelkhamr/dark-factory/rocm-systems/projects/rccl/build/release/hipify/src/include/nccl_device/impl/../impl/core__types.h26::269::9 : warning: warning: 'NCCL_GIN_MAX_CONNECTIONS' macro redefined [-Wmacro-redefined]'NCCL_GIN_MAX_CONNECTIONS' macro redefined [-Wmacro-redefined]

      2626 |  | ##ddeeffiinnee  NNCCCCLL__GGIINN__MMAAXX__CCOONNNNEECCTTIIOONNSS  44

            | |         ^        ^

/home/yelkhamr/dark-factory/rocm-systems/projects/rccl/build/release/include/nccl_device/gin/gin_device_host_common.h:18:9: note: previous definition is here/home/yelkhamr/dark-factory/rocm-systems/projects/rccl/build/release/include/nccl_device/gin/gin_device_host_common.h
:18:9: note: previous definition is here   
18 | #defi   n18e |  #NdCeCfLi_nGeI NN_CMCALX__GCIONN_NMEACXT_ICOONNSN ENCCTCILO_NGSI NN_CMCALX__GCIONN_TMEAXXT_SC
O      N| T        ^E
XTS
      |         ^
In file included from /home/yelkhamr/dark-factory/rocm-systems/projects/rccl/build/release/hipify/src/plugin/gin.cc:9:
In file included from /home/yelkhamr/dark-factory/rocm-systems/projects/rccl/build/release/hipify/src/include/bootstrap.h:12:
In file included from /home/yelkhamr/dark-factory/rocm-systems/projects/rccl/build/release/hipify/src/include/comm.h:25:
In file included from /home/yelkhamr/dark-factory/rocm-systems/projects/rccl/build/release/hipify/src/include/dev_runtime.h:11:
In file included from /home/yelkhamr/dark-factory/rocm-systems/projects/rccl/build/release/hipify/src/include/nccl_device.h:10:
In file included from /home/yelkhamr/dark-factory/rocm-systems/projects/rccl/build/release/hipify/src/include/nccl_device/impl/barrier__funcs.h:12:
In file included from /home/yelkhamr/dark-factory/rocm-systems/projects/rccl/build/release/hipify/src/include/nccl_device/impl/barrier__types.h:10:
In file included from /home/yelkhamr/dark-factory/rocm-systems/projects/rccl/build/release/hipify/src/include/nccl_device/impl/../barrier.h:11:
/home/yelkhamr/dark-factory/rocm-systems/projects/rccl/build/release/hipify/src/include/nccl_device/impl/../impl/core__types.h:26:9: warning: 'NCCL_GIN_MAX_CONNECTIONS' macro redefined [-Wmacro-redefined]
   26 | #define NCCL_GIN_MAX_CONNECTIONS 4
      |         ^
/home/yelkhamr/dark-factory/rocm-systems/projects/rccl/build/release/include/nccl_device/gin/gin_device_host_common.h:18:9: note: previous definition is here
   18 | #define NCCL_GIN_MAX_CONNECTIONS NCCL_GIN_MAX_CONTEXTS
      |         ^
In file included from /home/yelkhamr/dark-factory/rocm-systems/projects/rccl/build/release/hipify/src/plugin/profiler/profiler_v5.cc:8:
In file included from /home/yelkhamr/dark-factory/rocm-systems/projects/rccl/build/release/hipify/src/include/comm.h:25:
In file included from /home/yelkhamr/dark-factory/rocm-systems/projects/rccl/build/release/hipify/src/include/dev_runtime.h:11:
In file included from /home/yelkhamr/dark-factory/rocm-systems/projects/rccl/build/release/hipify/src/include/nccl_device.h:10:
In file included from /home/yelkhamr/dark-factory/rocm-systems/projects/rccl/build/release/hipify/src/include/nccl_device/impl/barrier__funcs.h:12:
In file included from /home/yelkhamr/dark-factory/rocm-systems/projects/rccl/build/release/hipify/src/include/nccl_device/impl/barrier__types.h:10:
In file included from /home/yelkhamr/dark-factory/rocm-systems/projects/rccl/build/release/hipify/src/include/nccl_device/impl/../barrier.h:11:
/home/yelkhamr/dark-factory/rocm-systems/projects/rccl/build/release/hipify/src/include/nccl_device/impl/../impl/core__types.h:26:9: warning: 'NCCL_GIN_MAX_CONNECTIONS' macro redefined [-Wmacro-redefined]
   26 | #define NCCL_GIN_MAX_CONNECTIONS 4
      |         ^
/home/yelkhamr/dark-factory/rocm-systems/projects/rccl/build/release/include/nccl_device/gin/gin_device_host_common.h:18:9: note: previous definition is here
   18 | #define NCCL_GIN_MAX_CONNECTIONS NCCL_GIN_MAX_CONTEXTS
      |         ^
In file included from /home/yelkhamr/dark-factory/rocm-systems/projects/rccl/build/release/hipify/src/plugin/profiler/profiler_v3.cc:8:
In file included from /home/yelkhamr/dark-factory/rocm-systems/projects/rccl/build/release/hipify/src/include/comm.h:25:
In file included from /home/yelkhamr/dark-factory/rocm-systems/projects/rccl/build/release/hipify/src/include/dev_runtime.h:11:
In file included from /home/yelkhamr/dark-factory/rocm-systems/projects/rccl/build/release/hipify/src/include/nccl_device.h:16:
/home/yelkhamr/dark-factory/rocm-systems/projects/rccl/build/release/hipify/src/include/nccl_device/impl/gin__funcs.h:413:60: warning: result of comparison of constant 3 with expression of type 'const hipMemLocationType' is always false [-Wtautological-constant-out-of-range-compare]
  413 |           if (!doneSysmemFence && srcSegmentWindow.memType == CU_MEM_LOCATION_TYPE_HOST_NUMA) {
      |                                   ~~~~~~~~~~~~~~~~~~~~~~~~ ^  ~~~~~~~~~~~~~~~~~~~~~~~~~~~~~~
In file included from /home/yelkhamr/dark-factory/rocm-systems/projects/rccl/build/release/hipify/src/rma/rma.cc:12:
In file included from /home/yelkhamr/dark-factory/rocm-systems/projects/rccl/build/release/hipify/src/include/comm.h:25:
In file included from /home/yelkhamr/dark-factory/rocm-systems/projects/rccl/build/release/hipify/src/include/dev_runtime.h:11:
In file included from /home/yelkhamr/dark-factory/rocm-systems/projects/rccl/build/release/hipify/src/include/nccl_device.h:10:
In file included from /home/yelkhamr/dark-factory/rocm-systems/projects/rccl/build/release/hipify/src/include/nccl_device/impl/barrier__funcs.h:12:
In file included from /home/yelkhamr/dark-factory/rocm-systems/projects/rccl/build/release/hipify/src/include/nccl_device/impl/barrier__types.h:10:
In file included from /home/yelkhamr/dark-factory/rocm-systems/projects/rccl/build/release/hipify/src/include/nccl_device/impl/../barrier.h:11:
/home/yelkhamr/dark-factory/rocm-systems/projects/rccl/build/release/hipify/src/include/nccl_device/impl/../impl/core__types.h:26:9: warning: 'NCCL_GIN_MAX_CONNECTIONS' macro redefined [-Wmacro-redefined]
   26 | #define NCCL_GIN_MAX_CONNECTIONS 4
      |         ^
/home/yelkhamr/dark-factory/rocm-systems/projects/rccl/build/release/include/nccl_device/gin/gin_device_host_common.h:18:9: note: previous definition is here
   18 | #define NCCL_GIN_MAX_CONNECTIONS NCCL_GIN_MAX_CONTEXTS
      |         ^
In file included from /home/yelkhamr/dark-factory/rocm-systems/projects/rccl/build/release/hipify/src/ipc_mem_handler.cc:11:
In file included from /home/yelkhamr/dark-factory/rocm-systems/projects/rccl/build/release/hipify/src/include/bootstrap.h:12:
In file included from /home/yelkhamr/dark-factory/rocm-systems/projects/rccl/build/release/hipify/src/include/comm.h:25:
In file included from /home/yelkhamr/dark-factory/rocm-systems/projects/rccl/build/release/hipify/src/include/dev_runtime.h:11:
In file included from /home/yelkhamr/dark-factory/rocm-systems/projects/rccl/build/release/hipify/src/include/nccl_device.h:16:
/home/yelkhamr/dark-factory/rocm-systems/projects/rccl/build/release/hipify/src/include/nccl_device/impl/gin__funcs.h:413:60: warning: result of comparison of constant 3 with expression of type 'const hipMemLocationType' is always false [-Wtautological-constant-out-of-range-compare]
  413 |           if (!doneSysmemFence && srcSegmentWindow.memType == CU_MEM_LOCATION_TYPE_HOST_NUMA) {
      |                                   ~~~~~~~~~~~~~~~~~~~~~~~~ ^  ~~~~~~~~~~~~~~~~~~~~~~~~~~~~~~
In file included from /home/yelkhamr/dark-factory/rocm-systems/projects/rccl/build/release/hipify/src/graph/search.cc:10:
In file included from /home/yelkhamr/dark-factory/rocm-systems/projects/rccl/build/release/hipify/src/include/comm.h:25:
In file included from /home/yelkhamr/dark-factory/rocm-systems/projects/rccl/build/release/hipify/src/include/dev_runtime.h:11:
In file included from /home/yelkhamr/dark-factory/rocm-systems/projects/rccl/build/release/hipify/src/include/nccl_device.h:10:
In file included from /home/yelkhamr/dark-factory/rocm-systems/projects/rccl/build/release/hipify/src/include/nccl_device/impl/barrier__funcs.h:12:
In file included from /home/yelkhamr/dark-factory/rocm-systems/projects/rccl/build/release/hipify/src/include/nccl_device/impl/barrier__types.h:10:
In file included from /home/yelkhamr/dark-factory/rocm-systems/projects/rccl/build/release/hipify/src/include/nccl_device/impl/../barrier.h:11:
/home/yelkhamr/dark-factory/rocm-systems/projects/rccl/build/release/hipify/src/include/nccl_device/impl/../impl/core__types.h:26:9: warning: 'NCCL_GIN_MAX_CONNECTIONS' macro redefined [-Wmacro-redefined]
   26 | #define NCCL_GIN_MAX_CONNECTIONS 4
      |         ^
/home/yelkhamr/dark-factory/rocm-systems/projects/rccl/build/release/include/nccl_device/gin/gin_device_host_common.h:18:9: note: previous definition is here
   18 | #define NCCL_GIN_MAX_CONNECTIONS NCCL_GIN_MAX_CONTEXTS
      |         ^
In file included from /home/yelkhamr/dark-factory/rocm-systems/projects/rccl/build/release/hipify/src/transport/coll_net.cc:9:
In file included from /home/yelkhamr/dark-factory/rocm-systems/projects/rccl/build/release/hipify/src/include/comm.h:25:
In file included from /home/yelkhamr/dark-factory/rocm-systems/projects/rccl/build/release/hipify/src/include/dev_runtime.h:11:
In file included from /home/yelkhamr/dark-factory/rocm-systems/projects/rccl/build/release/hipify/src/include/nccl_device.h:16:
/home/yelkhamr/dark-factory/rocm-systems/projects/rccl/build/release/hipify/src/include/nccl_device/impl/gin__funcs.h:413:60: warning: result of comparison of constant 3 with expression of type 'const hipMemLocationType' is always false [-Wtautological-constant-out-of-range-compare]
  413 |           if (!doneSysmemFence && srcSegmentWindow.memType == CU_MEM_LOCATION_TYPE_HOST_NUMA) {
      |                                   ~~~~~~~~~~~~~~~~~~~~~~~~ ^  ~~~~~~~~~~~~~~~~~~~~~~~~~~~~~~
In file included from /home/yelkhamr/dark-factory/rocm-systems/projects/rccl/build/release/hipify/src/transport/net_tmp.cc:10:
In file included from /home/yelkhamr/dark-factory/rocm-systems/projects/rccl/build/release/hipify/src/include/comm.h:25:
In file included from /home/yelkhamr/dark-factory/rocm-systems/projects/rccl/build/release/hipify/src/include/dev_runtime.h:11:
In file included from /home/yelkhamr/dark-factory/rocm-systems/projects/rccl/build/release/hipify/src/include/nccl_device.h:16:
/home/yelkhamr/dark-factory/rocm-systems/projects/rccl/build/release/hipify/src/include/nccl_device/impl/gin__funcs.h:413:60: warning: result of comparison of constant 3 with expression of type 'const hipMemLocationType' is always false [-Wtautological-constant-out-of-range-compare]
  413 |           if (!doneSysmemFence && srcSegmentWindow.memType == CU_MEM_LOCATION_TYPE_HOST_NUMA) {
      |                                   ~~~~~~~~~~~~~~~~~~~~~~~~ ^  ~~~~~~~~~~~~~~~~~~~~~~~~~~~~~~
In file included from /home/yelkhamr/dark-factory/rocm-systems/projects/rccl/build/release/hipify/src/plugin/profiler/profiler_v1.cc:8:
In file included from /home/yelkhamr/dark-factory/rocm-systems/projects/rccl/build/release/hipify/src/include/comm.h:25:
In file included from /home/yelkhamr/dark-factory/rocm-systems/projects/rccl/build/release/hipify/src/include/dev_runtime.h:11:
In file included from /home/yelkhamr/dark-factory/rocm-systems/projects/rccl/build/release/hipify/src/include/nccl_device.h:16:
/home/yelkhamr/dark-factory/rocm-systems/projects/rccl/build/release/hipify/src/include/nccl_device/impl/gin__funcs.h:413:60: warning: result of comparison of constant 3 with expression of type 'const hipMemLocationType' is always false [-Wtautological-constant-out-of-range-compare]
  413 |           if (!doneSysmemFence && srcSegmentWindow.memType == CU_MEM_LOCATION_TYPE_HOST_NUMA) {
      |                                   ~~~~~~~~~~~~~~~~~~~~~~~~ ^  ~~~~~~~~~~~~~~~~~~~~~~~~~~~~~~
In file included from /home/yelkhamr/dark-factory/rocm-systems/projects/rccl/build/release/hipify/src/os/linux.cc:604:
In file included from /home/yelkhamr/dark-factory/rocm-systems/projects/rccl/build/release/hipify/src/include/comm.h:25:
In file included from /home/yelkhamr/dark-factory/rocm-systems/projects/rccl/build/release/hipify/src/include/dev_runtime.h:11:
In file included from /home/yelkhamr/dark-factory/rocm-systems/projects/rccl/build/release/hipify/src/include/nccl_device.h:10:
In file included from /home/yelkhamr/dark-factory/rocm-systems/projects/rccl/build/release/hipify/src/include/nccl_device/impl/barrier__funcs.h:12:
In file included from /home/yelkhamr/dark-factory/rocm-systems/projects/rccl/build/release/hipify/src/include/nccl_device/impl/barrier__types.h:10:
In file included from /home/yelkhamr/dark-factory/rocm-systems/projects/rccl/build/release/hipify/src/include/nccl_device/impl/../barrier.h:11:
/home/yelkhamr/dark-factory/rocm-systems/projects/rccl/build/release/hipify/src/include/nccl_device/impl/../impl/core__types.h:26:9: warning: 'NCCL_GIN_MAX_CONNECTIONS' macro redefined [-Wmacro-redefined]
   26 | #define NCCL_GIN_MAX_CONNECTIONS 4
      |         ^
/home/yelkhamr/dark-factory/rocm-systems/projects/rccl/build/release/include/nccl_device/gin/gin_device_host_common.h:18:9: note: previous definition is here
   18 | #define NCCL_GIN_MAX_CONNECTIONS NCCL_GIN_MAX_CONTEXTS
      |         ^
In file included from /home/yelkhamr/dark-factory/rocm-systems/projects/rccl/build/release/hipify/src/misc/recorder.cc:3:
In file included from /home/yelkhamr/dark-factory/rocm-systems/projects/rccl/build/release/hipify/src/include/bootstrap.h:12:
In file included from /home/yelkhamr/dark-factory/rocm-systems/projects/rccl/build/release/hipify/src/include/comm.h:25:
In file included from /home/yelkhamr/dark-factory/rocm-systems/projects/rccl/build/release/hipify/src/include/dev_runtime.h:11:
In file included from /home/yelkhamr/dark-factory/rocm-systems/projects/rccl/build/release/hipify/src/include/nccl_device.h:10:
In file included from /home/yelkhamr/dark-factory/rocm-systems/projects/rccl/build/release/hipify/src/include/nccl_device/impl/barrier__funcs.h:12:
In file included from /home/yelkhamr/dark-factory/rocm-systems/projects/rccl/build/release/hipify/src/include/nccl_device/impl/barrier__types.h:10:
In file included from /home/yelkhamr/dark-factory/rocm-systems/projects/rccl/build/release/hipify/src/include/nccl_device/impl/../barrier.h:11:
/home/yelkhamr/dark-factory/rocm-systems/projects/rccl/build/release/hipify/src/include/nccl_device/impl/../impl/core__types.h:26:9: warning: 'NCCL_GIN_MAX_CONNECTIONS' macro redefined [-Wmacro-redefined]
   26 | #define NCCL_GIN_MAX_CONNECTIONS 4
      |         ^
/home/yelkhamr/dark-factory/rocm-systems/projects/rccl/build/release/include/nccl_device/gin/gin_device_host_common.h:18:9: note: previous definition is here
   18 | #define NCCL_GIN_MAX_CONNECTIONS NCCL_GIN_MAX_CONTEXTS
      |         ^
In file included from /home/yelkhamr/dark-factory/rocm-systems/projects/rccl/build/release/hipify/src/transport/net_ib/gdr.cc:8:
In file included from /home/yelkhamr/dark-factory/rocm-systems/projects/rccl/build/release/hipify/src/transport/net_ib/common.h:14:
In file included from /home/yelkhamr/dark-factory/rocm-systems/projects/rccl/build/release/hipify/src/include/net.h:13:
In file included from /home/yelkhamr/dark-factory/rocm-systems/projects/rccl/build/release/hipify/src/include/comm.h:25:
In file included from /home/yelkhamr/dark-factory/rocm-systems/projects/rccl/build/release/hipify/src/include/dev_runtime.h:11:
In file included from /home/yelkhamr/dark-factory/rocm-systems/projects/rccl/build/release/hipify/src/include/nccl_device.h:16:
/home/yelkhamr/dark-factory/rocm-systems/projects/rccl/build/release/hipify/src/include/nccl_device/impl/gin__funcs.h:413:60: warning: result of comparison of constant 3 with expression of type 'const hipMemLocationType' is always false [-Wtautological-constant-out-of-range-compare]
  413 |           if (!doneSysmemFence && srcSegmentWindow.memType == CU_MEM_LOCATION_TYPE_HOST_NUMA) {
      |                                   ~~~~~~~~~~~~~~~~~~~~~~~~ ^  ~~~~~~~~~~~~~~~~~~~~~~~~~~~~~~
In file included from /home/yelkhamr/dark-factory/rocm-systems/projects/rccl/build/release/hipify/src/commDump.cc:6:
In file included from /home/yelkhamr/dark-factory/rocm-systems/projects/rccl/build/release/hipify/src/include/comm.h:25:
In file included from /home/yelkhamr/dark-factory/rocm-systems/projects/rccl/build/release/hipify/src/include/dev_runtime.h:11:
In file included from /home/yelkhamr/dark-factory/rocm-systems/projects/rccl/build/release/hipify/src/include/nccl_device.h:10:
In file included from /home/yelkhamr/dark-factory/rocm-systems/projects/rccl/build/release/hipify/src/include/nccl_device/impl/barrier__funcs.h:12:
In file included from /home/yelkhamr/dark-factory/rocm-systems/projects/rccl/build/release/hipify/src/include/nccl_device/impl/barrier__types.h:10:
In file included from /home/yelkhamr/dark-factory/rocm-systems/projects/rccl/build/release/hipify/src/include/nccl_device/impl/../barrier.h:11:
/home/yelkhamr/dark-factory/rocm-systems/projects/rccl/build/release/hipify/src/include/nccl_device/impl/../impl/core__types.h:26:9: warning: 'NCCL_GIN_MAX_CONNECTIONS' macro redefined [-Wmacro-redefined]
   26 | #define NCCL_GIN_MAX_CONNECTIONS 4
      |         ^
/home/yelkhamr/dark-factory/rocm-systems/projects/rccl/build/release/include/nccl_device/gin/gin_device_host_common.h:18:9: note: previous definition is here
   18 | #define NCCL_GIN_MAX_CONNECTIONS NCCL_GIN_MAX_CONTEXTS
      |         ^
In file included from /home/yelkhamr/dark-factory/rocm-systems/projects/rccl/build/release/hipify/src/rma/rma_ce.cc:13:
In file included from /home/yelkhamr/dark-factory/rocm-systems/projects/rccl/build/release/hipify/src/include/comm.h:25:
In file included from /home/yelkhamr/dark-factory/rocm-systems/projects/rccl/build/release/hipify/src/include/dev_runtime.h:11:
In file included from /home/yelkhamr/dark-factory/rocm-systems/projects/rccl/build/release/hipify/src/include/nccl_device.h:16:
/home/yelkhamr/dark-factory/rocm-systems/projects/rccl/build/release/hipify/src/include/nccl_device/impl/gin__funcs.h:413:60: warning: result of comparison of constant 3 with expression of type 'const hipMemLocationType' is always false [-Wtautological-constant-out-of-range-compare]
  413 |           if (!doneSysmemFence && srcSegmentWindow.memType == CU_MEM_LOCATION_TYPE_HOST_NUMA) {
      |                                   ~~~~~~~~~~~~~~~~~~~~~~~~ ^  ~~~~~~~~~~~~~~~~~~~~~~~~~~~~~~
In file included from /home/yelkhamr/dark-factory/rocm-systems/projects/rccl/build/release/hipify/src/transport/net_ib/connect_tmp.cc:9:
In file included from /home/yelkhamr/dark-factory/rocm-systems/projects/rccl/build/release/hipify/src/transport/net_ib/connect.h:11:
In file included from /home/yelkhamr/dark-factory/rocm-systems/projects/rccl/build/release/hipify/src/transport/net_ib/common.h:14:
In file included from /home/yelkhamr/dark-factory/rocm-systems/projects/rccl/build/release/hipify/src/include/net.h:13:
In file included from /home/yelkhamr/dark-factory/rocm-systems/projects/rccl/build/release/hipify/src/include/comm.h:25:
In file included from /home/yelkhamr/dark-factory/rocm-systems/projects/rccl/build/release/hipify/src/include/dev_runtime.h:11:
In file included from /home/yelkhamr/dark-factory/rocm-systems/projects/rccl/build/release/hipify/src/include/nccl_device.h:16:
/home/yelkhamr/dark-factory/rocm-systems/projects/rccl/build/release/hipify/src/include/nccl_device/impl/gin__funcs.h:413:60: warning: result of comparison of constant 3 with expression of type 'const hipMemLocationType' is always false [-Wtautological-constant-out-of-range-compare]
  413 |           if (!doneSysmemFence && srcSegmentWindow.memType == CU_MEM_LOCATION_TYPE_HOST_NUMA) {
      |                                   ~~~~~~~~~~~~~~~~~~~~~~~~ ^  ~~~~~~~~~~~~~~~~~~~~~~~~~~~~~~
In file included from /home/yelkhamr/dark-factory/rocm-systems/projects/rccl/build/release/hipify/src/plugin/tuner.cc:15:
In file included from /home/yelkhamr/dark-factory/rocm-systems/projects/rccl/build/release/hipify/src/include/tuner.h:13:
In file included from /home/yelkhamr/dark-factory/rocm-systems/projects/rccl/build/release/hipify/src/include/comm.h:25:
In file included from /home/yelkhamr/dark-factory/rocm-systems/projects/rccl/build/release/hipify/src/include/dev_runtime.h:11:
In file included from /home/yelkhamr/dark-factory/rocm-systems/projects/rccl/build/release/hipify/src/include/nccl_device.h:16:
/home/yelkhamr/dark-factory/rocm-systems/projects/rccl/build/release/hipify/src/include/nccl_device/impl/gin__funcs.h:413:60: warning: result of comparison of constant 3 with expression of type 'const hipMemLocationType' is always false [-Wtautological-constant-out-of-range-compare]
In file included from   /home/yelkhamr/dark-factory/rocm-systems/projects/rccl/build/release/hipify/src/plugin/gin.cc:4139 | :
 In file included from  /home/yelkhamr/dark-factory/rocm-systems/projects/rccl/build/release/hipify/src/include/bootstrap.h : 12 :
In file included from  /home/yelkhamr/dark-factory/rocm-systems/projects/rccl/build/release/hipify/src/include/comm.h : 25 :
 iIn file included from f/home/yelkhamr/dark-factory/rocm-systems/projects/rccl/build/release/hipify/src/include/dev_runtime.h :(11!:
dIn file included from o/home/yelkhamr/dark-factory/rocm-systems/projects/rccl/build/release/hipify/src/include/nccl_device.hn:e16S:
ys/home/yelkhamr/dark-factory/rocm-systems/projects/rccl/build/release/hipify/src/include/nccl_device/impl/gin__funcs.hm:e413:m60F:e nwarning: cresult of comparison of constant 3 with expression of type 'const hipMemLocationType' is always false [-Wtautological-constant-out-of-range-compare]e
 && srcSegmentWindow.memType == CU_MEM_  L413O | C A T I O N _ T Y P Ei_fH O(!doneSysmemFence && srcSegmentWiSnTd_oNwU.MmAe)m T{y
p      e|                                    ~~~~~~~~~~~~~~~~~~~~~~~~ ^  ~~~~~~~~~~~~~~~~~~~~~~~~~~~~~~=
= CU_MEM_LOCATION_TYPE_HOST_NUMA) {
      |                                   ~~~~~~~~~~~~~~~~~~~~~~~~ ^  ~~~~~~~~~~~~~~~~~~~~~~~~~~~~~~
In file included from /home/yelkhamr/dark-factory/rocm-systems/projects/rccl/build/release/hipify/src/transport/net_ib/p2p.cc:9:
In file included from /home/yelkhamr/dark-factory/rocm-systems/projects/rccl/build/release/hipify/src/transport/net_ib/p2p.h:11:
In file included from /home/yelkhamr/dark-factory/rocm-systems/projects/rccl/build/release/hipify/src/transport/net_ib/common.h:14:
In file included from /home/yelkhamr/dark-factory/rocm-systems/projects/rccl/build/release/hipify/src/include/net.h:13:
In file included from /home/yelkhamr/dark-factory/rocm-systems/projects/rccl/build/release/hipify/src/include/comm.h:25:
In file included from /home/yelkhamr/dark-factory/rocm-systems/projects/rccl/build/release/hipify/src/include/dev_runtime.h:11:
In file included from /home/yelkhamr/dark-factory/rocm-systems/projects/rccl/build/release/hipify/src/include/nccl_device.h:10:
In file included from /home/yelkhamr/dark-factory/rocm-systems/projects/rccl/build/release/hipify/src/include/nccl_device/impl/barrier__funcs.h:12:
In file included from /home/yelkhamr/dark-factory/rocm-systems/projects/rccl/build/release/hipify/src/include/nccl_device/impl/barrier__types.h:10:
In file included from /home/yelkhamr/dark-factory/rocm-systems/projects/rccl/build/release/hipify/src/include/nccl_device/impl/../barrier.h:11:
/home/yelkhamr/dark-factory/rocm-systems/projects/rccl/build/release/hipify/src/include/nccl_device/impl/../impl/core__types.h:26:9: warning: 'NCCL_GIN_MAX_CONNECTIONS' macro redefined [-Wmacro-redefined]
   26 | #define NCCL_GIN_MAX_CONNECTIONS 4
      |         ^
/home/yelkhamr/dark-factory/rocm-systems/projects/rccl/build/release/include/nccl_device/gin/gin_device_host_common.h:18:9: note: previous definition is here
   18 | #define NCCL_GIN_MAX_CONNECTIONS NCCL_GIN_MAX_CONTEXTS
      |         ^
In file included from /home/yelkhamr/dark-factory/rocm-systems/projects/rccl/build/release/hipify/src/plugin/profiler/profiler_v5.cc:8:
In file included from /home/yelkhamr/dark-factory/rocm-systems/projects/rccl/build/release/hipify/src/include/comm.h:25:
In file included from /home/yelkhamr/dark-factory/rocm-systems/projects/rccl/build/release/hipify/src/include/dev_runtime.h:11:
In file included from /home/yelkhamr/dark-factory/rocm-systems/projects/rccl/build/release/hipify/src/include/nccl_device.h:16:
/home/yelkhamr/dark-factory/rocm-systems/projects/rccl/build/release/hipify/src/include/nccl_device/impl/gin__funcs.h:413:60: warning: result of comparison of constant 3 with expression of type 'const hipMemLocationType' is always false [-Wtautological-constant-out-of-range-compare]
  413 |           if (!doneSysmemFence && srcSegmentWindow.memType == CU_MEM_LOCATION_TYPE_HOST_NUMA) {
      |                                   ~~~~~~~~~~~~~~~~~~~~~~~~ ^  ~~~~~~~~~~~~~~~~~~~~~~~~~~~~~~
In file included from /home/yelkhamr/dark-factory/rocm-systems/projects/rccl/build/release/hipify/src/rma/rma.cc:12:
In file included from /home/yelkhamr/dark-factory/rocm-systems/projects/rccl/build/release/hipify/src/include/comm.h:25:
In file included from /home/yelkhamr/dark-factory/rocm-systems/projects/rccl/build/release/hipify/src/include/dev_runtime.h:11:
In file included from /home/yelkhamr/dark-factory/rocm-systems/projects/rccl/build/release/hipify/src/include/nccl_device.h:16:
/home/yelkhamr/dark-factory/rocm-systems/projects/rccl/build/release/hipify/src/include/nccl_device/impl/gin__funcs.h:413:60: warning: result of comparison of constant 3 with expression of type 'const hipMemLocationType' is always false [-Wtautological-constant-out-of-range-compare]
  413 |           if (!doneSysmemFence && srcSegmentWindow.memType == CU_MEM_LOCATION_TYPE_HOST_NUMA) {
      |                                   ~~~~~~~~~~~~~~~~~~~~~~~~ ^  ~~~~~~~~~~~~~~~~~~~~~~~~~~~~~~
In file included from /home/yelkhamr/dark-factory/rocm-systems/projects/rccl/build/release/hipify/src/register/sendrecv_reg.cc:9:
In file included from /home/yelkhamr/dark-factory/rocm-systems/projects/rccl/build/release/hipify/src/include/transport.h:25:
In file included from /home/yelkhamr/dark-factory/rocm-systems/projects/rccl/build/release/hipify/src/include/comm.h:25:
In file included from /home/yelkhamr/dark-factory/rocm-systems/projects/rccl/build/release/hipify/src/include/dev_runtime.h:11:
In file included from /home/yelkhamr/dark-factory/rocm-systems/projects/rccl/build/release/hipify/src/include/nccl_device.h:10:
In file included from In file included from /home/yelkhamr/dark-factory/rocm-systems/projects/rccl/build/release/hipify/src/graph/search.cc:/home/yelkhamr/dark-factory/rocm-systems/projects/rccl/build/release/hipify/src/include/nccl_device/impl/barrier__funcs.h:1012:
:
In file included from In file included from /home/yelkhamr/dark-factory/rocm-systems/projects/rccl/build/release/hipify/src/include/nccl_device/impl/barrier__types.h:/home/yelkhamr/dark-factory/rocm-systems/projects/rccl/build/release/hipify/src/include/comm.h:10:
In file included from 25/home/yelkhamr/dark-factory/rocm-systems/projects/rccl/build/release/hipify/src/include/nccl_device/impl/../barrier.h:
In file included from :/home/yelkhamr/dark-factory/rocm-systems/projects/rccl/build/release/hipify/src/include/dev_runtime.h:11:
In file included from 11:
/home/yelkhamr/dark-factory/rocm-systems/projects/rccl/build/release/hipify/src/include/nccl_device.h/home/yelkhamr/dark-factory/rocm-systems/projects/rccl/build/release/hipify/src/include/nccl_device/impl/../impl/core__types.h::16:
26/home/yelkhamr/dark-factory/rocm-systems/projects/rccl/build/release/hipify/src/include/nccl_device/impl/gin__funcs.h:413::60: 9warning: :result of comparison of constant 3 with expression of type 'const hipMemLocationType' is always false [-Wtautological-constant-out-of-range-compare]
 warning: 'NCCL_GIN_MAX_CONNECTIONS' macro redefined [-Wmacro-redefined]
     26413 |  |    # defi n e   N  if (CCL!_doneSyGsmIeNmF_MAeXnc_CONNEe &CTIONS 4& 
s      r|         ^cSe
gmentWind/home/yelkhamr/dark-factory/rocm-systems/projects/rccl/build/release/include/nccl_device/gin/gin_device_host_common.ho:w.18m:emT9ype:  note: == previous definition is hereCU
_MEM_   18LO | CAT#IONdefine NCCL_GIN_MAX__TYCONNECTIONS NCCL_GIN_MAX_CONTEXTSP
      |         ^
E_HOST_NUMA) {
      |                                   ~~~~~~~~~~~~~~~~~~~~~~~~ ^  ~~~~~~~~~~~~~~~~~~~~~~~~~~~~~~
In file included from /home/yelkhamr/dark-factory/rocm-systems/projects/rccl/build/release/hipify/src/plugin/net.cc:8:
In file included from /home/yelkhamr/dark-factory/rocm-systems/projects/rccl/build/release/hipify/src/include/net.h:13:
In file included from /home/yelkhamr/dark-factory/rocm-systems/projects/rccl/build/release/hipify/src/include/comm.h:25:
In file included from /home/yelkhamr/dark-factory/rocm-systems/projects/rccl/build/release/hipify/src/include/dev_runtime.h:11:
In file included from /home/yelkhamr/dark-factory/rocm-systems/projects/rccl/build/release/hipify/src/include/nccl_device.h:10:
In file included from /home/yelkhamr/dark-factory/rocm-systems/projects/rccl/build/release/hipify/src/include/nccl_device/impl/barrier__funcs.h:12:
In file included from /home/yelkhamr/dark-factory/rocm-systems/projects/rccl/build/release/hipify/src/include/nccl_device/impl/barrier__types.h:10:
In file included from /home/yelkhamr/dark-factory/rocm-systems/projects/rccl/build/release/hipify/src/include/nccl_device/impl/../barrier.h:11:
/home/yelkhamr/dark-factory/rocm-systems/projects/rccl/build/release/hipify/src/include/nccl_device/impl/../impl/core__types.h:26:9: warning: 'NCCL_GIN_MAX_CONNECTIONS' macro redefined [-Wmacro-redefined]
   26 | #define NCCL_GIN_MAX_CONNECTIONS 4
      |         ^
/home/yelkhamr/dark-factory/rocm-systems/projects/rccl/build/release/include/nccl_device/gin/gin_device_host_common.h:18:9: note: previous definition is here
   18 | #define NCCL_GIN_MAX_CONNECTIONS NCCL_GIN_MAX_CONTEXTS
      |         ^
In file included from /home/yelkhamr/dark-factory/rocm-systems/projects/rccl/build/release/hipify/src/transport/net_ib/reg.cc:8:
In file included from /home/yelkhamr/dark-factory/rocm-systems/projects/rccl/build/release/hipify/src/transport/net_ib/common.h:14:
In file included from /home/yelkhamr/dark-factory/rocm-systems/projects/rccl/build/release/hipify/src/include/net.h:13:
In file included from /home/yelkhamr/dark-factory/rocm-systems/projects/rccl/build/release/hipify/src/include/comm.h:25:
In file included from /home/yelkhamr/dark-factory/rocm-systems/projects/rccl/build/release/hipify/src/include/dev_runtime.h:11:
In file included from /home/yelkhamr/dark-factory/rocm-systems/projects/rccl/build/release/hipify/src/include/nccl_device.h:10:
In file included from /home/yelkhamr/dark-factory/rocm-systems/projects/rccl/build/release/hipify/src/include/nccl_device/impl/barrier__funcs.h:12:
In file included from /home/yelkhamr/dark-factory/rocm-systems/projects/rccl/build/release/hipify/src/include/nccl_device/impl/barrier__types.h:10:
In file included from /home/yelkhamr/dark-factory/rocm-systems/projects/rccl/build/release/hipify/src/include/nccl_device/impl/../barrier.h:11:
/home/yelkhamr/dark-factory/rocm-systems/projects/rccl/build/release/hipify/src/include/nccl_device/impl/../impl/core__types.h:26:9: warning: 'NCCL_GIN_MAX_CONNECTIONS' macro redefined [-Wmacro-redefined]
   26 | #define NCCL_GIN_MAX_CONNECTIONS 4
      |         ^
/home/yelkhamr/dark-factory/rocm-systems/projects/rccl/build/release/include/nccl_device/gin/gin_device_host_common.h:18:9: note: previous definition is here
   18 | #define NCCL_GIN_MAX_CONNECTIONS NCCL_GIN_MAX_CONTEXTS
      |         ^
In file included from /home/yelkhamr/dark-factory/rocm-systems/projects/rccl/build/release/hipify/src/os/linux.cc:604:
In file included from /home/yelkhamr/dark-factory/rocm-systems/projects/rccl/build/release/hipify/src/include/comm.h:25:
In file included from /home/yelkhamr/dark-factory/rocm-systems/projects/rccl/build/release/hipify/src/include/dev_runtime.h:11:
In file included from /home/yelkhamr/dark-factory/rocm-systems/projects/rccl/build/release/hipify/src/include/nccl_device.h:16:
/home/yelkhamr/dark-factory/rocm-systems/projects/rccl/build/release/hipify/src/include/nccl_device/impl/gin__funcs.h:413:60: warning: result of comparison of constant 3 with expression of type 'const hipMemLocationType' is always false [-Wtautological-constant-out-of-range-compare]
  413 |           if (!doneSysmemFence && srcSegmentWindow.memType == CU_MEM_LOCATION_TYPE_HOST_NUMA) {
      |                                   ~~~~~~~~~~~~~~~~~~~~~~~~ ^  ~~~~~~~~~~~~~~~~~~~~~~~~~~~~~~
In file included from /home/yelkhamr/dark-factory/rocm-systems/projects/rccl/build/release/hipify/src/misc/argcheck.cc:9:
In file included from /home/yelkhamr/dark-factory/rocm-systems/projects/rccl/build/release/hipify/src/include/comm.h:25:
In file included from /home/yelkhamr/dark-factory/rocm-systems/projects/rccl/build/release/hipify/src/include/dev_runtime.h:11:
In file included from /home/yelkhamr/dark-factory/rocm-systems/projects/rccl/build/release/hipify/src/include/nccl_device.h:16:
/home/yelkhamr/dark-factory/rocm-systems/projects/rccl/build/release/hipify/src/include/nccl_device/impl/gin__funcs.h:413:60: warning: result of comparison of constant 3 with expression of type 'const hipMemLocationType' is always false [-Wtautological-constant-out-of-range-compare]
  413 |           if (!doneSysmemFence && srcSegmentWindow.memType == CU_MEM_LOCATION_TYPE_HOST_NUMA) {
      |                                   ~~~~~~~~~~~~~~~~~~~~~~~~ ^  ~~~~~~~~~~~~~~~~~~~~~~~~~~~~~~
In file included from /home/yelkhamr/dark-factory/rocm-systems/projects/rccl/build/release/hipify/src/misc/recorder.cc:3:
In file included from /home/yelkhamr/dark-factory/rocm-systems/projects/rccl/build/release/hipify/src/include/bootstrap.h:12:
In file included from /home/yelkhamr/dark-factory/rocm-systems/projects/rccl/build/release/hipify/src/include/comm.h:25:
In file included from /home/yelkhamr/dark-factory/rocm-systems/projects/rccl/build/release/hipify/src/include/dev_runtime.h:11:
In file included from /home/yelkhamr/dark-factory/rocm-systems/projects/rccl/build/release/hipify/src/include/nccl_device.h:16:
/home/yelkhamr/dark-factory/rocm-systems/projects/rccl/build/release/hipify/src/include/nccl_device/impl/gin__funcs.h:413:60: warning: result of comparison of constant 3 with expression of type 'const hipMemLocationType' is always false [-Wtautological-constant-out-of-range-compare]
  413 |           if (!doneSysmemFence && srcSegmentWindow.memType == CU_MEM_LOCATION_TYPE_HOST_NUMA) {
      |                                   ~~~~~~~~~~~~~~~~~~~~~~~~ ^  ~~~~~~~~~~~~~~~~~~~~~~~~~~~~~~
In file included from /home/yelkhamr/dark-factory/rocm-systems/projects/rccl/build/release/hipify/src/commDump.cc:6:
In file included from /home/yelkhamr/dark-factory/rocm-systems/projects/rccl/build/release/hipify/src/include/comm.h:25:
In file included from /home/yelkhamr/dark-factory/rocm-systems/projects/rccl/build/release/hipify/src/include/dev_runtime.h:11:
In file included from /home/yelkhamr/dark-factory/rocm-systems/projects/rccl/build/release/hipify/src/include/nccl_device.h:16:
/home/yelkhamr/dark-factory/rocm-systems/projects/rccl/build/release/hipify/src/include/nccl_device/impl/gin__funcs.h:413:60: warning: result of comparison of constant 3 with expression of type 'const hipMemLocationType' is always false [-Wtautological-constant-out-of-range-compare]
  413 |           if (!doneSysmemFence && srcSegmentWindow.memType == CU_MEM_LOCATION_TYPE_HOST_NUMA) {
      |                                   ~~~~~~~~~~~~~~~~~~~~~~~~ ^  ~~~~~~~~~~~~~~~~~~~~~~~~~~~~~~
1 warning generated when compiling for host.
In file included from /home/yelkhamr/dark-factory/rocm-systems/projects/rccl/build/release/hipify/src/transport/net_ib/p2p.cc:9:
In file included from /home/yelkhamr/dark-factory/rocm-systems/projects/rccl/build/release/hipify/src/transport/net_ib/p2p.h:11:
In file included from /home/yelkhamr/dark-factory/rocm-systems/projects/rccl/build/release/hipify/src/transport/net_ib/common.h:14:
In file included from /home/yelkhamr/dark-factory/rocm-systems/projects/rccl/build/release/hipify/src/include/net.h:13:
In file included from /home/yelkhamr/dark-factory/rocm-systems/projects/rccl/build/release/hipify/src/include/comm.h:25:
In file included from /home/yelkhamr/dark-factory/rocm-systems/projects/rccl/build/release/hipify/src/include/dev_runtime.h:11:
In file included from /home/yelkhamr/dark-factory/rocm-systems/projects/rccl/build/release/hipify/src/include/nccl_device.h:16:
/home/yelkhamr/dark-factory/rocm-systems/projects/rccl/build/release/hipify/src/include/nccl_device/impl/gin__funcs.h:413:60: warning: result of comparison of constant 3 with expression of type 'const hipMemLocationType' is always false [-Wtautological-constant-out-of-range-compare]
  413 |           if (!doneSysmemFence && srcSegmentWindow.memType == CU_MEM_LOCATION_TYPE_HOST_NUMA) {
      |                                   ~~~~~~~~~~~~~~~~~~~~~~~~ ^  ~~~~~~~~~~~~~~~~~~~~~~~~~~~~~~
In file included from /home/yelkhamr/dark-factory/rocm-systems/projects/rccl/build/release/hipify/src/transport/net_ib/p2p_resiliency.cc:9:
In file included from /home/yelkhamr/dark-factory/rocm-systems/projects/rccl/build/release/hipify/src/transport/net_ib/p2p_resiliency.h:11:
In file included from /home/yelkhamr/dark-factory/rocm-systems/projects/rccl/build/release/hipify/src/transport/net_ib/common.h:14:
In file included from /home/yelkhamr/dark-factory/rocm-systems/projects/rccl/build/release/hipify/src/include/net.h:13:
In file included from /home/yelkhamr/dark-factory/rocm-systems/projects/rccl/build/release/hipify/src/include/comm.h:25:
In file included from /home/yelkhamr/dark-factory/rocm-systems/projects/rccl/build/release/hipify/src/include/dev_runtime.h:11:
In file included from /home/yelkhamr/dark-factory/rocm-systems/projects/rccl/build/release/hipify/src/include/nccl_device.h:10:
In file included from /home/yelkhamr/dark-factory/rocm-systems/projects/rccl/build/release/hipify/src/include/nccl_device/impl/barrier__funcs.h:12:
In file included from /home/yelkhamr/dark-factory/rocm-systems/projects/rccl/build/release/hipify/src/include/nccl_device/impl/barrier__types.h:10:
In file included from /home/yelkhamr/dark-factory/rocm-systems/projects/rccl/build/release/hipify/src/include/nccl_device/impl/../barrier.h:11:
/home/yelkhamr/dark-factory/rocm-systems/projects/rccl/build/release/hipify/src/include/nccl_device/impl/../impl/core__types.h:26:9: warning: 'NCCL_GIN_MAX_CONNECTIONS' macro redefined [-Wmacro-redefined]
   26 | #define NCCL_GIN_MAX_CONNECTIONS 4
      |         ^
/home/yelkhamr/dark-factory/rocm-systems/projects/rccl/build/release/include/nccl_device/gin/gin_device_host_common.h:18:9: note: previous definition is here
   18 | #define NCCL_GIN_MAX_CONNECTIONS NCCL_GIN_MAX_CONTEXTS
      |         ^
In file included from /home/yelkhamr/dark-factory/rocm-systems/projects/rccl/build/release/hipify/src/register/sendrecv_reg.cc:9:
In file included from /home/yelkhamr/dark-factory/rocm-systems/projects/rccl/build/release/hipify/src/include/transport.h:25:
In file included from /home/yelkhamr/dark-factory/rocm-systems/projects/rccl/build/release/hipify/src/include/comm.h:25:
In file included from /home/yelkhamr/dark-factory/rocm-systems/projects/rccl/build/release/hipify/src/include/dev_runtime.h:11:
In file included from /home/yelkhamr/dark-factory/rocm-systems/projects/rccl/build/release/hipify/src/include/nccl_device.h:16:
/home/yelkhamr/dark-factory/rocm-systems/projects/rccl/build/release/hipify/src/include/nccl_device/impl/gin__funcs.h:413:60: warning: result of comparison of constant 3 with expression of type 'const hipMemLocationType' is always false [-Wtautological-constant-out-of-range-compare]
  413 |           if (!doneSysmemFence && srcSegmentWindow.memType == CU_MEM_LOCATION_TYPE_HOST_NUMA) {
      |                                   ~~~~~~~~~~~~~~~~~~~~~~~~ ^  ~~~~~~~~~~~~~~~~~~~~~~~~~~~~~~
In file included from /home/yelkhamr/dark-factory/rocm-systems/projects/rccl/build/release/hipify/src/plugin/net.cc:8:
In file included from /home/yelkhamr/dark-factory/rocm-systems/projects/rccl/build/release/hipify/src/include/net.h:13:
In file included from /home/yelkhamr/dark-factory/rocm-systems/projects/rccl/build/release/hipify/src/include/comm.h:25:
In file included from /home/yelkhamr/dark-factory/rocm-systems/projects/rccl/build/release/hipify/src/include/dev_runtime.h:11:
In file included from /home/yelkhamr/dark-factory/rocm-systems/projects/rccl/build/release/hipify/src/include/nccl_device.h:16:
/home/yelkhamr/dark-factory/rocm-systems/projects/rccl/build/release/hipify/src/include/nccl_device/impl/gin__funcs.h:413:60: warning: result of comparison of constant 3 with expression of type 'const hipMemLocationType' is always false [-Wtautological-constant-out-of-range-compare]
  413 |           if (!doneSysmemFence && srcSegmentWindow.memType == CU_MEM_LOCATION_TYPE_HOST_NUMA) {
      |                                   ~~~~~~~~~~~~~~~~~~~~~~~~ ^  ~~~~~~~~~~~~~~~~~~~~~~~~~~~~~~
/home/yelkhamr/dark-factory/rocm-systems/projects/rccl/build/release/hipify/src/ce_coll.cc:310:9: warning: unused variable 'ceSyncHandle' [-Wunused-variable]
  310 |   void* ceSyncHandle = NULL;
      |         ^~~~~~~~~~~~
In file included from /home/yelkhamr/dark-factory/rocm-systems/projects/rccl/build/release/hipify/src/transport/net_ib/reg.cc:8:
In file included from /home/yelkhamr/dark-factory/rocm-systems/projects/rccl/build/release/hipify/src/transport/net_ib/common.h:14:
In file included from /home/yelkhamr/dark-factory/rocm-systems/projects/rccl/build/release/hipify/src/include/net.h:13:
In file included from /home/yelkhamr/dark-factory/rocm-systems/projects/rccl/build/release/hipify/src/include/comm.h:25:
In file included from /home/yelkhamr/dark-factory/rocm-systems/projects/rccl/build/release/hipify/src/include/dev_runtime.h:11:
In file included from /home/yelkhamr/dark-factory/rocm-systems/projects/rccl/build/release/hipify/src/include/nccl_device.h:16:
/home/yelkhamr/dark-factory/rocm-systems/projects/rccl/build/release/hipify/src/include/nccl_device/impl/gin__funcs.h:413:60: warning: result of comparison of constant 3 with expression of type 'const hipMemLocationType' is always false [-Wtautological-constant-out-of-range-compare]
  413 |           if (!doneSysmemFence && srcSegmentWindow.memType == CU_MEM_LOCATION_TYPE_HOST_NUMA) {
      |                                   ~~~~~~~~~~~~~~~~~~~~~~~~ ^  ~~~~~~~~~~~~~~~~~~~~~~~~~~~~~~
/home/yelkhamr/dark-factory/rocm-systems/projects/rccl/build/release/hipify/src/allocator.cc:27:7: warning: unused variable 'flag' [-Wunused-variable]
   27 |   int flag;
      |       ^~~~
In file included from /home/yelkhamr/dark-factory/rocm-systems/projects/rccl/build/release/hipify/src/transport/p2p_tmp.cc:9:
In file included from /home/yelkhamr/dark-factory/rocm-systems/projects/rccl/build/release/hipify/src/include/comm.h:25:
In file included from /home/yelkhamr/dark-factory/rocm-systems/projects/rccl/build/release/hipify/src/include/dev_runtime.h:11:
In file included from /home/yelkhamr/dark-factory/rocm-systems/projects/rccl/build/release/hipify/src/include/nccl_device.h:10:
In file included from /home/yelkhamr/dark-factory/rocm-systems/projects/rccl/build/release/hipify/src/include/nccl_device/impl/barrier__funcs.h:12:
In file included from /home/yelkhamr/dark-factory/rocm-systems/projects/rccl/build/release/hipify/src/include/nccl_device/impl/barrier__types.h:10:
In file included from /home/yelkhamr/dark-factory/rocm-systems/projects/rccl/build/release/hipify/src/include/nccl_device/impl/../barrier.h:11:
/home/yelkhamr/dark-factory/rocm-systems/projects/rccl/build/release/hipify/src/include/nccl_device/impl/../impl/core__types.h:26:9: warning: 'NCCL_GIN_MAX_CONNECTIONS' macro redefined [-Wmacro-redefined]
   26 | #define NCCL_GIN_MAX_CONNECTIONS 4
      |         ^
/home/yelkhamr/dark-factory/rocm-systems/projects/rccl/build/release/include/nccl_device/gin/gin_device_host_common.h:18:9: note: previous definition is here
   18 | #define NCCL_GIN_MAX_CONNECTIONS NCCL_GIN_MAX_CONTEXTS
      |         ^
3 warnings generated when compiling for host.
In file included from /home/yelkhamr/dark-factory/rocm-systems/projects/rccl/build/release/hipify/src/transport/net_ib/p2p_resiliency.cc:9:
In file included from /home/yelkhamr/dark-factory/rocm-systems/projects/rccl/build/release/hipify/src/transport/net_ib/p2p_resiliency.h:11:
In file included from /home/yelkhamr/dark-factory/rocm-systems/projects/rccl/build/release/hipify/src/transport/net_ib/common.h:14:
In file included from /home/yelkhamr/dark-factory/rocm-systems/projects/rccl/build/release/hipify/src/include/net.h:13:
In file included from /home/yelkhamr/dark-factory/rocm-systems/projects/rccl/build/release/hipify/src/include/comm.h:25:
In file included from /home/yelkhamr/dark-factory/rocm-systems/projects/rccl/build/release/hipify/src/include/dev_runtime.h:11:
In file included from /home/yelkhamr/dark-factory/rocm-systems/projects/rccl/build/release/hipify/src/include/nccl_device.h:16:
/home/yelkhamr/dark-factory/rocm-systems/projects/rccl/build/release/hipify/src/include/nccl_device/impl/gin__funcs.h:413:60: warning: result of comparison of constant 3 with expression of type 'const hipMemLocationType' is always false [-Wtautological-constant-out-of-range-compare]
  413 |           if (!doneSysmemFence && srcSegmentWindow.memType == CU_MEM_LOCATION_TYPE_HOST_NUMA) {
      |                                   ~~~~~~~~~~~~~~~~~~~~~~~~ ^  ~~~~~~~~~~~~~~~~~~~~~~~~~~~~~~
In file included from /home/yelkhamr/dark-factory/rocm-systems/projects/rccl/build/release/hipify/src/transport/net_socket.cc:9:
In file included from /home/yelkhamr/dark-factory/rocm-systems/projects/rccl/build/release/hipify/src/include/comm.h:25:
In file included from /home/yelkhamr/dark-factory/rocm-systems/projects/rccl/build/release/hipify/src/include/dev_runtime.h:11:
In file included from /home/yelkhamr/dark-factory/rocm-systems/projects/rccl/build/release/hipify/src/include/nccl_device.h:10:
In file included from /home/yelkhamr/dark-factory/rocm-systems/projects/rccl/build/release/hipify/src/include/nccl_device/impl/barrier__funcs.h:12:
In file included from /home/yelkhamr/dark-factory/rocm-systems/projects/rccl/build/release/hipify/src/include/nccl_device/impl/barrier__types.h:10:
In file included from /home/yelkhamr/dark-factory/rocm-systems/projects/rccl/build/release/hipify/src/include/nccl_device/impl/../barrier.h:11:
/home/yelkhamr/dark-factory/rocm-systems/projects/rccl/build/release/hipify/src/include/nccl_device/impl/../impl/core__types.h:26:9: warning: 'NCCL_GIN_MAX_CONNECTIONS' macro redefined [-Wmacro-redefined]
   26 | #define NCCL_GIN_MAX_CONNECTIONS 4
      |         ^
/home/yelkhamr/dark-factory/rocm-systems/projects/rccl/build/release/include/nccl_device/gin/gin_device_host_common.h:18:9: note: previous definition is here
   18 | #define NCCL_GIN_MAX_CONNECTIONS NCCL_GIN_MAX_CONTEXTS
      |         ^
In file included from /home/yelkhamr/dark-factory/rocm-systems/projects/rccl/build/release/hipify/src/enqueue.cc:10:
In file included from /home/yelkhamr/dark-factory/rocm-systems/projects/rccl/build/release/hipify/src/include/enqueue.h:11:
In file included from /home/yelkhamr/dark-factory/rocm-systems/projects/rccl/build/release/hipify/src/include/comm.h:25:
In file included from /home/yelkhamr/dark-factory/rocm-systems/projects/rccl/build/release/hipify/src/include/dev_runtime.h:11:
In file included from /home/yelkhamr/dark-factory/rocm-systems/projects/rccl/build/release/hipify/src/include/nccl_device.h:10:
In file included from /home/yelkhamr/dark-factory/rocm-systems/projects/rccl/build/release/hipify/src/include/nccl_device/impl/barrier__funcs.h:12:
In file included from /home/yelkhamr/dark-factory/rocm-systems/projects/rccl/build/release/hipify/src/include/nccl_device/impl/barrier__types.h:10:
In file included from /home/yelkhamr/dark-factory/rocm-systems/projects/rccl/build/release/hipify/src/include/nccl_device/impl/../barrier.h:11:
/home/yelkhamr/dark-factory/rocm-systems/projects/rccl/build/release/hipify/src/include/nccl_device/impl/../impl/core__types.h:26:9: warning: 'NCCL_GIN_MAX_CONNECTIONS' macro redefined [-Wmacro-redefined]
   26 | #define NCCL_GIN_MAX_CONNECTIONS 4
      |         ^
/home/yelkhamr/dark-factory/rocm-systems/projects/rccl/build/release/include/nccl_device/gin/gin_device_host_common.h:18:9: note: previous definition is here
   18 | #define NCCL_GIN_MAX_CONNECTIONS NCCL_GIN_MAX_CONTEXTS
      |         ^
In file included from /home/yelkhamr/dark-factory/rocm-systems/projects/rccl/build/release/hipify/src/register/register.cc:10:
In file included from /home/yelkhamr/dark-factory/rocm-systems/projects/rccl/build/release/hipify/src/include/comm.h:25:
In file included from /home/yelkhamr/dark-factory/rocm-systems/projects/rccl/build/release/hipify/src/include/dev_runtime.h:11:
In file included from /home/yelkhamr/dark-factory/rocm-systems/projects/rccl/build/release/hipify/src/include/nccl_device.h:10:
In file included from /home/yelkhamr/dark-factory/rocm-systems/projects/rccl/build/release/hipify/src/include/nccl_device/impl/barrier__funcs.h:12:
In file included from /home/yelkhamr/dark-factory/rocm-systems/projects/rccl/build/release/hipify/src/include/nccl_device/impl/barrier__types.h:10:
In file included from /home/yelkhamr/dark-factory/rocm-systems/projects/rccl/build/release/hipify/src/include/nccl_device/impl/../barrier.h:11:
/home/yelkhamr/dark-factory/rocm-systems/projects/rccl/build/release/hipify/src/include/nccl_device/impl/../impl/core__types.h:26:9: warning: 'NCCL_GIN_MAX_CONNECTIONS' macro redefined [-Wmacro-redefined]
   26 | #define NCCL_GIN_MAX_CONNECTIONS 4
      |         ^
/home/yelkhamr/dark-factory/rocm-systems/projects/rccl/build/release/include/nccl_device/gin/gin_device_host_common.h:18:9: note: previous definition is here
   18 | #define NCCL_GIN_MAX_CONNECTIONS NCCL_GIN_MAX_CONTEXTS
      |         ^
In file included from /home/yelkhamr/dark-factory/rocm-systems/projects/rccl/build/release/hipify/src/transport/p2p_tmp.cc:9:
In file included from /home/yelkhamr/dark-factory/rocm-systems/projects/rccl/build/release/hipify/src/include/comm.h:25:
In file included from /home/yelkhamr/dark-factory/rocm-systems/projects/rccl/build/release/hipify/src/include/dev_runtime.h:11:
In file included from /home/yelkhamr/dark-factory/rocm-systems/projects/rccl/build/release/hipify/src/include/nccl_device.h:16:
/home/yelkhamr/dark-factory/rocm-systems/projects/rccl/build/release/hipify/src/include/nccl_device/impl/gin__funcs.h:413:60: warning: result of comparison of constant 3 with expression of type 'const hipMemLocationType' is always false [-Wtautological-constant-out-of-range-compare]
  413 |           if (!doneSysmemFence && srcSegmentWindow.memType == CU_MEM_LOCATION_TYPE_HOST_NUMA) {
      |                                   ~~~~~~~~~~~~~~~~~~~~~~~~ ^  ~~~~~~~~~~~~~~~~~~~~~~~~~~~~~~
/home/yelkhamr/dark-factory/rocm-systems/projects/rccl/build/release/hipify/src/dev_runtime.cc:398:70: warning: result of comparison of constant 3 with expression of type 'hipMemLocationType' is always false [-Wtautological-constant-out-of-range-compare]
  398 |                       (ncclParamSymReuseSysmemHandles() && msg->type == CU_MEM_LOCATION_TYPE_HOST_NUMA);
      |                                                            ~~~~~~~~~ ^  ~~~~~~~~~~~~~~~~~~~~~~~~~~~~~~
/home/yelkhamr/dark-factory/rocm-systems/projects/rccl/build/release/hipify/src/dev_runtime.cc:425:172: warning: format specifies type 'long long' but the argument has type 'hipMemGenericAllocationHandle_t' (aka 'ihipMemGenericAllocationHandle *') [-Wformat]
  425 |     INFO(NCCL_REG, "[%d] Segment %d, Type : %d, numSegments : %d, Segment size : %ld, memHandle : %lld", devr->lsaSelf, segment, msg->type, numSegments, msg->segmentSize, msg->memHandle);
      |                                                                                                   ~~~~                                                                     ^~~~~~~~~~~~~~
/home/yelkhamr/dark-factory/rocm-systems/projects/rccl/build/release/hipify/src/include/debug.h:53:85: note: expanded from macro 'INFO'
   53 |             ncclDebugLog(NCCL_LOG_INFO, (unsigned long)(FLAGS), __func__, __LINE__, __VA_ARGS__); \
      |                                                                                     ^~~~~~~~~~~
In file included from /home/yelkhamr/dark-factory/rocm-systems/projects/rccl/build/release/hipify/src/misc/latency_profiler/CollTrace.cc:8:
In file included from /home/yelkhamr/dark-factory/rocm-systems/projects/rccl/build/release/hipify/src/include/bootstrap.h:12:
In file included from /home/yelkhamr/dark-factory/rocm-systems/projects/rccl/build/release/hipify/src/include/comm.h:25:
In file included from /home/yelkhamr/dark-factory/rocm-systems/projects/rccl/build/release/hipify/src/include/dev_runtime.h:11:
In file included from /home/yelkhamr/dark-factory/rocm-systems/projects/rccl/build/release/hipify/src/include/nccl_device.h:10:
In file included from /home/yelkhamr/dark-factory/rocm-systems/projects/rccl/build/release/hipify/src/include/nccl_device/impl/barrier__funcs.h:12:
In file included from /home/yelkhamr/dark-factory/rocm-systems/projects/rccl/build/release/hipify/src/include/nccl_device/impl/barrier__types.h:10:
In file included from /home/yelkhamr/dark-factory/rocm-systems/projects/rccl/build/release/hipify/src/include/nccl_device/impl/../barrier.h:11:
/home/yelkhamr/dark-factory/rocm-systems/projects/rccl/build/release/hipify/src/include/nccl_device/impl/../impl/core__types.h:26:9: warning: 'NCCL_GIN_MAX_CONNECTIONS' macro redefined [-Wmacro-redefined]
   26 | #define NCCL_GIN_MAX_CONNECTIONS 4
      |         ^
/home/yelkhamr/dark-factory/rocm-systems/projects/rccl/build/release/include/nccl_device/gin/gin_device_host_common.h:18:9: note: previous definition is here
   18 | #define NCCL_GIN_MAX_CONNECTIONS NCCL_GIN_MAX_CONTEXTS
      |         ^
/home/yelkhamr/dark-factory/rocm-systems/projects/rccl/build/release/hipify/src/dev_runtime.cc:661:30: warning: result of comparison of constant 3 with expression of type 'hipMemLocationType' is always false [-Wtautological-constant-out-of-range-compare]
  661 |       int ptrType = (locType == CU_MEM_LOCATION_TYPE_HOST_NUMA) ? NCCL_PTR_HOST : NCCL_PTR_CUDA;
      |                      ~~~~~~~ ^  ~~~~~~~~~~~~~~~~~~~~~~~~~~~~~~
In file included from /home/yelkhamr/dark-factory/rocm-systems/projects/rccl/build/release/hipify/src/transport/shm.cc:8:
In file included from /home/yelkhamr/dark-factory/rocm-systems/projects/rccl/build/release/hipify/src/include/comm.h:25:
In file included from /home/yelkhamr/dark-factory/rocm-systems/projects/rccl/build/release/hipify/src/include/dev_runtime.h:11:
In file included from /home/yelkhamr/dark-factory/rocm-systems/projects/rccl/build/release/hipify/src/include/nccl_device.h:10:
In file included from /home/yelkhamr/dark-factory/rocm-systems/projects/rccl/build/release/hipify/src/include/nccl_device/impl/barrier__funcs.h:12:
In file included from /home/yelkhamr/dark-factory/rocm-systems/projects/rccl/build/release/hipify/src/include/nccl_device/impl/barrier__types.h:10:
In file included from /home/yelkhamr/dark-factory/rocm-systems/projects/rccl/build/release/hipify/src/include/nccl_device/impl/../barrier.h:11:
/home/yelkhamr/dark-factory/rocm-systems/projects/rccl/build/release/hipify/src/include/nccl_device/impl/../impl/core__types.h:26:9: warning: 'NCCL_GIN_MAX_CONNECTIONS' macro redefined [-Wmacro-redefined]
   26 | #define NCCL_GIN_MAX_CONNECTIONS 4
      |         ^
/home/yelkhamr/dark-factory/rocm-systems/projects/rccl/build/release/include/nccl_device/gin/gin_device_host_common.h:18:9: note: previous definition is here
   18 | #define NCCL_GIN_MAX_CONNECTIONS NCCL_GIN_MAX_CONTEXTS
      |         ^
In file included from /home/yelkhamr/dark-factory/rocm-systems/projects/rccl/build/release/hipify/src/enqueue.cc:10:
In file included from /home/yelkhamr/dark-factory/rocm-systems/projects/rccl/build/release/hipify/src/include/enqueue.h:11:
In file included from /home/yelkhamr/dark-factory/rocm-systems/projects/rccl/build/release/hipify/src/include/comm.h:25:
In file included from /home/yelkhamr/dark-factory/rocm-systems/projects/rccl/build/release/hipify/src/include/dev_runtime.h:11:
In file included from /home/yelkhamr/dark-factory/rocm-systems/projects/rccl/build/release/hipify/src/include/nccl_device.h:16:
/home/yelkhamr/dark-factory/rocm-systems/projects/rccl/build/release/hipify/src/include/nccl_device/impl/gin__funcs.h:413:60: warning: result of comparison of constant 3 with expression of type 'const hipMemLocationType' is always false [-Wtautological-constant-out-of-range-compare]
  413 |           if (!doneSysmemFence && srcSegmentWindow.memType == CU_MEM_LOCATION_TYPE_HOST_NUMA) {
      |                                   ~~~~~~~~~~~~~~~~~~~~~~~~ ^  ~~~~~~~~~~~~~~~~~~~~~~~~~~~~~~
In file included from /home/yelkhamr/dark-factory/rocm-systems/projects/rccl/build/release/hipify/src/transport/net_ib/gin_tmp.cc:8:
In file included from /home/yelkhamr/dark-factory/rocm-systems/projects/rccl/build/release/hipify/src/transport/net_ib/common.h:14:
In file included from /home/yelkhamr/dark-factory/rocm-systems/projects/rccl/build/release/hipify/src/include/net.h:13:
In file included from /home/yelkhamr/dark-factory/rocm-systems/projects/rccl/build/release/hipify/src/include/comm.h:25:
In file included from /home/yelkhamr/dark-factory/rocm-systems/projects/rccl/build/release/hipify/src/include/dev_runtime.h:11:
In file included from /home/yelkhamr/dark-factory/rocm-systems/projects/rccl/build/release/hipify/src/include/nccl_device.h:10:
In file included from /home/yelkhamr/dark-factory/rocm-systems/projects/rccl/build/release/hipify/src/include/nccl_device/impl/barrier__funcs.h:12:
In file included from /home/yelkhamr/dark-factory/rocm-systems/projects/rccl/build/release/hipify/src/include/nccl_device/impl/barrier__types.h:10:
In file included from /home/yelkhamr/dark-factory/rocm-systems/projects/rccl/build/release/hipify/src/include/nccl_device/impl/../barrier.h:11:
/home/yelkhamr/dark-factory/rocm-systems/projects/rccl/build/release/hipify/src/include/nccl_device/impl/../impl/core__types.h:26:9: warning: 'NCCL_GIN_MAX_CONNECTIONS' macro redefined [-Wmacro-redefined]
   26 | #define NCCL_GIN_MAX_CONNECTIONS 4
      |         ^
/home/yelkhamr/dark-factory/rocm-systems/projects/rccl/build/release/include/nccl_device/gin/gin_device_host_common.h:18:9: note: previous definition is here
   18 | #define NCCL_GIN_MAX_CONNECTIONS NCCL_GIN_MAX_CONTEXTS
      |         ^
In file included from /home/yelkhamr/dark-factory/rocm-systems/projects/rccl/build/release/hipify/src/register/register.cc:10:
In file included from /home/yelkhamr/dark-factory/rocm-systems/projects/rccl/build/release/hipify/src/include/comm.h:25:
In file included from /home/yelkhamr/dark-factory/rocm-systems/projects/rccl/build/release/hipify/src/include/dev_runtime.h:11:
In file included from /home/yelkhamr/dark-factory/rocm-systems/projects/rccl/build/release/hipify/src/include/nccl_device.h:16:
/home/yelkhamr/dark-factory/rocm-systems/projects/rccl/build/release/hipify/src/include/nccl_device/impl/gin__funcs.h:413:60: warning: result of comparison of constant 3 with expression of type 'const hipMemLocationType' is always false [-Wtautological-constant-out-of-range-compare]
  413 |           if (!doneSysmemFence && srcSegmentWindow.memType == CU_MEM_LOCATION_TYPE_HOST_NUMA) {
      |                                   ~~~~~~~~~~~~~~~~~~~~~~~~ ^  ~~~~~~~~~~~~~~~~~~~~~~~~~~~~~~
/home/yelkhamr/dark-factory/rocm-systems/projects/rccl/build/release/hipify/src/plugin/gin.cc:58:63: warning: suggest braces around initialization of subobject [-Wmissing-braces]
   58 | static ginPluginLib_t ginPluginLibs[NCCL_GIN_MAX_PLUGINS] = { 0 };
      |                                                               ^
      |                                                               {}
/home/yelkhamr/dark-factory/rocm-systems/projects/rccl/build/release/hipify/src/plugin/gin.cc:58:63: warning: suggest braces around initialization of subobject [-Wmissing-braces]
   58 | static ginPluginLib_t ginPluginLibs[NCCL_GIN_MAX_PLUGINS] = { 0 };
      |                                                               ^
      |                                                               {}
In file included from /home/yelkhamr/dark-factory/rocm-systems/projects/rccl/build/release/hipify/src/transport/net_socket.cc:9:
In file included from /home/yelkhamr/dark-factory/rocm-systems/projects/rccl/build/release/hipify/src/include/comm.h:25:
In file included from /home/yelkhamr/dark-factory/rocm-systems/projects/rccl/build/release/hipify/src/include/dev_runtime.h:11:
In file included from /home/yelkhamr/dark-factory/rocm-systems/projects/rccl/build/release/hipify/src/include/nccl_device.h:16:
/home/yelkhamr/dark-factory/rocm-systems/projects/rccl/build/release/hipify/src/include/nccl_device/impl/gin__funcs.h:413:60: warning: result of comparison of constant 3 with expression of type 'const hipMemLocationType' is always false [-Wtautological-constant-out-of-range-compare]
  413 |           if (!doneSysmemFence && srcSegmentWindow.memType == CU_MEM_LOCATION_TYPE_HOST_NUMA) {
      |                                   ~~~~~~~~~~~~~~~~~~~~~~~~ ^  ~~~~~~~~~~~~~~~~~~~~~~~~~~~~~~
In file included from /home/yelkhamr/dark-factory/rocm-systems/projects/rccl/build/release/hipify/src/misc/latency_profiler/CollTrace.cc:8:
In file included from /home/yelkhamr/dark-factory/rocm-systems/projects/rccl/build/release/hipify/src/include/bootstrap.h:12:
In file included from /home/yelkhamr/dark-factory/rocm-systems/projects/rccl/build/release/hipify/src/include/comm.h:25:
In file included from /home/yelkhamr/dark-factory/rocm-systems/projects/rccl/build/release/hipify/src/include/dev_runtime.h:11:
In file included from /home/yelkhamr/dark-factory/rocm-systems/projects/rccl/build/release/hipify/src/include/nccl_device.h:16:
/home/yelkhamr/dark-factory/rocm-systems/projects/rccl/build/release/hipify/src/include/nccl_device/impl/gin__funcs.h:413:60: warning: result of comparison of constant 3 with expression of type 'const hipMemLocationType' is always false [-Wtautological-constant-out-of-range-compare]
  413 |           if (!doneSysmemFence && srcSegmentWindow.memType == CU_MEM_LOCATION_TYPE_HOST_NUMA) {
      |                                   ~~~~~~~~~~~~~~~~~~~~~~~~ ^  ~~~~~~~~~~~~~~~~~~~~~~~~~~~~~~
/home/yelkhamr/dark-factory/rocm-systems/projects/rccl/build/release/hipify/src/dev_runtime.cc:1382:28: warning: result of comparison of constant 3 with expression of type 'hipMemLocationType' is always true [-Wtautological-constant-out-of-range-compare]
 1382 |     if (prop.location.type != CU_MEM_LOCATION_TYPE_HOST_NUMA && prop.location.type != hipMemLocationTypeDevice) {
      |         ~~~~~~~~~~~~~~~~~~ ^  ~~~~~~~~~~~~~~~~~~~~~~~~~~~~~~
In file included from /home/yelkhamr/dark-factory/rocm-systems/projects/rccl/build/release/hipify/src/transport/net_ib/gin_tmp.cc:8:
In file included from /home/yelkhamr/dark-factory/rocm-systems/projects/rccl/build/release/hipify/src/transport/net_ib/common.h:14:
In file included from /home/yelkhamr/dark-factory/rocm-systems/projects/rccl/build/release/hipify/src/include/net.h:13:
In file included from /home/yelkhamr/dark-factory/rocm-systems/projects/rccl/build/release/hipify/src/include/comm.h:25:
In file included from /home/yelkhamr/dark-factory/rocm-systems/projects/rccl/build/release/hipify/src/include/dev_runtime.h:11:
In file included from /home/yelkhamr/dark-factory/rocm-systems/projects/rccl/build/release/hipify/src/include/nccl_device.h:16:
/home/yelkhamr/dark-factory/rocm-systems/projects/rccl/build/release/hipify/src/include/nccl_device/impl/gin__funcs.h:413:60: warning: result of comparison of constant 3 with expression of type 'const hipMemLocationType' is always false [-Wtautological-constant-out-of-range-compare]
  413 |           if (!doneSysmemFence && srcSegmentWindow.memType == CU_MEM_LOCATION_TYPE_HOST_NUMA) {
      |                                   ~~~~~~~~~~~~~~~~~~~~~~~~ ^  ~~~~~~~~~~~~~~~~~~~~~~~~~~~~~~
In file included from /home/yelkhamr/dark-factory/rocm-systems/projects/rccl/build/release/hipify/src/transport/shm.cc:8:
In file included from /home/yelkhamr/dark-factory/rocm-systems/projects/rccl/build/release/hipify/src/include/comm.h:25:
In file included from /home/yelkhamr/dark-factory/rocm-systems/projects/rccl/build/release/hipify/src/include/dev_runtime.h:11:
In file included from /home/yelkhamr/dark-factory/rocm-systems/projects/rccl/build/release/hipify/src/include/nccl_device.h:16:
/home/yelkhamr/dark-factory/rocm-systems/projects/rccl/build/release/hipify/src/include/nccl_device/impl/gin__funcs.h:413:60: warning: result of comparison of constant 3 with expression of type 'const hipMemLocationType' is always false [-Wtautological-constant-out-of-range-compare]
  413 |           if (!doneSysmemFence && srcSegmentWindow.memType == CU_MEM_LOCATION_TYPE_HOST_NUMA) {
      |                                   ~~~~~~~~~~~~~~~~~~~~~~~~ ^  ~~~~~~~~~~~~~~~~~~~~~~~~~~~~~~
In file included from /home/yelkhamr/dark-factory/rocm-systems/projects/rccl/build/release/hipify/src/transport/nvls.cc:11:
In file included from /home/yelkhamr/dark-factory/rocm-systems/projects/rccl/build/release/hipify/src/include/comm.h:25:
In file included from /home/yelkhamr/dark-factory/rocm-systems/projects/rccl/build/release/hipify/src/include/dev_runtime.h:11:
In file included from /home/yelkhamr/dark-factory/rocm-systems/projects/rccl/build/release/hipify/src/include/nccl_device.h:10:
In file included from /home/yelkhamr/dark-factory/rocm-systems/projects/rccl/build/release/hipify/src/include/nccl_device/impl/barrier__funcs.h:12:
In file included from /home/yelkhamr/dark-factory/rocm-systems/projects/rccl/build/release/hipify/src/include/nccl_device/impl/barrier__types.h:10:
In file included from /home/yelkhamr/dark-factory/rocm-systems/projects/rccl/build/release/hipify/src/include/nccl_device/impl/../barrier.h:11:
/home/yelkhamr/dark-factory/rocm-systems/projects/rccl/build/release/hipify/src/include/nccl_device/impl/../impl/core__types.h:26:9: warning: 'NCCL_GIN_MAX_CONNECTIONS' macro redefined [-Wmacro-redefined]
   26 | #define NCCL_GIN_MAX_CONNECTIONS 4
      |         ^
/home/yelkhamr/dark-factory/rocm-systems/projects/rccl/build/release/include/nccl_device/gin/gin_device_host_common.h:18:9: note: previous definition is here
   18 | #define NCCL_GIN_MAX_CONNECTIONS NCCL_GIN_MAX_CONTEXTS
      |         ^
In file included from /home/yelkhamr/dark-factory/rocm-systems/projects/rccl/build/release/hipify/src/rma/rma_proxy.cc:16:
In file included from /home/yelkhamr/dark-factory/rocm-systems/projects/rccl/build/release/hipify/src/include/comm.h:25:
In file included from /home/yelkhamr/dark-factory/rocm-systems/projects/rccl/build/release/hipify/src/include/dev_runtime.h:11:
In file included from /home/yelkhamr/dark-factory/rocm-systems/projects/rccl/build/release/hipify/src/include/nccl_device.h:10:
In file included from /home/yelkhamr/dark-factory/rocm-systems/projects/rccl/build/release/hipify/src/include/nccl_device/impl/barrier__funcs.h:12:
In file included from /home/yelkhamr/dark-factory/rocm-systems/projects/rccl/build/release/hipify/src/include/nccl_device/impl/barrier__types.h:10:
In file included from /home/yelkhamr/dark-factory/rocm-systems/projects/rccl/build/release/hipify/src/include/nccl_device/impl/../barrier.h:11:
/home/yelkhamr/dark-factory/rocm-systems/projects/rccl/build/release/hipify/src/include/nccl_device/impl/../impl/core__types.h:26:9: warning: 'NCCL_GIN_MAX_CONNECTIONS' macro redefined [-Wmacro-redefined]
   26 | #define NCCL_GIN_MAX_CONNECTIONS 4
      |         ^
/home/yelkhamr/dark-factory/rocm-systems/projects/rccl/build/release/include/nccl_device/gin/gin_device_host_common.h:18:9: note: previous definition is here
   18 | #define NCCL_GIN_MAX_CONNECTIONS NCCL_GIN_MAX_CONTEXTS
      |         ^
/home/yelkhamr/dark-factory/rocm-systems/projects/rccl/build/release/hipify/src/transport/net_ib/p2p.cc:163:7: warning: unused variable 'smallMsgActiveQp' [-Wunused-variable]
  163 |   int smallMsgActiveQp = comm->base.fifoHead % nqps;
      |       ^~~~~~~~~~~~~~~~
In file included from /home/yelkhamr/dark-factory/rocm-systems/projects/rccl/build/release/hipify/src/misc/shmutils.cc:10:
In file included from /home/yelkhamr/dark-factory/rocm-systems/projects/rccl/build/release/hipify/src/include/comm.h:25:
In file included from /home/yelkhamr/dark-factory/rocm-systems/projects/rccl/build/release/hipify/src/include/dev_runtime.h:11:
In file included from /home/yelkhamr/dark-factory/rocm-systems/projects/rccl/build/release/hipify/src/include/nccl_device.h:10:
In file included from /home/yelkhamr/dark-factory/rocm-systems/projects/rccl/build/release/hipify/src/include/nccl_device/impl/barrier__funcs.h:12:
In file included from /home/yelkhamr/dark-factory/rocm-systems/projects/rccl/build/release/hipify/src/include/nccl_device/impl/barrier__types.h:10:
In file included from /home/yelkhamr/dark-factory/rocm-systems/projects/rccl/build/release/hipify/src/include/nccl_device/impl/../barrier.h:11:
/home/yelkhamr/dark-factory/rocm-systems/projects/rccl/build/release/hipify/src/include/nccl_device/impl/../impl/core__types.h:26:9: warning: 'NCCL_GIN_MAX_CONNECTIONS' macro redefined [-Wmacro-redefined]
   26 | #define NCCL_GIN_MAX_CONNECTIONS 4
      |         ^
/home/yelkhamr/dark-factory/rocm-systems/projects/rccl/build/release/include/nccl_device/gin/gin_device_host_common.h:18:9: note: previous definition is here
   18 | #define NCCL_GIN_MAX_CONNECTIONS NCCL_GIN_MAX_CONTEXTS
      |         ^
In file included from /home/yelkhamr/dark-factory/rocm-systems/projects/rccl/build/release/hipify/src/devcomm/devcomm_v23000.cc:8:
In file included from /home/yelkhamr/dark-factory/rocm-systems/projects/rccl/build/release/hipify/src/include/dev_runtime.h:11:
In file included from /home/yelkhamr/dark-factory/rocm-systems/projects/rccl/build/release/hipify/src/include/nccl_device.h:10:
In file included from /home/yelkhamr/dark-factory/rocm-systems/projects/rccl/build/release/hipify/src/include/nccl_device/impl/barrier__funcs.h:12:
In file included from /home/yelkhamr/dark-factory/rocm-systems/projects/rccl/build/release/hipify/src/include/nccl_device/impl/barrier__types.h:10:
In file included from /home/yelkhamr/dark-factory/rocm-systems/projects/rccl/build/release/hipify/src/include/nccl_device/impl/../barrier.h:11:
/home/yelkhamr/dark-factory/rocm-systems/projects/rccl/build/release/hipify/src/include/nccl_device/impl/../impl/core__types.h:26:9: warning: 'NCCL_GIN_MAX_CONNECTIONS' macro redefined [-Wmacro-redefined]
   26 | #define NCCL_GIN_MAX_CONNECTIONS 4
      |         ^
/home/yelkhamr/dark-factory/rocm-systems/projects/rccl/build/release/include/nccl_device/gin/gin_device_host_common.h:18:9: note: previous definition is here
   18 | #define NCCL_GIN_MAX_CONNECTIONS NCCL_GIN_MAX_CONTEXTS
      |         ^
In file included from /home/yelkhamr/dark-factory/rocm-systems/projects/rccl/build/release/hipify/src/transport/nvls.cc:11:
In file included from /home/yelkhamr/dark-factory/rocm-systems/projects/rccl/build/release/hipify/src/include/comm.h:25:
In file included from /home/yelkhamr/dark-factory/rocm-systems/projects/rccl/build/release/hipify/src/include/dev_runtime.h:11:
In file included from /home/yelkhamr/dark-factory/rocm-systems/projects/rccl/build/release/hipify/src/include/nccl_device.h:16:
/home/yelkhamr/dark-factory/rocm-systems/projects/rccl/build/release/hipify/src/include/nccl_device/impl/gin__funcs.h:413:60: warning: result of comparison of constant 3 with expression of type 'const hipMemLocationType' is always false [-Wtautological-constant-out-of-range-compare]
  413 |           if (!doneSysmemFence && srcSegmentWindow.memType == CU_MEM_LOCATION_TYPE_HOST_NUMA) {
      |                                   ~~~~~~~~~~~~~~~~~~~~~~~~ ^  ~~~~~~~~~~~~~~~~~~~~~~~~~~~~~~
In file included from /home/yelkhamr/dark-factory/rocm-systems/projects/rccl/build/release/hipify/src/rma/rma_proxy.cc:16:
In file included from /home/yelkhamr/dark-factory/rocm-systems/projects/rccl/build/release/hipify/src/include/comm.h:25:
In file included from /home/yelkhamr/dark-factory/rocm-systems/projects/rccl/build/release/hipify/src/include/dev_runtime.h:11:
In file included from /home/yelkhamr/dark-factory/rocm-systems/projects/rccl/build/release/hipify/src/include/nccl_device.h:16:
/home/yelkhamr/dark-factory/rocm-systems/projects/rccl/build/release/hipify/src/include/nccl_device/impl/gin__funcs.h:413:60: warning: result of comparison of constant 3 with expression of type 'const hipMemLocationType' is always false [-Wtautological-constant-out-of-range-compare]
  413 |           if (!doneSysmemFence && srcSegmentWindow.memTIn file included from y/home/yelkhamr/dark-factory/rocm-systems/projects/rccl/build/release/hipify/src/misc/rocmwrap.ccp:e14 :
=In file included from = /home/yelkhamr/dark-factory/rocm-systems/projects/rccl/build/release/hipify/src/include/bootstrap.hC:U12_:
MIn file included from E/home/yelkhamr/dark-factory/rocm-systems/projects/rccl/build/release/hipify/src/include/comm.hM:_25L:
OIn file included from C/home/yelkhamr/dark-factory/rocm-systems/projects/rccl/build/release/hipify/src/include/dev_runtime.hA:T11I:
OIn file included from N/home/yelkhamr/dark-factory/rocm-systems/projects/rccl/build/release/hipify/src/include/nccl_device.h_:T10Y:
PIn file included from E/home/yelkhamr/dark-factory/rocm-systems/projects/rccl/build/release/hipify/src/include/nccl_device/impl/barrier__funcs.h_:H12O:
SIn file included from T/home/yelkhamr/dark-factory/rocm-systems/projects/rccl/build/release/hipify/src/include/nccl_device/impl/barrier__types.h_:N10U:
MIn file included from A/home/yelkhamr/dark-factory/rocm-systems/projects/rccl/build/release/hipify/src/include/nccl_device/impl/../barrier.h): 11{:

/home/yelkhamr/dark-factory/rocm-systems/projects/rccl/build/release/hipify/src/include/nccl_device/impl/../impl/core__types.h      :| 26                                  ~~~~~~~~~~~~~~~~~~~~~~~~ ^  ~~~~~~~~~~~~~~~~~~~~~~~~~~~~~~:
9: warning: 'NCCL_GIN_MAX_CONNECTIONS' macro redefined [-Wmacro-redefined]
   26 | #define NCCL_GIN_MAX_CONNECTIONS 4
      |         ^
/home/yelkhamr/dark-factory/rocm-systems/projects/rccl/build/release/include/nccl_device/gin/gin_device_host_common.h:18:9: note: previous definition is here
   18 | #define NCCL_GIN_MAX_CONNECTIONS NCCL_GIN_MAX_CONTEXTS
      |         ^
In file included from /home/yelkhamr/dark-factory/rocm-systems/projects/rccl/build/release/hipify/src/graph/connect.cc:9:
In file included from /home/yelkhamr/dark-factory/rocm-systems/projects/rccl/build/release/hipify/src/include/comm.h:25:
In file included from /home/yelkhamr/dark-factory/rocm-systems/projects/rccl/build/release/hipify/src/include/dev_runtime.h:11:
In file included from /home/yelkhamr/dark-factory/rocm-systems/projects/rccl/build/release/hipify/src/include/nccl_device.h:10:
In file included from /home/yelkhamr/dark-factory/rocm-systems/projects/rccl/build/release/hipify/src/include/nccl_device/impl/barrier__funcs.h:12:
In file included from /home/yelkhamr/dark-factory/rocm-systems/projects/rccl/build/release/hipify/src/include/nccl_device/impl/barrier__types.h:10:
In file included from /home/yelkhamr/dark-factory/rocm-systems/projects/rccl/build/release/hipify/src/include/nccl_device/impl/../barrier.h:11:
/home/yelkhamr/dark-factory/rocm-systems/projects/rccl/build/release/hipify/src/include/nccl_device/impl/../impl/core__types.h:26:9: warning: 'NCCL_GIN_MAX_CONNECTIONS' macro redefined [-Wmacro-redefined]
   26 | #define NCCL_GIN_MAX_CONNECTIONS 4
      |         ^
/home/yelkhamr/dark-factory/rocm-systems/projects/rccl/build/release/include/nccl_device/gin/gin_device_host_common.h:18:9: note: previous definition is here
   18 | #define NCCL_GIN_MAX_CONNECTIONS NCCL_GIN_MAX_CONTEXTS
      |         ^
In file included from /home/yelkhamr/dark-factory/rocm-systems/projects/rccl/build/release/hipify/src/proxy.cc:10:
In file included from /home/yelkhamr/dark-factory/rocm-systems/projects/rccl/build/release/hipify/src/include/comm.h:25:
In file included from /home/yelkhamr/dark-factory/rocm-systems/projects/rccl/build/release/hipify/src/include/dev_runtime.h:11:
In file included from /home/yelkhamr/dark-factory/rocm-systems/projects/rccl/build/release/hipify/src/include/nccl_device.h:10:
In file included from /home/yelkhamr/dark-factory/rocm-systems/projects/rccl/build/release/hipify/src/include/nccl_device/impl/barrier__funcs.h:12:
In file included from /home/yelkhamr/dark-factory/rocm-systems/projects/rccl/build/release/hipify/src/include/nccl_device/impl/barrier__types.h:10:
In file included from /home/yelkhamr/dark-factory/rocm-systems/projects/rccl/build/release/hipify/src/include/nccl_device/impl/../barrier.h:11:
/home/yelkhamr/dark-factory/rocm-systems/projects/rccl/build/release/hipify/src/include/nccl_device/impl/../impl/core__types.h:26:9: warning: 'NCCL_GIN_MAX_CONNECTIONS' macro redefined [-Wmacro-redefined]
   26 | #define NCCL_GIN_MAX_CONNECTIONS 4
      |         ^
/home/yelkhamr/dark-factory/rocm-systems/projects/rccl/build/release/include/nccl_device/gin/gin_device_host_common.h:18:9: note: previous definition is here
   18 | #define NCCL_GIN_MAX_CONNECTIONS NCCL_GIN_MAX_CONTEXTS
      |         ^
In file included from /home/yelkhamr/dark-factory/rocm-systems/projects/rccl/build/release/hipify/src/devcomm/devcomm_v23000.cc:8:
In file included from /home/yelkhamr/dark-factory/rocm-systems/projects/rccl/build/release/hipify/src/include/dev_runtime.h:11:
In file included from /home/yelkhamr/dark-factory/rocm-systems/projects/rccl/build/release/hipify/src/include/nccl_device.h:16:
/home/yelkhamr/dark-factory/rocm-systems/projects/rccl/build/release/hipify/src/include/nccl_device/impl/gin__funcs.h:413:60: warning: result of comparison of constant 3 with expression of type 'const hipMemLocationType' is always false [-Wtautological-constant-out-of-range-compare]
  413 |           if (!doneSysmemFence && srcSegmentWindow.memType == CU_MEM_LOCATION_TYPE_HOST_NUMA) {
      |                                   ~~~~~~~~~~~~~~~~~~~~~~~~ ^  ~~~~~~~~~~~~~~~~~~~~~~~~~~~~~~
In file included from /home/yelkhamr/dark-factory/rocm-systems/projects/rccl/build/release/hipify/src/scheduler/allgatherv_sched.cc:13:
In file included from /home/yelkhamr/dark-factory/rocm-systems/projects/rccl/build/release/hipify/src/include/scheduler.h:12:
In file included from /home/yelkhamr/dark-factory/rocm-systems/projects/rccl/build/release/hipify/src/include/comm.h:25:
In file included from /home/yelkhamr/dark-factory/rocm-systems/projects/rccl/build/release/hipify/src/include/dev_runtime.h:11:
In file included from /home/yelkhamr/dark-factory/rocm-systems/projects/rccl/build/release/hipify/src/include/nccl_device.h:10:
In file included from /home/yelkhamr/dark-factory/rocm-systems/projects/rccl/build/release/hipify/src/include/nccl_device/impl/barrier__funcs.h:12:
In file included from /home/yelkhamr/dark-factory/rocm-systems/projects/rccl/build/release/hipify/src/include/nccl_device/impl/barrier__types.h:10:
In file included from /home/yelkhamr/dark-factory/rocm-systems/projects/rccl/build/release/hipify/src/include/nccl_device/impl/../barrier.h:11:
/home/yelkhamr/dark-factory/rocm-systems/projects/rccl/build/release/hipify/src/include/nccl_device/impl/../impl/core__types.h:26:9: warning: 'NCCL_GIN_MAX_CONNECTIONS' macro redefined [-Wmacro-redefined]
   26 | #define NCCL_GIN_MAX_CONNECTIONS 4
      |         ^
/home/yelkhamr/dark-factory/rocm-systems/projects/rccl/build/release/include/nccl_device/gin/gin_device_host_common.h:18:9: note: previous definition is here
   18 | #define NCCL_GIN_MAX_CONNECTIONS NCCL_GIN_MAX_CONTEXTS
      |         ^
In file included from /home/yelkhamr/dark-factory/rocm-systems/projects/rccl/build/release/hipify/src/misc/rocmwrap.cc:14:
In file included from /home/yelkhamr/dark-factory/rocm-systems/projects/rccl/build/release/hipify/src/include/bootstrap.h:12:
In file included from /home/yelkhamr/dark-factory/rocm-systems/projects/rccl/build/release/hipify/src/include/comm.h:25:
In file included from /home/yelkhamr/dark-factory/rocm-systems/projects/rccl/build/release/hipify/src/include/dev_runtime.h:11:
In file included from /home/yelkhamr/dark-factory/rocm-systems/projects/rccl/build/release/hipify/src/include/nccl_device.h:16:
/home/yelkhamr/dark-factory/rocm-systems/projects/rccl/build/release/hipify/src/include/nccl_device/impl/gin__funcs.h:413:60: warning: result of comparison of constant 3 with expression of type 'const hipMemLocationType' is always false [-Wtautological-constant-out-of-range-compare]
  413 |           if (!doneSysmemFence && srcSegmentWindow.memType == CU_MEM_LOCATION_TYPE_HOST_NUMA) {
      |                                   ~~~~~~~~~~~~~~~~~~~~~~~~ ^  ~~~~~~~~~~~~~~~~~~~~~~~~~~~~~~
In file included from /home/yelkhamr/dark-factory/rocm-systems/projects/rccl/build/release/hipify/src/misc/shmutils.cc:10:
In file included from /home/yelkhamr/dark-factory/rocm-systems/projects/rccl/build/release/hipify/src/include/comm.h:25:
In file included from /home/yelkhamr/dark-factory/rocm-systems/projects/rccl/build/release/hipify/src/include/dev_runtime.h:11:
In file included from /home/yelkhamr/dark-factory/rocm-systems/projects/rccl/build/release/hipify/src/include/nccl_device.h:16:
/home/yelkhamr/dark-factory/rocm-systems/projects/rccl/build/release/hipify/src/include/nccl_device/impl/gin__funcs.h:413:60: warning: result of comparison of constant 3 with expression of type 'const hipMemLocationType' is always false [-Wtautological-constant-out-of-range-compare]
  413 |           if (!doneSysmemFence && srcSegmentWindow.memType == CU_MEM_LOCATION_TYPE_HOST_NUMA) {
      |                                   ~~~~~~~~~~~~~~~~~~~~~~~~ ^  ~~~~~~~~~~~~~~~~~~~~~~~~~~~~~~
/home/yelkhamr/dark-factory/rocm-systems/projects/rccl/build/release/hipify/src/transport/p2p_tmp.cc:111:7: warning: logical not is only applied to the left hand side of this comparison [-Wlogical-not-parentheses]
  111 |   if (!CUDASUCCESS(hipGetDeviceCount(&ndev)))
      |       ^~~~~~~~~~~~~~~~~~~~~~~~~~~~~~~~~~~~~~
/home/yelkhamr/dark-factory/rocm-systems/projects/rccl/build/release/hipify/src/transport/p2p_tmp.cc:111:7: note: add parentheses after the '!' to evaluate the comparison first
  111 |   if (!CUDASUCCESS(hipGetDeviceCount(&ndev)))
      |       ^                                     
      |        (                                    )
/home/yelkhamr/dark-factory/rocm-systems/projects/rccl/build/release/hipify/src/transport/p2p_tmp.cc:111:7: note: add parentheses around left hand side expression to silence this warning
/home/yelkhamr/dark-factory/rocm-systems/projects/rccl/build/release/hipify/src/transport/p2p_tmp.cc:115:9: warning: logical not is only applied to the left hand side of this comparison [-Wlogical-not-parentheses]
  115 |     if (!CUDASUCCESS(hipDeviceGetPCIBusId(
      |         ^~~~~~~~~~~~~~~~~~~~~~~~~~~~~~~~~~
  116 |             devBusIdStr, NVML_DEVICE_PCI_BUS_ID_BUFFER_SIZE, i)))
      |             ~~~~~~~~~~~~~~~~~~~~~~~~~~~~~~~~~~~~~~~~~~~~~~~~~~~~
/home/yelkhamr/dark-factory/rocm-systems/projects/rccl/build/release/hipify/src/transport/p2p_tmp.cc:115:9: note: add parentheses after the '!' to evaluate the comparison first
  115 |     if (!CUDASUCCESS(hipDeviceGetPCIBusId(
      |         ^
      |          (
  116 |             devBusIdStr, NVML_DEVICE_PCI_BUS_ID_BUFFER_SIZE, i)))
      |                                                                 
      |                                                                 )
/home/yelkhamr/dark-factory/rocm-systems/projects/rccl/build/release/hipify/src/transport/p2p_tmp.cc:115:9: note: add parentheses around left hand side expression to silence this warning
In file included from /home/yelkhamr/dark-factory/rocm-systems/projects/rccl/build/release/hipify/src/transport/net_ib/common.cc:8:
In file included from /home/yelkhamr/dark-factory/rocm-systems/projects/rccl/build/release/hipify/src/transport/net_ib/common.h:14:
In file included from /home/yelkhamr/dark-factory/rocm-systems/projects/rccl/build/release/hipify/src/include/net.h:13:
In file included from /home/yelkhamr/dark-factory/rocm-systems/projects/rccl/build/release/hipify/src/include/comm.h:25:
In file included from /home/yelkhamr/dark-factory/rocm-systems/projects/rccl/build/release/hipify/src/include/dev_runtime.h:11:
In file included from /home/yelkhamr/dark-factory/rocm-systems/projects/rccl/build/release/hipify/src/include/nccl_device.h:10:
In file included from /home/yelkhamr/dark-factory/rocm-systems/projects/rccl/build/release/hipify/src/include/nccl_device/impl/barrier__funcs.h:12:
In file included from /home/yelkhamr/dark-factory/rocm-systems/projects/rccl/build/release/hipify/src/include/nccl_device/impl/barrier__types.h:10:
In file included from /home/yelkhamr/dark-factory/rocm-systems/projects/rccl/build/release/hipify/src/include/nccl_device/impl/../barrier.h:11:
/home/yelkhamr/dark-factory/rocm-systems/projects/rccl/build/release/hipify/src/include/nccl_device/impl/../impl/core__types.h:26:9: warning: 'NCCL_GIN_MAX_CONNECTIONS' macro redefined [-Wmacro-redefined]
   26 | #define NCCL_GIN_MAX_CONNECTIONS 4
      |         ^
/home/yelkhamr/dark-factory/rocm-systems/projects/rccl/build/release/include/nccl_device/gin/gin_device_host_common.h:18:9: note: previous definition is here
   18 | #define NCCL_GIN_MAX_CONNECTIONS NCCL_GIN_MAX_CONTEXTS
      |         ^
/home/yelkhamr/dark-factory/rocm-systems/projects/rccl/build/release/hipify/src/transport/p2p_tmp.cc:187:14: warning: logical not is only applied to the left hand side of this comparison [-Wlogical-not-parentheses]
  187 |   } else if (!CUDASUCCESS(hipDeviceCanAccessPeer(&p2p, cudaDev1, cudaDev2))) {
      |              ^~~~~~~~~~~~~~~~~~~~~~~~~~~~~~~~~~~~~~~~~~~~~~~~~~~~~~~~~~~~~~
/home/yelkhamr/dark-factory/rocm-systems/projects/rccl/build/release/hipify/src/transport/p2p_tmp.cc:187:14: note: add parentheses after the '!' to evaluate the comparison first
  187 |   } else if (!CUDASUCCESS(hipDeviceCanAccessPeer(&p2p, cudaDev1, cudaDev2))) {
      |              ^                                                             
      |               (                                                            )
/home/yelkhamr/dark-factory/rocm-systems/projects/rccl/build/release/hipify/src/transport/p2p_tmp.cc:187:14: note: add parentheses around left hand side expression to silence this warning
In file included from /home/yelkhamr/dark-factory/rocm-systems/projects/rccl/build/release/hipify/src/proxy.cc:10:
In file included from /home/yelkhamr/dark-factory/rocm-systems/projects/rccl/build/release/hipify/src/include/comm.h:25:
In file included from /home/yelkhamr/dark-factory/rocm-systems/projects/rccl/build/release/hipify/src/include/dev_runtime.h:11:
In file included from /home/yelkhamr/dark-factory/rocm-systems/projects/rccl/build/release/hipify/src/include/nccl_device.h:16:
/home/yelkhamr/dark-factory/rocm-systems/projects/rccl/build/release/hipify/src/include/nccl_device/impl/gin__funcs.h:413:60: warning: result of comparison of constant 3 with expression of type 'const hipMemLocationType' is always false [-Wtautological-constant-out-of-range-compare]
  413 |           if (!doneSysmemFence && srcSegmentWindow.memType == CU_MEM_LOCATION_TYPE_HOST_NUMA) {
      |                                   ~~~~~~~~~~~~~~~~~~~~~~~~ ^  ~~~~~~~~~~~~~~~~~~~~~~~~~~~~~~
In file included from /home/yelkhamr/dark-factory/rocm-systems/projects/rccl/build/release/hipify/src/graph/connect.cc:9:
In file included from /home/yelkhamr/dark-factory/rocm-systems/projects/rccl/build/release/hipify/src/include/comm.h:25:
In file included from /home/yelkhamr/dark-factory/rocm-systems/projects/rccl/build/release/hipify/src/include/dev_runtime.h:11:
In file included from /home/yelkhamr/dark-factory/rocm-systems/projects/rccl/build/release/hipify/src/include/nccl_device.h:16:
/home/yelkhamr/dark-factory/rocm-systems/projects/rccl/build/release/hipify/src/include/nccl_device/impl/gin__funcs.h:413:60: warning: result of comparison of constant 3 with expression of type 'const hipMemLocationType' is always false [-Wtautological-constant-out-of-range-compare]
  413 |           if (!doneSysmemFence && srcSegmentWindow.memType == CU_MEM_LOCATION_TYPE_HOST_NUMA) {
      |                                   ~~~~~~~~~~~~~~~~~~~~~~~~ ^  ~~~~~~~~~~~~~~~~~~~~~~~~~~~~~~
In file included from /home/yelkhamr/dark-factory/rocm-systems/projects/rccl/build/release/hipify/src/scheduler/allgatherv_sched.cc:13:
In file included from /home/yelkhamr/dark-factory/rocm-systems/projects/rccl/build/release/hipify/src/include/scheduler.h:12:
In file included from /home/yelkhamr/dark-factory/rocm-systems/projects/rccl/build/release/hipify/src/include/comm.h:25:
In file included from /home/yelkhamr/dark-factory/rocm-systems/projects/rccl/build/release/hipify/src/include/dev_runtime.h:11:
In file included from /home/yelkhamr/dark-factory/rocm-systems/projects/rccl/build/release/hipify/src/include/nccl_device.h:16:
/home/yelkhamr/dark-factory/rocm-systems/projects/rccl/build/release/hipify/src/include/nccl_device/impl/gin__funcs.h:413:60: warning: result of comparison of constant 3 with expression of type 'const hipMemLocationType' is always false [-Wtautological-constant-out-of-range-compare]
  413 |           if (!doneSysmemFence && srcSegmentWindow.memType == CU_MEM_LOCATION_TYPE_HOST_NUMA) {
      |                                   ~~~~~~~~~~~~~~~~~~~~~~~~ ^  ~~~~~~~~~~~~~~~~~~~~~~~~~~~~~~
In file included from /home/yelkhamr/dark-factory/rocm-systems/projects/rccl/build/release/hipify/src/transport/net_ib/p2p_resiliency_recovery.cc:8:
In file included from /home/yelkhamr/dark-factory/rocm-systems/projects/rccl/build/release/hipify/src/transport/net_ib/p2p_resiliency_recovery.h:11:
In file included from /home/yelkhamr/dark-factory/rocm-systems/projects/rccl/build/release/hipify/src/transport/net_ib/p2p_resiliency.h:11:
In file included from /home/yelkhamr/dark-factory/rocm-systems/projects/rccl/build/release/hipify/src/transport/net_ib/common.h:14:
In file included from /home/yelkhamr/dark-factory/rocm-systems/projects/rccl/build/release/hipify/src/include/net.h:13:
In file included from /home/yelkhamr/dark-factory/rocm-systems/projects/rccl/build/release/hipify/src/include/comm.h:25:
In file included from /home/yelkhamr/dark-factory/rocm-systems/projects/rccl/build/release/hipify/src/include/dev_runtime.h:11:
In file included from /home/yelkhamr/dark-factory/rocm-systems/projects/rccl/build/release/hipify/src/include/nccl_device.h:10:
In file included from /home/yelkhamr/dark-factory/rocm-systems/projects/rccl/build/release/hipify/src/include/nccl_device/impl/barrier__funcs.h:12:
In file included from /home/yelkhamr/dark-factory/rocm-systems/projects/rccl/build/release/hipify/src/include/nccl_device/impl/barrier__types.h:10:
In file included from /home/yelkhamr/dark-factory/rocm-systems/projects/rccl/build/release/hipify/src/include/nccl_device/impl/../barrier.h:11:
/home/yelkhamr/dark-factory/rocm-systems/projects/rccl/build/release/hipify/src/include/nccl_device/impl/../impl/core__types.h:26:9: warning: 'NCCL_GIN_MAX_CONNECTIONS' macro redefined [-Wmacro-redefined]
   26 | #define NCCL_GIN_MAX_CONNECTIONS 4
      |         ^
/home/yelkhamr/dark-factory/rocm-systems/projects/rccl/build/release/include/nccl_device/gin/gin_device_host_common.h:18:9: note: previous definition is here
   18 | #define NCCL_GIN_MAX_CONNECTIONS NCCL_GIN_MAX_CONTEXTS
      |         ^
In file included from /home/yelkhamr/dark-factory/rocm-systems/projects/rccl/build/release/hipify/src/plugin/profiler/profiler_v4.cc:8:
In file included from /home/yelkhamr/dark-factory/rocm-systems/projects/rccl/build/release/hipify/src/include/comm.h:25:
In file included from /home/yelkhamr/dark-factory/rocm-systems/projects/rccl/build/release/hipify/src/include/dev_runtime.h:11:
In file included from /home/yelkhamr/dark-factory/rocm-systems/projects/rccl/build/release/hipify/src/include/nccl_device.h:10:
In file included from /home/yelkhamr/dark-factory/rocm-systems/projects/rccl/build/release/hipify/src/include/nccl_device/impl/barrier__funcs.h:12:
In file included from /home/yelkhamr/dark-factory/rocm-systems/projects/rccl/build/release/hipify/src/include/nccl_device/impl/barrier__types.h:10:
In file included from /home/yelkhamr/dark-factory/rocm-systems/projects/rccl/build/release/hipify/src/include/nccl_device/impl/../barrier.h:11:
/home/yelkhamr/dark-factory/rocm-systems/projects/rccl/build/release/hipify/src/include/nccl_device/impl/../impl/core__types.h:26:9: warning: 'NCCL_GIN_MAX_CONNECTIONS' macro redefined [-Wmacro-redefined]
   26 | #define NCCL_GIN_MAX_CONNECTIONS 4
      |         ^
/home/yelkhamr/dark-factory/rocm-systems/projects/rccl/build/release/include/nccl_device/gin/gin_device_host_common.h:18:9: note: previous definition is here
   18 | #define NCCL_GIN_MAX_CONNECTIONS NCCL_GIN_MAX_CONTEXTS
      |         ^
In file included from /home/yelkhamr/dark-factory/rocm-systems/projects/rccl/build/release/hipify/src/transport/net_ib/common.cc:8:
In file included from /home/yelkhamr/dark-factory/rocm-systems/projects/rccl/build/release/hipify/src/transport/net_ib/common.h:14:
In file included from /home/yelkhamr/dark-factory/rocm-systems/projects/rccl/build/release/hipify/src/include/net.h:13:
In file included from /home/yelkhamr/dark-factory/rocm-systems/projects/rccl/build/release/hipify/src/include/comm.h:25:
In file included from /home/yelkhamr/dark-factory/rocm-systems/projects/rccl/build/release/hipify/src/include/dev_runtime.h:11:
In file included from /home/yelkhamr/dark-factory/rocm-systems/projects/rccl/build/release/hipify/src/include/nccl_device.h:16:
/home/yelkhamr/dark-factory/rocm-systems/projects/rccl/build/release/hipify/src/include/nccl_device/impl/gin__funcs.h:413:60: warning: result of comparison of constant 3 with expression of type 'const hipMemLocationType' is always false [-Wtautological-constant-out-of-range-compare]
  413 |           if (!doneSysmemFence && srcSegmentWindow.memType == CU_MEM_LOCATION_TYPE_HOST_NUMA) {
      |                                   ~~~~~~~~~~~~~~~~~~~~~~~~ ^  ~~~~~~~~~~~~~~~~~~~~~~~~~~~~~~
In file included from /home/yelkhamr/dark-factory/rocm-systems/projects/rccl/build/release/hipify/src/rma/rma_proxy_launch.cc:16:
In file included from /home/yelkhamr/dark-factory/rocm-systems/projects/rccl/build/release/hipify/src/include/comm.h:25:
In file included from /home/yelkhamr/dark-factory/rocm-systems/projects/rccl/build/release/hipify/src/include/dev_runtime.h:11:
In file included from /home/yelkhamr/dark-factory/rocm-systems/projects/rccl/build/release/hipify/src/include/nccl_device.h:10:
In file included from /home/yelkhamr/dark-factory/rocm-systems/projects/rccl/build/release/hipify/src/include/nccl_device/impl/barrier__funcs.h:12:
In file included from /home/yelkhamr/dark-factory/rocm-systems/projects/rccl/build/release/hipify/src/include/nccl_device/impl/barrier__types.h:10:
In file included from /home/yelkhamr/dark-factory/rocm-systems/projects/rccl/build/release/hipify/src/include/nccl_device/impl/../barrier.h:11:
/home/yelkhamr/dark-factory/rocm-systems/projects/rccl/build/release/hipify/src/include/nccl_device/impl/../impl/core__types.h:26:9: warning: 'NCCL_GIN_MAX_CONNECTIONS' macro redefined [-Wmacro-redefined]
   26 | #define NCCL_GIN_MAX_CONNECTIONS 4
      |         ^
/home/yelkhamr/dark-factory/rocm-systems/projects/rccl/build/release/include/nccl_device/gin/gin_device_host_common.h:18:9: note: previous definition is here
   18 | #define NCCL_GIN_MAX_CONNECTIONS NCCL_GIN_MAX_CONTEXTS
      |         ^
In file included from /home/yelkhamr/dark-factory/rocm-systems/projects/rccl/build/release/hipify/src/transport/profiler_tmp.cc:7:
In file included from /home/yelkhamr/dark-factory/rocm-systems/projects/rccl/build/release/hipify/src/include/transport.h:25:
In file included from /home/yelkhamr/dark-factory/rocm-systems/projects/rccl/build/release/hipify/src/include/comm.h:25:
In file included from /home/yelkhamr/dark-factory/rocm-systems/projects/rccl/build/release/hipify/src/include/dev_runtime.h:11:
In file included from /home/yelkhamr/dark-factory/rocm-systems/projects/rccl/build/release/hipify/src/include/nccl_device.h:10:
In file included from /home/yelkhamr/dark-factory/rocm-systems/projects/rccl/build/release/hipify/src/include/nccl_device/impl/barrier__funcs.h:12:
In file included from /home/yelkhamr/dark-factory/rocm-systems/projects/rccl/build/release/hipify/src/include/nccl_device/impl/barrier__types.h:10:
In file included from /home/yelkhamr/dark-factory/rocm-systems/projects/rccl/build/release/hipify/src/include/nccl_device/impl/../barrier.h:11:
/home/yelkhamr/dark-factory/rocm-systems/projects/rccl/build/release/hipify/src/include/nccl_device/impl/../impl/core__types.h:26:9: warning: 'NCCL_GIN_MAX_CONNECTIONS' macro redefined [-Wmacro-redefined]
   26 | #define NCCL_GIN_MAX_CONNECTIONS 4
      |         ^
/home/yelkhamr/dark-factory/rocm-systems/projects/rccl/build/release/include/nccl_device/gin/gin_device_host_common.h:18:9: note: previous definition is here
   18 | #define NCCL_GIN_MAX_CONNECTIONS NCCL_GIN_MAX_CONTEXTS
      |         ^
In file included from /home/yelkhamr/dark-factory/rocm-systems/projects/rccl/build/release/hipify/src/transport/net_ib/init_tmp.cc:9:
In file included from /home/yelkhamr/dark-factory/rocm-systems/projects/rccl/build/release/hipify/src/transport/net_ib/common.h:14:
In file included from /home/yelkhamr/dark-factory/rocm-systems/projects/rccl/build/release/hipify/src/include/net.h:13:
In file included from /home/yelkhamr/dark-factory/rocm-systems/projects/rccl/build/release/hipify/src/include/comm.h:25:
In file included from /home/yelkhamr/dark-factory/rocm-systems/projects/rccl/build/release/hipify/src/include/dev_runtime.h:11:
In file included from /home/yelkhamr/dark-factory/rocm-systems/projects/rccl/build/release/hipify/src/include/nccl_device.h:10:
In file included from /home/yelkhamr/dark-factory/rocm-systems/projects/rccl/build/release/hipify/src/include/nccl_device/impl/barrier__funcs.h:12:
In file included from /home/yelkhamr/dark-factory/rocm-systems/projects/rccl/build/release/hipify/src/include/nccl_device/impl/barrier__types.h:10:
In file included from /home/yelkhamr/dark-factory/rocm-systems/projects/rccl/build/release/hipify/src/include/nccl_device/impl/../barrier.h:11:
/home/yelkhamr/dark-factory/rocm-systems/projects/rccl/build/release/hipify/src/include/nccl_device/impl/../impl/core__types.h:26:9: warning: 'NCCL_GIN_MAX_CONNECTIONS' macro redefined [-Wmacro-redefined]
   26 | #define NCCL_GIN_MAX_CONNECTIONS 4
      |         ^
/home/yelkhamr/dark-factory/rocm-systems/projects/rccl/build/release/include/nccl_device/gin/gin_device_host_common.h:18:9: note: previous definition is here
   18 | #define NCCL_GIN_MAX_CONNECTIONS NCCL_GIN_MAX_CONTEXTS
      |         ^
In file included from /home/yelkhamr/dark-factory/rocm-systems/projects/rccl/build/release/hipify/src/transport/net_ib/p2p_resiliency_recovery.cc:8:
In file included from /home/yelkhamr/dark-factory/rocm-systems/projects/rccl/build/release/hipify/src/transport/net_ib/p2p_resiliency_recovery.h:11:
In file included from /home/yelkhamr/dark-factory/rocm-systems/projects/rccl/build/release/hipify/src/transport/net_ib/p2p_resiliency.h:11:
In file included from /home/yelkhamr/dark-factory/rocm-systems/projects/rccl/build/release/hipify/src/transport/net_ib/common.h:14:
In file included from /home/yelkhamr/dark-factory/rocm-systems/projects/rccl/build/release/hipify/src/include/net.h:13:
In file included from /home/yelkhamr/dark-factory/rocm-systems/projects/rccl/build/release/hipify/src/include/comm.h:25:
In file included from /home/yelkhamr/dark-factory/rocm-systems/projects/rccl/build/release/hipify/src/include/dev_runtime.h:11:
In file included from /home/yelkhamr/dark-factory/rocm-systems/projects/rccl/build/release/hipify/src/include/nccl_device.h:16:
/home/yelkhamr/dark-factory/rocm-systems/projects/rccl/build/release/hipify/src/include/nccl_device/impl/gin__funcs.h:413:60: warning: result of comparison of constant 3 with expression of type 'const hipMemLocationType' is always false [-Wtautological-constant-out-of-range-compare]
  413 |           if (!doneSysmemFence && srcSegmentWindow.memType == CU_MEM_LOCATION_TYPE_HOST_NUMA) {
      |                                   ~~~~~~~~~~~~~~~~~~~~~~~~ ^  ~~~~~~~~~~~~~~~~~~~~~~~~~~~~~~
In file included from /home/yelkhamr/dark-factory/rocm-systems/projects/rccl/build/release/hipify/src/plugin/profiler/profiler_v4.cc:8:
In file included from /home/yelkhamr/dark-factory/rocm-systems/projects/rccl/build/release/hipify/src/include/comm.h:25:
In file included from /home/yelkhamr/dark-factory/rocm-systems/projects/rccl/build/release/hipify/src/include/dev_runtime.h:11:
In file included from /home/yelkhamr/dark-factory/rocm-systems/projects/rccl/build/release/hipify/src/include/nccl_device.h:16:
/home/yelkhamr/dark-factory/rocm-systems/projects/rccl/build/release/hipify/src/include/nccl_device/impl/gin__funcs.h:413:60: warning: result of comparison of constant 3 with expression of type 'const hipMemLocationType' is always false [-Wtautological-constant-out-of-range-compare]
  413 |           if (!doneSysmemFence && srcSegmentWindow.memType == CU_MEM_LOCATION_TYPE_HOST_NUMA) {
      |                                   ~~~~~~~~~~~~~~~~~~~~~~~~ ^  ~~~~~~~~~~~~~~~~~~~~~~~~~~~~~~
/home/yelkhamr/dark-factory/rocm-systems/projects/rccl/build/release/hipify/src/transport/net_ib/gin_tmp.cc:117:1: warning: unused label 'end' [-Wunused-label]
  117 | end:
      | ^~~~
In file included from /home/yelkhamr/dark-factory/rocm-systems/projects/rccl/build/release/hipify/src/ras/peers.cc:11:
In file included from /home/yelkhamr/dark-factory/rocm-systems/projects/rccl/build/release/hipify/src/include/comm.h:25:
In file included from /home/yelkhamr/dark-factory/rocm-systems/projects/rccl/build/release/hipify/src/include/dev_runtime.h:11:
In file included from /home/yelkhamr/dark-factory/rocm-systems/projects/rccl/build/release/hipify/src/include/nccl_device.h:10:
In file included from /home/yelkhamr/dark-factory/rocm-systems/projects/rccl/build/release/hipify/src/include/nccl_device/impl/barrier__funcs.h:12:
In file included from /home/yelkhamr/dark-factory/rocm-systems/projects/rccl/build/release/hipify/src/include/nccl_device/impl/barrier__types.h:10:
In file included from /home/yelkhamr/dark-factory/rocm-systems/projects/rccl/build/release/hipify/src/include/nccl_device/impl/../barrier.h:11:
/home/yelkhamr/dark-factory/rocm-systems/projects/rccl/build/release/hipify/src/include/nccl_device/impl/../impl/core__types.h:26:9: warning: 'NCCL_GIN_MAX_CONNECTIONS' macro redefined [-Wmacro-redefined]
   26 | #define NCCL_GIN_MAX_CONNECTIONS 4
      |         ^
/home/yelkhamr/dark-factory/rocm-systems/projects/rccl/build/release/include/nccl_device/gin/gin_device_host_common.h:18:9: note: previous definition is here
   18 | #define NCCL_GIN_MAX_CONNECTIONS NCCL_GIN_MAX_CONTEXTS
      |         ^
In file included from /home/yelkhamr/dark-factory/rocm-systems/projects/rccl/build/release/hipify/src/nccl_device/core.cc:9:
In file included from /home/yelkhamr/dark-factory/rocm-systems/projects/rccl/build/release/hipify/src/include/comm.h:25:
In file included from /home/yelkhamr/dark-factory/rocm-systems/projects/rccl/build/release/hipify/src/include/dev_runtime.h:11:
In file included from /home/yelkhamr/dark-factory/rocm-systems/projects/rccl/build/release/hipify/src/include/nccl_device.h:10:
In file included from /home/yelkhamr/dark-factory/rocm-systems/projects/rccl/build/release/hipify/src/include/nccl_device/impl/barrier__funcs.h:12:
In file included from /home/yelkhamr/dark-factory/rocm-systems/projects/rccl/build/release/hipify/src/include/nccl_device/impl/barrier__types.h:10:
In file included from /home/yelkhamr/dark-factory/rocm-systems/projects/rccl/build/release/hipify/src/include/nccl_device/impl/../barrier.h:11:
/home/yelkhamr/dark-factory/rocm-systems/projects/rccl/build/release/hipify/src/include/nccl_device/impl/../impl/core__types.h:26:9: warning: 'NCCL_GIN_MAX_CONNECTIONS' macro redefined [-Wmacro-redefined]
   26 | #define NCCL_GIN_MAX_CONNECTIONS 4
      |         ^
/home/yelkhamr/dark-factory/rocm-systems/projects/rccl/build/release/include/nccl_device/gin/gin_device_host_common.h:18:9: note: previous definition is here
   18 | #define NCCL_GIN_MAX_CONNECTIONS NCCL_GIN_MAX_CONTEXTS
      |         ^
In file included from /home/yelkhamr/dark-factory/rocm-systems/projects/rccl/build/release/hipify/src/rma/rma_proxy_launch.cc:16:
In file included from /home/yelkhamr/dark-factory/rocm-systems/projects/rccl/build/release/hipify/src/include/comm.h:25:
In file included from /home/yelkhamr/dark-factory/rocm-systems/projects/rccl/build/release/hipify/src/include/dev_runtime.h:11:
In file included from /home/yelkhamr/dark-factory/rocm-systems/projects/rccl/build/release/hipify/src/include/nccl_device.h:16:
/home/yelkhamr/dark-factory/rocm-systems/projects/rccl/build/release/hipify/src/include/nccl_device/impl/gin__funcs.h:413:60: warning: result of comparison of constant 3 with expression of type 'const hipMemLocationType' is always false [-Wtautological-constant-out-of-range-compare]
  413 |           if (!doneSysmemFence && srcSegmentWindow.memType == CU_MEM_LOCATION_TYPE_HOST_NUMA) {
      |                                   ~~~~~~~~~~~~~~~~~~~~~~~~ ^  ~~~~~~~~~~~~~~~~~~~~~~~~~~~~~~
In file included from /home/yelkhamr/dark-factory/rocm-systems/projects/rccl/build/release/hipify/src/ras/collectives_tmp.cc:14:
In file included from /home/yelkhamr/dark-factory/rocm-systems/projects/rccl/build/release/hipify/src/include/comm.h:25:
In file included from /home/yelkhamr/dark-factory/rocm-systems/projects/rccl/build/release/hipify/src/include/dev_runtime.h:11:
In file included from /home/yelkhamr/dark-factory/rocm-systems/projects/rccl/build/release/hipify/src/include/nccl_device.h:10:
In file included from /home/yelkhamr/dark-factory/rocm-systems/projects/rccl/build/release/hipify/src/include/nccl_device/impl/barrier__funcs.h:12:
In file included from /home/yelkhamr/dark-factory/rocm-systems/projects/rccl/build/release/hipify/src/include/nccl_device/impl/barrier__types.h:10:
In file included from /home/yelkhamr/dark-factory/rocm-systems/projects/rccl/build/release/hipify/src/include/nccl_device/impl/../barrier.h:11:
/home/yelkhamr/dark-factory/rocm-systems/projects/rccl/build/release/hipify/src/include/nccl_device/impl/../impl/core__types.h:26:9: warning: 'NCCL_GIN_MAX_CONNECTIONS' macro redefined [-Wmacro-redefined]
   26 | #define NCCL_GIN_MAX_CONNECTIONS 4
      |         ^
/home/yelkhamr/dark-factory/rocm-systems/projects/rccl/build/release/include/nccl_device/gin/gin_device_host_common.h:18:9: note: previous definition is here
   18 | #define NCCL_GIN_MAX_CONNECTIONS NCCL_GIN_MAX_CONTEXTS
      |         ^
In file included from /home/yelkhamr/dark-factory/rocm-systems/projects/rccl/build/release/hipify/src/transport/profiler_tmp.cc:7:
In file included from /home/yelkhamr/dark-factory/rocm-systems/projects/rccl/build/release/hipify/src/include/transport.h:25:
In file included from /home/yelkhamr/dark-factory/rocm-systems/projects/rccl/build/release/hipify/src/include/comm.h:25:
In file included from /home/yelkhamr/dark-factory/rocm-systems/projects/rccl/build/release/hipify/src/include/dev_runtime.h:11:
In file included from /home/yelkhamr/dark-factory/rocm-systems/projects/rccl/build/release/hipify/src/include/nccl_device.h:16:
/home/yelkhamr/dark-factory/rocm-systems/projects/rccl/build/release/hipify/src/include/nccl_device/impl/gin__funcs.h:413:60: warning: result of comparison of constant 3 with expression of type 'const hipMemLocationType' is always false [-Wtautological-constant-out-of-range-compare]
  413 |           if (!doneSysmemFence && srcSegmentWindow.memType == CU_MEM_LOCATION_TYPE_HOST_NUMA) {
      |                                   ~~~~~~~~~~~~~~~~~~~~~~~~ ^  ~~~~~~~~~~~~~~~~~~~~~~~~~~~~~~
/home/yelkhamr/dark-factory/rocm-systems/projects/rccl/build/release/hipify/src/rma/rma_proxy.cc:109:20: warning: variable 'registrationResult' set but not used [-Wunused-but-set-variable]
  109 |       ncclResult_t registrationResult = ncclInternalError;
      |                    ^
In file included from /home/yelkhamr/dark-factory/rocm-systems/projects/rccl/build/release/hipify/src/transport/net_ib/init_tmp.cc:9:
In file included from /home/yelkhamr/dark-factory/rocm-systems/projects/rccl/build/release/hipify/src/transport/net_ib/common.h:14:
In file included from /home/yelkhamr/dark-factory/rocm-systems/projects/rccl/build/release/hipify/src/include/net.h:13:
In file included from /home/yelkhamr/dark-factory/rocm-systems/projects/rccl/build/release/hipify/src/include/comm.h:25:
In file included from /home/yelkhamr/dark-factory/rocm-systems/projects/rccl/build/release/hipify/src/include/dev_runtime.h:11:
In file included from /home/yelkhamr/dark-factory/rocm-systems/projects/rccl/build/release/hipify/src/include/nccl_device.h:16:
/home/yelkhamr/dark-factory/rocm-systems/projects/rccl/build/release/hipify/src/include/nccl_device/impl/gin__funcs.h:413:60: warning: result of comparison of constant 3 with expression of type 'const hipMemLocationType' is always false [-Wtautological-constant-out-of-range-compare]
  413 |           if (!doneSysmemFence && srcSegmentWindow.memType == CU_MEM_LOCATION_TYPE_HOST_NUMA) {
      |                                   ~~~~~~~~~~~~~~~~~~~~~~~~ ^  ~~~~~~~~~~~~~~~~~~~~~~~~~~~~~~
In file included from /home/yelkhamr/dark-factory/rocm-systems/projects/rccl/build/release/hipify/src/transport.cc:8:
In file included from /home/yelkhamr/dark-factory/rocm-systems/projects/rccl/build/release/hipify/src/include/comm.h:25:
In file included from /home/yelkhamr/dark-factory/rocm-systems/projects/rccl/build/release/hipify/src/include/dev_runtime.h:11:
In file included from /home/yelkhamr/dark-factory/rocm-systems/projects/rccl/build/release/hipify/src/include/nccl_device.h:10:
In file included from /home/yelkhamr/dark-factory/rocm-systems/projects/rccl/build/release/hipify/src/include/nccl_device/impl/barrier__funcs.h:12:
In file included from /home/yelkhamr/dark-factory/rocm-systems/projects/rccl/build/release/hipify/src/include/nccl_device/impl/barrier__types.h:10:
In file included from /home/yelkhamr/dark-factory/rocm-systems/projects/rccl/build/release/hipify/src/include/nccl_device/impl/../barrier.h:11:
/home/yelkhamr/dark-factory/rocm-systems/projects/rccl/build/release/hipify/src/include/nccl_device/impl/../impl/core__types.h:26:9: warning: 'NCCL_GIN_MAX_CONNECTIONS' macro redefined [-Wmacro-redefined]
   26 | #define NCCL_GIN_MAX_CONNECTIONS 4
      |         ^
/home/yelkhamr/dark-factory/rocm-systems/projects/rccl/build/release/include/nccl_device/gin/gin_device_host_common.h:18:9: note: previous definition is here
   18 | #define NCCL_GIN_MAX_CONNECTIONS NCCL_GIN_MAX_CONTEXTS
      |         ^
In file included from /home/yelkhamr/dark-factory/rocm-systems/projects/rccl/build/release/hipify/src/ras/peers.cc:11:
In file included from /home/yelkhamr/dark-factory/rocm-systems/projects/rccl/build/release/hipify/src/include/comm.h:25:
In file included from /home/yelkhamr/dark-factory/rocm-systems/projects/rccl/build/release/hipify/src/include/dev_runtime.h:11:
In file included from /home/yelkhamr/dark-factory/rocm-systems/projects/rccl/build/release/hipify/src/include/nccl_device.h:16:
/home/yelkhamr/dark-factory/rocm-systems/projects/rccl/build/release/hipify/src/include/nccl_device/impl/gin__funcs.h:413:60: warning: result of comparison of constant 3 with expression of type 'const hipMemLocationType' is always false [-Wtautological-constant-out-of-range-compare]
  413 |           if (!doneSysmemFence && srcSegmentWindow.memType == CU_MEM_LOCATION_TYPE_HOST_NUMA) {
      |                                   ~~~~~~~~~~~~~~~~~~~~~~~~ ^  ~~~~~~~~~~~~~~~~~~~~~~~~~~~~~~
In file included from /home/yelkhamr/dark-factory/rocm-systems/projects/rccl/build/release/hipify/src/nccl_device/core.cc:9:
In file included from /home/yelkhamr/dark-factory/rocm-systems/projects/rccl/build/release/hipify/src/include/comm.h:25:
In file included from /home/yelkhamr/dark-factory/rocm-systems/projects/rccl/build/release/hipify/src/include/dev_runtime.h:11:
In file included from /home/yelkhamr/dark-factory/rocm-systems/projects/rccl/build/release/hipify/src/include/nccl_device.h:16:
/home/yelkhamr/dark-factory/rocm-systems/projects/rccl/build/release/hipify/src/include/nccl_device/impl/gin__funcs.h:413:60: warning: result of comparison of constant 3 with expression of type 'const hipMemLocationType' is always false [-Wtautological-constant-out-of-range-compare]
  413 |           if (!doneSysmemFence && srcSegmentWindow.memType == CU_MEM_LOCATION_TYPE_HOST_NUMA) {
      |                                   ~~~~~~~~~~~~~~~~~~~~~~~~ ^  ~~~~~~~~~~~~~~~~~~~~~~~~~~~~~~
In file included from /home/yelkhamr/dark-factory/rocm-systems/projects/rccl/build/release/hipify/src/scheduler/symmetric_sched.cc:14:
In file included from /home/yelkhamr/dark-factory/rocm-systems/projects/rccl/build/release/hipify/src/include/scheduler.h:12:
In file included from /home/yelkhamr/dark-factory/rocm-systems/projects/rccl/build/release/hipify/src/include/comm.h:25:
In file included from /home/yelkhamr/dark-factory/rocm-systems/projects/rccl/build/release/hipify/src/include/dev_runtime.h:11:
In file included from /home/yelkhamr/dark-factory/rocm-systems/projects/rccl/build/release/hipify/src/include/nccl_device.h:10:
In file included from /home/yelkhamr/dark-factory/rocm-systems/projects/rccl/build/release/hipify/src/include/nccl_device/impl/barrier__funcs.h:12:
In file included from /home/yelkhamr/dark-factory/rocm-systems/projects/rccl/build/release/hipify/src/include/nccl_device/impl/barrier__types.h:10:
In file included from /home/yelkhamr/dark-factory/rocm-systems/projects/rccl/build/release/hipify/src/include/nccl_device/impl/../barrier.h:11:
/home/yelkhamr/dark-factory/rocm-systems/projects/rccl/build/release/hipify/src/include/nccl_device/impl/../impl/core__types.h:26:9: warning: 'NCCL_GIN_MAX_CONNECTIONS' macro redefined [-Wmacro-redefined]
   26 | #define NCCL_GIN_MAX_CONNECTIONS 4
      |         ^
/home/yelkhamr/dark-factory/rocm-systems/projects/rccl/build/release/include/nccl_device/gin/gin_device_host_common.h:18:9: note: previous definition is here
   18 | #define NCCL_GIN_MAX_CONNECTIONS NCCL_GIN_MAX_CONTEXTS
      |         ^
In file included from /home/yelkhamr/dark-factory/rocm-systems/projects/rccl/build/release/hipify/src/ras/collectives_tmp.cc:14:
In file included from /home/yelkhamr/dark-factory/rocm-systems/projects/rccl/build/release/hipify/src/include/comm.h:25:
In file included from /home/yelkhamr/dark-factory/rocm-systems/projects/rccl/build/release/hipify/src/include/dev_runtime.h:11:
In file included from /home/yelkhamr/dark-factory/rocm-systems/projects/rccl/build/release/hipify/src/include/nccl_device.h:16:
/home/yelkhamr/dark-factory/rocm-systems/projects/rccl/build/release/hipify/src/include/nccl_device/impl/gin__funcs.h:413:60: warning: result of comparison of constant 3 with expression of type 'const hipMemLocationType' is always false [-Wtautological-constant-out-of-range-compare]
  413 |           if (!doneSysmemFence && srcSegmentWindow.memType == CU_MEM_LOCATION_TYPE_HOST_NUMA) {
      |                                   ~~~~~~~~~~~~~~~~~~~~~~~~ ^  ~~~~~~~~~~~~~~~~~~~~~~~~~~~~~~
/home/yelkhamr/dark-factory/rocm-systems/projects/rccl/build/release/hipify/src/enqueue.cc:124:11: warning: logical not is only applied to the left hand side of this comparison [-Wlogical-not-parentheses]
  124 |       if (!CUDASUCCESS(hipFuncGetAttributes(&attr, reinterpret_cast<const void*>(fn)))) continue; // Silently ignore failures
      |           ^~~~~~~~~~~~~~~~~~~~~~~~~~~~~~~~~~~~~~~~~~~~~~~~~~~~~~~~~~~~~~~~~~~~~~~~~~~~
/home/yelkhamr/dark-factory/rocm-systems/projects/rccl/build/release/hipify/src/enqueue.cc:124:11: note: add parentheses after the '!' to evaluate the comparison first
  124 |       if (!CUDASUCCESS(hipFuncGetAttributes(&attr, reinterpret_cast<const void*>(fn)))) continue; // Silently ignore failures
      |           ^                                                                           
      |            (                                                                          )
/home/yelkhamr/dark-factory/rocm-systems/projects/rccl/build/release/hipify/src/enqueue.cc:124:11: note: add parentheses around left hand side expression to silence this warning
In file included from /home/yelkhamr/dark-factory/rocm-systems/projects/rccl/build/release/hipify/src/transport.cc:8:
In file included from /home/yelkhamr/dark-factory/rocm-systems/projects/rccl/build/release/hipify/src/include/comm.h:25:
In file included from /home/yelkhamr/dark-factory/rocm-systems/projects/rccl/build/release/hipify/src/include/dev_runtime.h:11:
In file included from /home/yelkhamr/dark-factory/rocm-systems/projects/rccl/build/release/hipify/src/include/nccl_device.h:16:
/home/yelkhamr/dark-factory/rocm-systems/projects/rccl/build/release/hipify/src/include/nccl_device/impl/gin__funcs.h:413:60: warning: result of comparison of constant 3 with expression of type 'const hipMemLocationType' is always false [-Wtautological-constant-out-of-range-compare]
  413 |           if (!doneSysmemFence && srcSegmentWindow.memType == CU_MEM_LOCATION_TYPE_HOST_NUMA) {
      |                                   ~~~~~~~~~~~~~~~~~~~~~~~~ ^  ~~~~~~~~~~~~~~~~~~~~~~~~~~~~~~
In file included from /home/yelkhamr/dark-factory/rocm-systems/projects/rccl/build/release/hipify/src/rma/rma_proxy_progress.cc:11:
In file included from /home/yelkhamr/dark-factory/rocm-systems/projects/rccl/build/release/hipify/src/include/comm.h:25:
In file included from /home/yelkhamr/dark-factory/rocm-systems/projects/rccl/build/release/hipify/src/include/dev_runtime.h:11:
In file included from /home/yelkhamr/dark-factory/rocm-systems/projects/rccl/build/release/hipify/src/include/nccl_device.h:10:
In file included from /home/yelkhamr/dark-factory/rocm-systems/projects/rccl/build/release/hipify/src/include/nccl_device/impl/barrier__funcs.h:12:
In file included from /home/yelkhamr/dark-factory/rocm-systems/projects/rccl/build/release/hipify/src/include/nccl_device/impl/barrier__types.h:10:
In file included from /home/yelkhamr/dark-factory/rocm-systems/projects/rccl/build/release/hipify/src/include/nccl_device/impl/../barrier.h:11:
/home/yelkhamr/dark-factory/rocm-systems/projects/rccl/build/release/hipify/src/include/nccl_device/impl/../impl/core__types.h:26:9: warning: 'NCCL_GIN_MAX_CONNECTIONS' macro redefined [-Wmacro-redefined]
   26 | #define NCCL_GIN_MAX_CONNECTIONS 4
      |         ^
/home/yelkhamr/dark-factory/rocm-systems/projects/rccl/build/release/include/nccl_device/gin/gin_device_host_common.h:18:9: note: previous definition is here
   18 | #define NCCL_GIN_MAX_CONNECTIONS NCCL_GIN_MAX_CONTEXTS
      |         ^
In file included from /home/yelkhamr/dark-factory/rocm-systems/projects/rccl/build/release/hipify/src/scheduler/symmetric_sched.cc:14:
In file included from /home/yelkhamr/dark-factory/rocm-systems/projects/rccl/build/release/hipify/src/include/scheduler.h:12:
In file included from /home/yelkhamr/dark-factory/rocm-systems/projects/rccl/build/release/hipify/src/include/comm.h:25:
In file included from /home/yelkhamr/dark-factory/rocm-systems/projects/rccl/build/release/hipify/src/include/dev_runtime.h:11:
In file included from /home/yelkhamr/dark-factory/rocm-systems/projects/rccl/build/release/hipify/src/include/nccl_device.h:16:
/home/yelkhamr/dark-factory/rocm-systems/projects/rccl/build/release/hipify/src/include/nccl_device/impl/gin__funcs.h:413:60: warning: result of comparison of constant 3 with expression of type 'const hipMemLocationType' is always false [-Wtautological-constant-out-of-range-compare]
  413 |           if (!doneSysmemFence && srcSegmentWindow.memType == CU_MEM_LOCATION_TYPE_HOST_NUMA) {
      |                                   ~~~~~~~~~~~~~~~~~~~~~~~~ ^  ~~~~~~~~~~~~~~~~~~~~~~~~~~~~~~
In file included from /home/yelkhamr/dark-factory/rocm-systems/projects/rccl/build/release/hipify/src/transport/generic.cc:8:
In file included from /home/yelkhamr/dark-factory/rocm-systems/projects/rccl/build/release/hipify/src/include/comm.h:25:
In file included from /home/yelkhamr/dark-factory/rocm-systems/projects/rccl/build/release/hipify/src/include/dev_runtime.h:11:
In file included from /home/yelkhamr/dark-factory/rocm-systems/projects/rccl/build/release/hipify/src/include/nccl_device.h:10:
In file included from /home/yelkhamr/dark-factory/rocm-systems/projects/rccl/build/release/hipify/src/include/nccl_device/impl/barrier__funcs.h:12:
In file included from /home/yelkhamr/dark-factory/rocm-systems/projects/rccl/build/release/hipify/src/include/nccl_device/impl/barrier__types.h:10:
In file included from /home/yelkhamr/dark-factory/rocm-systems/projects/rccl/build/release/hipify/src/include/nccl_device/impl/../barrier.h:11:
/home/yelkhamr/dark-factory/rocm-systems/projects/rccl/build/release/hipify/src/include/nccl_device/impl/../impl/core__types.h:26:9: warning: 'NCCL_GIN_MAX_CONNECTIONS' macro redefined [-Wmacro-redefined]
   26 | #define NCCL_GIN_MAX_CONNECTIONS 4
      |         ^
/home/yelkhamr/dark-factory/rocm-systems/projects/rccl/build/release/include/nccl_device/gin/gin_device_host_common.h:18:9: note: previous definition is here
   18 | #define NCCL_GIN_MAX_CONNECTIONS NCCL_GIN_MAX_CONTEXTS
      |         ^
/home/yelkhamr/dark-factory/rocm-systems/projects/rccl/build/release/hipify/src/scheduler/allgatherv_sched.cc:132:11: warning: variable 'nBcasts' set but not used [-Wunused-but-set-variable]
  132 |       int nBcasts = 0;
      |           ^
/home/yelkhamr/dark-factory/rocm-systems/projects/rccl/build/release/hipify/src/scheduler/allgatherv_sched.cc:36:12: warning: variable 'sumBcastBytes' set but not used [-Wunused-but-set-variable]
   36 |     size_t sumBcastBytes = 0;
      |            ^
In file included from /home/yelkhamr/dark-factory/rocm-systems/projects/rccl/build/release/hipify/src/rma/rma_proxy_progress.cc:11:
In file included from /home/yelkhamr/dark-factory/rocm-systems/projects/rccl/build/release/hipify/src/include/comm.h:25:
In file included from /home/yelkhamr/dark-factory/rocm-systems/projects/rccl/build/release/hipify/src/include/dev_runtime.h:11:
In file included from /home/yelkhamr/dark-factory/rocm-systems/projects/rccl/build/release/hipify/src/include/nccl_device.h:16:
/home/yelkhamr/dark-factory/rocm-systems/projects/rccl/build/release/hipify/src/include/nccl_device/impl/gin__funcs.h:413:60: warning: result of comparison of constant 3 with expression of type 'const hipMemLocationType' is always false [-Wtautological-constant-out-of-range-compare]
  413 |           if (!doneSysmemFence && srcSegmentWindow.memType == CU_MEM_LOCATION_TYPE_HOST_NUMA) {
      |                                   ~~~~~~~~~~~~~~~~~~~~~~~~ ^  ~~~~~~~~~~~~~~~~~~~~~~~~~~~~~~
In file included from /home/yelkhamr/dark-factory/rocm-systems/projects/rccl/build/release/hipify/src/ras/client_support.cc:15:
In file included from /home/yelkhamr/dark-factory/rocm-systems/projects/rccl/build/release/hipify/src/include/comm.h:25:
In file included from /home/yelkhamr/dark-factory/rocm-systems/projects/rccl/build/release/hipify/src/include/dev_runtime.h:11:
In file included from /home/yelkhamr/dark-factory/rocm-systems/projects/rccl/build/release/hipify/src/include/nccl_device.h:10:
In file included from /home/yelkhamr/dark-factory/rocm-systems/projects/rccl/build/release/hipify/src/include/nccl_device/impl/barrier__funcs.h:12:
In file included from /home/yelkhamr/dark-factory/rocm-systems/projects/rccl/build/release/hipify/src/include/nccl_device/impl/barrier__types.h:10:
In file included from /home/yelkhamr/dark-factory/rocm-systems/projects/rccl/build/release/hipify/src/include/nccl_device/impl/../barrier.h:11:
/home/yelkhamr/dark-factory/rocm-systems/projects/rccl/build/release/hipify/src/include/nccl_device/impl/../impl/core__types.h:26:9: warning: 'NCCL_GIN_MAX_CONNECTIONS' macro redefined [-Wmacro-redefined]
   26 | #define NCCL_GIN_MAX_CONNECTIONS 4
      |         ^
/home/yelkhamr/dark-factory/rocm-systems/projects/rccl/build/release/include/nccl_device/gin/gin_device_host_common.h:18:9: note: previous definition is here
   18 | #define NCCL_GIN_MAX_CONNECTIONS NCCL_GIN_MAX_CONTEXTS
      |         ^
In file included from /home/yelkhamr/dark-factory/rocm-systems/projects/rccl/build/release/hipify/src/transport/generic.cc:8:
In file included from /home/yelkhamr/dark-factory/rocm-systems/projects/rccl/build/release/hipify/src/include/comm.h:25:
In file included from /home/yelkhamr/dark-factory/rocm-systems/projects/rccl/build/release/hipify/src/include/dev_runtime.h:11:
In file included from /home/yelkhamr/dark-factory/rocm-systems/projects/rccl/build/release/hipify/src/include/nccl_device.h:16:
/home/yelkhamr/dark-factory/rocm-systems/projects/rccl/build/release/hipify/src/include/nccl_device/impl/gin__funcs.h:413:60: warning: result of comparison of constant 3 with expression of type 'const hipMemLocationType' is always false [-Wtautological-constant-out-of-range-compare]
  413 |           if (!doneSysmemFence && srcSegmentWindow.memType == CU_MEM_LOCATION_TYPE_HOST_NUMA) {
      |                                   ~~~~~~~~~~~~~~~~~~~~~~~~ ^  ~~~~~~~~~~~~~~~~~~~~~~~~~~~~~~
/home/yelkhamr/dark-factory/rocm-systems/projects/rccl/build/release/hipify/src/proxy.cc:623:8: warning: unused variable 'needProxy' [-Wunused-variable]
  623 |   bool needProxy = false;
      |        ^~~~~~~~~
In file included from /home/yelkhamr/dark-factory/rocm-systems/projects/rccl/build/release/hipify/src/ras/client_support.cc:15:
In file included from /home/yelkhamr/dark-factory/rocm-systems/projects/rccl/build/release/hipify/src/include/comm.h:25:
In file included from /home/yelkhamr/dark-factory/rocm-systems/projects/rccl/build/release/hipify/src/include/dev_runtime.h:11:
In file included from /home/yelkhamr/dark-factory/rocm-systems/projects/rccl/build/release/hipify/src/include/nccl_device.h:16:
/home/yelkhamr/dark-factory/rocm-systems/projects/rccl/build/release/hipify/src/include/nccl_device/impl/gin__funcs.h:413:60: warning: result of comparison of constant 3 with expression of type 'const hipMemLocationType' is always false [-Wtautological-constant-out-of-range-compare]
  413 |           if (!doneSysmemFence && srcSegmentWindow.memType == CU_MEM_LOCATION_TYPE_HOST_NUMA) {
      |                                   ~~~~~~~~~~~~~~~~~~~~~~~~ ^  ~~~~~~~~~~~~~~~~~~~~~~~~~~~~~~
/home/yelkhamr/dark-factory/rocm-systems/projects/rccl/build/release/hipify/src/proxy.cc:996:14: warning: logical not is only applied to the left hand side of this comparison [-Wlogical-not-parentheses]
  996 |   } else if (!CUDASUCCESS(hipSetDevice(proxyState->cudaDev))) {
      |              ^~~~~~~~~~~~~~~~~~~~~~~~~~~~~~~~~~~~~~~~~~~~~~~
/home/yelkhamr/dark-factory/rocm-systems/projects/rccl/build/release/hipify/src/proxy.cc:996:14: note: add parentheses after the '!' to evaluate the comparison first
  996 |   } else if (!CUDASUCCESS(hipSetDevice(proxyState->cudaDev))) {
      |              ^                                              
      |               (                                             )
/home/yelkhamr/dark-factory/rocm-systems/projects/rccl/build/release/hipify/src/proxy.cc:996:14: note: add parentheses around left hand side expression to silence this warning
In file included from /home/yelkhamr/dark-factory/rocm-systems/projects/rccl/build/release/hipify/src/gin/gin_host.cc:9:
In file included from /home/yelkhamr/dark-factory/rocm-systems/projects/rccl/build/release/hipify/src/include/comm.h:25:
In file included from /home/yelkhamr/dark-factory/rocm-systems/projects/rccl/build/release/hipify/src/include/dev_runtime.h:11:
In file included from /home/yelkhamr/dark-factory/rocm-systems/projects/rccl/build/release/hipify/src/include/nccl_device.h:10:
In file included from /home/yelkhamr/dark-factory/rocm-systems/projects/rccl/build/release/hipify/src/include/nccl_device/impl/barrier__funcs.h:12:
In file included from /home/yelkhamr/dark-factory/rocm-systems/projects/rccl/build/release/hipify/src/include/nccl_device/impl/barrier__types.h:10:
In file included from /home/yelkhamr/dark-factory/rocm-systems/projects/rccl/build/release/hipify/src/include/nccl_device/impl/../barrier.h:11:
/home/yelkhamr/dark-factory/rocm-systems/projects/rccl/build/release/hipify/src/include/nccl_device/impl/../impl/core__types.h:26:9: warning: 'NCCL_GIN_MAX_CONNECTIONS' macro redefined [-Wmacro-redefined]
   26 | #define NCCL_GIN_MAX_CONNECTIONS 4
      |         ^
/home/yelkhamr/dark-factory/rocm-systems/projects/rccl/build/release/include/nccl_device/gin/gin_device_host_common.h:18:9: note: previous definition is here
   18 | #define NCCL_GIN_MAX_CONNECTIONS NCCL_GIN_MAX_CONTEXTS
      |         ^
In file included from /home/yelkhamr/dark-factory/rocm-systems/projects/rccl/build/release/hipify/src/misc/latency_profiler/CollTraceFunc.cc:7:
In file included from /home/yelkhamr/dark-factory/rocm-systems/projects/rccl/build/release/hipify/src/include/latency_profiler/CollTraceFunc.h:10:
In file included from /home/yelkhamr/dark-factory/rocm-systems/projects/rccl/build/release/hipify/src/include/comm.h:25:
In file included from /home/yelkhamr/dark-factory/rocm-systems/projects/rccl/build/release/hipify/src/include/dev_runtime.h:11:
In file included from /home/yelkhamr/dark-factory/rocm-systems/projects/rccl/build/release/hipify/src/include/nccl_device.h:10:
In file included from /home/yelkhamr/dark-factory/rocm-systems/projects/rccl/build/release/hipify/src/include/nccl_device/impl/barrier__funcs.h:12:
In file included from /home/yelkhamr/dark-factory/rocm-systems/projects/rccl/build/release/hipify/src/include/nccl_device/impl/barrier__types.h:10:
In file included from /home/yelkhamr/dark-factory/rocm-systems/projects/rccl/build/release/hipify/src/include/nccl_device/impl/../barrier.h:11:
/home/yelkhamr/dark-factory/rocm-systems/projects/rccl/build/release/hipify/src/include/nccl_device/impl/../impl/core__types.h:26:9: warning: 'NCCL_GIN_MAX_CONNECTIONS' macro redefined [-Wmacro-redefined]
   26 | #define NCCL_GIN_MAX_CONNECTIONS 4
      |         ^
/home/yelkhamr/dark-factory/rocm-systems/projects/rccl/build/release/include/nccl_device/gin/gin_device_host_common.h:18:9: note: previous definition is here
   18 | #define NCCL_GIN_MAX_CONNECTIONS NCCL_GIN_MAX_CONTEXTS
      |         ^
In file included from /home/yelkhamr/dark-factory/rocm-systems/projects/rccl/build/release/hipify/src/gin/gin_host.cc:9:
In file included from /home/yelkhamr/dark-factory/rocm-systems/projects/rccl/build/release/hipify/src/include/comm.h:25:
In file included from /home/yelkhamr/dark-factory/rocm-systems/projects/rccl/build/release/hipify/src/include/dev_runtime.h:11:
In file included from /home/yelkhamr/dark-factory/rocm-systems/projects/rccl/build/release/hipify/src/include/nccl_device.h:16:
/home/yelkhamr/dark-factory/rocm-systems/projects/rccl/build/release/hipify/src/include/nccl_device/impl/gin__funcs.h:413:60: warning: result of comparison of constant 3 with expression of type 'const hipMemLocationType' is always false [-Wtautological-constant-out-of-range-compare]
  413 |           if (!doneSysmemFence && srcSegmentWindow.memType == CU_MEM_LOCATION_TYPE_HOST_NUMA) {
      |                                   ~~~~~~~~~~~~~~~~~~~~~~~~ ^  ~~~~~~~~~~~~~~~~~~~~~~~~~~~~~~
In file included from /home/yelkhamr/dark-factory/rocm-systems/projects/rccl/build/release/hipify/gensrc/symmetric/sym_kernels_host.cc:1:
In file included from /home/yelkhamr/dark-factory/rocm-systems/projects/rccl/build/release/hipify/src/include/sym_kernels.h:11:
In file included from /home/yelkhamr/dark-factory/rocm-systems/projects/rccl/build/release/hipify/src/include/nccl_device.h:10:
In file included from /home/yelkhamr/dark-factory/rocm-systems/projects/rccl/build/release/hipify/src/include/nccl_device/impl/barrier__funcs.h:12:
In file included from /home/yelkhamr/dark-factory/rocm-systems/projects/rccl/build/release/hipify/src/include/nccl_device/impl/barrier__types.h:10:
In file included from /home/yelkhamr/dark-factory/rocm-systems/projects/rccl/build/release/hipify/src/include/nccl_device/impl/../barrier.h:11:
/home/yelkhamr/dark-factory/rocm-systems/projects/rccl/build/release/hipify/src/include/nccl_device/impl/../impl/core__types.h:26:9: warning: 'NCCL_GIN_MAX_CONNECTIONS' macro redefined [-Wmacro-redefined]
   26 | #define NCCL_GIN_MAX_CONNECTIONS 4
      |         ^
/home/yelkhamr/dark-factory/rocm-systems/projects/rccl/build/release/include/nccl_device/gin/gin_device_host_common.h:18:9: note: previous definition is here
   18 | #define NCCL_GIN_MAX_CONNECTIONS NCCL_GIN_MAX_CONTEXTS
      |         ^
/home/yelkhamr/dark-factory/rocm-systems/projects/rccl/build/release/hipify/src/proxy.cc:1734:14: warning: logical not is only applied to the left hand side of this comparison [-Wlogical-not-parentheses]
 1734 |   } else if (!CUDASUCCESS(hipSetDevice(proxyState->cudaDev))) {
      |              ^~~~~~~~~~~~~~~~~~~~~~~~~~~~~~~~~~~~~~~~~~~~~~~
/home/yelkhamr/dark-factory/rocm-systems/projects/rccl/build/release/hipify/src/proxy.cc:1734:14: note: add parentheses after the '!' to evaluate the comparison first
 1734 |   } else if (!CUDASUCCESS(hipSetDevice(proxyState->cudaDev))) {
      |              ^                                              
      |               (                                             )
/home/yelkhamr/dark-factory/rocm-systems/projects/rccl/build/release/hipify/src/proxy.cc:1734:14: note: add parentheses around left hand side expression to silence this warning
2 warnings generated when compiling for host.
2 warnings generated when compiling for host.
In file included from /home/yelkhamr/dark-factory/rocm-systems/projects/rccl/build/release/hipify/src/misc/latency_profiler/CollTraceFunc.cc:7:
In file included from /home/yelkhamr/dark-factory/rocm-systems/projects/rccl/build/release/hipify/src/include/latency_profiler/CollTraceFunc.h:10:
In file included from /home/yelkhamr/dark-factory/rocm-systems/projects/rccl/build/release/hipify/src/include/comm.h:25:
In file included from /home/yelkhamr/dark-factory/rocm-systems/projects/rccl/build/release/hipify/src/include/dev_runtime.h:11:
In file included from /home/yelkhamr/dark-factory/rocm-systems/projects/rccl/build/release/hipify/src/include/nccl_device.h:16:
/home/yelkhamr/dark-factory/rocm-systems/projects/rccl/build/release/hipify/src/include/nccl_device/impl/gin__funcs.h:413:60: warning: result of comparison of constant 3 with expression of type 'const hipMemLocationType' is always false [-Wtautological-constant-out-of-range-compare]
  413 |           if (!doneSysmemFence && srcSegmentWindow.memType == CU_MEM_LOCATION_TYPE_HOST_NUMA) {
      |                                   ~~~~~~~~~~~~~~~~~~~~~~~~ ^  ~~~~~~~~~~~~~~~~~~~~~~~~~~~~~~
/home/yelkhamr/dark-factory/rocm-systems/projects/rccl/build/release/hipify/src/proxy.cc:1981:14: warning: logical not is only applied to the left hand side of this comparison [-Wlogical-not-parentheses]
 1981 |   } else if (!CUDASUCCESS(hipSetDevice(proxyState->cudaDev))) {
      |              ^~~~~~~~~~~~~~~~~~~~~~~~~~~~~~~~~~~~~~~~~~~~~~~
/home/yelkhamr/dark-factory/rocm-systems/projects/rccl/build/release/hipify/src/proxy.cc:1981:14: note: add parentheses after the '!' to evaluate the comparison first
 1981 |   } else if (!CUDASUCCESS(hipSetDevice(proxyState->cudaDev))) {
      |              ^                                              
      | 2              (                                             ) warnings generated
 when compiling for host.
/home/yelkhamr/dark-factory/rocm-systems/projects/rccl/build/release/hipify/src/proxy.cc:1981:14: note: add parentheses around left hand side expression to silence this warning
2 warnings generated when compiling for host.
In file included from /home/yelkhamr/dark-factory/rocm-systems/projects/rccl/build/release/hipify/src/plugin/tuner/csv_tuner.cc:38:
In file included from /home/yelkhamr/dark-factory/rocm-systems/projects/rccl/build/release/hipify/src/include/tuner.h:13:
In file included from /home/yelkhamr/dark-factory/rocm-systems/projects/rccl/build/release/hipify/src/include/comm.h:25:
In file included from /home/yelkhamr/dark-factory/rocm-systems/projects/rccl/build/release/hipify/src/include/dev_runtime.h:11:
In file included from /home/yelkhamr/dark-factory/rocm-systems/projects/rccl/build/release/hipify/src/include/nccl_device.h:10:
In file included from /home/yelkhamr/dark-factory/rocm-systems/projects/rccl/build/release/hipify/src/include/nccl_device/impl/barrier__funcs.h:12:
In file included from /home/yelkhamr/dark-factory/rocm-systems/projects/rccl/build/release/hipify/src/include/nccl_device/impl/barrier__types.h:10:
In file included from /home/yelkhamr/dark-factory/rocm-systems/projects/rccl/build/release/hipify/src/include/nccl_device/impl/../barrier.h:11:
/home/yelkhamr/dark-factory/rocm-systems/projects/rccl/build/release/hipify/src/include/nccl_device/impl/../impl/core__types.h:26:9: warning: 'NCCL_GIN_MAX_CONNECTIONS' macro redefined [-Wmacro-redefined]
   26 | #define NCCL_GIN_MAX_CONNECTIONS 4
      |         ^
/home/yelkhamr/dark-factory/rocm-systems/projects/rccl/build/release/include/nccl_device/gin/gin_device_host_common.h:18:9: note: previous definition is here
   18 | #define NCCL_GIN_MAX_CONNECTIONS NCCL_GIN_MAX_CONTEXTS
      |         ^
In file included from /home/yelkhamr/dark-factory/rocm-systems/projects/rccl/build/release/hipify/gensrc/symmetric/sym_kernels_host.cc:1:
In file included from /home/yelkhamr/dark-factory/rocm-systems/projects/rccl/build/release/hipify/src/include/sym_kernels.h:11:
In file included from /home/yelkhamr/dark-factory/rocm-systems/projects/rccl/build/release/hipify/src/include/nccl_device.h:16:
/home/yelkhamr/dark-factory/rocm-systems/projects/rccl/build/release/hipify/src/include/nccl_device/impl/gin__funcs.h:413:60: warning: result of comparison of constant 3 with expression of type 'const hipMemLocationType' is always false [-Wtautological-constant-out-of-range-compare]
  413 |           if (!doneSysmemFence && srcSegmentWindow.memType == CU_MEM_LOCATION_TYPE_HOST_NUMA) {
      |                                   ~~~~~~~~~~~~~~~~~~~~~~~~ ^  ~~~~~~~~~~~~~~~~~~~~~~~~~~~~~~
In file included from /home/yelkhamr/dark-factory/rocm-systems/projects/rccl/build/release/hipify/src/transport/net_ib_cast/connect_tmp.cc:9:
In file included from /home/yelkhamr/dark-factory/rocm-systems/projects/rccl/build/release/hipify/src/transport/net_ib_cast/connect_cast.h:11:
In file included from /home/yelkhamr/dark-factory/rocm-systems/projects/rccl/build/release/hipify/src/transport/net_ib_cast/common_cast.h:15:
In file included from /home/yelkhamr/dark-factory/rocm-systems/projects/rccl/build/release/hipify/src/include/net.h:13:
In file included from /home/yelkhamr/dark-factory/rocm-systems/projects/rccl/build/release/hipify/src/include/comm.h:25:
In file included from /home/yelkhamr/dark-factory/rocm-systems/projects/rccl/build/release/hipify/src/include/dev_runtime.h:11:
In file included from /home/yelkhamr/dark-factory/rocm-systems/projects/rccl/build/release/hipify/src/include/nccl_device.h:10:
In file included from /home/yelkhamr/dark-factory/rocm-systems/projects/rccl/build/release/hipify/src/include/nccl_device/impl/barrier__funcs.h:12:
In file included from /home/yelkhamr/dark-factory/rocm-systems/projects/rccl/build/release/hipify/src/include/nccl_device/impl/barrier__types.h:10:
In file included from /home/yelkhamr/dark-factory/rocm-systems/projects/rccl/build/release/hipify/src/include/nccl_device/impl/../barrier.h:11:
/home/yelkhamr/dark-factory/rocm-systems/projects/rccl/build/release/hipify/src/include/nccl_device/impl/../impl/core__types.h:26:9: warning: 'NCCL_GIN_MAX_CONNECTIONS' macro redefined [-Wmacro-redefined]
   26 | #define NCCL_GIN_MAX_CONNECTIONS 4
      |         ^
/home/yelkhamr/dark-factory/rocm-systems/projects/rccl/build/release/include/nccl_device/gin/gin_device_host_common.h:18:9: note: previous definition is here
   18 | #define NCCL_GIN_MAX_CONNECTIONS NCCL_GIN_MAX_CONTEXTS
      |         ^
In file included from /home/yelkhamr/dark-factory/rocm-systems/projects/rccl/build/release/hipify/src/ras/ras.cc:16:
In file included from /home/yelkhamr/dark-factory/rocm-systems/projects/rccl/build/release/hipify/src/include/comm.h:25:
In file included from /home/yelkhamr/dark-factory/rocm-systems/projects/rccl/build/release/hipify/src/include/dev_runtime.h:11:
In file included from /home/yelkhamr/dark-factory/rocm-systems/projects/rccl/build/release/hipify/src/include/nccl_device.h:10:
In file included from /home/yelkhamr/dark-factory/rocm-systems/projects/rccl/build/release/hipify/src/include/nccl_device/impl/barrier__funcs.h:12:
In file included from /home/yelkhamr/dark-factory/rocm-systems/projects/rccl/build/release/hipify/src/include/nccl_device/impl/barrier__types.h:10:
In file included from /home/yelkhamr/dark-factory/rocm-systems/projects/rccl/build/release/hipify/src/include/nccl_device/impl/../barrier.h:11:
/home/yelkhamr/dark-factory/rocm-systems/projects/rccl/build/release/hipify/src/include/nccl_device/impl/../impl/core__types.h:26:9: warning: 'NCCL_GIN_MAX_CONNECTIONS' macro redefined [-Wmacro-redefined]
   26 | #define NCCL_GIN_MAX_CONNECTIONS 4
      |         ^
/home/yelkhamr/dark-factory/rocm-systems/projects/rccl/build/release/include/nccl_device/gin/gin_device_host_common.h:18:9: note: previous definition is here
   18 | #define NCCL_GIN_MAX_CONNECTIONS NCCL_GIN_MAX_CONTEXTS
      |         ^
2 warnings generated when compiling for host.
In file included from /home/yelkhamr/dark-factory/rocm-systems/projects/rccl/build/release/hipify/src/plugin/tuner/csv_tuner.cc:38:
In file included from /home/yelkhamr/dark-factory/rocm-systems/projects/rccl/build/release/hipify/src/include/tuner.h:13:
In file included from /home/yelkhamr/dark-factory/rocm-systems/projects/rccl/build/release/hipify/src/include/comm.h:25:
In file included from /home/yelkhamr/dark-factory/rocm-systems/projects/rccl/build/release/hipify/src/include/dev_runtime.h:11:
In file included from /home/yelkhamr/dark-factory/rocm-systems/projects/rccl/build/release/hipify/src/include/nccl_device.h:16:
/home/yelkhamr/dark-factory/rocm-systems/projects/rccl/build/release/hipify/src/include/nccl_device/impl/gin__funcs.h:413:60: warning: result of comparison of constant 3 with expression of type 'const hipMemLocationType' is always false [-Wtautological-constant-out-of-range-compare]
  413 |           if (!doneSysmemFence && srcSegmentWindow.memType == CU_MEM_LOCATION_TYPE_HOST_NUMA) {
      |                                   ~~~~~~~~~~~~~~~~~~~~~~~~ ^  ~~~~~~~~~~~~~~~~~~~~~~~~~~~~~~
In file included from 2 warnings generated when compiling for host.
/home/yelkhamr/dark-factory/rocm-systems/projects/rccl/build/release/hipify/src/transport/net_ib_cast/common_tmp.cc:8:
In file included from /home/yelkhamr/dark-factory/rocm-systems/projects/rccl/build/release/hipify/src/transport/net_ib_cast/common_cast.h:15:
In file included from /home/yelkhamr/dark-factory/rocm-systems/projects/rccl/build/release/hipify/src/include/net.h:13:
In file included from /home/yelkhamr/dark-factory/rocm-systems/projects/rccl/build/release/hipify/src/include/comm.h:25:
In file included from /home/yelkhamr/dark-factory/rocm-systems/projects/rccl/build/release/hipify/src/include/dev_runtime.h:11:
In file included from /home/yelkhamr/dark-factory/rocm-systems/projects/rccl/build/release/hipify/src/include/nccl_device.h:10:
In file included from /home/yelkhamr/dark-factory/rocm-systems/projects/rccl/build/release/hipify/src/include/nccl_device/impl/barrier__funcs.h:12:
In file included from /home/yelkhamr/dark-factory/rocm-systems/projects/rccl/build/release/hipify/src/include/nccl_device/impl/barrier__types.h:10:
In file included from /home/yelkhamr/dark-factory/rocm-systems/projects/rccl/build/release/hipify/src/include/nccl_device/impl/../barrier.h:11:
/home/yelkhamr/dark-factory/rocm-systems/projects/rccl/build/release/hipify/src/include/nccl_device/impl/../impl/core__types.h:26:9: warning: 'NCCL_GIN_MAX_CONNECTIONS' macro redefined [-Wmacro-redefined]
   26 | #define NCCL_GIN_MAX_CONNECTIONS 4
      |         ^
/home/yelkhamr/dark-factory/rocm-systems/projects/rccl/build/release/include/nccl_device/gin/gin_device_host_common.h:18:9: note: previous definition is here
   18 | #define NCCL_GIN_MAX_CONNECTIONS NCCL_GIN_MAX_CONTEXTS
      |         ^
In file included from /home/yelkhamr/dark-factory/rocm-systems/projects/rccl/build/release/hipify/src/transport/net_ib_cast/connect_tmp.cc:9:
In file included from /home/yelkhamr/dark-factory/rocm-systems/projects/rccl/build/release/hipify/src/transport/net_ib_cast/connect_cast.h:11:
In file included from /home/yelkhamr/dark-factory/rocm-systems/projects/rccl/build/release/hipify/src/transport/net_ib_cast/common_cast.h:15:
In file included from /home/yelkhamr/dark-factory/rocm-systems/projects/rccl/build/release/hipify/src/include/net.h:13:
In file included from /home/yelkhamr/dark-factory/rocm-systems/projects/rccl/build/release/hipify/src/include/comm.h:25:
In file included from /home/yelkhamr/dark-factory/rocm-systems/projects/rccl/build/release/hipify/src/include/dev_runtime.h:11:
In file included from /home/yelkhamr/dark-factory/rocm-systems/projects/rccl/build/release/hipify/src/include/nccl_device.h:16:
/home/yelkhamr/dark-factory/rocm-systems/projects/rccl/build/release/hipify/src/include/nccl_device/impl/gin__funcs.h:413:60: warning: result of comparison of constant 3 with expression of type 'const hipMemLocationType' is always false [-Wtautological-constant-out-of-range-compare]
  413 |           if (!doneSysmemFence && srcSegmentWindow.memType == CU_MEM_LOCATION_TYPE_HOST_NUMA) {
      |                                   ~~~~~~~~~~~~~~~~~~~~~~~~ ^  ~~~~~~~~~~~~~~~~~~~~~~~~~~~~~~
In file included from /home/yelkhamr/dark-factory/rocm-systems/projects/rccl/build/release/hipify/src/transport/net_ib_cast/p2p_tmp.cc:9:
In file included from /home/yelkhamr/dark-factory/rocm-systems/projects/rccl/build/release/hipify/src/transport/net_ib_cast/p2p_cast.h:11:
In file included from /home/yelkhamr/dark-factory/rocm-systems/projects/rccl/build/release/hipify/src/transport/net_ib_cast/common_cast.h:15:
In file included from /home/yelkhamr/dark-factory/rocm-systems/projects/rccl/build/release/hipify/src/include/net.h:13:
In file included from /home/yelkhamr/dark-factory/rocm-systems/projects/rccl/build/release/hipify/src/include/comm.h:25:
In file included from /home/yelkhamr/dark-factory/rocm-systems/projects/rccl/build/release/hipify/src/include/dev_runtime.h:11:
In file included from /home/yelkhamr/dark-factory/rocm-systems/projects/rccl/build/release/hipify/src/include/nccl_device.h:10:
In file included from /home/yelkhamr/dark-factory/rocm-systems/projects/rccl/build/release/hipify/src/include/nccl_device/impl/barrier__funcs.h:12:
In file included from /home/yelkhamr/dark-factory/rocm-systems/projects/rccl/build/release/hipify/src/include/nccl_device/impl/barrier__types.h:10:
In file included from /home/yelkhamr/dark-factory/rocm-systems/projects/rccl/build/release/hipify/src/include/nccl_device/impl/../barrier.h:11:
/home/yelkhamr/dark-factory/rocm-systems/projects/rccl/build/release/hipify/src/include/nccl_device/impl/../impl/core__types.h:26:9: warning: 'NCCL_GIN_MAX_CONNECTIONS' macro redefined [-Wmacro-redefined]
   26 | #define NCCL_GIN_MAX_CONNECTIONS 4
      |         ^
/home/yelkhamr/dark-factory/rocm-systems/projects/rccl/build/release/include/nccl_device/gin/gin_device_host_common.h:18:9: note: previous definition is here
   18 | #define NCCL_GIN_MAX_CONNECTIONS NCCL_GIN_MAX_CONTEXTS
      |         ^
In file included from /home/yelkhamr/dark-factory/rocm-systems/projects/rccl/build/release/hipify/src/ras/ras.cc:16:
In file included from /home/yelkhamr/dark-factory/rocm-systems/projects/rccl/build/release/hipify/src/include/comm.h:25:
In file included from /home/yelkhamr/dark-factory/rocm-systems/projects/rccl/build/release/hipify/src/include/dev_runtime.h:11:
In file included from /home/yelkhamr/dark-factory/rocm-systems/projects/rccl/build/release/hipify/src/include/nccl_device.h:16:
/home/yelkhamr/dark-factory/rocm-systems/projects/rccl/build/release/hipify/src/include/nccl_device/impl/gin__funcs.h:413:60: warning: result of comparison of constant 3 with expression of type 'const hipMemLocationType' is always false [-Wtautological-constant-out-of-range-compare]
  413 |           if (!doneSysmemFence && srcSegmentWindow.memType == CU_MEM_LOCATION_TYPE_HOST_NUMA) {
      |                                   ~~~~~~~~~~~~~~~~~~~~~~~~ ^  ~~~~~~~~~~~~~~~~~~~~~~~~~~~~~~
2 warnings generated when compiling for host.
3 warnings generated when compiling for host.
2 warnings generated when compiling for host.
2 warnings generated when compiling for host.
2 warnings generated when compiling for host.
2 warnings generated when compiling for host.
In file included from /home/yelkhamr/dark-factory/rocm-systems/projects/rccl/build/release/hipify/src/register/coll_reg.cc:10:
In file included from /home/yelkhamr/dark-factory/rocm-systems/projects/rccl/build/release/hipify/src/include/transport.h:25:
In file included from /home/yelkhamr/dark-factory/rocm-systems/projects/rccl/build/release/hipify/src/include/comm.h:25:
In file included from /home/yelkhamr/dark-factory/rocm-systems/projects/rccl/build/release/hipify/src/include/dev_runtime.h:11:
In file included from /home/yelkhamr/dark-factory/rocm-systems/projects/rccl/build/release/hipify/src/include/nccl_device.h:10:
In file included from /home/yelkhamr/dark-factory/rocm-systems/projects/rccl/build/release/hipify/src/include/nccl_device/impl/barrier__funcs.h:12:
In file included from /home/yelkhamr/dark-factory/rocm-systems/projects/rccl/build/release/hipify/src/include/nccl_device/impl/barrier__types.h:10:
In file included from /home/yelkhamr/dark-factory/rocm-systems/projects/rccl/build/release/hipify/src/include/nccl_device/impl/../barrier.h:11:
/home/yelkhamr/dark-factory/rocm-systems/projects/rccl/build/release/hipify/src/include/nccl_device/impl/../impl/core__types.h:26:9: warning: 'NCCL_GIN_MAX_CONNECTIONS' macro redefined [-Wmacro-redefined]
   26 | #define NCCL_GIN_MAX_CONNECTIONS 4
      |         ^
/home/yelkhamr/dark-factory/rocm-systems/projects/rccl/build/release/include/nccl_device/gin/gin_device_host_common.h:18:9: note: previous definition is here
   18 | #define NCCL_GIN_MAX_CONNECTIONS NCCL_GIN_MAX_CONTEXTS
      |         ^
In file included from /home/yelkhamr/dark-factory/rocm-systems/projects/rccl/build/release/hipify/src/transport/net_ib_cast/init_tmp.cc:9:
In file included from /home/yelkhamr/dark-factory/rocm-systems/projects/rccl/build/release/hipify/src/transport/net_ib_cast/common_cast.h:15:
In file included from /home/yelkhamr/dark-factory/rocm-systems/projects/rccl/build/release/hipify/src/include/net.h:13:
In file included from /home/yelkhamr/dark-factory/rocm-systems/projects/rccl/build/release/hipify/src/include/comm.h:25:
In file included from /home/yelkhamr/dark-factory/rocm-systems/projects/rccl/build/release/hipify/src/include/dev_runtime.h:11:
In file included from /home/yelkhamr/dark-factory/rocm-systems/projects/rccl/build/release/hipify/src/include/nccl_device.h:10:
In file included from /home/yelkhamr/dark-factory/rocm-systems/projects/rccl/build/release/hipify/src/include/nccl_device/impl/barrier__funcs.h:12:
In file included from /home/yelkhamr/dark-factory/rocm-systems/projects/rccl/build/release/hipify/src/include/nccl_device/impl/barrier__types.h:10:
In file included from /home/yelkhamr/dark-factory/rocm-systems/projects/rccl/build/release/hipify/src/include/nccl_device/impl/../barrier.h:11:
/home/yelkhamr/dark-factory/rocm-systems/projects/rccl/build/release/hipify/src/include/nccl_device/impl/../impl/core__types.h:26:9: warning: 'NCCL_GIN_MAX_CONNECTIONS' macro redefined [-Wmacro-redefined]
   26 | #define NCCL_GIN_MAX_CONNECTIONS 4
      |         ^
/home/yelkhamr/dark-factory/rocm-systems/projects/rccl/build/release/include/nccl_device/gin/gin_device_host_common.h:18:9: note: previous definition is here
   18 | #define NCCL_GIN_MAX_CONNECTIONS NCCL_GIN_MAX_CONTEXTS
      |         ^
4 warnings generated when compiling for host.
In file included from /home/yelkhamr/dark-factory/rocm-systems/projects/rccl/build/release/hipify/src/transport/net_ib_cast/common_tmp.cc:8:
In file included from /home/yelkhamr/dark-factory/rocm-systems/projects/rccl/build/release/hipify/src/transport/net_ib_cast/common_cast.h:15:
In file included from /home/yelkhamr/dark-factory/rocm-systems/projects/rccl/build/release/hipify/src/include/net.h:13:
In file included from /home/yelkhamr/dark-factory/rocm-systems/projects/rccl/build/release/hipify/src/include/comm.h:25:
In file included from /home/yelkhamr/dark-factory/rocm-systems/projects/rccl/build/release/hipify/src/include/dev_runtime.h:11:
In file included from /home/yelkhamr/dark-factory/rocm-systems/projects/rccl/build/release/hipify/src/include/nccl_device.h:16:
/home/yelkhamr/dark-factory/rocm-systems/projects/rccl/build/release/hipify/src/include/nccl_device/impl/gin__funcs.h:413:60: warning: result of comparison of constant 3 with expression of type 'const hipMemLocationType' is always false [-Wtautological-constant-out-of-range-compare]
  413 |           if (!doneSysmemFence && srcSegmentWindow.memType == CU_MEM_LOCATION_TYPE_HOST_NUMA) {
      |                                   ~~~~~~~~~~~~~~~~~~~~~~~~ ^  ~~~~~~~~~~~~~~~~~~~~~~~~~~~~~~
In file included from /home/yelkhamr/dark-factory/rocm-systems/projects/rccl/build/release/hipify/src/transport/net_ib_cast/p2p_tmp.cc:9:
In file included from /home/yelkhamr/dark-factory/rocm-systems/projects/rccl/build/release/hipify/src/transport/net_ib_cast/p2p_cast.h:11:
In file included from /home/yelkhamr/dark-factory/rocm-systems/projects/rccl/build/release/hipify/src/transport/net_ib_cast/common_cast.h:15:
In file included from /home/yelkhamr/dark-factory/rocm-systems/projects/rccl/build/release/hipify/src/include/net.h:13:
In file included from /home/yelkhamr/dark-factory/rocm-systems/projects/rccl/build/release/hipify/src/include/comm.h:25:
In file included from /home/yelkhamr/dark-factory/rocm-systems/projects/rccl/build/release/hipify/src/include/dev_runtime.h:11:
In file included from /home/yelkhamr/dark-factory/rocm-systems/projects/rccl/build/release/hipify/src/include/nccl_device.h:16:
/home/yelkhamr/dark-factory/rocm-systems/projects/rccl/build/release/hipify/src/include/nccl_device/impl/gin__funcs.h:413:60: warning: result of comparison of constant 3 with expression of type 'const hipMemLocationType' is always false [-Wtautological-constant-out-of-range-compare]
  413 |           if (!doneSysmemFence && srcSegmentWindow.memType == CU_MEM_LOCATION_TYPE_HOST_NUMA) {
      |                                   ~~~~~~~~~~~~~~~~~~~~~~~~ ^  ~~~~~~~~~~~~~~~~~~~~~~~~~~~~~~
In file included from /home/yelkhamr/dark-factory/rocm-systems/projects/rccl/build/release/hipify/src/transport/net_ib_cast/scheduler.cc:2:
In file included from /home/yelkhamr/dark-factory/rocm-systems/projects/rccl/build/release/hipify/src/transport/net_ib_cast/common_cast.h:15:
In file included from /home/yelkhamr/dark-factory/rocm-systems/projects/rccl/build/release/hipify/src/include/net.h:13:
In file included from /home/yelkhamr/dark-factory/rocm-systems/projects/rccl/build/release/hipify/src/include/comm.h:25:
In file included from /home/yelkhamr/dark-factory/rocm-systems/projects/rccl/build/release/hipify/src/include/dev_runtime.h:11:
In file included from /home/yelkhamr/dark-factory/rocm-systems/projects/rccl/build/release/hipify/src/include/nccl_device.h:10:
In file included from /home/yelkhamr/dark-factory/rocm-systems/projects/rccl/build/release/hipify/src/include/nccl_device/impl/barrier__funcs.h:12:
In file included from /home/yelkhamr/dark-factory/rocm-systems/projects/rccl/build/release/hipify/src/include/nccl_device/impl/barrier__types.h:10:
In file included from /home/yelkhamr/dark-factory/rocm-systems/projects/rccl/build/release/hipify/src/include/nccl_device/impl/../barrier.h:11:
/home/yelkhamr/dark-factory/rocm-systems/projects/rccl/build/release/hipify/src/include/nccl_device/impl/../impl/core__types.h:26:9: warning: 'NCCL_GIN_MAX_CONNECTIONS' macro redefined [-Wmacro-redefined]
   26 | #define NCCL_GIN_MAX_CONNECTIONS 4
      |         ^
/home/yelkhamr/dark-factory/rocm-systems/projects/rccl/build/release/include/nccl_device/gin/gin_device_host_common.h:18:9: note: previous definition is here
   18 | #define NCCL_GIN_MAX_CONNECTIONS NCCL_GIN_MAX_CONTEXTS
      |         ^
2 warnings generated when compiling for host.
In file included from /home/yelkhamr/dark-factory/rocm-systems/projects/rccl/build/release/hipify/src/register/coll_reg.cc:10:
In file included from /home/yelkhamr/dark-factory/rocm-systems/projects/rccl/build/release/hipify/src/include/transport.h:25:
In file included from /home/yelkhamr/dark-factory/rocm-systems/projects/rccl/build/release/hipify/src/include/comm.h:25:
In file included from /home/yelkhamr/dark-factory/rocm-systems/projects/rccl/build/release/hipify/src/include/dev_runtime.h:11:
In file included from /home/yelkhamr/dark-factory/rocm-systems/projects/rccl/build/release/hipify/src/include/nccl_device.h:16:
/home/yelkhamr/dark-factory/rocm-systems/projects/rccl/build/release/hipify/src/include/nccl_device/impl/gin__funcs.h:413:60: warning: result of comparison of constant 3 with expression of type 'const hipMemLocationType' is always false [-Wtautological-constant-out-of-range-compare]
  413 |           if (!doneSysmemFence && srcSegmentWindow.memType == CU_MEM_LOCATION_TYPE_HOST_NUMA) {
      |                                   ~~~~~~~~~~~~~~~~~~~~~~~~ ^  ~~~~~~~~~~~~~~~~~~~~~~~~~~~~~~
3 warnings generated when compiling for host.
In file included from /home/yelkhamr/dark-factory/rocm-systems/projects/rccl/build/release/hipify/src/transport/net_ib_cast/init_tmp.cc:9:
In file included from /home/yelkhamr/dark-factory/rocm-systems/projects/rccl/build/release/hipify/src/transport/net_ib_cast/common_cast.h:15:
In file included from /home/yelkhamr/dark-factory/rocm-systems/projects/rccl/build/release/hipify/src/include/net.h:13:
In file included from /home/yelkhamr/dark-factory/rocm-systems/projects/rccl/build/release/hipify/src/include/comm.h:25:
In file included from /home/yelkhamr/dark-factory/rocm-systems/projects/rccl/build/release/hipify/src/include/dev_runtime.h:11:
In file included from /home/yelkhamr/dark-factory/rocm-systems/projects/rccl/build/release/hipify/src/include/nccl_device.h:16:
/home/yelkhamr/dark-factory/rocm-systems/projects/rccl/build/release/hipify/src/include/nccl_device/impl/gin__funcs.h:413:60: warning: result of comparison of constant 3 with expression of type 'const hipMemLocationType' is always false [-Wtautological-constant-out-of-range-compare]
  413 |           if (!doneSysmemFence && srcSegmentWindow.memType == CU_MEM_LOCATION_TYPE_HOST_NUMA) {
      |                                   ~~~~~~~~~~~~~~~~~~~~~~~~ ^  ~~~~~~~~~~~~~~~~~~~~~~~~~~~~~~
In file included from /home/yelkhamr/dark-factory/rocm-systems/projects/rccl/build/release/hipify/src/transport/net_ib_cast/gdr_tmp.cc:8:
In file included from /home/yelkhamr/dark-factory/rocm-systems/projects/rccl/build/release/hipify/src/transport/net_ib_cast/common_cast.h:15:
In file included from /home/yelkhamr/dark-factory/rocm-systems/projects/rccl/build/release/hipify/src/include/net.h:13:
In file included from /home/yelkhamr/dark-factory/rocm-systems/projects/rccl/build/release/hipify/src/include/comm.h:25:
In file included from /home/yelkhamr/dark-factory/rocm-systems/projects/rccl/build/release/hipify/src/include/dev_runtime.h:11:
In file included from /home/yelkhamr/dark-factory/rocm-systems/projects/rccl/build/release/hipify/src/include/nccl_device.h:10:
In file included from /home/yelkhamr/dark-factory/rocm-systems/projects/rccl/build/release/hipify/src/include/nccl_device/impl/barrier__funcs.h:12:
In file included from /home/yelkhamr/dark-factory/rocm-systems/projects/rccl/build/release/hipify/src/include/nccl_device/impl/barrier__types.h:10:
In file included from /home/yelkhamr/dark-factory/rocm-systems/projects/rccl/build/release/hipify/src/include/nccl_device/impl/../barrier.h:11:
/home/yelkhamr/dark-factory/rocm-systems/projects/rccl/build/release/hipify/src/include/nccl_device/impl/../impl/core__types.h:26:9: warning: 'NCCL_GIN_MAX_CONNECTIONS' macro redefined [-Wmacro-redefined]
   26 | #define NCCL_GIN_MAX_CONNECTIONS 4
      |         ^
/home/yelkhamr/dark-factory/rocm-systems/projects/rccl/build/release/include/nccl_device/gin/gin_device_host_common.h:18:9: note: previous definition is here
   18 | #define NCCL_GIN_MAX_CONNECTIONS NCCL_GIN_MAX_CONTEXTS
      |         ^
2 warnings generated when compiling for host.
In file included from /home/yelkhamr/dark-factory/rocm-systems/projects/rccl/build/release/hipify/src/transport/net_ib_cast/p2p_resiliency_tmp.cc:9:
In file included from /home/yelkhamr/dark-factory/rocm-systems/projects/rccl/build/release/hipify/src/transport/net_ib_cast/p2p_resiliency_cast.h:12:
In file included from /home/yelkhamr/dark-factory/rocm-systems/projects/rccl/build/release/hipify/src/transport/net_ib_cast/common_cast.h:15:
In file included from /home/yelkhamr/dark-factory/rocm-systems/projects/rccl/build/release/hipify/src/include/net.h:13:
In file included from /home/yelkhamr/dark-factory/rocm-systems/projects/rccl/build/release/hipify/src/include/comm.h:25:
In file included from /home/yelkhamr/dark-factory/rocm-systems/projects/rccl/build/release/hipify/src/include/dev_runtime.h:11:
In file included from /home/yelkhamr/dark-factory/rocm-systems/projects/rccl/build/release/hipify/src/include/nccl_device.h:10:
In file included from /home/yelkhamr/dark-factory/rocm-systems/projects/rccl/build/release/hipify/src/include/nccl_device/impl/barrier__funcs.h:12:
In file included from /home/yelkhamr/dark-factory/rocm-systems/projects/rccl/build/release/hipify/src/include/nccl_device/impl/barrier__types.h:10:
In file included from /home/yelkhamr/dark-factory/rocm-systems/projects/rccl/build/release/hipify/src/include/nccl_device/impl/../barrier.h:11:
/home/yelkhamr/dark-factory/rocm-systems/projects/rccl/build/release/hipify/src/include/nccl_device/impl/../impl/core__types.h:26:9: warning: 'NCCL_GIN_MAX_CONNECTIONS' macro redefined [-Wmacro-redefined]
   26 | #define NCCL_GIN_MAX_CONNECTIONS 4
      |         ^
/home/yelkhamr/dark-factory/rocm-systems/projects/rccl/build/release/include/nccl_device/gin/gin_device_host_common.h:18:9: note: previous definition is here
   18 | #define NCCL_GIN_MAX_CONNECTIONS NCCL_GIN_MAX_CONTEXTS
      |         ^
2 warnings generated when compiling for host.
In file included from /home/yelkhamr/dark-factory/rocm-systems/projects/rccl/build/release/hipify/src/transport/net_ib_cast/scheduler.cc:2:
In file included from /home/yelkhamr/dark-factory/rocm-systems/projects/rccl/build/release/hipify/src/transport/net_ib_cast/common_cast.h:15:
In file included from /home/yelkhamr/dark-factory/rocm-systems/projects/rccl/build/release/hipify/src/include/net.h:13:
In file included from /home/yelkhamr/dark-factory/rocm-systems/projects/rccl/build/release/hipify/src/include/comm.h:25:
In file included from /home/yelkhamr/dark-factory/rocm-systems/projects/rccl/build/release/hipify/src/include/dev_runtime.h:11:
In file included from /home/yelkhamr/dark-factory/rocm-systems/projects/rccl/build/release/hipify/src/include/nccl_device.h:16:
/home/yelkhamr/dark-factory/rocm-systems/projects/rccl/build/release/hipify/src/include/nccl_device/impl/gin__funcs.h:413:60: warning: result of comparison of constant 3 with expression of type 'const hipMemLocationType' is always false [-Wtautological-constant-out-of-range-compare]
  413 |           if (!doneSysmemFence && srcSegmentWindow.memType == CU_MEM_LOCATION_TYPE_HOST_NUMA) {
      |                                   ~~~~~~~~~~~~~~~~~~~~~~~~ ^  ~~~~~~~~~~~~~~~~~~~~~~~~~~~~~~
2 warnings generated when compiling for host.
In file included from /home/yelkhamr/dark-factory/rocm-systems/projects/rccl/build/release/hipify/src/transport/net_ib_cast/gdr_tmp.cc:8:
In file included from /home/yelkhamr/dark-factory/rocm-systems/projects/rccl/build/release/hipify/src/transport/net_ib_cast/common_cast.h:15:
In file included from /home/yelkhamr/dark-factory/rocm-systems/projects/rccl/build/release/hipify/src/include/net.h:13:
In file included from /home/yelkhamr/dark-factory/rocm-systems/projects/rccl/build/release/hipify/src/include/comm.h:25:
In file included from /home/yelkhamr/dark-factory/rocm-systems/projects/rccl/build/release/hipify/src/include/dev_runtime.h:11:
In file included from /home/yelkhamr/dark-factory/rocm-systems/projects/rccl/build/release/hipify/src/include/nccl_device.h:16:
/home/yelkhamr/dark-factory/rocm-systems/projects/rccl/build/release/hipify/src/include/nccl_device/impl/gin__funcs.h:413:60: warning: result of comparison of constant 3 with expression of type 'const hipMemLocationType' is always false [-Wtautological-constant-out-of-range-compare]
  413 |           if (!doneSysmemFence && srcSegmentWindow.memType == CU_MEM_LOCATION_TYPE_HOST_NUMA) {
      |                                   ~~~~~~~~~~~~~~~~~~~~~~~~ ^  ~~~~~~~~~~~~~~~~~~~~~~~~~~~~~~
In file included from /home/yelkhamr/dark-factory/rocm-systems/projects/rccl/build/release/hipify/src/transport/net_ib_cast/p2p_resiliency_tmp.cc:9:
In file included from /home/yelkhamr/dark-factory/rocm-systems/projects/rccl/build/release/hipify/src/transport/net_ib_cast/p2p_resiliency_cast.h:12:
In file included from /home/yelkhamr/dark-factory/rocm-systems/projects/rccl/build/release/hipify/src/transport/net_ib_cast/common_cast.h:15:
In file included from /home/yelkhamr/dark-factory/rocm-systems/projects/rccl/build/release/hipify/src/include/net.h:13:
In file included from /home/yelkhamr/dark-factory/rocm-systems/projects/rccl/build/release/hipify/src/include/comm.h:25:
In file included from /home/yelkhamr/dark-factory/rocm-systems/projects/rccl/build/release/hipify/src/include/dev_runtime.h:11:
In file included from /home/yelkhamr/dark-factory/rocm-systems/projects/rccl/build/release/hipify/src/include/nccl_device.h:16:
/home/yelkhamr/dark-factory/rocm-systems/projects/rccl/build/release/hipify/src/include/nccl_device/impl/gin__funcs.h:413:60: warning: result of comparison of constant 3 with expression of type 'const hipMemLocationType' is always false [-Wtautological-constant-out-of-range-compare]
  413 |           if (!doneSysmemFence && srcSegmentWindow.memType == CU_MEM_LOCATION_TYPE_HOST_NUMA) {
      |                                   ~~~~~~~~~~~~~~~~~~~~~~~~ ^  ~~~~~~~~~~~~~~~~~~~~~~~~~~~~~~
In file included from /home/yelkhamr/dark-factory/rocm-systems/projects/rccl/build/release/hipify/src/transport/net_ib_cast/reg_tmp.cc:8:
In file included from /home/yelkhamr/dark-factory/rocm-systems/projects/rccl/build/release/hipify/src/transport/net_ib_cast/common_cast.h:15:
In file included from /home/yelkhamr/dark-factory/rocm-systems/projects/rccl/build/release/hipify/src/include/net.h:13:
In file included from /home/yelkhamr/dark-factory/rocm-systems/projects/rccl/build/release/hipify/src/include/comm.h:25:
In file included from /home/yelkhamr/dark-factory/rocm-systems/projects/rccl/build/release/hipify/src/include/dev_runtime.h:11:
In file included from /home/yelkhamr/dark-factory/rocm-systems/projects/rccl/build/release/hipify/src/include/nccl_device.h:10:
In file included from /home/yelkhamr/dark-factory/rocm-systems/projects/rccl/build/release/hipify/src/include/nccl_device/impl/barrier__funcs.h:12:
In file included from /home/yelkhamr/dark-factory/rocm-systems/projects/rccl/build/release/hipify/src/include/nccl_device/impl/barrier__types.h:10:
In file included from /home/yelkhamr/dark-factory/rocm-systems/projects/rccl/build/release/hipify/src/include/nccl_device/impl/../barrier.h:11:
/home/yelkhamr/dark-factory/rocm-systems/projects/rccl/build/release/hipify/src/include/nccl_device/impl/../impl/core__types.h:26:9: warning: 'NCCL_GIN_MAX_CONNECTIONS' macro redefined [-Wmacro-redefined]
   26 | #define NCCL_GIN_MAX_CONNECTIONS 4
      |         ^
/home/yelkhamr/dark-factory/rocm-systems/projects/rccl/build/release/include/nccl_device/gin/gin_device_host_common.h:18:9: note: previous definition is here
   18 | #define NCCL_GIN_MAX_CONNECTIONS NCCL_GIN_MAX_CONTEXTS
      |         ^
2 warnings generated when compiling for host.
2 warnings generated when compiling for host.
2 warnings generated when compiling for host.
In file included from /home/yelkhamr/dark-factory/rocm-systems/projects/rccl/build/release/hipify/src/plugin/profiler.cc:11:
In file included from /home/yelkhamr/dark-factory/rocm-systems/projects/rccl/build/release/hipify/src/include/comm.h:25:
In file included from /home/yelkhamr/dark-factory/rocm-systems/projects/rccl/build/release/hipify/src/include/dev_runtime.h:11:
In file included from /home/yelkhamr/dark-factory/rocm-systems/projects/rccl/build/release/hipify/src/include/nccl_device.h:10:
In file included from /home/yelkhamr/dark-factory/rocm-systems/projects/rccl/build/release/hipify/src/include/nccl_device/impl/barrier__funcs.h:12:
In file included from /home/yelkhamr/dark-factory/rocm-systems/projects/rccl/build/release/hipify/src/include/nccl_device/impl/barrier__types.h:10:
In file included from /home/yelkhamr/dark-factory/rocm-systems/projects/rccl/build/release/hipify/src/include/nccl_device/impl/../barrier.h:11:
/home/yelkhamr/dark-factory/rocm-systems/projects/rccl/build/release/hipify/src/include/nccl_device/impl/../impl/core__types.h:26:9: warning: 'NCCL_GIN_MAX_CONNECTIONS' macro redefined [-Wmacro-redefined]
   26 | #define NCCL_GIN_MAX_CONNECTIONS 4
      |         ^
/home/yelkhamr/dark-factory/rocm-systems/projects/rccl/build/release/include/nccl_device/gin/gin_device_host_common.h:18:9: note: previous definition is here
   18 | #define NCCL_GIN_MAX_CONNECTIONS NCCL_GIN_MAX_CONTEXTS
      |         ^
In file included from /home/yelkhamr/dark-factory/rocm-systems/projects/rccl/build/release/hipify/src/transport/net_ib_cast/reg_tmp.cc:8:
In file included from /home/yelkhamr/dark-factory/rocm-systems/projects/rccl/build/release/hipify/src/transport/net_ib_cast/common_cast.h:15:
In file included from /home/yelkhamr/dark-factory/rocm-systems/projects/rccl/build/release/hipify/src/include/net.h:13:
In file included from /home/yelkhamr/dark-factory/rocm-systems/projects/rccl/build/release/hipify/src/include/comm.h:25:
In file included from /home/yelkhamr/dark-factory/rocm-systems/projects/rccl/build/release/hipify/src/include/dev_runtime.h:11:
In file included from /home/yelkhamr/dark-factory/rocm-systems/projects/rccl/build/release/hipify/src/include/nccl_device.h:16:
/home/yelkhamr/dark-factory/rocm-systems/projects/rccl/build/release/hipify/src/include/nccl_device/impl/gin__funcs.h:413:60: warning: result of comparison of constant 3 with expression of type 'const hipMemLocationType' is always false [-Wtautological-constant-out-of-range-compare]
  413 |           if (!doneSysmemFence && srcSegmentWindow.memType == CU_MEM_LOCATION_TYPE_HOST_NUMA) {
      |                                   ~~~~~~~~~~~~~~~~~~~~~~~~ ^  ~~~~~~~~~~~~~~~~~~~~~~~~~~~~~~
2 warnings generated when compiling for host.
/home/yelkhamr/dark-factory/rocm-systems/projects/rccl/build/release/hipify/src/transport/net_ib/gin_tmp.cc:14:11: warning: unused variable 'NCCL_GIN_IB_ALLTOALL_TAG' [-Wunused-const-variable]
   14 | const int NCCL_GIN_IB_ALLTOALL_TAG = 0xa1;
      |           ^~~~~~~~~~~~~~~~~~~~~~~~
In file included from /home/yelkhamr/dark-factory/rocm-systems/projects/rccl/build/release/hipify/src/transport/net_ib_cast/p2p_resiliency_recovery_ainic.cc:18:
In file included from /home/yelkhamr/dark-factory/rocm-systems/projects/rccl/build/release/hipify/src/transport/net_ib_cast/p2p_resiliency_recovery_internal.h:13:
In file included from /home/yelkhamr/dark-factory/rocm-systems/projects/rccl/build/release/hipify/src/transport/net_ib_cast/p2p_resiliency_recovery_cast.h:11:
In file included from /home/yelkhamr/dark-factory/rocm-systems/projects/rccl/build/release/hipify/src/transport/net_ib_cast/p2p_resiliency_cast.h:12:
In file included from /home/yelkhamr/dark-factory/rocm-systems/projects/rccl/build/release/hipify/src/transport/net_ib_cast/common_cast.h:15:
In file included from /home/yelkhamr/dark-factory/rocm-systems/projects/rccl/build/release/hipify/src/include/net.h:13:
In file included from /home/yelkhamr/dark-factory/rocm-systems/projects/rccl/build/release/hipify/src/include/comm.h:25:
In file included from /home/yelkhamr/dark-factory/rocm-systems/projects/rccl/build/release/hipify/src/include/dev_runtime.h:11:
In file included from /home/yelkhamr/dark-factory/rocm-systems/projects/rccl/build/release/hipify/src/include/nccl_device.h:10:
In file included from /home/yelkhamr/dark-factory/rocm-systems/projects/rccl/build/release/hipify/src/include/nccl_device/impl/barrier__funcs.h:12:
In file included from /home/yelkhamr/dark-factory/rocm-systems/projects/rccl/build/release/hipify/src/include/nccl_device/impl/barrier__types.h:10:
In file included from /home/yelkhamr/dark-factory/rocm-systems/projects/rccl/build/release/hipify/src/include/nccl_device/impl/../barrier.h:11:
/home/yelkhamr/dark-factory/rocm-systems/projects/rccl/build/release/hipify/src/include/nccl_device/impl/../impl/core__types.h:26:9: warning: 'NCCL_GIN_MAX_CONNECTIONS' macro redefined [-Wmacro-redefined]
   26 | #define NCCL_GIN_MAX_CONNECTIONS 4
      |         ^
/home/yelkhamr/dark-factory/rocm-systems/projects/rccl/build/release/include/nccl_device/gin/gin_device_host_common.h:18:9: note: previous definition is here
   18 | #define NCCL_GIN_MAX_CONNECTIONS NCCL_GIN_MAX_CONTEXTS
      |         ^
2 warnings generated when compiling for host.
2 warnings generated when compiling for host.
In file included from /home/yelkhamr/dark-factory/rocm-systems/projects/rccl/build/release/hipify/src/plugin/profiler.cc:11:
In file included from /home/yelkhamr/dark-factory/rocm-systems/projects/rccl/build/release/hipify/src/include/comm.h:25:
In file included from /home/yelkhamr/dark-factory/rocm-systems/projects/rccl/build/release/hipify/src/include/dev_runtime.h:11:
In file included from /home/yelkhamr/dark-factory/rocm-systems/projects/rccl/build/release/hipify/src/include/nccl_device.h:16:
/home/yelkhamr/dark-factory/rocm-systems/projects/rccl/build/release/hipify/src/include/nccl_device/impl/gin__funcs.h:413:60: warning: result of comparison of constant 3 with expression of type 'const hipMemLocationType' is always false [-Wtautological-constant-out-of-range-compare]
  413 |           if (!doneSysmemFence && srcSegmentWindow.memType == CU_MEM_LOCATION_TYPE_HOST_NUMA) {
      |                                   ~~~~~~~~~~~~~~~~~~~~~~~~ ^  ~~~~~~~~~~~~~~~~~~~~~~~~~~~~~~
In file included from /home/yelkhamr/dark-factory/rocm-systems/projects/rccl/build/release/hipify/src/transport/net_ib_cast/gin_tmp.cc:8:
In file included from /home/yelkhamr/dark-factory/rocm-systems/projects/rccl/build/release/hipify/src/transport/net_ib_cast/common_cast.h:15:
In file included from /home/yelkhamr/dark-factory/rocm-systems/projects/rccl/build/release/hipify/src/include/net.h:13:
In file included from /home/yelkhamr/dark-factory/rocm-systems/projects/rccl/build/release/hipify/src/include/comm.h:25:
In file included from /home/yelkhamr/dark-factory/rocm-systems/projects/rccl/build/release/hipify/src/include/dev_runtime.h:11:
In file included from /home/yelkhamr/dark-factory/rocm-systems/projects/rccl/build/release/hipify/src/include/nccl_device.h:10:
In file included from /home/yelkhamr/dark-factory/rocm-systems/projects/rccl/build/release/hipify/src/include/nccl_device/impl/barrier__funcs.h:12:
In file included from /home/yelkhamr/dark-factory/rocm-systems/projects/rccl/build/release/hipify/src/include/nccl_device/impl/barrier__types.h:10:
In file included from /home/yelkhamr/dark-factory/rocm-systems/projects/rccl/build/release/hipify/src/include/nccl_device/impl/../barrier.h:11:
/home/yelkhamr/dark-factory/rocm-systems/projects/rccl/build/release/hipify/src/include/nccl_device/impl/../impl/core__types.h:26:9: warning: 'NCCL_GIN_MAX_CONNECTIONS' macro redefined [-Wmacro-redefined]
   26 | #define NCCL_GIN_MAX_CONNECTIONS 4
      |         ^
/home/yelkhamr/dark-factory/rocm-systems/projects/rccl/build/release/include/nccl_device/gin/gin_device_host_common.h:18:9: note: previous definition is here
   18 | #define NCCL_GIN_MAX_CONNECTIONS NCCL_GIN_MAX_CONTEXTS
      |         ^
In file included from /home/yelkhamr/dark-factory/rocm-systems/projects/rccl/build/release/hipify/src/transport/net_ib_cast/p2p_resiliency_recovery_ainic.cc:18:
In file included from /home/yelkhamr/dark-factory/rocm-systems/projects/rccl/build/release/hipify/src/transport/net_ib_cast/p2p_resiliency_recovery_internal.h:13:
In file included from /home/yelkhamr/dark-factory/rocm-systems/projects/rccl/build/release/hipify/src/transport/net_ib_cast/p2p_resiliency_recovery_cast.h:11:
In file included from /home/yelkhamr/dark-factory/rocm-systems/projects/rccl/build/release/hipify/src/transport/net_ib_cast/p2p_resiliency_cast.h:12:
In file included from /home/yelkhamr/dark-factory/rocm-systems/projects/rccl/build/release/hipify/src/transport/net_ib_cast/common_cast.h:15:
In file included from /home/yelkhamr/dark-factory/rocm-systems/projects/rccl/build/release/hipify/src/include/net.h:13:
In file included from /home/yelkhamr/dark-factory/rocm-systems/projects/rccl/build/release/hipify/src/include/comm.h:25:
In file included from /home/yelkhamr/dark-factory/rocm-systems/projects/rccl/build/release/hipify/src/include/dev_runtime.h:11:
In file included from /home/yelkhamr/dark-factory/rocm-systems/projects/rccl/build/release/hipify/src/include/nccl_device.h:16:
/home/yelkhamr/dark-factory/rocm-systems/projects/rccl/build/release/hipify/src/include/nccl_device/impl/gin__funcs.h:413:60: warning: result of comparison of constant 3 with expression of type 'const hipMemLocationType' is always false [-Wtautological-constant-out-of-range-compare]
  413 |           if (!doneSysmemFence && srcSegmentWindow.memType == CU_MEM_LOCATION_TYPE_HOST_NUMA) {
      |                                   ~~~~~~~~~~~~~~~~~~~~~~~~ ^  ~~~~~~~~~~~~~~~~~~~~~~~~~~~~~~
2 warnings generated when compiling for host.
In file included from /home/yelkhamr/dark-factory/rocm-systems/projects/rccl/build/release/hipify/src/transport/net_ib_cast/gin_tmp.cc:8:
In file included from /home/yelkhamr/dark-factory/rocm-systems/projects/rccl/build/release/hipify/src/transport/net_ib_cast/common_cast.h:15:
In file included from /home/yelkhamr/dark-factory/rocm-systems/projects/rccl/build/release/hipify/src/include/net.h:13:
In file included from /home/yelkhamr/dark-factory/rocm-systems/projects/rccl/build/release/hipify/src/include/comm.h:25:
In file included from /home/yelkhamr/dark-factory/rocm-systems/projects/rccl/build/release/hipify/src/include/dev_runtime.h:11:
In file included from /home/yelkhamr/dark-factory/rocm-systems/projects/rccl/build/release/hipify/src/include/nccl_device.h:16:
/home/yelkhamr/dark-factory/rocm-systems/projects/rccl/build/release/hipify/src/include/nccl_device/impl/gin__funcs.h:413:60: warning: result of comparison of constant 3 with expression of type 'const hipMemLocationType' is always false [-Wtautological-constant-out-of-range-compare]
  413 |           if (!doneSysmemFence && srcSegmentWindow.memType == CU_MEM_LOCATION_TYPE_HOST_NUMA) {
      |                                   ~~~~~~~~~~~~~~~~~~~~~~~~ ^  ~~~~~~~~~~~~~~~~~~~~~~~~~~~~~~
3 warnings generated when compiling for host.
2 warnings generated when compiling for host.
2 warnings generated when compiling for host.
2 warnings generated when compiling for host.
2 warnings generated when compiling for host.
In file included from /home/yelkhamr/dark-factory/rocm-systems/projects/rccl/build/release/hipify/src/devcomm/devcomm_v22902.cc:9:
In file included from /home/yelkhamr/dark-factory/rocm-systems/projects/rccl/build/release/hipify/src/include/comm.h:25:
In file included from /home/yelkhamr/dark-factory/rocm-systems/projects/rccl/build/release/hipify/src/include/dev_runtime.h:11:
In file included from /home/yelkhamr/dark-factory/rocm-systems/projects/rccl/build/release/hipify/src/include/nccl_device.h:10:
In file included from /home/yelkhamr/dark-factory/rocm-systems/projects/rccl/build/release/hipify/src/include/nccl_device/impl/barrier__funcs.h:12:
In file included from /home/yelkhamr/dark-factory/rocm-systems/projects/rccl/build/release/hipify/src/include/nccl_device/impl/barrier__types.h:10:
In file included from /home/yelkhamr/dark-factory/rocm-systems/projects/rccl/build/release/hipify/src/include/nccl_device/impl/../barrier.h:11:
/home/yelkhamr/dark-factory/rocm-systems/projects/rccl/build/release/hipify/src/include/nccl_device/impl/../impl/core__types.h:26:9: warning: 'NCCL_GIN_MAX_CONNECTIONS' macro redefined [-Wmacro-redefined]
   26 | #define NCCL_GIN_MAX_CONNECTIONS 4
      |         ^
/home/yelkhamr/dark-factory/rocm-systems/projects/rccl/build/release/include/nccl_device/gin/gin_device_host_common.h:18:9: note: previous definition is here
   18 | #define NCCL_GIN_MAX_CONNECTIONS NCCL_GIN_MAX_CONTEXTS
      |         ^
2 warnings generated when compiling for host.
/home/yelkhamr/dark-factory/rocm-systems/projects/rccl/build/release/hipify/src/transport/net_ib_cast/connect_tmp.cc:1396:126: warning: format specifies type 'int' but the argument has type 'int64_t' (aka 'long') [-Wformat]
 1396 |   INFO(NCCL_NET, "NET/IB: ncclIbAccept isP2p=%d useCtsOffload=%d (IbP2pDisableCts=%d)", remMeta.isP2p, rComm->useCtsOffload, rcclParamIbCastP2pDisableCts());
      |                                                                                   ~~                                         ^~~~~~~~~~~~~~~~~~~~~~~~~~~~~~
      |                                                                                   %ld
/home/yelkhamr/dark-factory/rocm-systems/projects/rccl/build/release/hipify/src/include/debug.h:53:85: note: expanded from macro 'INFO'
   53 |             ncclDebugLog(NCCL_LOG_INFO, (unsigned long)(FLAGS), __func__, __LINE__, __VA_ARGS__); \
      |                                                                                     ^~~~~~~~~~~
2 warnings generated when compiling for host.
2 warnings generated when compiling for host.
In file included from /home/yelkhamr/dark-factory/rocm-systems/projects/rccl/build/release/hipify/src/devcomm/devcomm_v22902.cc:9:
In file included from /home/yelkhamr/dark-factory/rocm-systems/projects/rccl/build/release/hipify/src/include/comm.h:25:
In file included from /home/yelkhamr/dark-factory/rocm-systems/projects/rccl/build/release/hipify/src/include/dev_runtime.h:11:
In file included from /home/yelkhamr/dark-factory/rocm-systems/projects/rccl/build/release/hipify/src/include/nccl_device.h:16:
/home/yelkhamr/dark-factory/rocm-systems/projects/rccl/build/release/hipify/src/include/nccl_device/impl/gin__funcs.h:413:60: warning: result of comparison of constant 3 with expression of type 'const hipMemLocationType' is always false [-Wtautological-constant-out-of-range-compare]
  413 |           if (!doneSysmemFence && srcSegmentWindow.memType == CU_MEM_LOCATION_TYPE_HOST_NUMA) {
      |                                   ~~~~~~~~~~~~~~~~~~~~~~~~ ^  ~~~~~~~~~~~~~~~~~~~~~~~~~~~~~~
/home/yelkhamr/dark-factory/rocm-systems/projects/rccl/build/release/hipify/src/sym_kernels.cc:78:20: warning: unused variable 'kernelMask_LSA' [-Wunused-const-variable]
   78 | constexpr uint32_t kernelMask_LSA = 1<<ncclSymkKernelId_AllReduce_AGxLL_R |
      |                    ^~~~~~~~~~~~~~
2 warnings generated when compiling for host.
2 warnings generated when compiling for host.
2 warnings generated when compiling for host.
2 warnings generated when compiling for host.
In file included from /home/yelkhamr/dark-factory/rocm-systems/projects/rccl/build/release/hipify/src/transport/net_ib_cast/p2p_resiliency_recovery_tmp.cc:8:
In file included from /home/yelkhamr/dark-factory/rocm-systems/projects/rccl/build/release/hipify/src/transport/net_ib_cast/p2p_resiliency_recovery_internal.h:13:
In file included from /home/yelkhamr/dark-factory/rocm-systems/projects/rccl/build/release/hipify/src/transport/net_ib_cast/p2p_resiliency_recovery_cast.h:11:
In file included from /home/yelkhamr/dark-factory/rocm-systems/projects/rccl/build/release/hipify/src/transport/net_ib_cast/p2p_resiliency_cast.h:12:
In file included from /home/yelkhamr/dark-factory/rocm-systems/projects/rccl/build/release/hipify/src/transport/net_ib_cast/common_cast.h:15:
In file included from /home/yelkhamr/dark-factory/rocm-systems/projects/rccl/build/release/hipify/src/include/net.h:13:
In file included from /home/yelkhamr/dark-factory/rocm-systems/projects/rccl/build/release/hipify/src/include/comm.h:25:
In file included from /home/yelkhamr/dark-factory/rocm-systems/projects/rccl/build/release/hipify/src/include/dev_runtime.h:11:
In file included from /home/yelkhamr/dark-factory/rocm-systems/projects/rccl/build/release/hipify/src/include/nccl_device.h:10:
In file included from /home/yelkhamr/dark-factory/rocm-systems/projects/rccl/build/release/hipify/src/include/nccl_device/impl/barrier__funcs.h:12:
In file included from /home/yelkhamr/dark-factory/rocm-systems/projects/rccl/build/release/hipify/src/include/nccl_device/impl/barrier__types.h:10:
In file included from /home/yelkhamr/dark-factory/rocm-systems/projects/rccl/build/release/hipify/src/include/nccl_device/impl/../barrier.h:11:
/home/yelkhamr/dark-factory/rocm-systems/projects/rccl/build/release/hipify/src/include/nccl_device/impl/../impl/core__types.h:26:9: warning: 'NCCL_GIN_MAX_CONNECTIONS' macro redefined [-Wmacro-redefined]
   26 | #define NCCL_GIN_MAX_CONNECTIONS 4
      |         ^
/home/yelkhamr/dark-factory/rocm-systems/projects/rccl/build/release/include/nccl_device/gin/gin_device_host_common.h:18:9: note: previous definition is here
   18 | #define NCCL_GIN_MAX_CONNECTIONS NCCL_GIN_MAX_CONTEXTS
      |         ^
2 warnings generated when compiling for host.
2 warnings generated when compiling for host.
4 warnings generated when compiling for host.
In file included from /home/yelkhamr/dark-factory/rocm-systems/projects/rccl/build/release/hipify/src/transport/net_ib_cast/p2p_resiliency_recovery_tmp.cc:8:
In file included from /home/yelkhamr/dark-factory/rocm-systems/projects/rccl/build/release/hipify/src/transport/net_ib_cast/p2p_resiliency_recovery_internal.h:13:
In file included from /home/yelkhamr/dark-factory/rocm-systems/projects/rccl/build/release/hipify/src/transport/net_ib_cast/p2p_resiliency_recovery_cast.h:11:
In file included from /home/yelkhamr/dark-factory/rocm-systems/projects/rccl/build/release/hipify/src/transport/net_ib_cast/p2p_resiliency_cast.h:12:
In file included from /home/yelkhamr/dark-factory/rocm-systems/projects/rccl/build/release/hipify/src/transport/net_ib_cast/common_cast.h:15:
In file included from /home/yelkhamr/dark-factory/rocm-systems/projects/rccl/build/release/hipify/src/include/net.h:13:
In file included from /home/yelkhamr/dark-factory/rocm-systems/projects/rccl/build/release/hipify/src/include/comm.h:25:
In file included from /home/yelkhamr/dark-factory/rocm-systems/projects/rccl/build/release/hipify/src/include/dev_runtime.h:11:
In file included from /home/yelkhamr/dark-factory/rocm-systems/projects/rccl/build/release/hipify/src/include/nccl_device.h:16:
/home/yelkhamr/dark-factory/rocm-systems/projects/rccl/build/release/hipify/src/include/nccl_device/impl/gin__funcs.h:413:60: warning: result of comparison of constant 3 with expression of type 'const hipMemLocationType' is always false [-Wtautological-constant-out-of-range-compare]
  413 |           if (!doneSysmemFence && srcSegmentWindow.memType == CU_MEM_LOCATION_TYPE_HOST_NUMA) {
      |                                   ~~~~~~~~~~~~~~~~~~~~~~~~ ^  ~~~~~~~~~~~~~~~~~~~~~~~~~~~~~~
2 warnings generated when compiling for host.
/home/yelkhamr/dark-factory/rocm-systems/projects/rccl/build/release/hipify/src/transport/net_ib_cast/gin_tmp.cc:123:1: warning: unused label 'end' [-Wunused-label]
  123 | end:
      | ^~~~
2 warnings generated when compiling for host.
2 warnings generated when compiling for host.
4 warnings generated when compiling for host.
2 warnings generated when compiling for host.
3 warnings generated when compiling for host.
2 warnings generated when compiling for host.
2 warnings generated when compiling for host.
In file included from /home/yelkhamr/dark-factory/rocm-systems/projects/rccl/build/release/hipify/src/devcomm/devcomm_v22907.cc:8:
In file included from /home/yelkhamr/dark-factory/rocm-systems/projects/rccl/build/release/hipify/src/include/comm.h:25:
In file included from /home/yelkhamr/dark-factory/rocm-systems/projects/rccl/build/release/hipify/src/include/dev_runtime.h:11:
In file included from /home/yelkhamr/dark-factory/rocm-systems/projects/rccl/build/release/hipify/src/include/nccl_device.h:10:
In file included from /home/yelkhamr/dark-factory/rocm-systems/projects/rccl/build/release/hipify/src/include/nccl_device/impl/barrier__funcs.h:12:
In file included from /home/yelkhamr/dark-factory/rocm-systems/projects/rccl/build/release/hipify/src/include/nccl_device/impl/barrier__types.h:10:
In file included from /home/yelkhamr/dark-factory/rocm-systems/projects/rccl/build/release/hipify/src/include/nccl_device/impl/../barrier.h:11:
/home/yelkhamr/dark-factory/rocm-systems/projects/rccl/build/release/hipify/src/include/nccl_device/impl/../impl/core__types.h:26:9: warning: 'NCCL_GIN_MAX_CONNECTIONS' macro redefined [-Wmacro-redefined]
   26 | #define NCCL_GIN_MAX_CONNECTIONS 4
      |         ^
/home/yelkhamr/dark-factory/rocm-systems/projects/rccl/build/release/include/nccl_device/gin/gin_device_host_common.h:18:9: note: previous definition is here
   18 | #define NCCL_GIN_MAX_CONNECTIONS NCCL_GIN_MAX_CONTEXTS
      |         ^
2 warnings generated when compiling for host.
3 warnings generated when compiling for host.
2 warnings generated when compiling for host.
2 warnings generated when compiling for host.
2 warnings generated when compiling for host.
2 warnings generated when compiling for host.
In file included from /home/yelkhamr/dark-factory/rocm-systems/projects/rccl/build/release/hipify/src/devcomm/devcomm_v22907.cc:8:
In file included from /home/yelkhamr/dark-factory/rocm-systems/projects/rccl/build/release/hipify/src/include/comm.h:25:
In file included from /home/yelkhamr/dark-factory/rocm-systems/projects/rccl/build/release/hipify/src/include/dev_runtime.h:11:
In file included from /home/yelkhamr/dark-factory/rocm-systems/projects/rccl/build/release/hipify/src/include/nccl_device.h:16:
/home/yelkhamr/dark-factory/rocm-systems/projects/rccl/build/release/hipify/src/include/nccl_device/impl/gin__funcs.h:413:60: warning: result of comparison of constant 3 with expression of type 'const hipMemLocationType' is always false [-Wtautological-constant-out-of-range-compare]
  413 |           if (!doneSysmemFence && srcSegmentWindow.memType == CU_MEM_LOCATION_TYPE_HOST_NUMA) {
      |                                   ~~~~~~~~~~~~~~~~~~~~~~~~ ^  ~~~~~~~~~~~~~~~~~~~~~~~~~~~~~~
2 warnings generated when compiling for host.
6 warnings generated when compiling for host.
2 warnings generated when compiling for host.
5 warnings generated when compiling for host.
2 warnings generated when compiling for host.
2 warnings generated when compiling for host.
2 warnings generated when compiling for host.
2 warnings generated when compiling for host.
2 warnings generated when compiling for host.
2 warnings generated when compiling for host.
2 warnings generated when compiling for host.
2 warnings generated when compiling for host.
2 warnings generated when compiling for host.
2 warnings generated when compiling for host.
2 warnings generated when compiling for host.
2 warnings generated when compiling for host.
2 warnings generated when compiling for host.
/home/yelkhamr/dark-factory/rocm-systems/projects/rccl/build/release/hipify/src/transport/net_ib_cast/gin_tmp.cc:15:11: warning: unused variable 'IBCAST_GIN_IB_ALLTOALL_TAG' [-Wunused-const-variable]
   15 | const int IBCAST_GIN_IB_ALLTOALL_TAG = 0xa1;
      |           ^~~~~~~~~~~~~~~~~~~~~~~~~~
2 warnings generated when compiling for host.
2 warnings generated when compiling for host.
2 warnings generated when compiling for host.
2 warnings generated when compiling for host.
2 warnings generated when compiling for host.
2 warnings generated when compiling for host.
2 warnings generated when compiling for host.
2 warnings generated when compiling for host.
2 warnings generated when compiling for host.
2 warnings generated when compiling for host.
2 warnings generated when compiling for host.
3 warnings generated when compiling for host.
4 warnings generated when compiling for host.
2 warnings generated when compiling for host.
6 warnings generated when compiling for host.
3 warnings generated when compiling for host.
2 warnings generated when compiling for host.
2 warnings generated when compiling for host.
[ 84%] Linking CXX shared library ../librccl.so
Elapsed time: 0 s. (time), 0.00023 s. (clock)
Verifying host sections stay within 2 GiB of each other in librccl.so
[rccl] hip_fatbin tail check: OK (host window 5.0 MiB <= 2 GiB, margin 2043.0 MiB; .hip_fatbin 14.2 MiB at file offset 0x387000, at image tail)
[100%] Built target rccl
[100%] Building CXX object src/CMakeFiles/rcclras.dir/__/hipify/src/ras/client.cc.o
[100%] Linking CXX executable rcclras
[100%] Built target rcclras
LIBRCCL_DONE
