CMake Deprecation Warning at /opt/rocm/share/rocm/cmake/ROCMConfig.cmake:12 (message):
  Use of find_package(ROCM) is deprecated as of ROCm 6.4.  Please use
  find_package(ROCmCMakeBuildTools)
Call Stack (most recent call first):
  cmake/Dependencies.cmake:84 (find_package)
  CMakeLists.txt:137 (include)


-- fmt not found, fetching from source...
-- Version: 10.2.1
-- Build type: Release
-- Building only for local GPU target
-- Checking for ROCm support for GPU targets: gfx950
-- Compiling for gfx950
CMake Deprecation Warning at /opt/rocm/share/rocm/cmake/ROCMConfig.cmake:12 (message):
  Use of find_package(ROCM) is deprecated as of ROCm 6.4.  Please use
  find_package(ROCmCMakeBuildTools)
Call Stack (most recent call first):
  cmake/Dependencies.cmake:84 (find_package)
  CMakeLists.txt:212 (include)


-- fmt not found, fetching from source...
-- ROCM_PATH found: /opt/rocm
-- Compiling with amdclang++
-- HIP compiler:     clang
-- HIP runtime:      rocclr
-- amdclang++ executable: /opt/rocm/bin/amdclang++
-- amdclang++ version:    20.0.0git
-- hipconfig executable: /opt/rocm/bin/hipconfig
-- amdclang++ HIP version:    7.0.51831
-- Reading ROCM version from /opt/rocm/.info/version
-- ROCm version: 7.0.1

*******************************************************************************
*------------------------------- ROCMChecks WARNING --------------------------*
  Options and properties should be set on a cmake target where possible. The
  variable 'CMAKE_CXX_FLAGS' may be set by the cmake toolchain, either by
  calling 'cmake -DCMAKE_CXX_FLAGS=""'
  or set in a toolchain file and added with
  'cmake -DCMAKE_TOOLCHAIN_FILE=<toolchain-file>'. ROCMChecks now calling:
CMake Warning at /opt/rocm/share/rocmcmakebuildtools/cmake/ROCMChecks.cmake:46 (message):
  'CMAKE_CXX_FLAGS' is set at
  /home/yelkhamr/dark-factory/rocm-systems/projects/rccl/CMakeLists.txt:<line#>
  shown below:
Call Stack (most recent call first):
  /usr/local/share/cmake-3.25/Modules/CheckSymbolExists.cmake:9223372036854775807 (rocm_check_toolchain_var)
  /usr/local/share/cmake-3.25/Modules/CheckSymbolExists.cmake:84 (string)
  /usr/local/share/cmake-3.25/Modules/CheckSymbolExists.cmake:74 (__CHECK_SYMBOL_EXISTS_FILTER_FLAGS)
  cmake/CheckSymbolExistsNoWarn.cmake:38 (_check_symbol_exists)
  CMakeLists.txt:332 (check_symbol_exists)


*-----------------------------------------------------------------------------*
*******************************************************************************


*******************************************************************************
*------------------------------- ROCMChecks WARNING --------------------------*
  Options and properties should be set on a cmake target where possible. The
  variable 'CMAKE_CXX_FLAGS' may be set by the cmake toolchain, either by
  calling 'cmake -DCMAKE_CXX_FLAGS=""'
  or set in a toolchain file and added with
  'cmake -DCMAKE_TOOLCHAIN_FILE=<toolchain-file>'. ROCMChecks now calling:
CMake Warning at /opt/rocm/share/rocmcmakebuildtools/cmake/ROCMChecks.cmake:46 (message):
  'CMAKE_CXX_FLAGS' is set at
  /home/yelkhamr/dark-factory/rocm-systems/projects/rccl/CMakeLists.txt:<line#>
  shown below:
Call Stack (most recent call first):
  /usr/local/share/cmake-3.25/Modules/CheckSymbolExists.cmake:9223372036854775807 (rocm_check_toolchain_var)
  /usr/local/share/cmake-3.25/Modules/CheckSymbolExists.cmake:84 (string)
  /usr/local/share/cmake-3.25/Modules/CheckSymbolExists.cmake:74 (__CHECK_SYMBOL_EXISTS_FILTER_FLAGS)
  cmake/CheckSymbolExistsNoWarn.cmake:38 (_check_symbol_exists)
  CMakeLists.txt:332 (check_symbol_exists)


*-----------------------------------------------------------------------------*
*******************************************************************************


*******************************************************************************
*------------------------------- ROCMChecks WARNING --------------------------*
  Options and properties should be set on a cmake target where possible. The
  variable 'CMAKE_CXX_FLAGS' may be set by the cmake toolchain, either by
  calling 'cmake -DCMAKE_CXX_FLAGS=""'
  or set in a toolchain file and added with
  'cmake -DCMAKE_TOOLCHAIN_FILE=<toolchain-file>'. ROCMChecks now calling:
CMake Warning at /opt/rocm/share/rocmcmakebuildtools/cmake/ROCMChecks.cmake:46 (message):
  'CMAKE_CXX_FLAGS' is set at
  /home/yelkhamr/dark-factory/rocm-systems/projects/rccl/CMakeLists.txt:<line#>
  shown below:
Call Stack (most recent call first):
  /usr/local/share/cmake-3.25/Modules/CheckSymbolExists.cmake:9223372036854775807 (rocm_check_toolchain_var)
  /usr/local/share/cmake-3.25/Modules/CheckSymbolExists.cmake:85 (string)
  /usr/local/share/cmake-3.25/Modules/CheckSymbolExists.cmake:74 (__CHECK_SYMBOL_EXISTS_FILTER_FLAGS)
  cmake/CheckSymbolExistsNoWarn.cmake:38 (_check_symbol_exists)
  CMakeLists.txt:332 (check_symbol_exists)


*-----------------------------------------------------------------------------*
*******************************************************************************


*******************************************************************************
*------------------------------- ROCMChecks WARNING --------------------------*
  Options and properties should be set on a cmake target where possible. The
  variable 'CMAKE_CXX_FLAGS' may be set by the cmake toolchain, either by
  calling 'cmake -DCMAKE_CXX_FLAGS=""'
  or set in a toolchain file and added with
  'cmake -DCMAKE_TOOLCHAIN_FILE=<toolchain-file>'. ROCMChecks now calling:
CMake Warning at /opt/rocm/share/rocmcmakebuildtools/cmake/ROCMChecks.cmake:46 (message):
  'CMAKE_CXX_FLAGS' is set at
  /home/yelkhamr/dark-factory/rocm-systems/projects/rccl/CMakeLists.txt:<line#>
  shown below:
Call Stack (most recent call first):
  /usr/local/share/cmake-3.25/Modules/CheckSymbolExists.cmake:9223372036854775807 (rocm_check_toolchain_var)
  /usr/local/share/cmake-3.25/Modules/CheckSymbolExists.cmake:85 (string)
  /usr/local/share/cmake-3.25/Modules/CheckSymbolExists.cmake:74 (__CHECK_SYMBOL_EXISTS_FILTER_FLAGS)
  cmake/CheckSymbolExistsNoWarn.cmake:38 (_check_symbol_exists)
  CMakeLists.txt:332 (check_symbol_exists)


*-----------------------------------------------------------------------------*
*******************************************************************************


*******************************************************************************
*------------------------------- ROCMChecks WARNING --------------------------*
  Options and properties should be set on a cmake target where possible. The
  variable 'CMAKE_CXX_FLAGS' may be set by the cmake toolchain, either by
  calling 'cmake -DCMAKE_CXX_FLAGS=""'
  or set in a toolchain file and added with
  'cmake -DCMAKE_TOOLCHAIN_FILE=<toolchain-file>'. ROCMChecks now calling:
CMake Warning at /opt/rocm/share/rocmcmakebuildtools/cmake/ROCMChecks.cmake:46 (message):
  'CMAKE_CXX_FLAGS' is set at
  /home/yelkhamr/dark-factory/rocm-systems/projects/rccl/CMakeLists.txt:<line#>
  shown below:
Call Stack (most recent call first):
  /usr/local/share/cmake-3.25/Modules/CheckSymbolExists.cmake:9223372036854775807 (rocm_check_toolchain_var)
  /usr/local/share/cmake-3.25/Modules/CheckSymbolExists.cmake:89 (set)
  /usr/local/share/cmake-3.25/Modules/CheckSymbolExists.cmake:76 (__CHECK_SYMBOL_EXISTS_RESTORE_FLAGS)
  cmake/CheckSymbolExistsNoWarn.cmake:38 (_check_symbol_exists)
  CMakeLists.txt:332 (check_symbol_exists)


*-----------------------------------------------------------------------------*
*******************************************************************************


*******************************************************************************
*------------------------------- ROCMChecks WARNING --------------------------*
  Options and properties should be set on a cmake target where possible. The
  variable 'CMAKE_CXX_FLAGS' may be set by the cmake toolchain, either by
  calling 'cmake -DCMAKE_CXX_FLAGS=""'
  or set in a toolchain file and added with
  'cmake -DCMAKE_TOOLCHAIN_FILE=<toolchain-file>'. ROCMChecks now calling:
CMake Warning at /opt/rocm/share/rocmcmakebuildtools/cmake/ROCMChecks.cmake:46 (message):
  'CMAKE_CXX_FLAGS' is set at
  /home/yelkhamr/dark-factory/rocm-systems/projects/rccl/CMakeLists.txt:<line#>
  shown below:
Call Stack (most recent call first):
  /usr/local/share/cmake-3.25/Modules/CheckSymbolExists.cmake:9223372036854775807 (rocm_check_toolchain_var)
  /usr/local/share/cmake-3.25/Modules/CheckSymbolExists.cmake:89 (set)
  /usr/local/share/cmake-3.25/Modules/CheckSymbolExists.cmake:76 (__CHECK_SYMBOL_EXISTS_RESTORE_FLAGS)
  cmake/CheckSymbolExistsNoWarn.cmake:38 (_check_symbol_exists)
  CMakeLists.txt:332 (check_symbol_exists)


*-----------------------------------------------------------------------------*
*******************************************************************************


*******************************************************************************
*------------------------------- ROCMChecks WARNING --------------------------*
  Options and properties should be set on a cmake target where possible. The
  variable 'CMAKE_CXX_FLAGS' may be set by the cmake toolchain, either by
  calling 'cmake -DCMAKE_CXX_FLAGS=""'
  or set in a toolchain file and added with
  'cmake -DCMAKE_TOOLCHAIN_FILE=<toolchain-file>'. ROCMChecks now calling:
CMake Warning at /opt/rocm/share/rocmcmakebuildtools/cmake/ROCMChecks.cmake:46 (message):
  'CMAKE_CXX_FLAGS' is set at
  /home/yelkhamr/dark-factory/rocm-systems/projects/rccl/CMakeLists.txt:<line#>
  shown below:
Call Stack (most recent call first):
  /usr/local/share/cmake-3.25/Modules/CheckSymbolExists.cmake:9223372036854775807 (rocm_check_toolchain_var)
  /usr/local/share/cmake-3.25/Modules/CheckSymbolExists.cmake:84 (string)
  /usr/local/share/cmake-3.25/Modules/CheckSymbolExists.cmake:74 (__CHECK_SYMBOL_EXISTS_FILTER_FLAGS)
  cmake/CheckSymbolExistsNoWarn.cmake:38 (_check_symbol_exists)
  CMakeLists.txt:335 (check_symbol_exists)


*-----------------------------------------------------------------------------*
*******************************************************************************


*******************************************************************************
*------------------------------- ROCMChecks WARNING --------------------------*
  Options and properties should be set on a cmake target where possible. The
  variable 'CMAKE_CXX_FLAGS' may be set by the cmake toolchain, either by
  calling 'cmake -DCMAKE_CXX_FLAGS=""'
  or set in a toolchain file and added with
  'cmake -DCMAKE_TOOLCHAIN_FILE=<toolchain-file>'. ROCMChecks now calling:
CMake Warning at /opt/rocm/share/rocmcmakebuildtools/cmake/ROCMChecks.cmake:46 (message):
  'CMAKE_CXX_FLAGS' is set at
  /home/yelkhamr/dark-factory/rocm-systems/projects/rccl/CMakeLists.txt:<line#>
  shown below:
Call Stack (most recent call first):
  /usr/local/share/cmake-3.25/Modules/CheckSymbolExists.cmake:9223372036854775807 (rocm_check_toolchain_var)
  /usr/local/share/cmake-3.25/Modules/CheckSymbolExists.cmake:84 (string)
  /usr/local/share/cmake-3.25/Modules/CheckSymbolExists.cmake:74 (__CHECK_SYMBOL_EXISTS_FILTER_FLAGS)
  cmake/CheckSymbolExistsNoWarn.cmake:38 (_check_symbol_exists)
  CMakeLists.txt:335 (check_symbol_exists)


*-----------------------------------------------------------------------------*
*******************************************************************************


*******************************************************************************
*------------------------------- ROCMChecks WARNING --------------------------*
  Options and properties should be set on a cmake target where possible. The
  variable 'CMAKE_CXX_FLAGS' may be set by the cmake toolchain, either by
  calling 'cmake -DCMAKE_CXX_FLAGS=""'
  or set in a toolchain file and added with
  'cmake -DCMAKE_TOOLCHAIN_FILE=<toolchain-file>'. ROCMChecks now calling:
CMake Warning at /opt/rocm/share/rocmcmakebuildtools/cmake/ROCMChecks.cmake:46 (message):
  'CMAKE_CXX_FLAGS' is set at
  /home/yelkhamr/dark-factory/rocm-systems/projects/rccl/CMakeLists.txt:<line#>
  shown below:
Call Stack (most recent call first):
  /usr/local/share/cmake-3.25/Modules/CheckSymbolExists.cmake:9223372036854775807 (rocm_check_toolchain_var)
  /usr/local/share/cmake-3.25/Modules/CheckSymbolExists.cmake:85 (string)
  /usr/local/share/cmake-3.25/Modules/CheckSymbolExists.cmake:74 (__CHECK_SYMBOL_EXISTS_FILTER_FLAGS)
  cmake/CheckSymbolExistsNoWarn.cmake:38 (_check_symbol_exists)
  CMakeLists.txt:335 (check_symbol_exists)


*-----------------------------------------------------------------------------*
*******************************************************************************


*******************************************************************************
*------------------------------- ROCMChecks WARNING --------------------------*
  Options and properties should be set on a cmake target where possible. The
  variable 'CMAKE_CXX_FLAGS' may be set by the cmake toolchain, either by
  calling 'cmake -DCMAKE_CXX_FLAGS=""'
  or set in a toolchain file and added with
  'cmake -DCMAKE_TOOLCHAIN_FILE=<toolchain-file>'. ROCMChecks now calling:
CMake Warning at /opt/rocm/share/rocmcmakebuildtools/cmake/ROCMChecks.cmake:46 (message):
  'CMAKE_CXX_FLAGS' is set at
  /home/yelkhamr/dark-factory/rocm-systems/projects/rccl/CMakeLists.txt:<line#>
  shown below:
Call Stack (most recent call first):
  /usr/local/share/cmake-3.25/Modules/CheckSymbolExists.cmake:9223372036854775807 (rocm_check_toolchain_var)
  /usr/local/share/cmake-3.25/Modules/CheckSymbolExists.cmake:85 (string)
  /usr/local/share/cmake-3.25/Modules/CheckSymbolExists.cmake:74 (__CHECK_SYMBOL_EXISTS_FILTER_FLAGS)
  cmake/CheckSymbolExistsNoWarn.cmake:38 (_check_symbol_exists)
  CMakeLists.txt:335 (check_symbol_exists)


*-----------------------------------------------------------------------------*
*******************************************************************************


*******************************************************************************
*------------------------------- ROCMChecks WARNING --------------------------*
  Options and properties should be set on a cmake target where possible. The
  variable 'CMAKE_CXX_FLAGS' may be set by the cmake toolchain, either by
  calling 'cmake -DCMAKE_CXX_FLAGS=""'
  or set in a toolchain file and added with
  'cmake -DCMAKE_TOOLCHAIN_FILE=<toolchain-file>'. ROCMChecks now calling:
CMake Warning at /opt/rocm/share/rocmcmakebuildtools/cmake/ROCMChecks.cmake:46 (message):
  'CMAKE_CXX_FLAGS' is set at
  /home/yelkhamr/dark-factory/rocm-systems/projects/rccl/CMakeLists.txt:<line#>
  shown below:
Call Stack (most recent call first):
  /usr/local/share/cmake-3.25/Modules/CheckSymbolExists.cmake:9223372036854775807 (rocm_check_toolchain_var)
  /usr/local/share/cmake-3.25/Modules/CheckSymbolExists.cmake:89 (set)
  /usr/local/share/cmake-3.25/Modules/CheckSymbolExists.cmake:76 (__CHECK_SYMBOL_EXISTS_RESTORE_FLAGS)
  cmake/CheckSymbolExistsNoWarn.cmake:38 (_check_symbol_exists)
  CMakeLists.txt:335 (check_symbol_exists)


*-----------------------------------------------------------------------------*
*******************************************************************************


*******************************************************************************
*------------------------------- ROCMChecks WARNING --------------------------*
  Options and properties should be set on a cmake target where possible. The
  variable 'CMAKE_CXX_FLAGS' may be set by the cmake toolchain, either by
  calling 'cmake -DCMAKE_CXX_FLAGS=""'
  or set in a toolchain file and added with
  'cmake -DCMAKE_TOOLCHAIN_FILE=<toolchain-file>'. ROCMChecks now calling:
CMake Warning at /opt/rocm/share/rocmcmakebuildtools/cmake/ROCMChecks.cmake:46 (message):
  'CMAKE_CXX_FLAGS' is set at
  /home/yelkhamr/dark-factory/rocm-systems/projects/rccl/CMakeLists.txt:<line#>
  shown below:
Call Stack (most recent call first):
  /usr/local/share/cmake-3.25/Modules/CheckSymbolExists.cmake:9223372036854775807 (rocm_check_toolchain_var)
  /usr/local/share/cmake-3.25/Modules/CheckSymbolExists.cmake:89 (set)
  /usr/local/share/cmake-3.25/Modules/CheckSymbolExists.cmake:76 (__CHECK_SYMBOL_EXISTS_RESTORE_FLAGS)
  cmake/CheckSymbolExistsNoWarn.cmake:38 (_check_symbol_exists)
  CMakeLists.txt:335 (check_symbol_exists)


*-----------------------------------------------------------------------------*
*******************************************************************************


*******************************************************************************
*------------------------------- ROCMChecks WARNING --------------------------*
  Options and properties should be set on a cmake target where possible. The
  variable 'CMAKE_CXX_FLAGS' may be set by the cmake toolchain, either by
  calling 'cmake -DCMAKE_CXX_FLAGS=""'
  or set in a toolchain file and added with
  'cmake -DCMAKE_TOOLCHAIN_FILE=<toolchain-file>'. ROCMChecks now calling:
CMake Warning at /opt/rocm/share/rocmcmakebuildtools/cmake/ROCMChecks.cmake:46 (message):
  'CMAKE_CXX_FLAGS' is set at
  /home/yelkhamr/dark-factory/rocm-systems/projects/rccl/CMakeLists.txt:<line#>
  shown below:
Call Stack (most recent call first):
  /usr/local/share/cmake-3.25/Modules/CheckSymbolExists.cmake:9223372036854775807 (rocm_check_toolchain_var)
  /usr/local/share/cmake-3.25/Modules/CheckSymbolExists.cmake:84 (string)
  /usr/local/share/cmake-3.25/Modules/CheckSymbolExists.cmake:74 (__CHECK_SYMBOL_EXISTS_FILTER_FLAGS)
  cmake/CheckSymbolExistsNoWarn.cmake:38 (_check_symbol_exists)
  CMakeLists.txt:338 (check_symbol_exists)


*-----------------------------------------------------------------------------*
*******************************************************************************


*******************************************************************************
*------------------------------- ROCMChecks WARNING --------------------------*
  Options and properties should be set on a cmake target where possible. The
  variable 'CMAKE_CXX_FLAGS' may be set by the cmake toolchain, either by
  calling 'cmake -DCMAKE_CXX_FLAGS=""'
  or set in a toolchain file and added with
  'cmake -DCMAKE_TOOLCHAIN_FILE=<toolchain-file>'. ROCMChecks now calling:
CMake Warning at /opt/rocm/share/rocmcmakebuildtools/cmake/ROCMChecks.cmake:46 (message):
  'CMAKE_CXX_FLAGS' is set at
  /home/yelkhamr/dark-factory/rocm-systems/projects/rccl/CMakeLists.txt:<line#>
  shown below:
Call Stack (most recent call first):
  /usr/local/share/cmake-3.25/Modules/CheckSymbolExists.cmake:9223372036854775807 (rocm_check_toolchain_var)
  /usr/local/share/cmake-3.25/Modules/CheckSymbolExists.cmake:84 (string)
  /usr/local/share/cmake-3.25/Modules/CheckSymbolExists.cmake:74 (__CHECK_SYMBOL_EXISTS_FILTER_FLAGS)
  cmake/CheckSymbolExistsNoWarn.cmake:38 (_check_symbol_exists)
  CMakeLists.txt:338 (check_symbol_exists)


*-----------------------------------------------------------------------------*
*******************************************************************************


*******************************************************************************
*------------------------------- ROCMChecks WARNING --------------------------*
  Options and properties should be set on a cmake target where possible. The
  variable 'CMAKE_CXX_FLAGS' may be set by the cmake toolchain, either by
  calling 'cmake -DCMAKE_CXX_FLAGS=""'
  or set in a toolchain file and added with
  'cmake -DCMAKE_TOOLCHAIN_FILE=<toolchain-file>'. ROCMChecks now calling:
CMake Warning at /opt/rocm/share/rocmcmakebuildtools/cmake/ROCMChecks.cmake:46 (message):
  'CMAKE_CXX_FLAGS' is set at
  /home/yelkhamr/dark-factory/rocm-systems/projects/rccl/CMakeLists.txt:<line#>
  shown below:
Call Stack (most recent call first):
  /usr/local/share/cmake-3.25/Modules/CheckSymbolExists.cmake:9223372036854775807 (rocm_check_toolchain_var)
  /usr/local/share/cmake-3.25/Modules/CheckSymbolExists.cmake:85 (string)
  /usr/local/share/cmake-3.25/Modules/CheckSymbolExists.cmake:74 (__CHECK_SYMBOL_EXISTS_FILTER_FLAGS)
  cmake/CheckSymbolExistsNoWarn.cmake:38 (_check_symbol_exists)
  CMakeLists.txt:338 (check_symbol_exists)


*-----------------------------------------------------------------------------*
*******************************************************************************


*******************************************************************************
*------------------------------- ROCMChecks WARNING --------------------------*
  Options and properties should be set on a cmake target where possible. The
  variable 'CMAKE_CXX_FLAGS' may be set by the cmake toolchain, either by
  calling 'cmake -DCMAKE_CXX_FLAGS=""'
  or set in a toolchain file and added with
  'cmake -DCMAKE_TOOLCHAIN_FILE=<toolchain-file>'. ROCMChecks now calling:
CMake Warning at /opt/rocm/share/rocmcmakebuildtools/cmake/ROCMChecks.cmake:46 (message):
  'CMAKE_CXX_FLAGS' is set at
  /home/yelkhamr/dark-factory/rocm-systems/projects/rccl/CMakeLists.txt:<line#>
  shown below:
Call Stack (most recent call first):
  /usr/local/share/cmake-3.25/Modules/CheckSymbolExists.cmake:9223372036854775807 (rocm_check_toolchain_var)
  /usr/local/share/cmake-3.25/Modules/CheckSymbolExists.cmake:85 (string)
  /usr/local/share/cmake-3.25/Modules/CheckSymbolExists.cmake:74 (__CHECK_SYMBOL_EXISTS_FILTER_FLAGS)
  cmake/CheckSymbolExistsNoWarn.cmake:38 (_check_symbol_exists)
  CMakeLists.txt:338 (check_symbol_exists)


*-----------------------------------------------------------------------------*
*******************************************************************************


*******************************************************************************
*------------------------------- ROCMChecks WARNING --------------------------*
  Options and properties should be set on a cmake target where possible. The
  variable 'CMAKE_CXX_FLAGS' may be set by the cmake toolchain, either by
  calling 'cmake -DCMAKE_CXX_FLAGS=""'
  or set in a toolchain file and added with
  'cmake -DCMAKE_TOOLCHAIN_FILE=<toolchain-file>'. ROCMChecks now calling:
CMake Warning at /opt/rocm/share/rocmcmakebuildtools/cmake/ROCMChecks.cmake:46 (message):
  'CMAKE_CXX_FLAGS' is set at
  /home/yelkhamr/dark-factory/rocm-systems/projects/rccl/CMakeLists.txt:<line#>
  shown below:
Call Stack (most recent call first):
  /usr/local/share/cmake-3.25/Modules/CheckSymbolExists.cmake:9223372036854775807 (rocm_check_toolchain_var)
  /usr/local/share/cmake-3.25/Modules/CheckSymbolExists.cmake:89 (set)
  /usr/local/share/cmake-3.25/Modules/CheckSymbolExists.cmake:76 (__CHECK_SYMBOL_EXISTS_RESTORE_FLAGS)
  cmake/CheckSymbolExistsNoWarn.cmake:38 (_check_symbol_exists)
  CMakeLists.txt:338 (check_symbol_exists)


*-----------------------------------------------------------------------------*
*******************************************************************************


*******************************************************************************
*------------------------------- ROCMChecks WARNING --------------------------*
  Options and properties should be set on a cmake target where possible. The
  variable 'CMAKE_CXX_FLAGS' may be set by the cmake toolchain, either by
  calling 'cmake -DCMAKE_CXX_FLAGS=""'
  or set in a toolchain file and added with
  'cmake -DCMAKE_TOOLCHAIN_FILE=<toolchain-file>'. ROCMChecks now calling:
CMake Warning at /opt/rocm/share/rocmcmakebuildtools/cmake/ROCMChecks.cmake:46 (message):
  'CMAKE_CXX_FLAGS' is set at
  /home/yelkhamr/dark-factory/rocm-systems/projects/rccl/CMakeLists.txt:<line#>
  shown below:
Call Stack (most recent call first):
  /usr/local/share/cmake-3.25/Modules/CheckSymbolExists.cmake:9223372036854775807 (rocm_check_toolchain_var)
  /usr/local/share/cmake-3.25/Modules/CheckSymbolExists.cmake:89 (set)
  /usr/local/share/cmake-3.25/Modules/CheckSymbolExists.cmake:76 (__CHECK_SYMBOL_EXISTS_RESTORE_FLAGS)
  cmake/CheckSymbolExistsNoWarn.cmake:38 (_check_symbol_exists)
  CMakeLists.txt:338 (check_symbol_exists)


*-----------------------------------------------------------------------------*
*******************************************************************************


*******************************************************************************
*------------------------------- ROCMChecks WARNING --------------------------*
  Options and properties should be set on a cmake target where possible. The
  variable 'CMAKE_CXX_FLAGS' may be set by the cmake toolchain, either by
  calling 'cmake -DCMAKE_CXX_FLAGS=""'
  or set in a toolchain file and added with
  'cmake -DCMAKE_TOOLCHAIN_FILE=<toolchain-file>'. ROCMChecks now calling:
CMake Warning at /opt/rocm/share/rocmcmakebuildtools/cmake/ROCMChecks.cmake:46 (message):
  'CMAKE_CXX_FLAGS' is set at
  /home/yelkhamr/dark-factory/rocm-systems/projects/rccl/CMakeLists.txt:<line#>
  shown below:
Call Stack (most recent call first):
  /usr/local/share/cmake-3.25/Modules/CheckSymbolExists.cmake:9223372036854775807 (rocm_check_toolchain_var)
  /usr/local/share/cmake-3.25/Modules/CheckSymbolExists.cmake:84 (string)
  /usr/local/share/cmake-3.25/Modules/CheckSymbolExists.cmake:74 (__CHECK_SYMBOL_EXISTS_FILTER_FLAGS)
  cmake/CheckSymbolExistsNoWarn.cmake:38 (_check_symbol_exists)
  CMakeLists.txt:341 (check_symbol_exists)


*-----------------------------------------------------------------------------*
*******************************************************************************


*******************************************************************************
*------------------------------- ROCMChecks WARNING --------------------------*
  Options and properties should be set on a cmake target where possible. The
  variable 'CMAKE_CXX_FLAGS' may be set by the cmake toolchain, either by
  calling 'cmake -DCMAKE_CXX_FLAGS=""'
  or set in a toolchain file and added with
  'cmake -DCMAKE_TOOLCHAIN_FILE=<toolchain-file>'. ROCMChecks now calling:
CMake Warning at /opt/rocm/share/rocmcmakebuildtools/cmake/ROCMChecks.cmake:46 (message):
  'CMAKE_CXX_FLAGS' is set at
  /home/yelkhamr/dark-factory/rocm-systems/projects/rccl/CMakeLists.txt:<line#>
  shown below:
Call Stack (most recent call first):
  /usr/local/share/cmake-3.25/Modules/CheckSymbolExists.cmake:9223372036854775807 (rocm_check_toolchain_var)
  /usr/local/share/cmake-3.25/Modules/CheckSymbolExists.cmake:84 (string)
  /usr/local/share/cmake-3.25/Modules/CheckSymbolExists.cmake:74 (__CHECK_SYMBOL_EXISTS_FILTER_FLAGS)
  cmake/CheckSymbolExistsNoWarn.cmake:38 (_check_symbol_exists)
  CMakeLists.txt:341 (check_symbol_exists)


*-----------------------------------------------------------------------------*
*******************************************************************************


*******************************************************************************
*------------------------------- ROCMChecks WARNING --------------------------*
  Options and properties should be set on a cmake target where possible. The
  variable 'CMAKE_CXX_FLAGS' may be set by the cmake toolchain, either by
  calling 'cmake -DCMAKE_CXX_FLAGS=""'
  or set in a toolchain file and added with
  'cmake -DCMAKE_TOOLCHAIN_FILE=<toolchain-file>'. ROCMChecks now calling:
CMake Warning at /opt/rocm/share/rocmcmakebuildtools/cmake/ROCMChecks.cmake:46 (message):
  'CMAKE_CXX_FLAGS' is set at
  /home/yelkhamr/dark-factory/rocm-systems/projects/rccl/CMakeLists.txt:<line#>
  shown below:
Call Stack (most recent call first):
  /usr/local/share/cmake-3.25/Modules/CheckSymbolExists.cmake:9223372036854775807 (rocm_check_toolchain_var)
  /usr/local/share/cmake-3.25/Modules/CheckSymbolExists.cmake:85 (string)
  /usr/local/share/cmake-3.25/Modules/CheckSymbolExists.cmake:74 (__CHECK_SYMBOL_EXISTS_FILTER_FLAGS)
  cmake/CheckSymbolExistsNoWarn.cmake:38 (_check_symbol_exists)
  CMakeLists.txt:341 (check_symbol_exists)


*-----------------------------------------------------------------------------*
*******************************************************************************


*******************************************************************************
*------------------------------- ROCMChecks WARNING --------------------------*
  Options and properties should be set on a cmake target where possible. The
  variable 'CMAKE_CXX_FLAGS' may be set by the cmake toolchain, either by
  calling 'cmake -DCMAKE_CXX_FLAGS=""'
  or set in a toolchain file and added with
  'cmake -DCMAKE_TOOLCHAIN_FILE=<toolchain-file>'. ROCMChecks now calling:
CMake Warning at /opt/rocm/share/rocmcmakebuildtools/cmake/ROCMChecks.cmake:46 (message):
  'CMAKE_CXX_FLAGS' is set at
  /home/yelkhamr/dark-factory/rocm-systems/projects/rccl/CMakeLists.txt:<line#>
  shown below:
Call Stack (most recent call first):
  /usr/local/share/cmake-3.25/Modules/CheckSymbolExists.cmake:9223372036854775807 (rocm_check_toolchain_var)
  /usr/local/share/cmake-3.25/Modules/CheckSymbolExists.cmake:85 (string)
  /usr/local/share/cmake-3.25/Modules/CheckSymbolExists.cmake:74 (__CHECK_SYMBOL_EXISTS_FILTER_FLAGS)
  cmake/CheckSymbolExistsNoWarn.cmake:38 (_check_symbol_exists)
  CMakeLists.txt:341 (check_symbol_exists)


*-----------------------------------------------------------------------------*
*******************************************************************************


*******************************************************************************
*------------------------------- ROCMChecks WARNING --------------------------*
  Options and properties should be set on a cmake target where possible. The
  variable 'CMAKE_CXX_FLAGS' may be set by the cmake toolchain, either by
  calling 'cmake -DCMAKE_CXX_FLAGS=""'
  or set in a toolchain file and added with
  'cmake -DCMAKE_TOOLCHAIN_FILE=<toolchain-file>'. ROCMChecks now calling:
CMake Warning at /opt/rocm/share/rocmcmakebuildtools/cmake/ROCMChecks.cmake:46 (message):
  'CMAKE_CXX_FLAGS' is set at
  /home/yelkhamr/dark-factory/rocm-systems/projects/rccl/CMakeLists.txt:<line#>
  shown below:
Call Stack (most recent call first):
  /usr/local/share/cmake-3.25/Modules/CheckSymbolExists.cmake:9223372036854775807 (rocm_check_toolchain_var)
  /usr/local/share/cmake-3.25/Modules/CheckSymbolExists.cmake:89 (set)
  /usr/local/share/cmake-3.25/Modules/CheckSymbolExists.cmake:76 (__CHECK_SYMBOL_EXISTS_RESTORE_FLAGS)
  cmake/CheckSymbolExistsNoWarn.cmake:38 (_check_symbol_exists)
  CMakeLists.txt:341 (check_symbol_exists)


*-----------------------------------------------------------------------------*
*******************************************************************************


*******************************************************************************
*------------------------------- ROCMChecks WARNING --------------------------*
  Options and properties should be set on a cmake target where possible. The
  variable 'CMAKE_CXX_FLAGS' may be set by the cmake toolchain, either by
  calling 'cmake -DCMAKE_CXX_FLAGS=""'
  or set in a toolchain file and added with
  'cmake -DCMAKE_TOOLCHAIN_FILE=<toolchain-file>'. ROCMChecks now calling:
CMake Warning at /opt/rocm/share/rocmcmakebuildtools/cmake/ROCMChecks.cmake:46 (message):
  'CMAKE_CXX_FLAGS' is set at
  /home/yelkhamr/dark-factory/rocm-systems/projects/rccl/CMakeLists.txt:<line#>
  shown below:
Call Stack (most recent call first):
  /usr/local/share/cmake-3.25/Modules/CheckSymbolExists.cmake:9223372036854775807 (rocm_check_toolchain_var)
  /usr/local/share/cmake-3.25/Modules/CheckSymbolExists.cmake:89 (set)
  /usr/local/share/cmake-3.25/Modules/CheckSymbolExists.cmake:76 (__CHECK_SYMBOL_EXISTS_RESTORE_FLAGS)
  cmake/CheckSymbolExistsNoWarn.cmake:38 (_check_symbol_exists)
  CMakeLists.txt:341 (check_symbol_exists)


*-----------------------------------------------------------------------------*
*******************************************************************************


*******************************************************************************
*------------------------------- ROCMChecks WARNING --------------------------*
  Options and properties should be set on a cmake target where possible. The
  variable 'CMAKE_CXX_FLAGS' may be set by the cmake toolchain, either by
  calling 'cmake -DCMAKE_CXX_FLAGS=""'
  or set in a toolchain file and added with
  'cmake -DCMAKE_TOOLCHAIN_FILE=<toolchain-file>'. ROCMChecks now calling:
CMake Warning at /opt/rocm/share/rocmcmakebuildtools/cmake/ROCMChecks.cmake:46 (message):
  'CMAKE_CXX_FLAGS' is set at
  /home/yelkhamr/dark-factory/rocm-systems/projects/rccl/CMakeLists.txt:<line#>
  shown below:
Call Stack (most recent call first):
  /usr/local/share/cmake-3.25/Modules/CheckSymbolExists.cmake:9223372036854775807 (rocm_check_toolchain_var)
  /usr/local/share/cmake-3.25/Modules/CheckSymbolExists.cmake:84 (string)
  /usr/local/share/cmake-3.25/Modules/CheckSymbolExists.cmake:74 (__CHECK_SYMBOL_EXISTS_FILTER_FLAGS)
  cmake/CheckSymbolExistsNoWarn.cmake:38 (_check_symbol_exists)
  CMakeLists.txt:355 (check_symbol_exists)


*-----------------------------------------------------------------------------*
*******************************************************************************


*******************************************************************************
*------------------------------- ROCMChecks WARNING --------------------------*
  Options and properties should be set on a cmake target where possible. The
  variable 'CMAKE_CXX_FLAGS' may be set by the cmake toolchain, either by
  calling 'cmake -DCMAKE_CXX_FLAGS=""'
  or set in a toolchain file and added with
  'cmake -DCMAKE_TOOLCHAIN_FILE=<toolchain-file>'. ROCMChecks now calling:
CMake Warning at /opt/rocm/share/rocmcmakebuildtools/cmake/ROCMChecks.cmake:46 (message):
  'CMAKE_CXX_FLAGS' is set at
  /home/yelkhamr/dark-factory/rocm-systems/projects/rccl/CMakeLists.txt:<line#>
  shown below:
Call Stack (most recent call first):
  /usr/local/share/cmake-3.25/Modules/CheckSymbolExists.cmake:9223372036854775807 (rocm_check_toolchain_var)
  /usr/local/share/cmake-3.25/Modules/CheckSymbolExists.cmake:84 (string)
  /usr/local/share/cmake-3.25/Modules/CheckSymbolExists.cmake:74 (__CHECK_SYMBOL_EXISTS_FILTER_FLAGS)
  cmake/CheckSymbolExistsNoWarn.cmake:38 (_check_symbol_exists)
  CMakeLists.txt:355 (check_symbol_exists)


*-----------------------------------------------------------------------------*
*******************************************************************************


*******************************************************************************
*------------------------------- ROCMChecks WARNING --------------------------*
  Options and properties should be set on a cmake target where possible. The
  variable 'CMAKE_CXX_FLAGS' may be set by the cmake toolchain, either by
  calling 'cmake -DCMAKE_CXX_FLAGS=""'
  or set in a toolchain file and added with
  'cmake -DCMAKE_TOOLCHAIN_FILE=<toolchain-file>'. ROCMChecks now calling:
CMake Warning at /opt/rocm/share/rocmcmakebuildtools/cmake/ROCMChecks.cmake:46 (message):
  'CMAKE_CXX_FLAGS' is set at
  /home/yelkhamr/dark-factory/rocm-systems/projects/rccl/CMakeLists.txt:<line#>
  shown below:
Call Stack (most recent call first):
  /usr/local/share/cmake-3.25/Modules/CheckSymbolExists.cmake:9223372036854775807 (rocm_check_toolchain_var)
  /usr/local/share/cmake-3.25/Modules/CheckSymbolExists.cmake:85 (string)
  /usr/local/share/cmake-3.25/Modules/CheckSymbolExists.cmake:74 (__CHECK_SYMBOL_EXISTS_FILTER_FLAGS)
  cmake/CheckSymbolExistsNoWarn.cmake:38 (_check_symbol_exists)
  CMakeLists.txt:355 (check_symbol_exists)


*-----------------------------------------------------------------------------*
*******************************************************************************


*******************************************************************************
*------------------------------- ROCMChecks WARNING --------------------------*
  Options and properties should be set on a cmake target where possible. The
  variable 'CMAKE_CXX_FLAGS' may be set by the cmake toolchain, either by
  calling 'cmake -DCMAKE_CXX_FLAGS=""'
  or set in a toolchain file and added with
  'cmake -DCMAKE_TOOLCHAIN_FILE=<toolchain-file>'. ROCMChecks now calling:
CMake Warning at /opt/rocm/share/rocmcmakebuildtools/cmake/ROCMChecks.cmake:46 (message):
  'CMAKE_CXX_FLAGS' is set at
  /home/yelkhamr/dark-factory/rocm-systems/projects/rccl/CMakeLists.txt:<line#>
  shown below:
Call Stack (most recent call first):
  /usr/local/share/cmake-3.25/Modules/CheckSymbolExists.cmake:9223372036854775807 (rocm_check_toolchain_var)
  /usr/local/share/cmake-3.25/Modules/CheckSymbolExists.cmake:85 (string)
  /usr/local/share/cmake-3.25/Modules/CheckSymbolExists.cmake:74 (__CHECK_SYMBOL_EXISTS_FILTER_FLAGS)
  cmake/CheckSymbolExistsNoWarn.cmake:38 (_check_symbol_exists)
  CMakeLists.txt:355 (check_symbol_exists)


*-----------------------------------------------------------------------------*
*******************************************************************************


*******************************************************************************
*------------------------------- ROCMChecks WARNING --------------------------*
  Options and properties should be set on a cmake target where possible. The
  variable 'CMAKE_CXX_FLAGS' may be set by the cmake toolchain, either by
  calling 'cmake -DCMAKE_CXX_FLAGS=""'
  or set in a toolchain file and added with
  'cmake -DCMAKE_TOOLCHAIN_FILE=<toolchain-file>'. ROCMChecks now calling:
CMake Warning at /opt/rocm/share/rocmcmakebuildtools/cmake/ROCMChecks.cmake:46 (message):
  'CMAKE_CXX_FLAGS' is set at
  /home/yelkhamr/dark-factory/rocm-systems/projects/rccl/CMakeLists.txt:<line#>
  shown below:
Call Stack (most recent call first):
  /usr/local/share/cmake-3.25/Modules/CheckSymbolExists.cmake:9223372036854775807 (rocm_check_toolchain_var)
  /usr/local/share/cmake-3.25/Modules/CheckSymbolExists.cmake:89 (set)
  /usr/local/share/cmake-3.25/Modules/CheckSymbolExists.cmake:76 (__CHECK_SYMBOL_EXISTS_RESTORE_FLAGS)
  cmake/CheckSymbolExistsNoWarn.cmake:38 (_check_symbol_exists)
  CMakeLists.txt:355 (check_symbol_exists)


*-----------------------------------------------------------------------------*
*******************************************************************************


*******************************************************************************
*------------------------------- ROCMChecks WARNING --------------------------*
  Options and properties should be set on a cmake target where possible. The
  variable 'CMAKE_CXX_FLAGS' may be set by the cmake toolchain, either by
  calling 'cmake -DCMAKE_CXX_FLAGS=""'
  or set in a toolchain file and added with
  'cmake -DCMAKE_TOOLCHAIN_FILE=<toolchain-file>'. ROCMChecks now calling:
CMake Warning at /opt/rocm/share/rocmcmakebuildtools/cmake/ROCMChecks.cmake:46 (message):
  'CMAKE_CXX_FLAGS' is set at
  /home/yelkhamr/dark-factory/rocm-systems/projects/rccl/CMakeLists.txt:<line#>
  shown below:
Call Stack (most recent call first):
  /usr/local/share/cmake-3.25/Modules/CheckSymbolExists.cmake:9223372036854775807 (rocm_check_toolchain_var)
  /usr/local/share/cmake-3.25/Modules/CheckSymbolExists.cmake:89 (set)
  /usr/local/share/cmake-3.25/Modules/CheckSymbolExists.cmake:76 (__CHECK_SYMBOL_EXISTS_RESTORE_FLAGS)
  cmake/CheckSymbolExistsNoWarn.cmake:38 (_check_symbol_exists)
  CMakeLists.txt:355 (check_symbol_exists)


*-----------------------------------------------------------------------------*
*******************************************************************************


*******************************************************************************
*------------------------------- ROCMChecks WARNING --------------------------*
  Options and properties should be set on a cmake target where possible. The
  variable 'CMAKE_CXX_FLAGS' may be set by the cmake toolchain, either by
  calling 'cmake -DCMAKE_CXX_FLAGS=""'
  or set in a toolchain file and added with
  'cmake -DCMAKE_TOOLCHAIN_FILE=<toolchain-file>'. ROCMChecks now calling:
CMake Warning at /opt/rocm/share/rocmcmakebuildtools/cmake/ROCMChecks.cmake:46 (message):
  'CMAKE_CXX_FLAGS' is set at
  /home/yelkhamr/dark-factory/rocm-systems/projects/rccl/CMakeLists.txt:<line#>
  shown below:
Call Stack (most recent call first):
  /usr/local/share/cmake-3.25/Modules/CheckSymbolExists.cmake:9223372036854775807 (rocm_check_toolchain_var)
  /usr/local/share/cmake-3.25/Modules/CheckSymbolExists.cmake:84 (string)
  /usr/local/share/cmake-3.25/Modules/CheckSymbolExists.cmake:74 (__CHECK_SYMBOL_EXISTS_FILTER_FLAGS)
  cmake/CheckSymbolExistsNoWarn.cmake:38 (_check_symbol_exists)
  CMakeLists.txt:358 (check_symbol_exists)


*-----------------------------------------------------------------------------*
*******************************************************************************


*******************************************************************************
*------------------------------- ROCMChecks WARNING --------------------------*
  Options and properties should be set on a cmake target where possible. The
  variable 'CMAKE_CXX_FLAGS' may be set by the cmake toolchain, either by
  calling 'cmake -DCMAKE_CXX_FLAGS=""'
  or set in a toolchain file and added with
  'cmake -DCMAKE_TOOLCHAIN_FILE=<toolchain-file>'. ROCMChecks now calling:
CMake Warning at /opt/rocm/share/rocmcmakebuildtools/cmake/ROCMChecks.cmake:46 (message):
  'CMAKE_CXX_FLAGS' is set at
  /home/yelkhamr/dark-factory/rocm-systems/projects/rccl/CMakeLists.txt:<line#>
  shown below:
Call Stack (most recent call first):
  /usr/local/share/cmake-3.25/Modules/CheckSymbolExists.cmake:9223372036854775807 (rocm_check_toolchain_var)
  /usr/local/share/cmake-3.25/Modules/CheckSymbolExists.cmake:84 (string)
  /usr/local/share/cmake-3.25/Modules/CheckSymbolExists.cmake:74 (__CHECK_SYMBOL_EXISTS_FILTER_FLAGS)
  cmake/CheckSymbolExistsNoWarn.cmake:38 (_check_symbol_exists)
  CMakeLists.txt:358 (check_symbol_exists)


*-----------------------------------------------------------------------------*
*******************************************************************************


*******************************************************************************
*------------------------------- ROCMChecks WARNING --------------------------*
  Options and properties should be set on a cmake target where possible. The
  variable 'CMAKE_CXX_FLAGS' may be set by the cmake toolchain, either by
  calling 'cmake -DCMAKE_CXX_FLAGS=""'
  or set in a toolchain file and added with
  'cmake -DCMAKE_TOOLCHAIN_FILE=<toolchain-file>'. ROCMChecks now calling:
CMake Warning at /opt/rocm/share/rocmcmakebuildtools/cmake/ROCMChecks.cmake:46 (message):
  'CMAKE_CXX_FLAGS' is set at
  /home/yelkhamr/dark-factory/rocm-systems/projects/rccl/CMakeLists.txt:<line#>
  shown below:
Call Stack (most recent call first):
  /usr/local/share/cmake-3.25/Modules/CheckSymbolExists.cmake:9223372036854775807 (rocm_check_toolchain_var)
  /usr/local/share/cmake-3.25/Modules/CheckSymbolExists.cmake:85 (string)
  /usr/local/share/cmake-3.25/Modules/CheckSymbolExists.cmake:74 (__CHECK_SYMBOL_EXISTS_FILTER_FLAGS)
  cmake/CheckSymbolExistsNoWarn.cmake:38 (_check_symbol_exists)
  CMakeLists.txt:358 (check_symbol_exists)


*-----------------------------------------------------------------------------*
*******************************************************************************


*******************************************************************************
*------------------------------- ROCMChecks WARNING --------------------------*
  Options and properties should be set on a cmake target where possible. The
  variable 'CMAKE_CXX_FLAGS' may be set by the cmake toolchain, either by
  calling 'cmake -DCMAKE_CXX_FLAGS=""'
  or set in a toolchain file and added with
  'cmake -DCMAKE_TOOLCHAIN_FILE=<toolchain-file>'. ROCMChecks now calling:
CMake Warning at /opt/rocm/share/rocmcmakebuildtools/cmake/ROCMChecks.cmake:46 (message):
  'CMAKE_CXX_FLAGS' is set at
  /home/yelkhamr/dark-factory/rocm-systems/projects/rccl/CMakeLists.txt:<line#>
  shown below:
Call Stack (most recent call first):
  /usr/local/share/cmake-3.25/Modules/CheckSymbolExists.cmake:9223372036854775807 (rocm_check_toolchain_var)
  /usr/local/share/cmake-3.25/Modules/CheckSymbolExists.cmake:85 (string)
  /usr/local/share/cmake-3.25/Modules/CheckSymbolExists.cmake:74 (__CHECK_SYMBOL_EXISTS_FILTER_FLAGS)
  cmake/CheckSymbolExistsNoWarn.cmake:38 (_check_symbol_exists)
  CMakeLists.txt:358 (check_symbol_exists)


*-----------------------------------------------------------------------------*
*******************************************************************************


*******************************************************************************
*------------------------------- ROCMChecks WARNING --------------------------*
  Options and properties should be set on a cmake target where possible. The
  variable 'CMAKE_CXX_FLAGS' may be set by the cmake toolchain, either by
  calling 'cmake -DCMAKE_CXX_FLAGS=""'
  or set in a toolchain file and added with
  'cmake -DCMAKE_TOOLCHAIN_FILE=<toolchain-file>'. ROCMChecks now calling:
CMake Warning at /opt/rocm/share/rocmcmakebuildtools/cmake/ROCMChecks.cmake:46 (message):
  'CMAKE_CXX_FLAGS' is set at
  /home/yelkhamr/dark-factory/rocm-systems/projects/rccl/CMakeLists.txt:<line#>
  shown below:
Call Stack (most recent call first):
  /usr/local/share/cmake-3.25/Modules/CheckSymbolExists.cmake:9223372036854775807 (rocm_check_toolchain_var)
  /usr/local/share/cmake-3.25/Modules/CheckSymbolExists.cmake:89 (set)
  /usr/local/share/cmake-3.25/Modules/CheckSymbolExists.cmake:76 (__CHECK_SYMBOL_EXISTS_RESTORE_FLAGS)
  cmake/CheckSymbolExistsNoWarn.cmake:38 (_check_symbol_exists)
  CMakeLists.txt:358 (check_symbol_exists)


*-----------------------------------------------------------------------------*
*******************************************************************************


*******************************************************************************
*------------------------------- ROCMChecks WARNING --------------------------*
  Options and properties should be set on a cmake target where possible. The
  variable 'CMAKE_CXX_FLAGS' may be set by the cmake toolchain, either by
  calling 'cmake -DCMAKE_CXX_FLAGS=""'
  or set in a toolchain file and added with
  'cmake -DCMAKE_TOOLCHAIN_FILE=<toolchain-file>'. ROCMChecks now calling:
CMake Warning at /opt/rocm/share/rocmcmakebuildtools/cmake/ROCMChecks.cmake:46 (message):
  'CMAKE_CXX_FLAGS' is set at
  /home/yelkhamr/dark-factory/rocm-systems/projects/rccl/CMakeLists.txt:<line#>
  shown below:
Call Stack (most recent call first):
  /usr/local/share/cmake-3.25/Modules/CheckSymbolExists.cmake:9223372036854775807 (rocm_check_toolchain_var)
  /usr/local/share/cmake-3.25/Modules/CheckSymbolExists.cmake:89 (set)
  /usr/local/share/cmake-3.25/Modules/CheckSymbolExists.cmake:76 (__CHECK_SYMBOL_EXISTS_RESTORE_FLAGS)
  cmake/CheckSymbolExistsNoWarn.cmake:38 (_check_symbol_exists)
  CMakeLists.txt:358 (check_symbol_exists)


*-----------------------------------------------------------------------------*
*******************************************************************************

-- RCCL LL128 protocol enabled
-- Copy Engine (CE) batch API disabled - hipMemcpyBatchAsync not found in hip/hip_runtime_api.h
-- cuMem DMA-BUF export enabled - hipMemGetHandleForAddressRange found
-- HSA runtime: /opt/rocm/include
-- Kernarg preloading to SGPR enabled
-- Parallel jobs enabled
-- ROCTX include directory found: /opt/rocm/include
-- ROCTX library found: /opt/rocm/lib/libroctx64.so
-- Generating /home/yelkhamr/dark-factory/rocm-systems/projects/rccl/build/release/hipify/gensrc/device_table.h
-- Generating /home/yelkhamr/dark-factory/rocm-systems/projects/rccl/build/release/hipify/gensrc/host_table.cpp
-- Generating /home/yelkhamr/dark-factory/rocm-systems/projects/rccl/build/release/hipify/gensrc/broadcast_sum_i8.cpp
-- Generating /home/yelkhamr/dark-factory/rocm-systems/projects/rccl/build/release/hipify/gensrc/reduce_sum_u8.cpp
-- Generating /home/yelkhamr/dark-factory/rocm-systems/projects/rccl/build/release/hipify/gensrc/reduce_sum_u32.cpp
-- Generating /home/yelkhamr/dark-factory/rocm-systems/projects/rccl/build/release/hipify/gensrc/reduce_sum_u64.cpp
-- Generating /home/yelkhamr/dark-factory/rocm-systems/projects/rccl/build/release/hipify/gensrc/reduce_sum_f16.cpp
-- Generating /home/yelkhamr/dark-factory/rocm-systems/projects/rccl/build/release/hipify/gensrc/reduce_sum_f32.cpp
-- Generating /home/yelkhamr/dark-factory/rocm-systems/projects/rccl/build/release/hipify/gensrc/reduce_sum_f64.cpp
-- Generating /home/yelkhamr/dark-factory/rocm-systems/projects/rccl/build/release/hipify/gensrc/reduce_sum_bf16.cpp
-- Generating /home/yelkhamr/dark-factory/rocm-systems/projects/rccl/build/release/hipify/gensrc/reduce_sum_f8e4m3.cpp
-- Generating /home/yelkhamr/dark-factory/rocm-systems/projects/rccl/build/release/hipify/gensrc/reduce_sum_f8e5m2.cpp
-- Generating /home/yelkhamr/dark-factory/rocm-systems/projects/rccl/build/release/hipify/gensrc/reduce_prod_u8.cpp
-- Generating /home/yelkhamr/dark-factory/rocm-systems/projects/rccl/build/release/hipify/gensrc/reduce_prod_u32.cpp
-- Generating /home/yelkhamr/dark-factory/rocm-systems/projects/rccl/build/release/hipify/gensrc/reduce_prod_u64.cpp
-- Generating /home/yelkhamr/dark-factory/rocm-systems/projects/rccl/build/release/hipify/gensrc/reduce_prod_f16.cpp
-- Generating /home/yelkhamr/dark-factory/rocm-systems/projects/rccl/build/release/hipify/gensrc/reduce_prod_f32.cpp
-- Generating /home/yelkhamr/dark-factory/rocm-systems/projects/rccl/build/release/hipify/gensrc/reduce_prod_f64.cpp
-- Generating /home/yelkhamr/dark-factory/rocm-systems/projects/rccl/build/release/hipify/gensrc/reduce_prod_bf16.cpp
-- Generating /home/yelkhamr/dark-factory/rocm-systems/projects/rccl/build/release/hipify/gensrc/reduce_prod_f8e4m3.cpp
-- Generating /home/yelkhamr/dark-factory/rocm-systems/projects/rccl/build/release/hipify/gensrc/reduce_prod_f8e5m2.cpp
-- Generating /home/yelkhamr/dark-factory/rocm-systems/projects/rccl/build/release/hipify/gensrc/reduce_minmax_u8.cpp
-- Generating /home/yelkhamr/dark-factory/rocm-systems/projects/rccl/build/release/hipify/gensrc/reduce_minmax_u32.cpp
-- Generating /home/yelkhamr/dark-factory/rocm-systems/projects/rccl/build/release/hipify/gensrc/reduce_minmax_u64.cpp
-- Generating /home/yelkhamr/dark-factory/rocm-systems/projects/rccl/build/release/hipify/gensrc/reduce_minmax_f16.cpp
-- Generating /home/yelkhamr/dark-factory/rocm-systems/projects/rccl/build/release/hipify/gensrc/reduce_minmax_f32.cpp
-- Generating /home/yelkhamr/dark-factory/rocm-systems/projects/rccl/build/release/hipify/gensrc/reduce_minmax_f64.cpp
-- Generating /home/yelkhamr/dark-factory/rocm-systems/projects/rccl/build/release/hipify/gensrc/reduce_minmax_bf16.cpp
-- Generating /home/yelkhamr/dark-factory/rocm-systems/projects/rccl/build/release/hipify/gensrc/reduce_minmax_f8e4m3.cpp
-- Generating /home/yelkhamr/dark-factory/rocm-systems/projects/rccl/build/release/hipify/gensrc/reduce_minmax_f8e5m2.cpp
-- Generating /home/yelkhamr/dark-factory/rocm-systems/projects/rccl/build/release/hipify/gensrc/reduce_premulsum_u8.cpp
-- Generating /home/yelkhamr/dark-factory/rocm-systems/projects/rccl/build/release/hipify/gensrc/reduce_premulsum_u32.cpp
-- Generating /home/yelkhamr/dark-factory/rocm-systems/projects/rccl/build/release/hipify/gensrc/reduce_premulsum_u64.cpp
-- Generating /home/yelkhamr/dark-factory/rocm-systems/projects/rccl/build/release/hipify/gensrc/reduce_premulsum_f16.cpp
-- Generating /home/yelkhamr/dark-factory/rocm-systems/projects/rccl/build/release/hipify/gensrc/reduce_premulsum_f32.cpp
-- Generating /home/yelkhamr/dark-factory/rocm-systems/projects/rccl/build/release/hipify/gensrc/reduce_premulsum_f64.cpp
-- Generating /home/yelkhamr/dark-factory/rocm-systems/projects/rccl/build/release/hipify/gensrc/reduce_premulsum_bf16.cpp
-- Generating /home/yelkhamr/dark-factory/rocm-systems/projects/rccl/build/release/hipify/gensrc/reduce_premulsum_f8e4m3.cpp
-- Generating /home/yelkhamr/dark-factory/rocm-systems/projects/rccl/build/release/hipify/gensrc/reduce_premulsum_f8e5m2.cpp
-- Generating /home/yelkhamr/dark-factory/rocm-systems/projects/rccl/build/release/hipify/gensrc/reduce_sumpostdiv_u8.cpp
-- Generating /home/yelkhamr/dark-factory/rocm-systems/projects/rccl/build/release/hipify/gensrc/reduce_sumpostdiv_u32.cpp
-- Generating /home/yelkhamr/dark-factory/rocm-systems/projects/rccl/build/release/hipify/gensrc/reduce_sumpostdiv_u64.cpp
-- Generating /home/yelkhamr/dark-factory/rocm-systems/projects/rccl/build/release/hipify/gensrc/all_gather_sum_i8.cpp
-- Generating /home/yelkhamr/dark-factory/rocm-systems/projects/rccl/build/release/hipify/gensrc/reduce_scatter_sum_u8.cpp
-- Generating /home/yelkhamr/dark-factory/rocm-systems/projects/rccl/build/release/hipify/gensrc/reduce_scatter_sum_u32.cpp
-- Generating /home/yelkhamr/dark-factory/rocm-systems/projects/rccl/build/release/hipify/gensrc/reduce_scatter_sum_u64.cpp
-- Generating /home/yelkhamr/dark-factory/rocm-systems/projects/rccl/build/release/hipify/gensrc/reduce_scatter_sum_f16.cpp
-- Generating /home/yelkhamr/dark-factory/rocm-systems/projects/rccl/build/release/hipify/gensrc/reduce_scatter_sum_f32.cpp
-- Generating /home/yelkhamr/dark-factory/rocm-systems/projects/rccl/build/release/hipify/gensrc/reduce_scatter_sum_f64.cpp
-- Generating /home/yelkhamr/dark-factory/rocm-systems/projects/rccl/build/release/hipify/gensrc/reduce_scatter_sum_bf16.cpp
-- Generating /home/yelkhamr/dark-factory/rocm-systems/projects/rccl/build/release/hipify/gensrc/reduce_scatter_sum_f8e4m3.cpp
-- Generating /home/yelkhamr/dark-factory/rocm-systems/projects/rccl/build/release/hipify/gensrc/reduce_scatter_sum_f8e5m2.cpp
-- Generating /home/yelkhamr/dark-factory/rocm-systems/projects/rccl/build/release/hipify/gensrc/reduce_scatter_prod_u8.cpp
-- Generating /home/yelkhamr/dark-factory/rocm-systems/projects/rccl/build/release/hipify/gensrc/reduce_scatter_prod_u32.cpp
-- Generating /home/yelkhamr/dark-factory/rocm-systems/projects/rccl/build/release/hipify/gensrc/reduce_scatter_prod_u64.cpp
-- Generating /home/yelkhamr/dark-factory/rocm-systems/projects/rccl/build/release/hipify/gensrc/reduce_scatter_prod_f16.cpp
-- Generating /home/yelkhamr/dark-factory/rocm-systems/projects/rccl/build/release/hipify/gensrc/reduce_scatter_prod_f32.cpp
-- Generating /home/yelkhamr/dark-factory/rocm-systems/projects/rccl/build/release/hipify/gensrc/reduce_scatter_prod_f64.cpp
-- Generating /home/yelkhamr/dark-factory/rocm-systems/projects/rccl/build/release/hipify/gensrc/reduce_scatter_prod_bf16.cpp
-- Generating /home/yelkhamr/dark-factory/rocm-systems/projects/rccl/build/release/hipify/gensrc/reduce_scatter_prod_f8e4m3.cpp
-- Generating /home/yelkhamr/dark-factory/rocm-systems/projects/rccl/build/release/hipify/gensrc/reduce_scatter_prod_f8e5m2.cpp
-- Generating /home/yelkhamr/dark-factory/rocm-systems/projects/rccl/build/release/hipify/gensrc/reduce_scatter_minmax_u8.cpp
-- Generating /home/yelkhamr/dark-factory/rocm-systems/projects/rccl/build/release/hipify/gensrc/reduce_scatter_minmax_u32.cpp
-- Generating /home/yelkhamr/dark-factory/rocm-systems/projects/rccl/build/release/hipify/gensrc/reduce_scatter_minmax_u64.cpp
-- Generating /home/yelkhamr/dark-factory/rocm-systems/projects/rccl/build/release/hipify/gensrc/reduce_scatter_minmax_f16.cpp
-- Generating /home/yelkhamr/dark-factory/rocm-systems/projects/rccl/build/release/hipify/gensrc/reduce_scatter_minmax_f32.cpp
-- Generating /home/yelkhamr/dark-factory/rocm-systems/projects/rccl/build/release/hipify/gensrc/reduce_scatter_minmax_f64.cpp
-- Generating /home/yelkhamr/dark-factory/rocm-systems/projects/rccl/build/release/hipify/gensrc/reduce_scatter_minmax_bf16.cpp
-- Generating /home/yelkhamr/dark-factory/rocm-systems/projects/rccl/build/release/hipify/gensrc/reduce_scatter_minmax_f8e4m3.cpp
-- Generating /home/yelkhamr/dark-factory/rocm-systems/projects/rccl/build/release/hipify/gensrc/reduce_scatter_minmax_f8e5m2.cpp
-- Generating /home/yelkhamr/dark-factory/rocm-systems/projects/rccl/build/release/hipify/gensrc/reduce_scatter_premulsum_u8.cpp
-- Generating /home/yelkhamr/dark-factory/rocm-systems/projects/rccl/build/release/hipify/gensrc/reduce_scatter_premulsum_u32.cpp
-- Generating /home/yelkhamr/dark-factory/rocm-systems/projects/rccl/build/release/hipify/gensrc/reduce_scatter_premulsum_u64.cpp
-- Generating /home/yelkhamr/dark-factory/rocm-systems/projects/rccl/build/release/hipify/gensrc/reduce_scatter_premulsum_f16.cpp
-- Generating /home/yelkhamr/dark-factory/rocm-systems/projects/rccl/build/release/hipify/gensrc/reduce_scatter_premulsum_f32.cpp
-- Generating /home/yelkhamr/dark-factory/rocm-systems/projects/rccl/build/release/hipify/gensrc/reduce_scatter_premulsum_f64.cpp
-- Generating /home/yelkhamr/dark-factory/rocm-systems/projects/rccl/build/release/hipify/gensrc/reduce_scatter_premulsum_bf16.cpp
-- Generating /home/yelkhamr/dark-factory/rocm-systems/projects/rccl/build/release/hipify/gensrc/reduce_scatter_premulsum_f8e4m3.cpp
-- Generating /home/yelkhamr/dark-factory/rocm-systems/projects/rccl/build/release/hipify/gensrc/reduce_scatter_premulsum_f8e5m2.cpp
-- Generating /home/yelkhamr/dark-factory/rocm-systems/projects/rccl/build/release/hipify/gensrc/reduce_scatter_sumpostdiv_u8.cpp
-- Generating /home/yelkhamr/dark-factory/rocm-systems/projects/rccl/build/release/hipify/gensrc/reduce_scatter_sumpostdiv_u32.cpp
-- Generating /home/yelkhamr/dark-factory/rocm-systems/projects/rccl/build/release/hipify/gensrc/reduce_scatter_sumpostdiv_u64.cpp
-- Generating /home/yelkhamr/dark-factory/rocm-systems/projects/rccl/build/release/hipify/gensrc/all_reduce_sum_u8.cpp
-- Generating /home/yelkhamr/dark-factory/rocm-systems/projects/rccl/build/release/hipify/gensrc/all_reduce_sum_u32.cpp
-- Generating /home/yelkhamr/dark-factory/rocm-systems/projects/rccl/build/release/hipify/gensrc/all_reduce_sum_u64.cpp
-- Generating /home/yelkhamr/dark-factory/rocm-systems/projects/rccl/build/release/hipify/gensrc/all_reduce_sum_f16.cpp
-- Generating /home/yelkhamr/dark-factory/rocm-systems/projects/rccl/build/release/hipify/gensrc/all_reduce_sum_f32.cpp
-- Generating /home/yelkhamr/dark-factory/rocm-systems/projects/rccl/build/release/hipify/gensrc/all_reduce_sum_f64.cpp
-- Generating /home/yelkhamr/dark-factory/rocm-systems/projects/rccl/build/release/hipify/gensrc/all_reduce_sum_bf16.cpp
-- Generating /home/yelkhamr/dark-factory/rocm-systems/projects/rccl/build/release/hipify/gensrc/all_reduce_sum_f8e4m3.cpp
-- Generating /home/yelkhamr/dark-factory/rocm-systems/projects/rccl/build/release/hipify/gensrc/all_reduce_sum_f8e5m2.cpp
-- Generating /home/yelkhamr/dark-factory/rocm-systems/projects/rccl/build/release/hipify/gensrc/all_reduce_prod_u8.cpp
-- Generating /home/yelkhamr/dark-factory/rocm-systems/projects/rccl/build/release/hipify/gensrc/all_reduce_prod_u32.cpp
-- Generating /home/yelkhamr/dark-factory/rocm-systems/projects/rccl/build/release/hipify/gensrc/all_reduce_prod_u64.cpp
-- Generating /home/yelkhamr/dark-factory/rocm-systems/projects/rccl/build/release/hipify/gensrc/all_reduce_prod_f16.cpp
-- Generating /home/yelkhamr/dark-factory/rocm-systems/projects/rccl/build/release/hipify/gensrc/all_reduce_prod_f32.cpp
-- Generating /home/yelkhamr/dark-factory/rocm-systems/projects/rccl/build/release/hipify/gensrc/all_reduce_prod_f64.cpp
-- Generating /home/yelkhamr/dark-factory/rocm-systems/projects/rccl/build/release/hipify/gensrc/all_reduce_prod_bf16.cpp
-- Generating /home/yelkhamr/dark-factory/rocm-systems/projects/rccl/build/release/hipify/gensrc/all_reduce_prod_f8e4m3.cpp
-- Generating /home/yelkhamr/dark-factory/rocm-systems/projects/rccl/build/release/hipify/gensrc/all_reduce_prod_f8e5m2.cpp
-- Generating /home/yelkhamr/dark-factory/rocm-systems/projects/rccl/build/release/hipify/gensrc/all_reduce_minmax_u8.cpp
-- Generating /home/yelkhamr/dark-factory/rocm-systems/projects/rccl/build/release/hipify/gensrc/all_reduce_minmax_u32.cpp
-- Generating /home/yelkhamr/dark-factory/rocm-systems/projects/rccl/build/release/hipify/gensrc/all_reduce_minmax_u64.cpp
-- Generating /home/yelkhamr/dark-factory/rocm-systems/projects/rccl/build/release/hipify/gensrc/all_reduce_minmax_f16.cpp
-- Generating /home/yelkhamr/dark-factory/rocm-systems/projects/rccl/build/release/hipify/gensrc/all_reduce_minmax_f32.cpp
-- Generating /home/yelkhamr/dark-factory/rocm-systems/projects/rccl/build/release/hipify/gensrc/all_reduce_minmax_f64.cpp
-- Generating /home/yelkhamr/dark-factory/rocm-systems/projects/rccl/build/release/hipify/gensrc/all_reduce_minmax_bf16.cpp
-- Generating /home/yelkhamr/dark-factory/rocm-systems/projects/rccl/build/release/hipify/gensrc/all_reduce_minmax_f8e4m3.cpp
-- Generating /home/yelkhamr/dark-factory/rocm-systems/projects/rccl/build/release/hipify/gensrc/all_reduce_minmax_f8e5m2.cpp
-- Generating /home/yelkhamr/dark-factory/rocm-systems/projects/rccl/build/release/hipify/gensrc/all_reduce_premulsum_u8.cpp
-- Generating /home/yelkhamr/dark-factory/rocm-systems/projects/rccl/build/release/hipify/gensrc/all_reduce_premulsum_u32.cpp
-- Generating /home/yelkhamr/dark-factory/rocm-systems/projects/rccl/build/release/hipify/gensrc/all_reduce_premulsum_u64.cpp
-- Generating /home/yelkhamr/dark-factory/rocm-systems/projects/rccl/build/release/hipify/gensrc/all_reduce_premulsum_f16.cpp
-- Generating /home/yelkhamr/dark-factory/rocm-systems/projects/rccl/build/release/hipify/gensrc/all_reduce_premulsum_f32.cpp
-- Generating /home/yelkhamr/dark-factory/rocm-systems/projects/rccl/build/release/hipify/gensrc/all_reduce_premulsum_f64.cpp
-- Generating /home/yelkhamr/dark-factory/rocm-systems/projects/rccl/build/release/hipify/gensrc/all_reduce_premulsum_bf16.cpp
-- Generating /home/yelkhamr/dark-factory/rocm-systems/projects/rccl/build/release/hipify/gensrc/all_reduce_premulsum_f8e4m3.cpp
-- Generating /home/yelkhamr/dark-factory/rocm-systems/projects/rccl/build/release/hipify/gensrc/all_reduce_premulsum_f8e5m2.cpp
-- Generating /home/yelkhamr/dark-factory/rocm-systems/projects/rccl/build/release/hipify/gensrc/all_reduce_sumpostdiv_u8.cpp
-- Generating /home/yelkhamr/dark-factory/rocm-systems/projects/rccl/build/release/hipify/gensrc/all_reduce_sumpostdiv_u32.cpp
-- Generating /home/yelkhamr/dark-factory/rocm-systems/projects/rccl/build/release/hipify/gensrc/all_reduce_sumpostdiv_u64.cpp
-- Generating /home/yelkhamr/dark-factory/rocm-systems/projects/rccl/build/release/hipify/gensrc/sendrecv_sum_i8.cpp
-- Generating /home/yelkhamr/dark-factory/rocm-systems/projects/rccl/build/release/hipify/gensrc/alltoall_pivot_sum_i8.cpp
-- Generated 1660 specialized kernel files in /home/yelkhamr/dark-factory/rocm-systems/projects/rccl/build/release/hipify/gensrc/specialized
-- Generating /home/yelkhamr/dark-factory/rocm-systems/projects/rccl/build/release/hipify/gensrc/symmetric/all_gather.cpp
-- Generating /home/yelkhamr/dark-factory/rocm-systems/projects/rccl/build/release/hipify/gensrc/symmetric/all_reduce_sum_f32.cpp
-- Generating /home/yelkhamr/dark-factory/rocm-systems/projects/rccl/build/release/hipify/gensrc/symmetric/reduce_scatter_sum_f32.cpp
-- Generating /home/yelkhamr/dark-factory/rocm-systems/projects/rccl/build/release/hipify/gensrc/symmetric/reduce_scatter_gin_sum_f32.cpp
-- Generating /home/yelkhamr/dark-factory/rocm-systems/projects/rccl/build/release/hipify/gensrc/symmetric/all_reduce_sum_f16.cpp
-- Generating /home/yelkhamr/dark-factory/rocm-systems/projects/rccl/build/release/hipify/gensrc/symmetric/reduce_scatter_sum_f16.cpp
-- Generating /home/yelkhamr/dark-factory/rocm-systems/projects/rccl/build/release/hipify/gensrc/symmetric/reduce_scatter_gin_sum_f16.cpp
-- Generating /home/yelkhamr/dark-factory/rocm-systems/projects/rccl/build/release/hipify/gensrc/symmetric/all_reduce_sum_bf16.cpp
-- Generating /home/yelkhamr/dark-factory/rocm-systems/projects/rccl/build/release/hipify/gensrc/symmetric/reduce_scatter_sum_bf16.cpp
-- Generating /home/yelkhamr/dark-factory/rocm-systems/projects/rccl/build/release/hipify/gensrc/symmetric/reduce_scatter_gin_sum_bf16.cpp
-- Generating /home/yelkhamr/dark-factory/rocm-systems/projects/rccl/build/release/hipify/gensrc/symmetric/all_reduce_sum_f8e4m3.cpp
-- Generating /home/yelkhamr/dark-factory/rocm-systems/projects/rccl/build/release/hipify/gensrc/symmetric/reduce_scatter_sum_f8e4m3.cpp
-- Generating /home/yelkhamr/dark-factory/rocm-systems/projects/rccl/build/release/hipify/gensrc/symmetric/reduce_scatter_gin_sum_f8e4m3.cpp
-- Generating /home/yelkhamr/dark-factory/rocm-systems/projects/rccl/build/release/hipify/gensrc/symmetric/all_reduce_sum_f8e5m2.cpp
-- Generating /home/yelkhamr/dark-factory/rocm-systems/projects/rccl/build/release/hipify/gensrc/symmetric/reduce_scatter_sum_f8e5m2.cpp
-- Generating /home/yelkhamr/dark-factory/rocm-systems/projects/rccl/build/release/hipify/gensrc/symmetric/reduce_scatter_gin_sum_f8e5m2.cpp
-- Generating /home/yelkhamr/dark-factory/rocm-systems/projects/rccl/build/release/hipify/gensrc/symmetric/reduce_scatter_avg_f32.cpp
-- Generating /home/yelkhamr/dark-factory/rocm-systems/projects/rccl/build/release/hipify/gensrc/symmetric/reduce_scatter_gin_avg_f32.cpp
-- Generating /home/yelkhamr/dark-factory/rocm-systems/projects/rccl/build/release/hipify/gensrc/symmetric/reduce_scatter_avg_f16.cpp
-- Generating /home/yelkhamr/dark-factory/rocm-systems/projects/rccl/build/release/hipify/gensrc/symmetric/reduce_scatter_gin_avg_f16.cpp
-- Generating /home/yelkhamr/dark-factory/rocm-systems/projects/rccl/build/release/hipify/gensrc/symmetric/reduce_scatter_avg_bf16.cpp
-- Generating /home/yelkhamr/dark-factory/rocm-systems/projects/rccl/build/release/hipify/gensrc/symmetric/reduce_scatter_gin_avg_bf16.cpp
-- Generating /home/yelkhamr/dark-factory/rocm-systems/projects/rccl/build/release/hipify/gensrc/symmetric/reduce_scatter_avg_f8e4m3.cpp
-- Generating /home/yelkhamr/dark-factory/rocm-systems/projects/rccl/build/release/hipify/gensrc/symmetric/reduce_scatter_gin_avg_f8e4m3.cpp
-- Generating /home/yelkhamr/dark-factory/rocm-systems/projects/rccl/build/release/hipify/gensrc/symmetric/reduce_scatter_avg_f8e5m2.cpp
-- Generating /home/yelkhamr/dark-factory/rocm-systems/projects/rccl/build/release/hipify/gensrc/symmetric/reduce_scatter_gin_avg_f8e5m2.cpp
-- Generating /home/yelkhamr/dark-factory/rocm-systems/projects/rccl/build/release/hipify/gensrc/symmetric/reduce_scatter.cpp
-- Generating /home/yelkhamr/dark-factory/rocm-systems/projects/rccl/build/release/hipify/gensrc/symmetric/all_reduce.cpp
-- Generating /home/yelkhamr/dark-factory/rocm-systems/projects/rccl/build/release/hipify/gensrc/symmetric/symmetric_kernels.cc
-- Device Linker: filtered HIP_SOURCES (removed device .cpp under gensrc/ + subdirs, common.cu, onerank.cu, collectives.cc, dda_all_reduce_ipc.cu.cpp, dda_reduce_scatter_ipc.cu.cpp, dda_all_gather_ipc.cu.cpp, dda_alltoall_ipc.cu.cpp, dda_recursive_halving_ipc.cu.cpp)
-- HIP_VMM_UNCACHED_MEMORY disabled
-- HIP_CONTIGUOUS_MEMORY enabled
-- HIP_UNCACHED_MEMORY enabled
-- HIP_HOST_UNCACHED_MEMORY enabled
-- hipMemFabricHandle_t type not found - disabling HIP_FABRIC_API
-- RCCL_CUMEM_DMABUF_EXPORT_SUPPORTED compile definition enabled
-- --offload-compress enabled - ROCm version >= 6.2.0
-- Fault injection enabled
-- Device Linker: assembly-extract pipeline enabled (RCCLDEV language)
-- Device Linker: no --hip-path/--hip-device-lib-path in CMAKE_CXX_FLAGS (standard ROCm install)
-- Device Linker: GPU targets = gfx950
-- Device Linker: 1660 specialized kernels
-- Use 16 jobs for linking
-- RCCL: .hip_fatbin will be placed at end of librccl.so (/home/yelkhamr/dark-factory/rocm-systems/projects/rccl/cmake/linker_scripts/hip_fatbin_tail.ld)
-- Building shared RCCL library
Building rccl RAS client executable
-- rocm-cmake: Set license file to /home/yelkhamr/dark-factory/rocm-systems/projects/rccl/LICENSE.txt.
-- Configuring done
-- Generating done
-- Build files have been written to: /home/yelkhamr/dark-factory/rocm-systems/projects/rccl/build/release
[  0%] Built target net_ib_header_symlinks
[  1%] Updating git version information
[  1%] Built target fmt
[  1%] Hipifying src/dda_recursive_halving_ipc.cu -> /home/yelkhamr/dark-factory/rocm-systems/projects/rccl/build/release/hipify/src/dda_recursive_halving_ipc.cu.cpp
[  1%] Hipifying src/collectives.cc -> /home/yelkhamr/dark-factory/rocm-systems/projects/rccl/build/release/hipify/src/collectives.cc
[  1%] Hipifying src/graph/tuning.cc -> /home/yelkhamr/dark-factory/rocm-systems/projects/rccl/build/release/hipify/src/graph/tuning.cc
[  1%] Hipifying src/include/algorithms/reduce_scatter/rhd_dda.h -> /home/yelkhamr/dark-factory/rocm-systems/projects/rccl/build/release/hipify/src/include/algorithms/reduce_scatter/rhd_dda.h
[  1%] Hipifying src/include/dda_recursive_halving_ipc.h -> /home/yelkhamr/dark-factory/rocm-systems/projects/rccl/build/release/hipify/src/include/dda_recursive_halving_ipc.h
[  1%] Hipifying src/include/rccl_common.h -> /home/yelkhamr/dark-factory/rocm-systems/projects/rccl/build/release/hipify/src/include/rccl_common.h
-- Updating git_version.cpp
[  1%] Built target update_git_version
[ 17%] Built target hipify_all
[ 17%] Generating ../include/rccl/nccl_device.h
[ 19%] Built target copy_nccl_device_headers
[ 19%] Building RCCLDEV object src/CMakeFiles/rccl_device_gfx950.dir/__/hipify/gensrc/specialized/specialized_allreduce_tree_simple_sum_f8e4m3_0_0_2.o
[ 19%] Building RCCLDEV object src/CMakeFiles/rccl_device_gfx950.dir/__/hipify/gensrc/specialized/specialized_allreduce_tree_simple_sum_f8e4m3_1_0_2.o
[ 19%] Building RCCLDEV object src/CMakeFiles/rccl_device_gfx950.dir/__/hipify/gensrc/specialized/specialized_allreduce_tree_simple_sum_f8e5m2_0_0_2.o
[ 19%] Building RCCLDEV object src/CMakeFiles/rccl_device_gfx950.dir/__/hipify/gensrc/specialized/specialized_allreduce_tree_simple_sum_f8e5m2_1_0_2.o
[ 19%] Building RCCLDEV object src/CMakeFiles/rccl_device_gfx950.dir/__/hipify/gensrc/specialized/specialized_allreduce_tree_simple_prod_f8e5m2_1_0_2.o
[ 19%] Building RCCLDEV object src/CMakeFiles/rccl_device_gfx950.dir/__/hipify/gensrc/specialized/specialized_allreduce_tree_simple_prod_f8e4m3_0_0_2.o
[ 19%] Building RCCLDEV object src/CMakeFiles/rccl_device_gfx950.dir/__/hipify/gensrc/specialized/specialized_allreduce_tree_simple_minmax_f8e4m3_1_0_2.o
[ 19%] Building RCCLDEV object src/CMakeFiles/rccl_device_gfx950.dir/__/hipify/gensrc/specialized/specialized_allreduce_tree_simple_prod_f8e5m2_0_0_2.o
[ 19%] Building RCCLDEV object src/CMakeFiles/rccl_device_gfx950.dir/__/hipify/gensrc/specialized/specialized_allreduce_tree_simple_prod_f8e4m3_1_0_2.o
[ 19%] Building RCCLDEV object src/CMakeFiles/rccl_device_gfx950.dir/__/hipify/gensrc/specialized/specialized_allreduce_tree_simple_minmax_f8e4m3_0_0_2.o
[ 20%] Building RCCLDEV object src/CMakeFiles/rccl_device_gfx950.dir/__/hipify/gensrc/specialized/specialized_allreduce_tree_simple_premulsum_f8e4m3_1_0_2.o
[ 20%] Building RCCLDEV object src/CMakeFiles/rccl_device_gfx950.dir/__/hipify/gensrc/specialized/specialized_allreduce_tree_simple_minmax_f8e5m2_0_0_2.o
[ 20%] Building RCCLDEV object src/CMakeFiles/rccl_device_gfx950.dir/__/hipify/gensrc/specialized/specialized_allreduce_tree_simple_premulsum_f8e4m3_0_0_2.o
[ 20%] Building RCCLDEV object src/CMakeFiles/rccl_device_gfx950.dir/__/hipify/gensrc/specialized/specialized_allreduce_tree_simple_minmax_f8e5m2_1_0_2.o
[ 20%] Building RCCLDEV object src/CMakeFiles/rccl_device_gfx950.dir/__/hipify/gensrc/specialized/specialized_allreduce_tree_simple_sum_f8e4m3_0_0_1.o
[ 20%] Building RCCLDEV object src/CMakeFiles/rccl_device_gfx950.dir/__/hipify/gensrc/specialized/specialized_allreduce_tree_simple_premulsum_f8e5m2_1_0_2.o
[ 20%] Building RCCLDEV object src/CMakeFiles/rccl_device_gfx950.dir/__/hipify/gensrc/specialized/specialized_allreduce_tree_simple_premulsum_f8e5m2_0_0_2.o
[ 20%] Building RCCLDEV object src/CMakeFiles/rccl_device_gfx950.dir/__/hipify/gensrc/specialized/specialized_allreduce_tree_simple_sum_f8e4m3_1_0_1.o
[ 20%] Building RCCLDEV object src/CMakeFiles/rccl_device_gfx950.dir/__/hipify/gensrc/specialized/specialized_allreduce_tree_simple_sum_f8e5m2_1_0_1.o
[ 20%] Building RCCLDEV object src/CMakeFiles/rccl_device_gfx950.dir/__/hipify/gensrc/specialized/specialized_allreduce_tree_simple_sum_f8e5m2_0_0_1.o
[ 20%] Building RCCLDEV object src/CMakeFiles/rccl_device_gfx950.dir/__/hipify/gensrc/specialized/specialized_allreduce_tree_simple_prod_f8e4m3_1_0_1.o
[ 20%] Building RCCLDEV object src/CMakeFiles/rccl_device_gfx950.dir/__/hipify/gensrc/specialized/specialized_allreduce_tree_simple_prod_f8e4m3_0_0_1.o
[ 20%] Building RCCLDEV object src/CMakeFiles/rccl_device_gfx950.dir/__/hipify/gensrc/specialized/specialized_allreduce_tree_simple_prod_f8e5m2_0_0_1.o
[ 20%] Building RCCLDEV object src/CMakeFiles/rccl_device_gfx950.dir/__/hipify/gensrc/specialized/specialized_allreduce_tree_simple_prod_f8e5m2_1_0_1.o
[ 20%] Building RCCLDEV object src/CMakeFiles/rccl_device_gfx950.dir/__/hipify/gensrc/specialized/specialized_allreduce_tree_simple_minmax_f8e4m3_1_0_1.o
[ 20%] Building RCCLDEV object src/CMakeFiles/rccl_device_gfx950.dir/__/hipify/gensrc/specialized/specialized_allreduce_tree_simple_minmax_f8e4m3_0_0_1.o
[ 20%] Building RCCLDEV object src/CMakeFiles/rccl_device_gfx950.dir/__/hipify/gensrc/specialized/specialized_allreduce_tree_simple_minmax_f8e5m2_0_0_1.o
[ 20%] Building RCCLDEV object src/CMakeFiles/rccl_device_gfx950.dir/__/hipify/gensrc/specialized/specialized_allreduce_tree_simple_minmax_f8e5m2_1_0_1.o
[ 20%] Building RCCLDEV object src/CMakeFiles/rccl_device_gfx950.dir/__/hipify/gensrc/specialized/specialized_allreduce_tree_simple_premulsum_f8e4m3_0_0_1.o
[ 20%] Building RCCLDEV object src/CMakeFiles/rccl_device_gfx950.dir/__/hipify/gensrc/specialized/specialized_allreduce_tree_simple_premulsum_f8e4m3_1_0_1.o
[ 20%] Building RCCLDEV object src/CMakeFiles/rccl_device_gfx950.dir/__/hipify/gensrc/specialized/specialized_allreduce_tree_simple_premulsum_f8e5m2_0_0_1.o
[ 20%] Building RCCLDEV object src/CMakeFiles/rccl_device_gfx950.dir/__/hipify/gensrc/specialized/specialized_allreduce_tree_simple_premulsum_f8e5m2_1_0_1.o
[ 20%] Building RCCLDEV object src/CMakeFiles/rccl_device_gfx950.dir/__/hipify/gensrc/specialized/specialized_reduce_ring_simple_sum_f8e4m3_0_0_2.o
[ 20%] Building RCCLDEV object src/CMakeFiles/rccl_device_gfx950.dir/__/hipify/gensrc/specialized/specialized_reduce_ring_simple_sum_f8e5m2_0_0_2.o
[ 20%] Building RCCLDEV object src/CMakeFiles/rccl_device_gfx950.dir/__/hipify/gensrc/specialized/specialized_reduce_ring_simple_prod_f8e4m3_0_0_2.o
[ 20%] Building RCCLDEV object src/CMakeFiles/rccl_device_gfx950.dir/__/hipify/gensrc/specialized/specialized_reduce_ring_simple_prod_f8e5m2_0_0_2.o
[ 20%] Building RCCLDEV object src/CMakeFiles/rccl_device_gfx950.dir/__/hipify/gensrc/specialized/specialized_reduce_ring_simple_minmax_f8e4m3_0_0_2.o
[ 20%] Building RCCLDEV object src/CMakeFiles/rccl_device_gfx950.dir/__/hipify/gensrc/specialized/specialized_reduce_ring_simple_minmax_f8e5m2_0_0_2.o
[ 20%] Building RCCLDEV object src/CMakeFiles/rccl_device_gfx950.dir/__/hipify/gensrc/specialized/specialized_reduce_ring_simple_premulsum_f8e5m2_0_0_2.o
[ 20%] Building RCCLDEV object src/CMakeFiles/rccl_device_gfx950.dir/__/hipify/gensrc/specialized/specialized_reducescatter_ring_simple_prod_f8e5m2_0_0_2.o
[ 20%] Building RCCLDEV object src/CMakeFiles/rccl_device_gfx950.dir/__/hipify/gensrc/specialized/specialized_reducescatter_ring_simple_sum_f8e5m2_0_0_2.o
[ 20%] Building RCCLDEV object src/CMakeFiles/rccl_device_gfx950.dir/__/hipify/gensrc/specialized/specialized_reducescatter_ring_simple_minmax_f8e5m2_0_0_2.o
[ 20%] Building RCCLDEV object src/CMakeFiles/rccl_device_gfx950.dir/__/hipify/gensrc/specialized/specialized_reducescatter_ring_simple_sum_f8e4m3_0_0_2.o
[ 20%] Building RCCLDEV object src/CMakeFiles/rccl_device_gfx950.dir/__/hipify/gensrc/specialized/specialized_reduce_ring_simple_premulsum_f8e4m3_0_0_2.o
[ 20%] Building RCCLDEV object src/CMakeFiles/rccl_device_gfx950.dir/__/hipify/gensrc/specialized/specialized_reducescatter_ring_simple_prod_f8e4m3_0_0_2.o
[ 20%] Building RCCLDEV object src/CMakeFiles/rccl_device_gfx950.dir/__/hipify/gensrc/specialized/specialized_reducescatter_ring_simple_minmax_f8e4m3_0_0_2.o
[ 20%] Building RCCLDEV object src/CMakeFiles/rccl_device_gfx950.dir/__/hipify/gensrc/specialized/specialized_reducescatter_ring_simple_premulsum_f8e4m3_0_0_2.o
[ 20%] Building RCCLDEV object src/CMakeFiles/rccl_device_gfx950.dir/__/hipify/gensrc/specialized/specialized_reducescatter_ring_simple_premulsum_f8e5m2_0_0_2.o
[ 20%] Building RCCLDEV object src/CMakeFiles/rccl_device_gfx950.dir/__/hipify/gensrc/specialized/specialized_allreduce_ring_simple_sum_f8e4m3_0_0_2.o
[ 20%] Building RCCLDEV object src/CMakeFiles/rccl_device_gfx950.dir/__/hipify/gensrc/specialized/specialized_allreduce_ring_simple_sum_f8e4m3_1_0_2.o
[ 20%] Building RCCLDEV object src/CMakeFiles/rccl_device_gfx950.dir/__/hipify/gensrc/specialized/specialized_allreduce_ring_simple_sum_f8e5m2_0_0_2.o
[ 20%] Building RCCLDEV object src/CMakeFiles/rccl_device_gfx950.dir/__/hipify/gensrc/specialized/specialized_allreduce_ring_simple_sum_f8e5m2_1_0_2.o
[ 20%] Building RCCLDEV object src/CMakeFiles/rccl_device_gfx950.dir/__/hipify/gensrc/specialized/specialized_allreduce_ring_simple_prod_f8e4m3_0_0_2.o
[ 20%] Building RCCLDEV object src/CMakeFiles/rccl_device_gfx950.dir/__/hipify/gensrc/specialized/specialized_allreduce_ring_simple_prod_f8e4m3_1_0_2.o
[ 20%] Building RCCLDEV object src/CMakeFiles/rccl_device_gfx950.dir/__/hipify/gensrc/specialized/specialized_allreduce_ring_simple_prod_f8e5m2_0_0_2.o
[ 20%] Building RCCLDEV object src/CMakeFiles/rccl_device_gfx950.dir/__/hipify/gensrc/specialized/specialized_allreduce_ring_simple_premulsum_f8e5m2_1_0_2.o
[ 20%] Building RCCLDEV object src/CMakeFiles/rccl_device_gfx950.dir/__/hipify/gensrc/specialized/specialized_allreduce_ring_simple_prod_f8e5m2_1_0_2.o
[ 20%] Building RCCLDEV object src/CMakeFiles/rccl_device_gfx950.dir/__/hipify/gensrc/specialized/specialized_allreduce_ring_simple_minmax_f8e5m2_1_0_2.o
[ 22%] Building RCCLDEV object src/CMakeFiles/rccl_device_gfx950.dir/__/hipify/gensrc/specialized/specialized_allreduce_ring_simple_minmax_f8e4m3_1_0_2.o
[ 22%] Building RCCLDEV object src/CMakeFiles/rccl_device_gfx950.dir/__/hipify/gensrc/specialized/specialized_allreduce_ring_simple_minmax_f8e4m3_0_0_2.o
[ 22%] Building RCCLDEV object src/CMakeFiles/rccl_device_gfx950.dir/__/hipify/gensrc/specialized/specialized_allreduce_ring_simple_minmax_f8e5m2_0_0_2.o
[ 22%] Building RCCLDEV object src/CMakeFiles/rccl_device_gfx950.dir/__/hipify/gensrc/specialized/specialized_allreduce_ring_simple_premulsum_f8e5m2_0_0_2.o
[ 22%] Building RCCLDEV object src/CMakeFiles/rccl_device_gfx950.dir/__/hipify/gensrc/specialized/specialized_allreduce_ring_simple_premulsum_f8e4m3_1_0_2.o
[ 22%] Building RCCLDEV object src/CMakeFiles/rccl_device_gfx950.dir/__/hipify/gensrc/specialized/specialized_allreduce_ring_simple_premulsum_f8e4m3_0_0_2.o
[ 22%] Building RCCLDEV object src/CMakeFiles/rccl_device_gfx950.dir/__/hipify/gensrc/specialized/specialized_reduce_ring_simple_sum_f8e4m3_0_0_1.o
[ 22%] Building RCCLDEV object src/CMakeFiles/rccl_device_gfx950.dir/__/hipify/gensrc/specialized/specialized_reduce_ring_simple_sum_f8e5m2_0_0_1.o
[ 22%] Building RCCLDEV object src/CMakeFiles/rccl_device_gfx950.dir/__/hipify/gensrc/specialized/specialized_reduce_ring_simple_prod_f8e4m3_0_0_1.o
[ 22%] Building RCCLDEV object src/CMakeFiles/rccl_device_gfx950.dir/__/hipify/gensrc/specialized/specialized_reduce_ring_simple_prod_f8e5m2_0_0_1.o
[ 22%] Building RCCLDEV object src/CMakeFiles/rccl_device_gfx950.dir/__/hipify/gensrc/specialized/specialized_reduce_ring_simple_minmax_f8e4m3_0_0_1.o
[ 22%] Building RCCLDEV object src/CMakeFiles/rccl_device_gfx950.dir/__/hipify/gensrc/specialized/specialized_reduce_ring_simple_minmax_f8e5m2_0_0_1.o
[ 22%] Building RCCLDEV object src/CMakeFiles/rccl_device_gfx950.dir/__/hipify/gensrc/specialized/specialized_reduce_ring_simple_premulsum_f8e4m3_0_0_1.o
[ 22%] Building RCCLDEV object src/CMakeFiles/rccl_device_gfx950.dir/__/hipify/gensrc/specialized/specialized_reduce_ring_simple_premulsum_f8e5m2_0_0_1.o
[ 22%] Building RCCLDEV object src/CMakeFiles/rccl_device_gfx950.dir/__/hipify/gensrc/specialized/specialized_reducescatter_ring_simple_sum_f8e4m3_0_0_1.o
[ 22%] Building RCCLDEV object src/CMakeFiles/rccl_device_gfx950.dir/__/hipify/gensrc/specialized/specialized_reducescatter_ring_simple_sum_f8e5m2_0_0_1.o
[ 22%] Building RCCLDEV object src/CMakeFiles/rccl_device_gfx950.dir/__/hipify/gensrc/specialized/specialized_reducescatter_ring_simple_prod_f8e4m3_0_0_1.o
[ 22%] Building RCCLDEV object src/CMakeFiles/rccl_device_gfx950.dir/__/hipify/gensrc/specialized/specialized_reducescatter_ring_simple_prod_f8e5m2_0_0_1.o
[ 22%] Building RCCLDEV object src/CMakeFiles/rccl_device_gfx950.dir/__/hipify/gensrc/specialized/specialized_reducescatter_ring_simple_minmax_f8e4m3_0_0_1.o
[ 22%] Building RCCLDEV object src/CMakeFiles/rccl_device_gfx950.dir/__/hipify/gensrc/specialized/specialized_reducescatter_ring_simple_minmax_f8e5m2_0_0_1.o
[ 22%] Building RCCLDEV object src/CMakeFiles/rccl_device_gfx950.dir/__/hipify/gensrc/specialized/specialized_reducescatter_ring_simple_premulsum_f8e4m3_0_0_1.o
[ 22%] Building RCCLDEV object src/CMakeFiles/rccl_device_gfx950.dir/__/hipify/gensrc/specialized/specialized_reducescatter_ring_simple_premulsum_f8e5m2_0_0_1.o
[ 22%] Building RCCLDEV object src/CMakeFiles/rccl_device_gfx950.dir/__/hipify/gensrc/specialized/specialized_allreduce_ring_simple_sum_f8e4m3_0_0_1.o
[ 22%] Building RCCLDEV object src/CMakeFiles/rccl_device_gfx950.dir/__/hipify/gensrc/specialized/specialized_allreduce_ring_simple_sum_f8e4m3_1_0_1.o
[ 22%] Building RCCLDEV object src/CMakeFiles/rccl_device_gfx950.dir/__/hipify/gensrc/specialized/specialized_allreduce_ring_simple_sum_f8e5m2_0_0_1.o
[ 22%] Building RCCLDEV object src/CMakeFiles/rccl_device_gfx950.dir/__/hipify/gensrc/specialized/specialized_allreduce_ring_simple_sum_f8e5m2_1_0_1.o
[ 22%] Building RCCLDEV object src/CMakeFiles/rccl_device_gfx950.dir/__/hipify/gensrc/specialized/specialized_allreduce_ring_simple_prod_f8e4m3_0_0_1.o
[ 22%] Building RCCLDEV object src/CMakeFiles/rccl_device_gfx950.dir/__/hipify/gensrc/specialized/specialized_allreduce_ring_simple_prod_f8e4m3_1_0_1.o
[ 22%] Building RCCLDEV object src/CMakeFiles/rccl_device_gfx950.dir/__/hipify/gensrc/specialized/specialized_allreduce_ring_simple_prod_f8e5m2_0_0_1.o
[ 22%] Building RCCLDEV object src/CMakeFiles/rccl_device_gfx950.dir/__/hipify/gensrc/specialized/specialized_allreduce_ring_simple_prod_f8e5m2_1_0_1.o
[ 22%] Building RCCLDEV object src/CMakeFiles/rccl_device_gfx950.dir/__/hipify/gensrc/specialized/specialized_allreduce_ring_simple_minmax_f8e4m3_0_0_1.o
[ 22%] Building RCCLDEV object src/CMakeFiles/rccl_device_gfx950.dir/__/hipify/gensrc/specialized/specialized_allreduce_ring_simple_minmax_f8e4m3_1_0_1.o
[ 22%] Building RCCLDEV object src/CMakeFiles/rccl_device_gfx950.dir/__/hipify/gensrc/specialized/specialized_allreduce_ring_simple_minmax_f8e5m2_0_0_1.o
[ 22%] Building RCCLDEV object src/CMakeFiles/rccl_device_gfx950.dir/__/hipify/gensrc/specialized/specialized_allreduce_ring_simple_minmax_f8e5m2_1_0_1.o
[ 22%] Building RCCLDEV object src/CMakeFiles/rccl_device_gfx950.dir/__/hipify/gensrc/specialized/specialized_allreduce_ring_simple_premulsum_f8e4m3_0_0_1.o
[ 22%] Building RCCLDEV object src/CMakeFiles/rccl_device_gfx950.dir/__/hipify/gensrc/specialized/specialized_allreduce_ring_simple_premulsum_f8e4m3_1_0_1.o
[ 22%] Building RCCLDEV object src/CMakeFiles/rccl_device_gfx950.dir/__/hipify/gensrc/specialized/specialized_allreduce_ring_simple_premulsum_f8e5m2_0_0_1.o
[ 22%] Building RCCLDEV object src/CMakeFiles/rccl_device_gfx950.dir/__/hipify/gensrc/specialized/specialized_allreduce_ring_simple_premulsum_f8e5m2_1_0_1.o
[ 22%] Building RCCLDEV object src/CMakeFiles/rccl_device_gfx950.dir/__/hipify/gensrc/specialized/specialized_reducescatter_pat_simple_sum_f8e4m3_0_0_2.o
[ 22%] Building RCCLDEV object src/CMakeFiles/rccl_device_gfx950.dir/__/hipify/gensrc/specialized/specialized_reducescatter_pat_simple_sum_f8e5m2_0_0_2.o
[ 22%] Building RCCLDEV object src/CMakeFiles/rccl_device_gfx950.dir/__/hipify/gensrc/specialized/specialized_reducescatter_pat_simple_prod_f8e4m3_0_0_2.o
[ 22%] Building RCCLDEV object src/CMakeFiles/rccl_device_gfx950.dir/__/hipify/gensrc/specialized/specialized_reducescatter_pat_simple_prod_f8e5m2_0_0_2.o
[ 22%] Building RCCLDEV object src/CMakeFiles/rccl_device_gfx950.dir/__/hipify/gensrc/specialized/specialized_reducescatter_pat_simple_minmax_f8e4m3_0_0_2.o
[ 22%] Building RCCLDEV object src/CMakeFiles/rccl_device_gfx950.dir/__/hipify/gensrc/specialized/specialized_reducescatter_pat_simple_minmax_f8e5m2_0_0_2.o
[ 23%] Building RCCLDEV object src/CMakeFiles/rccl_device_gfx950.dir/__/hipify/gensrc/specialized/specialized_reducescatter_pat_simple_premulsum_f8e4m3_0_0_2.o
[ 23%] Building RCCLDEV object src/CMakeFiles/rccl_device_gfx950.dir/__/hipify/gensrc/specialized/specialized_reducescatter_pat_simple_premulsum_f8e5m2_0_0_2.o
[ 23%] Building RCCLDEV object src/CMakeFiles/rccl_device_gfx950.dir/__/hipify/gensrc/specialized/specialized_reducescatter_pat_simple_sum_f8e4m3_0_0_1.o
[ 23%] Building RCCLDEV object src/CMakeFiles/rccl_device_gfx950.dir/__/hipify/gensrc/specialized/specialized_reducescatter_pat_simple_sum_f8e5m2_0_0_1.o
[ 23%] Building RCCLDEV object src/CMakeFiles/rccl_device_gfx950.dir/__/hipify/gensrc/specialized/specialized_reducescatter_pat_simple_prod_f8e4m3_0_0_1.o
[ 23%] Building RCCLDEV object src/CMakeFiles/rccl_device_gfx950.dir/__/hipify/gensrc/specialized/specialized_reducescatter_pat_simple_prod_f8e5m2_0_0_1.o
[ 23%] Building RCCLDEV object src/CMakeFiles/rccl_device_gfx950.dir/__/hipify/gensrc/specialized/specialized_reducescatter_pat_simple_minmax_f8e4m3_0_0_1.o
[ 23%] Building RCCLDEV object src/CMakeFiles/rccl_device_gfx950.dir/__/hipify/gensrc/specialized/specialized_reducescatter_pat_simple_minmax_f8e5m2_0_0_1.o
[ 23%] Building RCCLDEV object src/CMakeFiles/rccl_device_gfx950.dir/__/hipify/gensrc/specialized/specialized_reducescatter_pat_simple_premulsum_f8e4m3_0_0_1.o
[ 23%] Building RCCLDEV object src/CMakeFiles/rccl_device_gfx950.dir/__/hipify/gensrc/specialized/specialized_reducescatter_pat_simple_premulsum_f8e5m2_0_0_1.o
[ 23%] Building RCCLDEV object src/CMakeFiles/rccl_device_gfx950.dir/__/hipify/gensrc/specialized/specialized_allreduce_tree_ll_sum_f8e4m3_1_0_2.o
[ 23%] Building RCCLDEV object src/CMakeFiles/rccl_device_gfx950.dir/__/hipify/gensrc/specialized/specialized_allreduce_tree_ll_sum_f8e4m3_0_0_2.o
[ 23%] Building RCCLDEV object src/CMakeFiles/rccl_device_gfx950.dir/__/hipify/gensrc/specialized/specialized_allreduce_tree_ll_sum_f8e5m2_0_0_2.o
[ 23%] Building RCCLDEV object src/CMakeFiles/rccl_device_gfx950.dir/__/hipify/gensrc/specialized/specialized_allreduce_tree_ll_sum_f8e5m2_1_0_2.o
[ 23%] Building RCCLDEV object src/CMakeFiles/rccl_device_gfx950.dir/__/hipify/gensrc/specialized/specialized_allreduce_tree_ll_prod_f8e4m3_0_0_2.o
[ 23%] Building RCCLDEV object src/CMakeFiles/rccl_device_gfx950.dir/__/hipify/gensrc/specialized/specialized_allreduce_tree_ll_prod_f8e4m3_1_0_2.o
[ 23%] Building RCCLDEV object src/CMakeFiles/rccl_device_gfx950.dir/__/hipify/gensrc/specialized/specialized_allreduce_tree_ll_prod_f8e5m2_0_0_2.o
[ 23%] Building RCCLDEV object src/CMakeFiles/rccl_device_gfx950.dir/__/hipify/gensrc/specialized/specialized_allreduce_tree_ll_prod_f8e5m2_1_0_2.o
[ 23%] Building RCCLDEV object src/CMakeFiles/rccl_device_gfx950.dir/__/hipify/gensrc/specialized/specialized_allreduce_tree_ll_minmax_f8e4m3_0_0_2.o
[ 23%] Building RCCLDEV object src/CMakeFiles/rccl_device_gfx950.dir/__/hipify/gensrc/specialized/specialized_allreduce_tree_ll_minmax_f8e4m3_1_0_2.o
[ 23%] Building RCCLDEV object src/CMakeFiles/rccl_device_gfx950.dir/__/hipify/gensrc/specialized/specialized_allreduce_tree_ll_minmax_f8e5m2_0_0_2.o
[ 23%] Building RCCLDEV object src/CMakeFiles/rccl_device_gfx950.dir/__/hipify/gensrc/specialized/specialized_allreduce_tree_ll_minmax_f8e5m2_1_0_2.o
[ 23%] Building RCCLDEV object src/CMakeFiles/rccl_device_gfx950.dir/__/hipify/gensrc/specialized/specialized_allreduce_tree_ll_premulsum_f8e4m3_0_0_2.o
[ 23%] Building RCCLDEV object src/CMakeFiles/rccl_device_gfx950.dir/__/hipify/gensrc/specialized/specialized_allreduce_tree_ll_premulsum_f8e4m3_1_0_2.o
[ 23%] Building RCCLDEV object src/CMakeFiles/rccl_device_gfx950.dir/__/hipify/gensrc/specialized/specialized_allreduce_tree_ll_premulsum_f8e5m2_0_0_2.o
[ 23%] Building RCCLDEV object src/CMakeFiles/rccl_device_gfx950.dir/__/hipify/gensrc/specialized/specialized_allreduce_tree_ll_premulsum_f8e5m2_1_0_2.o
[ 23%] Building RCCLDEV object src/CMakeFiles/rccl_device_gfx950.dir/__/hipify/gensrc/specialized/specialized_allreduce_tree_ll_sum_f8e4m3_0_0_1.o
[ 23%] Building RCCLDEV object src/CMakeFiles/rccl_device_gfx950.dir/__/hipify/gensrc/specialized/specialized_allreduce_tree_ll_sum_f8e5m2_0_0_1.o
[ 23%] Building RCCLDEV object src/CMakeFiles/rccl_device_gfx950.dir/__/hipify/gensrc/specialized/specialized_allreduce_tree_ll_sum_f8e4m3_1_0_1.o
[ 23%] Building RCCLDEV object src/CMakeFiles/rccl_device_gfx950.dir/__/hipify/gensrc/specialized/specialized_allreduce_tree_ll_sum_f8e5m2_1_0_1.o
[ 23%] Building RCCLDEV object src/CMakeFiles/rccl_device_gfx950.dir/__/hipify/gensrc/specialized/specialized_allreduce_tree_ll_prod_f8e4m3_0_0_1.o
[ 23%] Building RCCLDEV object src/CMakeFiles/rccl_device_gfx950.dir/__/hipify/gensrc/specialized/specialized_allreduce_tree_ll_prod_f8e4m3_1_0_1.o
[ 23%] Building RCCLDEV object src/CMakeFiles/rccl_device_gfx950.dir/__/hipify/gensrc/specialized/specialized_allreduce_tree_ll_prod_f8e5m2_0_0_1.o
[ 23%] Building RCCLDEV object src/CMakeFiles/rccl_device_gfx950.dir/__/hipify/gensrc/specialized/specialized_allreduce_tree_ll_prod_f8e5m2_1_0_1.o
[ 23%] Building RCCLDEV object src/CMakeFiles/rccl_device_gfx950.dir/__/hipify/gensrc/specialized/specialized_allreduce_tree_ll_minmax_f8e4m3_0_0_1.o
[ 23%] Building RCCLDEV object src/CMakeFiles/rccl_device_gfx950.dir/__/hipify/gensrc/specialized/specialized_allreduce_tree_ll_minmax_f8e4m3_1_0_1.o
[ 23%] Building RCCLDEV object src/CMakeFiles/rccl_device_gfx950.dir/__/hipify/gensrc/specialized/specialized_allreduce_tree_ll_minmax_f8e5m2_0_0_1.o
[ 23%] Building RCCLDEV object src/CMakeFiles/rccl_device_gfx950.dir/__/hipify/gensrc/specialized/specialized_allreduce_tree_ll_minmax_f8e5m2_1_0_1.o
[ 23%] Building RCCLDEV object src/CMakeFiles/rccl_device_gfx950.dir/__/hipify/gensrc/specialized/specialized_allreduce_tree_ll_premulsum_f8e4m3_0_0_1.o
[ 23%] Building RCCLDEV object src/CMakeFiles/rccl_device_gfx950.dir/__/hipify/gensrc/specialized/specialized_allreduce_tree_ll_premulsum_f8e4m3_1_0_1.o
[ 23%] Building RCCLDEV object src/CMakeFiles/rccl_device_gfx950.dir/__/hipify/gensrc/specialized/specialized_allreduce_tree_ll_premulsum_f8e5m2_0_0_1.o
[ 23%] Building RCCLDEV object src/CMakeFiles/rccl_device_gfx950.dir/__/hipify/gensrc/specialized/specialized_allreduce_tree_ll_premulsum_f8e5m2_1_0_1.o
[ 23%] Building RCCLDEV object src/CMakeFiles/rccl_device_gfx950.dir/__/hipify/gensrc/specialized/specialized_reduce_ring_ll_sum_f8e4m3_0_0_2.o
[ 23%] Building RCCLDEV object src/CMakeFiles/rccl_device_gfx950.dir/__/hipify/gensrc/specialized/specialized_reduce_ring_ll_sum_f8e5m2_0_0_2.o
[ 25%] Building RCCLDEV object src/CMakeFiles/rccl_device_gfx950.dir/__/hipify/gensrc/specialized/specialized_reduce_ring_ll_prod_f8e4m3_0_0_2.o
[ 25%] Building RCCLDEV object src/CMakeFiles/rccl_device_gfx950.dir/__/hipify/gensrc/specialized/specialized_reduce_ring_ll_prod_f8e5m2_0_0_2.o
[ 25%] Building RCCLDEV object src/CMakeFiles/rccl_device_gfx950.dir/__/hipify/gensrc/specialized/specialized_reduce_ring_ll_minmax_f8e4m3_0_0_2.o
[ 25%] Building RCCLDEV object src/CMakeFiles/rccl_device_gfx950.dir/__/hipify/gensrc/specialized/specialized_reduce_ring_ll_minmax_f8e5m2_0_0_2.o
[ 25%] Building RCCLDEV object src/CMakeFiles/rccl_device_gfx950.dir/__/hipify/gensrc/specialized/specialized_reduce_ring_ll_premulsum_f8e4m3_0_0_2.o
[ 25%] Building RCCLDEV object src/CMakeFiles/rccl_device_gfx950.dir/__/hipify/gensrc/specialized/specialized_reduce_ring_ll_premulsum_f8e5m2_0_0_2.o
[ 25%] Building RCCLDEV object src/CMakeFiles/rccl_device_gfx950.dir/__/hipify/gensrc/specialized/specialized_reducescatter_ring_ll_sum_f8e4m3_0_0_2.o
[ 25%] Building RCCLDEV object src/CMakeFiles/rccl_device_gfx950.dir/__/hipify/gensrc/specialized/specialized_reducescatter_ring_ll_sum_f8e5m2_0_0_2.o
[ 25%] Building RCCLDEV object src/CMakeFiles/rccl_device_gfx950.dir/__/hipify/gensrc/specialized/specialized_reducescatter_ring_ll_prod_f8e4m3_0_0_2.o
[ 25%] Building RCCLDEV object src/CMakeFiles/rccl_device_gfx950.dir/__/hipify/gensrc/specialized/specialized_reducescatter_ring_ll_prod_f8e5m2_0_0_2.o
[ 25%] Building RCCLDEV object src/CMakeFiles/rccl_device_gfx950.dir/__/hipify/gensrc/specialized/specialized_reducescatter_ring_ll_minmax_f8e4m3_0_0_2.o
[ 25%] Building RCCLDEV object src/CMakeFiles/rccl_device_gfx950.dir/__/hipify/gensrc/specialized/specialized_reducescatter_ring_ll_minmax_f8e5m2_0_0_2.o
[ 25%] Building RCCLDEV object src/CMakeFiles/rccl_device_gfx950.dir/__/hipify/gensrc/specialized/specialized_reducescatter_ring_ll_premulsum_f8e4m3_0_0_2.o
[ 25%] Building RCCLDEV object src/CMakeFiles/rccl_device_gfx950.dir/__/hipify/gensrc/specialized/specialized_reducescatter_ring_ll_premulsum_f8e5m2_0_0_2.o
[ 25%] Building RCCLDEV object src/CMakeFiles/rccl_device_gfx950.dir/__/hipify/gensrc/specialized/specialized_allreduce_ring_ll_sum_f8e4m3_0_0_2.o
[ 25%] Building RCCLDEV object src/CMakeFiles/rccl_device_gfx950.dir/__/hipify/gensrc/specialized/specialized_allreduce_ring_ll_sum_f8e4m3_1_0_2.o
[ 25%] Building RCCLDEV object src/CMakeFiles/rccl_device_gfx950.dir/__/hipify/gensrc/specialized/specialized_allreduce_ring_ll_sum_f8e5m2_0_0_2.o
[ 25%] Building RCCLDEV object src/CMakeFiles/rccl_device_gfx950.dir/__/hipify/gensrc/specialized/specialized_allreduce_ring_ll_sum_f8e5m2_1_0_2.o
[ 25%] Building RCCLDEV object src/CMakeFiles/rccl_device_gfx950.dir/__/hipify/gensrc/specialized/specialized_allreduce_ring_ll_prod_f8e4m3_0_0_2.o
[ 25%] Building RCCLDEV object src/CMakeFiles/rccl_device_gfx950.dir/__/hipify/gensrc/specialized/specialized_allreduce_ring_ll_prod_f8e4m3_1_0_2.o
[ 25%] Building RCCLDEV object src/CMakeFiles/rccl_device_gfx950.dir/__/hipify/gensrc/specialized/specialized_allreduce_ring_ll_prod_f8e5m2_0_0_2.o
[ 25%] Building RCCLDEV object src/CMakeFiles/rccl_device_gfx950.dir/__/hipify/gensrc/specialized/specialized_allreduce_ring_ll_prod_f8e5m2_1_0_2.o
[ 25%] Building RCCLDEV object src/CMakeFiles/rccl_device_gfx950.dir/__/hipify/gensrc/specialized/specialized_allreduce_ring_ll_minmax_f8e4m3_0_0_2.o
[ 25%] Building RCCLDEV object src/CMakeFiles/rccl_device_gfx950.dir/__/hipify/gensrc/specialized/specialized_allreduce_ring_ll_minmax_f8e4m3_1_0_2.o
[ 25%] Building RCCLDEV object src/CMakeFiles/rccl_device_gfx950.dir/__/hipify/gensrc/specialized/specialized_allreduce_ring_ll_minmax_f8e5m2_0_0_2.o
[ 25%] Building RCCLDEV object src/CMakeFiles/rccl_device_gfx950.dir/__/hipify/gensrc/specialized/specialized_allreduce_ring_ll_minmax_f8e5m2_1_0_2.o
[ 25%] Building RCCLDEV object src/CMakeFiles/rccl_device_gfx950.dir/__/hipify/gensrc/specialized/specialized_allreduce_ring_ll_premulsum_f8e4m3_0_0_2.o
[ 25%] Building RCCLDEV object src/CMakeFiles/rccl_device_gfx950.dir/__/hipify/gensrc/specialized/specialized_allreduce_ring_ll_premulsum_f8e4m3_1_0_2.o
[ 25%] Building RCCLDEV object src/CMakeFiles/rccl_device_gfx950.dir/__/hipify/gensrc/specialized/specialized_allreduce_ring_ll_premulsum_f8e5m2_0_0_2.o
[ 25%] Building RCCLDEV object src/CMakeFiles/rccl_device_gfx950.dir/__/hipify/gensrc/specialized/specialized_allreduce_ring_ll_premulsum_f8e5m2_1_0_2.o
[ 25%] Building RCCLDEV object src/CMakeFiles/rccl_device_gfx950.dir/__/hipify/gensrc/specialized/specialized_reduce_ring_ll_sum_f8e4m3_0_0_1.o
[ 25%] Building RCCLDEV object src/CMakeFiles/rccl_device_gfx950.dir/__/hipify/gensrc/specialized/specialized_reduce_ring_ll_sum_f8e5m2_0_0_1.o
[ 25%] Building RCCLDEV object src/CMakeFiles/rccl_device_gfx950.dir/__/hipify/gensrc/specialized/specialized_reduce_ring_ll_prod_f8e4m3_0_0_1.o
[ 25%] Building RCCLDEV object src/CMakeFiles/rccl_device_gfx950.dir/__/hipify/gensrc/specialized/specialized_reduce_ring_ll_prod_f8e5m2_0_0_1.o
[ 25%] Building RCCLDEV object src/CMakeFiles/rccl_device_gfx950.dir/__/hipify/gensrc/specialized/specialized_reduce_ring_ll_minmax_f8e4m3_0_0_1.o
[ 25%] Building RCCLDEV object src/CMakeFiles/rccl_device_gfx950.dir/__/hipify/gensrc/specialized/specialized_reduce_ring_ll_minmax_f8e5m2_0_0_1.o
[ 25%] Building RCCLDEV object src/CMakeFiles/rccl_device_gfx950.dir/__/hipify/gensrc/specialized/specialized_reduce_ring_ll_premulsum_f8e4m3_0_0_1.o
[ 25%] Building RCCLDEV object src/CMakeFiles/rccl_device_gfx950.dir/__/hipify/gensrc/specialized/specialized_reduce_ring_ll_premulsum_f8e5m2_0_0_1.o
[ 25%] Building RCCLDEV object src/CMakeFiles/rccl_device_gfx950.dir/__/hipify/gensrc/specialized/specialized_reducescatter_ring_ll_sum_f8e4m3_0_0_1.o
[ 25%] Building RCCLDEV object src/CMakeFiles/rccl_device_gfx950.dir/__/hipify/gensrc/specialized/specialized_reducescatter_ring_ll_sum_f8e5m2_0_0_1.o
[ 25%] Building RCCLDEV object src/CMakeFiles/rccl_device_gfx950.dir/__/hipify/gensrc/specialized/specialized_reducescatter_ring_ll_prod_f8e4m3_0_0_1.o
[ 25%] Building RCCLDEV object src/CMakeFiles/rccl_device_gfx950.dir/__/hipify/gensrc/specialized/specialized_reducescatter_ring_ll_prod_f8e5m2_0_0_1.o
[ 25%] Building RCCLDEV object src/CMakeFiles/rccl_device_gfx950.dir/__/hipify/gensrc/specialized/specialized_reducescatter_ring_ll_minmax_f8e4m3_0_0_1.o
[ 25%] Building RCCLDEV object src/CMakeFiles/rccl_device_gfx950.dir/__/hipify/gensrc/specialized/specialized_reducescatter_ring_ll_minmax_f8e5m2_0_0_1.o
[ 25%] Building RCCLDEV object src/CMakeFiles/rccl_device_gfx950.dir/__/hipify/gensrc/specialized/specialized_reducescatter_ring_ll_premulsum_f8e4m3_0_0_1.o
[ 26%] Building RCCLDEV object src/CMakeFiles/rccl_device_gfx950.dir/__/hipify/gensrc/specialized/specialized_allreduce_ring_ll_sum_f8e4m3_0_0_1.o
[ 26%] Building RCCLDEV object src/CMakeFiles/rccl_device_gfx950.dir/__/hipify/gensrc/specialized/specialized_reducescatter_ring_ll_premulsum_f8e5m2_0_0_1.o
[ 26%] Building RCCLDEV object src/CMakeFiles/rccl_device_gfx950.dir/__/hipify/gensrc/specialized/specialized_allreduce_ring_ll_sum_f8e4m3_1_0_1.o
[ 26%] Building RCCLDEV object src/CMakeFiles/rccl_device_gfx950.dir/__/hipify/gensrc/specialized/specialized_allreduce_ring_ll_sum_f8e5m2_0_0_1.o
[ 26%] Building RCCLDEV object src/CMakeFiles/rccl_device_gfx950.dir/__/hipify/gensrc/specialized/specialized_allreduce_ring_ll_sum_f8e5m2_1_0_1.o
[ 26%] Building RCCLDEV object src/CMakeFiles/rccl_device_gfx950.dir/__/hipify/gensrc/specialized/specialized_allreduce_ring_ll_prod_f8e4m3_0_0_1.o
[ 26%] Building RCCLDEV object src/CMakeFiles/rccl_device_gfx950.dir/__/hipify/gensrc/specialized/specialized_allreduce_ring_ll_prod_f8e4m3_1_0_1.o
[ 26%] Building RCCLDEV object src/CMakeFiles/rccl_device_gfx950.dir/__/hipify/gensrc/specialized/specialized_allreduce_ring_ll_prod_f8e5m2_0_0_1.o
[ 26%] Building RCCLDEV object src/CMakeFiles/rccl_device_gfx950.dir/__/hipify/gensrc/specialized/specialized_allreduce_ring_ll_prod_f8e5m2_1_0_1.o
[ 26%] Building RCCLDEV object src/CMakeFiles/rccl_device_gfx950.dir/__/hipify/gensrc/specialized/specialized_allreduce_ring_ll_minmax_f8e4m3_0_0_1.o
[ 26%] Building RCCLDEV object src/CMakeFiles/rccl_device_gfx950.dir/__/hipify/gensrc/specialized/specialized_allreduce_ring_ll_minmax_f8e4m3_1_0_1.o
[ 26%] Building RCCLDEV object src/CMakeFiles/rccl_device_gfx950.dir/__/hipify/gensrc/specialized/specialized_allreduce_ring_ll_minmax_f8e5m2_0_0_1.o
[ 26%] Building RCCLDEV object src/CMakeFiles/rccl_device_gfx950.dir/__/hipify/gensrc/specialized/specialized_allreduce_ring_ll_minmax_f8e5m2_1_0_1.o
[ 26%] Building RCCLDEV object src/CMakeFiles/rccl_device_gfx950.dir/__/hipify/gensrc/specialized/specialized_allreduce_ring_ll_premulsum_f8e4m3_0_0_1.o
[ 26%] Building RCCLDEV object src/CMakeFiles/rccl_device_gfx950.dir/__/hipify/gensrc/specialized/specialized_allreduce_ring_ll_premulsum_f8e4m3_1_0_1.o
[ 26%] Building RCCLDEV object src/CMakeFiles/rccl_device_gfx950.dir/__/hipify/gensrc/specialized/specialized_allreduce_ring_ll_premulsum_f8e5m2_1_0_1.o
[ 26%] Building RCCLDEV object src/CMakeFiles/rccl_device_gfx950.dir/__/hipify/gensrc/specialized/specialized_allreduce_ring_ll_premulsum_f8e5m2_0_0_1.o
[ 26%] Building RCCLDEV object src/CMakeFiles/rccl_device_gfx950.dir/__/hipify/gensrc/specialized/specialized_reducescatter_pat_ll_sum_f8e4m3_0_0_2.o
[ 26%] Building RCCLDEV object src/CMakeFiles/rccl_device_gfx950.dir/__/hipify/gensrc/specialized/specialized_reducescatter_pat_ll_sum_f8e5m2_0_0_2.o
[ 26%] Building RCCLDEV object src/CMakeFiles/rccl_device_gfx950.dir/__/hipify/gensrc/specialized/specialized_reducescatter_pat_ll_prod_f8e4m3_0_0_2.o
[ 26%] Building RCCLDEV object src/CMakeFiles/rccl_device_gfx950.dir/__/hipify/gensrc/specialized/specialized_reducescatter_pat_ll_prod_f8e5m2_0_0_2.o
[ 26%] Building RCCLDEV object src/CMakeFiles/rccl_device_gfx950.dir/__/hipify/gensrc/specialized/specialized_reducescatter_pat_ll_minmax_f8e4m3_0_0_2.o
[ 26%] Building RCCLDEV object src/CMakeFiles/rccl_device_gfx950.dir/__/hipify/gensrc/specialized/specialized_reducescatter_pat_ll_minmax_f8e5m2_0_0_2.o
[ 26%] Building RCCLDEV object src/CMakeFiles/rccl_device_gfx950.dir/__/hipify/gensrc/specialized/specialized_reducescatter_pat_ll_premulsum_f8e4m3_0_0_2.o
[ 26%] Building RCCLDEV object src/CMakeFiles/rccl_device_gfx950.dir/__/hipify/gensrc/specialized/specialized_reducescatter_pat_ll_premulsum_f8e5m2_0_0_2.o
[ 26%] Building RCCLDEV object src/CMakeFiles/rccl_device_gfx950.dir/__/hipify/gensrc/specialized/specialized_reducescatter_pat_ll_sum_f8e4m3_0_0_1.o
[ 26%] Building RCCLDEV object src/CMakeFiles/rccl_device_gfx950.dir/__/hipify/gensrc/specialized/specialized_reducescatter_pat_ll_sum_f8e5m2_0_0_1.o
[ 26%] Building RCCLDEV object src/CMakeFiles/rccl_device_gfx950.dir/__/hipify/gensrc/specialized/specialized_reducescatter_pat_ll_prod_f8e4m3_0_0_1.o
[ 26%] Building RCCLDEV object src/CMakeFiles/rccl_device_gfx950.dir/__/hipify/gensrc/specialized/specialized_reducescatter_pat_ll_prod_f8e5m2_0_0_1.o
[ 26%] Building RCCLDEV object src/CMakeFiles/rccl_device_gfx950.dir/__/hipify/gensrc/specialized/specialized_reducescatter_pat_ll_minmax_f8e4m3_0_0_1.o
[ 26%] Building RCCLDEV object src/CMakeFiles/rccl_device_gfx950.dir/__/hipify/gensrc/specialized/specialized_reducescatter_pat_ll_minmax_f8e5m2_0_0_1.o
[ 26%] Building RCCLDEV object src/CMakeFiles/rccl_device_gfx950.dir/__/hipify/gensrc/specialized/specialized_reducescatter_pat_ll_premulsum_f8e4m3_0_0_1.o
[ 26%] Building RCCLDEV object src/CMakeFiles/rccl_device_gfx950.dir/__/hipify/gensrc/specialized/specialized_reducescatter_pat_ll_premulsum_f8e5m2_0_0_1.o
[ 26%] Building RCCLDEV object src/CMakeFiles/rccl_device_gfx950.dir/__/hipify/gensrc/specialized/specialized_allreduce_tree_ll128_sum_f8e4m3_0_0_2.o
[ 26%] Building RCCLDEV object src/CMakeFiles/rccl_device_gfx950.dir/__/hipify/gensrc/specialized/specialized_allreduce_tree_ll128_sum_f8e4m3_1_0_2.o
[ 26%] Building RCCLDEV object src/CMakeFiles/rccl_device_gfx950.dir/__/hipify/gensrc/specialized/specialized_allreduce_tree_ll128_sum_f8e5m2_0_0_2.o
[ 26%] Building RCCLDEV object src/CMakeFiles/rccl_device_gfx950.dir/__/hipify/gensrc/specialized/specialized_allreduce_tree_ll128_sum_f8e5m2_1_0_2.o
[ 26%] Building RCCLDEV object src/CMakeFiles/rccl_device_gfx950.dir/__/hipify/gensrc/specialized/specialized_allreduce_tree_ll128_prod_f8e4m3_0_0_2.o
[ 26%] Building RCCLDEV object src/CMakeFiles/rccl_device_gfx950.dir/__/hipify/gensrc/specialized/specialized_allreduce_tree_ll128_prod_f8e4m3_1_0_2.o
[ 26%] Building RCCLDEV object src/CMakeFiles/rccl_device_gfx950.dir/__/hipify/gensrc/specialized/specialized_allreduce_tree_ll128_prod_f8e5m2_0_0_2.o
[ 26%] Building RCCLDEV object src/CMakeFiles/rccl_device_gfx950.dir/__/hipify/gensrc/specialized/specialized_allreduce_tree_ll128_prod_f8e5m2_1_0_2.o
[ 26%] Building RCCLDEV object src/CMakeFiles/rccl_device_gfx950.dir/__/hipify/gensrc/specialized/specialized_allreduce_tree_ll128_minmax_f8e4m3_0_0_2.o
[ 26%] Building RCCLDEV object src/CMakeFiles/rccl_device_gfx950.dir/__/hipify/gensrc/specialized/specialized_allreduce_tree_ll128_minmax_f8e4m3_1_0_2.o
[ 26%] Building RCCLDEV object src/CMakeFiles/rccl_device_gfx950.dir/__/hipify/gensrc/specialized/specialized_allreduce_tree_ll128_minmax_f8e5m2_0_0_2.o
[ 26%] Building RCCLDEV object src/CMakeFiles/rccl_device_gfx950.dir/__/hipify/gensrc/specialized/specialized_allreduce_tree_ll128_minmax_f8e5m2_1_0_2.o
[ 28%] Building RCCLDEV object src/CMakeFiles/rccl_device_gfx950.dir/__/hipify/gensrc/specialized/specialized_allreduce_tree_ll128_premulsum_f8e4m3_0_0_2.o
[ 28%] Building RCCLDEV object src/CMakeFiles/rccl_device_gfx950.dir/__/hipify/gensrc/specialized/specialized_allreduce_tree_ll128_premulsum_f8e4m3_1_0_2.o
[ 28%] Building RCCLDEV object src/CMakeFiles/rccl_device_gfx950.dir/__/hipify/gensrc/specialized/specialized_allreduce_tree_ll128_premulsum_f8e5m2_0_0_2.o
[ 28%] Building RCCLDEV object src/CMakeFiles/rccl_device_gfx950.dir/__/hipify/gensrc/specialized/specialized_allreduce_tree_ll128_premulsum_f8e5m2_1_0_2.o
[ 28%] Building RCCLDEV object src/CMakeFiles/rccl_device_gfx950.dir/__/hipify/gensrc/specialized/specialized_allreduce_tree_ll128_sum_f8e4m3_0_0_1.o
[ 28%] Building RCCLDEV object src/CMakeFiles/rccl_device_gfx950.dir/__/hipify/gensrc/specialized/specialized_allreduce_tree_ll128_sum_f8e4m3_1_0_1.o
[ 28%] Building RCCLDEV object src/CMakeFiles/rccl_device_gfx950.dir/__/hipify/gensrc/specialized/specialized_allreduce_tree_ll128_sum_f8e5m2_0_0_1.o
[ 28%] Building RCCLDEV object src/CMakeFiles/rccl_device_gfx950.dir/__/hipify/gensrc/specialized/specialized_allreduce_tree_ll128_sum_f8e5m2_1_0_1.o
[ 28%] Building RCCLDEV object src/CMakeFiles/rccl_device_gfx950.dir/__/hipify/gensrc/specialized/specialized_allreduce_tree_ll128_prod_f8e4m3_0_0_1.o
[ 28%] Building RCCLDEV object src/CMakeFiles/rccl_device_gfx950.dir/__/hipify/gensrc/specialized/specialized_allreduce_tree_ll128_prod_f8e4m3_1_0_1.o
[ 28%] Building RCCLDEV object src/CMakeFiles/rccl_device_gfx950.dir/__/hipify/gensrc/specialized/specialized_allreduce_tree_ll128_prod_f8e5m2_0_0_1.o
[ 28%] Building RCCLDEV object src/CMakeFiles/rccl_device_gfx950.dir/__/hipify/gensrc/specialized/specialized_allreduce_tree_ll128_prod_f8e5m2_1_0_1.o
[ 28%] Building RCCLDEV object src/CMakeFiles/rccl_device_gfx950.dir/__/hipify/gensrc/specialized/specialized_allreduce_tree_ll128_minmax_f8e4m3_0_0_1.o
[ 28%] Building RCCLDEV object src/CMakeFiles/rccl_device_gfx950.dir/__/hipify/gensrc/specialized/specialized_allreduce_tree_ll128_minmax_f8e4m3_1_0_1.o
[ 28%] Building RCCLDEV object src/CMakeFiles/rccl_device_gfx950.dir/__/hipify/gensrc/specialized/specialized_allreduce_tree_ll128_minmax_f8e5m2_0_0_1.o
[ 28%] Building RCCLDEV object src/CMakeFiles/rccl_device_gfx950.dir/__/hipify/gensrc/specialized/specialized_allreduce_tree_ll128_premulsum_f8e4m3_0_0_1.o
[ 28%] Building RCCLDEV object src/CMakeFiles/rccl_device_gfx950.dir/__/hipify/gensrc/specialized/specialized_allreduce_tree_ll128_minmax_f8e5m2_1_0_1.o
[ 28%] Building RCCLDEV object src/CMakeFiles/rccl_device_gfx950.dir/__/hipify/gensrc/specialized/specialized_allreduce_tree_ll128_premulsum_f8e5m2_0_0_1.o
[ 28%] Building RCCLDEV object src/CMakeFiles/rccl_device_gfx950.dir/__/hipify/gensrc/specialized/specialized_allreduce_tree_ll128_premulsum_f8e4m3_1_0_1.o
[ 28%] Building RCCLDEV object src/CMakeFiles/rccl_device_gfx950.dir/__/hipify/gensrc/specialized/specialized_allreduce_tree_ll128_premulsum_f8e5m2_1_0_1.o
[ 28%] Building RCCLDEV object src/CMakeFiles/rccl_device_gfx950.dir/__/hipify/gensrc/specialized/specialized_reduce_ring_ll128_sum_f8e4m3_0_0_2.o
[ 28%] Building RCCLDEV object src/CMakeFiles/rccl_device_gfx950.dir/__/hipify/gensrc/specialized/specialized_reduce_ring_ll128_sum_f8e5m2_0_0_2.o
[ 28%] Building RCCLDEV object src/CMakeFiles/rccl_device_gfx950.dir/__/hipify/gensrc/specialized/specialized_reduce_ring_ll128_prod_f8e4m3_0_0_2.o
[ 28%] Building RCCLDEV object src/CMakeFiles/rccl_device_gfx950.dir/__/hipify/gensrc/specialized/specialized_reduce_ring_ll128_minmax_f8e4m3_0_0_2.o
[ 28%] Building RCCLDEV object src/CMakeFiles/rccl_device_gfx950.dir/__/hipify/gensrc/specialized/specialized_reduce_ring_ll128_prod_f8e5m2_0_0_2.o
[ 28%] Building RCCLDEV object src/CMakeFiles/rccl_device_gfx950.dir/__/hipify/gensrc/specialized/specialized_reduce_ring_ll128_premulsum_f8e4m3_0_0_2.o
[ 28%] Building RCCLDEV object src/CMakeFiles/rccl_device_gfx950.dir/__/hipify/gensrc/specialized/specialized_reduce_ring_ll128_minmax_f8e5m2_0_0_2.o
[ 28%] Building RCCLDEV object src/CMakeFiles/rccl_device_gfx950.dir/__/hipify/gensrc/specialized/specialized_reduce_ring_ll128_premulsum_f8e5m2_0_0_2.o
[ 28%] Building RCCLDEV object src/CMakeFiles/rccl_device_gfx950.dir/__/hipify/gensrc/specialized/specialized_reducescatter_ring_ll128_sum_f8e4m3_0_0_2.o
[ 28%] Building RCCLDEV object src/CMakeFiles/rccl_device_gfx950.dir/__/hipify/gensrc/specialized/specialized_reducescatter_ring_ll128_sum_f8e5m2_0_0_2.o
[ 28%] Building RCCLDEV object src/CMakeFiles/rccl_device_gfx950.dir/__/hipify/gensrc/specialized/specialized_reducescatter_ring_ll128_prod_f8e4m3_0_0_2.o
[ 28%] Building RCCLDEV object src/CMakeFiles/rccl_device_gfx950.dir/__/hipify/gensrc/specialized/specialized_reducescatter_ring_ll128_prod_f8e5m2_0_0_2.o
[ 28%] Building RCCLDEV object src/CMakeFiles/rccl_device_gfx950.dir/__/hipify/gensrc/specialized/specialized_reducescatter_ring_ll128_minmax_f8e4m3_0_0_2.o
[ 28%] Building RCCLDEV object src/CMakeFiles/rccl_device_gfx950.dir/__/hipify/gensrc/specialized/specialized_reducescatter_ring_ll128_minmax_f8e5m2_0_0_2.o
[ 28%] Building RCCLDEV object src/CMakeFiles/rccl_device_gfx950.dir/__/hipify/gensrc/specialized/specialized_reducescatter_ring_ll128_premulsum_f8e4m3_0_0_2.o
[ 28%] Building RCCLDEV object src/CMakeFiles/rccl_device_gfx950.dir/__/hipify/gensrc/specialized/specialized_reducescatter_ring_ll128_premulsum_f8e5m2_0_0_2.o
[ 28%] Building RCCLDEV object src/CMakeFiles/rccl_device_gfx950.dir/__/hipify/gensrc/specialized/specialized_allreduce_ring_ll128_sum_f8e4m3_0_0_2.o
[ 28%] Building RCCLDEV object src/CMakeFiles/rccl_device_gfx950.dir/__/hipify/gensrc/specialized/specialized_allreduce_ring_ll128_sum_f8e4m3_1_0_2.o
[ 28%] Building RCCLDEV object src/CMakeFiles/rccl_device_gfx950.dir/__/hipify/gensrc/specialized/specialized_allreduce_ring_ll128_sum_f8e5m2_0_0_2.o
[ 28%] Building RCCLDEV object src/CMakeFiles/rccl_device_gfx950.dir/__/hipify/gensrc/specialized/specialized_allreduce_ring_ll128_sum_f8e5m2_1_0_2.o
[ 28%] Building RCCLDEV object src/CMakeFiles/rccl_device_gfx950.dir/__/hipify/gensrc/specialized/specialized_allreduce_ring_ll128_prod_f8e4m3_0_0_2.o
[ 28%] Building RCCLDEV object src/CMakeFiles/rccl_device_gfx950.dir/__/hipify/gensrc/specialized/specialized_allreduce_ring_ll128_prod_f8e4m3_1_0_2.o
[ 28%] Building RCCLDEV object src/CMakeFiles/rccl_device_gfx950.dir/__/hipify/gensrc/specialized/specialized_allreduce_ring_ll128_prod_f8e5m2_0_0_2.o
[ 28%] Building RCCLDEV object src/CMakeFiles/rccl_device_gfx950.dir/__/hipify/gensrc/specialized/specialized_allreduce_ring_ll128_prod_f8e5m2_1_0_2.o
[ 30%] Building RCCLDEV object src/CMakeFiles/rccl_device_gfx950.dir/__/hipify/gensrc/specialized/specialized_allreduce_ring_ll128_minmax_f8e4m3_0_0_2.o
[ 30%] Building RCCLDEV object src/CMakeFiles/rccl_device_gfx950.dir/__/hipify/gensrc/specialized/specialized_allreduce_ring_ll128_minmax_f8e4m3_1_0_2.o
[ 30%] Building RCCLDEV object src/CMakeFiles/rccl_device_gfx950.dir/__/hipify/gensrc/specialized/specialized_allreduce_ring_ll128_minmax_f8e5m2_0_0_2.o
[ 30%] Building RCCLDEV object src/CMakeFiles/rccl_device_gfx950.dir/__/hipify/gensrc/specialized/specialized_allreduce_ring_ll128_minmax_f8e5m2_1_0_2.o
[ 30%] Building RCCLDEV object src/CMakeFiles/rccl_device_gfx950.dir/__/hipify/gensrc/specialized/specialized_allreduce_ring_ll128_premulsum_f8e4m3_0_0_2.o
[ 30%] Building RCCLDEV object src/CMakeFiles/rccl_device_gfx950.dir/__/hipify/gensrc/specialized/specialized_allreduce_ring_ll128_premulsum_f8e4m3_1_0_2.o
[ 30%] Building RCCLDEV object src/CMakeFiles/rccl_device_gfx950.dir/__/hipify/gensrc/specialized/specialized_allreduce_ring_ll128_premulsum_f8e5m2_0_0_2.o
[ 30%] Building RCCLDEV object src/CMakeFiles/rccl_device_gfx950.dir/__/hipify/gensrc/specialized/specialized_allreduce_ring_ll128_premulsum_f8e5m2_1_0_2.o
[ 30%] Building RCCLDEV object src/CMakeFiles/rccl_device_gfx950.dir/__/hipify/gensrc/specialized/specialized_reduce_ring_ll128_sum_f8e4m3_0_0_1.o
[ 30%] Building RCCLDEV object src/CMakeFiles/rccl_device_gfx950.dir/__/hipify/gensrc/specialized/specialized_reduce_ring_ll128_sum_f8e5m2_0_0_1.o
[ 30%] Building RCCLDEV object src/CMakeFiles/rccl_device_gfx950.dir/__/hipify/gensrc/specialized/specialized_reduce_ring_ll128_prod_f8e4m3_0_0_1.o
[ 30%] Building RCCLDEV object src/CMakeFiles/rccl_device_gfx950.dir/__/hipify/gensrc/specialized/specialized_reduce_ring_ll128_prod_f8e5m2_0_0_1.o
[ 30%] Building RCCLDEV object src/CMakeFiles/rccl_device_gfx950.dir/__/hipify/gensrc/specialized/specialized_reduce_ring_ll128_minmax_f8e4m3_0_0_1.o
[ 30%] Building RCCLDEV object src/CMakeFiles/rccl_device_gfx950.dir/__/hipify/gensrc/specialized/specialized_reduce_ring_ll128_minmax_f8e5m2_0_0_1.o
[ 30%] Building RCCLDEV object src/CMakeFiles/rccl_device_gfx950.dir/__/hipify/gensrc/specialized/specialized_reduce_ring_ll128_premulsum_f8e4m3_0_0_1.o
[ 30%] Building RCCLDEV object src/CMakeFiles/rccl_device_gfx950.dir/__/hipify/gensrc/specialized/specialized_reduce_ring_ll128_premulsum_f8e5m2_0_0_1.o
[ 30%] Building RCCLDEV object src/CMakeFiles/rccl_device_gfx950.dir/__/hipify/gensrc/specialized/specialized_reducescatter_ring_ll128_sum_f8e4m3_0_0_1.o
[ 30%] Building RCCLDEV object src/CMakeFiles/rccl_device_gfx950.dir/__/hipify/gensrc/specialized/specialized_reducescatter_ring_ll128_sum_f8e5m2_0_0_1.o
[ 30%] Building RCCLDEV object src/CMakeFiles/rccl_device_gfx950.dir/__/hipify/gensrc/specialized/specialized_reducescatter_ring_ll128_prod_f8e4m3_0_0_1.o
[ 30%] Building RCCLDEV object src/CMakeFiles/rccl_device_gfx950.dir/__/hipify/gensrc/specialized/specialized_reducescatter_ring_ll128_prod_f8e5m2_0_0_1.o
[ 30%] Building RCCLDEV object src/CMakeFiles/rccl_device_gfx950.dir/__/hipify/gensrc/specialized/specialized_reducescatter_ring_ll128_minmax_f8e5m2_0_0_1.o
[ 30%] Building RCCLDEV object src/CMakeFiles/rccl_device_gfx950.dir/__/hipify/gensrc/specialized/specialized_reducescatter_ring_ll128_minmax_f8e4m3_0_0_1.o
[ 30%] Building RCCLDEV object src/CMakeFiles/rccl_device_gfx950.dir/__/hipify/gensrc/specialized/specialized_reducescatter_ring_ll128_premulsum_f8e4m3_0_0_1.o
[ 30%] Building RCCLDEV object src/CMakeFiles/rccl_device_gfx950.dir/__/hipify/gensrc/specialized/specialized_reducescatter_ring_ll128_premulsum_f8e5m2_0_0_1.o
[ 30%] Building RCCLDEV object src/CMakeFiles/rccl_device_gfx950.dir/__/hipify/gensrc/specialized/specialized_allreduce_ring_ll128_sum_f8e4m3_0_0_1.o
[ 30%] Building RCCLDEV object src/CMakeFiles/rccl_device_gfx950.dir/__/hipify/gensrc/specialized/specialized_allreduce_ring_ll128_sum_f8e4m3_1_0_1.o
[ 30%] Building RCCLDEV object src/CMakeFiles/rccl_device_gfx950.dir/__/hipify/gensrc/specialized/specialized_allreduce_ring_ll128_sum_f8e5m2_0_0_1.o
[ 30%] Building RCCLDEV object src/CMakeFiles/rccl_device_gfx950.dir/__/hipify/gensrc/specialized/specialized_allreduce_ring_ll128_sum_f8e5m2_1_0_1.o
[ 30%] Building RCCLDEV object src/CMakeFiles/rccl_device_gfx950.dir/__/hipify/gensrc/specialized/specialized_allreduce_ring_ll128_prod_f8e4m3_0_0_1.o
[ 30%] Building RCCLDEV object src/CMakeFiles/rccl_device_gfx950.dir/__/hipify/gensrc/specialized/specialized_allreduce_ring_ll128_prod_f8e4m3_1_0_1.o
[ 30%] Building RCCLDEV object src/CMakeFiles/rccl_device_gfx950.dir/__/hipify/gensrc/specialized/specialized_allreduce_ring_ll128_prod_f8e5m2_0_0_1.o
[ 30%] Building RCCLDEV object src/CMakeFiles/rccl_device_gfx950.dir/__/hipify/gensrc/specialized/specialized_allreduce_ring_ll128_prod_f8e5m2_1_0_1.o
[ 30%] Building RCCLDEV object src/CMakeFiles/rccl_device_gfx950.dir/__/hipify/gensrc/specialized/specialized_allreduce_ring_ll128_minmax_f8e4m3_0_0_1.o
[ 30%] Building RCCLDEV object src/CMakeFiles/rccl_device_gfx950.dir/__/hipify/gensrc/specialized/specialized_allreduce_ring_ll128_minmax_f8e4m3_1_0_1.o
[ 30%] Building RCCLDEV object src/CMakeFiles/rccl_device_gfx950.dir/__/hipify/gensrc/specialized/specialized_allreduce_ring_ll128_minmax_f8e5m2_0_0_1.o
[ 30%] Building RCCLDEV object src/CMakeFiles/rccl_device_gfx950.dir/__/hipify/gensrc/specialized/specialized_allreduce_ring_ll128_minmax_f8e5m2_1_0_1.o
[ 30%] Building RCCLDEV object src/CMakeFiles/rccl_device_gfx950.dir/__/hipify/gensrc/specialized/specialized_allreduce_ring_ll128_premulsum_f8e4m3_0_0_1.o
[ 30%] Building RCCLDEV object src/CMakeFiles/rccl_device_gfx950.dir/__/hipify/gensrc/specialized/specialized_allreduce_ring_ll128_premulsum_f8e4m3_1_0_1.o
[ 30%] Building RCCLDEV object src/CMakeFiles/rccl_device_gfx950.dir/__/hipify/gensrc/specialized/specialized_allreduce_ring_ll128_premulsum_f8e5m2_0_0_1.o
[ 30%] Building RCCLDEV object src/CMakeFiles/rccl_device_gfx950.dir/__/hipify/gensrc/specialized/specialized_allreduce_ring_ll128_premulsum_f8e5m2_1_0_1.o
[ 30%] Building RCCLDEV object src/CMakeFiles/rccl_device_gfx950.dir/__/hipify/gensrc/specialized/specialized_reducescatter_pat_ll128_sum_f8e4m3_0_0_2.o
[ 30%] Building RCCLDEV object src/CMakeFiles/rccl_device_gfx950.dir/__/hipify/gensrc/specialized/specialized_reducescatter_pat_ll128_sum_f8e5m2_0_0_2.o
[ 30%] Building RCCLDEV object src/CMakeFiles/rccl_device_gfx950.dir/__/hipify/gensrc/specialized/specialized_reducescatter_pat_ll128_prod_f8e4m3_0_0_2.o
[ 30%] Building RCCLDEV object src/CMakeFiles/rccl_device_gfx950.dir/__/hipify/gensrc/specialized/specialized_reducescatter_pat_ll128_prod_f8e5m2_0_0_2.o
[ 30%] Building RCCLDEV object src/CMakeFiles/rccl_device_gfx950.dir/__/hipify/gensrc/specialized/specialized_reducescatter_pat_ll128_minmax_f8e4m3_0_0_2.o
[ 30%] Building RCCLDEV object src/CMakeFiles/rccl_device_gfx950.dir/__/hipify/gensrc/specialized/specialized_reducescatter_pat_ll128_premulsum_f8e4m3_0_0_2.o
[ 31%] Building RCCLDEV object src/CMakeFiles/rccl_device_gfx950.dir/__/hipify/gensrc/specialized/specialized_reducescatter_pat_ll128_minmax_f8e5m2_0_0_2.o
[ 31%] Building RCCLDEV object src/CMakeFiles/rccl_device_gfx950.dir/__/hipify/gensrc/specialized/specialized_reducescatter_pat_ll128_premulsum_f8e5m2_0_0_2.o
[ 31%] Building RCCLDEV object src/CMakeFiles/rccl_device_gfx950.dir/__/hipify/gensrc/specialized/specialized_reducescatter_pat_ll128_sum_f8e4m3_0_0_1.o
[ 31%] Building RCCLDEV object src/CMakeFiles/rccl_device_gfx950.dir/__/hipify/gensrc/specialized/specialized_reducescatter_pat_ll128_sum_f8e5m2_0_0_1.o
[ 31%] Building RCCLDEV object src/CMakeFiles/rccl_device_gfx950.dir/__/hipify/gensrc/specialized/specialized_reducescatter_pat_ll128_prod_f8e4m3_0_0_1.o
[ 31%] Building RCCLDEV object src/CMakeFiles/rccl_device_gfx950.dir/__/hipify/gensrc/specialized/specialized_reducescatter_pat_ll128_prod_f8e5m2_0_0_1.o
[ 31%] Building RCCLDEV object src/CMakeFiles/rccl_device_gfx950.dir/__/hipify/gensrc/specialized/specialized_reducescatter_pat_ll128_minmax_f8e4m3_0_0_1.o
[ 31%] Building RCCLDEV object src/CMakeFiles/rccl_device_gfx950.dir/__/hipify/gensrc/specialized/specialized_reducescatter_pat_ll128_minmax_f8e5m2_0_0_1.o
[ 31%] Building RCCLDEV object src/CMakeFiles/rccl_device_gfx950.dir/__/hipify/gensrc/specialized/specialized_reducescatter_pat_ll128_premulsum_f8e4m3_0_0_1.o
[ 31%] Building RCCLDEV object src/CMakeFiles/rccl_device_gfx950.dir/__/hipify/gensrc/specialized/specialized_allreduce_tree_simple_sum_u8_0_0_2.o
[ 31%] Building RCCLDEV object src/CMakeFiles/rccl_device_gfx950.dir/__/hipify/gensrc/specialized/specialized_reducescatter_pat_ll128_premulsum_f8e5m2_0_0_1.o
[ 31%] Building RCCLDEV object src/CMakeFiles/rccl_device_gfx950.dir/__/hipify/gensrc/specialized/specialized_allreduce_tree_simple_sum_u8_1_0_2.o
[ 31%] Building RCCLDEV object src/CMakeFiles/rccl_device_gfx950.dir/__/hipify/gensrc/specialized/specialized_allreduce_tree_simple_sum_u32_0_0_2.o
[ 31%] Building RCCLDEV object src/CMakeFiles/rccl_device_gfx950.dir/__/hipify/gensrc/specialized/specialized_allreduce_tree_simple_sum_u32_1_0_2.o
[ 31%] Building RCCLDEV object src/CMakeFiles/rccl_device_gfx950.dir/__/hipify/gensrc/specialized/specialized_allreduce_tree_simple_sum_u64_0_0_2.o
[ 31%] Building RCCLDEV object src/CMakeFiles/rccl_device_gfx950.dir/__/hipify/gensrc/specialized/specialized_allreduce_tree_simple_sum_u64_1_0_2.o
[ 31%] Building RCCLDEV object src/CMakeFiles/rccl_device_gfx950.dir/__/hipify/gensrc/specialized/specialized_allreduce_tree_simple_sum_f16_0_0_2.o
[ 31%] Building RCCLDEV object src/CMakeFiles/rccl_device_gfx950.dir/__/hipify/gensrc/specialized/specialized_allreduce_tree_simple_sum_f16_1_0_2.o
[ 31%] Building RCCLDEV object src/CMakeFiles/rccl_device_gfx950.dir/__/hipify/gensrc/specialized/specialized_allreduce_tree_simple_sum_f32_0_0_2.o
[ 31%] Building RCCLDEV object src/CMakeFiles/rccl_device_gfx950.dir/__/hipify/gensrc/specialized/specialized_allreduce_tree_simple_sum_f32_1_0_2.o
[ 31%] Building RCCLDEV object src/CMakeFiles/rccl_device_gfx950.dir/__/hipify/gensrc/specialized/specialized_allreduce_tree_simple_sum_f64_0_0_2.o
[ 31%] Building RCCLDEV object src/CMakeFiles/rccl_device_gfx950.dir/__/hipify/gensrc/specialized/specialized_allreduce_tree_simple_sum_f64_1_0_2.o
[ 31%] Building RCCLDEV object src/CMakeFiles/rccl_device_gfx950.dir/__/hipify/gensrc/specialized/specialized_allreduce_tree_simple_sum_bf16_0_0_2.o
[ 31%] Building RCCLDEV object src/CMakeFiles/rccl_device_gfx950.dir/__/hipify/gensrc/specialized/specialized_allreduce_tree_simple_sum_bf16_1_0_2.o
[ 31%] Building RCCLDEV object src/CMakeFiles/rccl_device_gfx950.dir/__/hipify/gensrc/specialized/specialized_allreduce_tree_simple_prod_u8_0_0_2.o
[ 31%] Building RCCLDEV object src/CMakeFiles/rccl_device_gfx950.dir/__/hipify/gensrc/specialized/specialized_allreduce_tree_simple_prod_u8_1_0_2.o
[ 31%] Building RCCLDEV object src/CMakeFiles/rccl_device_gfx950.dir/__/hipify/gensrc/specialized/specialized_allreduce_tree_simple_prod_u32_0_0_2.o
[ 31%] Building RCCLDEV object src/CMakeFiles/rccl_device_gfx950.dir/__/hipify/gensrc/specialized/specialized_allreduce_tree_simple_prod_u32_1_0_2.o
[ 31%] Building RCCLDEV object src/CMakeFiles/rccl_device_gfx950.dir/__/hipify/gensrc/specialized/specialized_allreduce_tree_simple_prod_u64_0_0_2.o
[ 31%] Building RCCLDEV object src/CMakeFiles/rccl_device_gfx950.dir/__/hipify/gensrc/specialized/specialized_allreduce_tree_simple_prod_u64_1_0_2.o
[ 31%] Building RCCLDEV object src/CMakeFiles/rccl_device_gfx950.dir/__/hipify/gensrc/specialized/specialized_allreduce_tree_simple_prod_f16_0_0_2.o
[ 31%] Building RCCLDEV object src/CMakeFiles/rccl_device_gfx950.dir/__/hipify/gensrc/specialized/specialized_allreduce_tree_simple_prod_f16_1_0_2.o
[ 31%] Building RCCLDEV object src/CMakeFiles/rccl_device_gfx950.dir/__/hipify/gensrc/specialized/specialized_allreduce_tree_simple_prod_f32_0_0_2.o
[ 31%] Building RCCLDEV object src/CMakeFiles/rccl_device_gfx950.dir/__/hipify/gensrc/specialized/specialized_allreduce_tree_simple_prod_f32_1_0_2.o
[ 31%] Building RCCLDEV object src/CMakeFiles/rccl_device_gfx950.dir/__/hipify/gensrc/specialized/specialized_allreduce_tree_simple_prod_f64_0_0_2.o
[ 31%] Building RCCLDEV object src/CMakeFiles/rccl_device_gfx950.dir/__/hipify/gensrc/specialized/specialized_allreduce_tree_simple_prod_f64_1_0_2.o
[ 31%] Building RCCLDEV object src/CMakeFiles/rccl_device_gfx950.dir/__/hipify/gensrc/specialized/specialized_allreduce_tree_simple_prod_bf16_0_0_2.o
[ 31%] Building RCCLDEV object src/CMakeFiles/rccl_device_gfx950.dir/__/hipify/gensrc/specialized/specialized_allreduce_tree_simple_prod_bf16_1_0_2.o
[ 31%] Building RCCLDEV object src/CMakeFiles/rccl_device_gfx950.dir/__/hipify/gensrc/specialized/specialized_allreduce_tree_simple_minmax_u8_0_0_2.o
[ 31%] Building RCCLDEV object src/CMakeFiles/rccl_device_gfx950.dir/__/hipify/gensrc/specialized/specialized_allreduce_tree_simple_minmax_u8_1_0_2.o
[ 31%] Building RCCLDEV object src/CMakeFiles/rccl_device_gfx950.dir/__/hipify/gensrc/specialized/specialized_allreduce_tree_simple_minmax_u32_0_0_2.o
[ 31%] Building RCCLDEV object src/CMakeFiles/rccl_device_gfx950.dir/__/hipify/gensrc/specialized/specialized_allreduce_tree_simple_minmax_u32_1_0_2.o
[ 31%] Building RCCLDEV object src/CMakeFiles/rccl_device_gfx950.dir/__/hipify/gensrc/specialized/specialized_allreduce_tree_simple_minmax_u64_0_0_2.o
[ 31%] Building RCCLDEV object src/CMakeFiles/rccl_device_gfx950.dir/__/hipify/gensrc/specialized/specialized_allreduce_tree_simple_minmax_u64_1_0_2.o
[ 33%] Building RCCLDEV object src/CMakeFiles/rccl_device_gfx950.dir/__/hipify/gensrc/specialized/specialized_allreduce_tree_simple_minmax_f16_0_0_2.o
[ 33%] Building RCCLDEV object src/CMakeFiles/rccl_device_gfx950.dir/__/hipify/gensrc/specialized/specialized_allreduce_tree_simple_minmax_f16_1_0_2.o
[ 33%] Building RCCLDEV object src/CMakeFiles/rccl_device_gfx950.dir/__/hipify/gensrc/specialized/specialized_allreduce_tree_simple_minmax_f32_0_0_2.o
[ 33%] Building RCCLDEV object src/CMakeFiles/rccl_device_gfx950.dir/__/hipify/gensrc/specialized/specialized_allreduce_tree_simple_minmax_f32_1_0_2.o
[ 33%] Building RCCLDEV object src/CMakeFiles/rccl_device_gfx950.dir/__/hipify/gensrc/specialized/specialized_allreduce_tree_simple_minmax_f64_0_0_2.o
[ 33%] Building RCCLDEV object src/CMakeFiles/rccl_device_gfx950.dir/__/hipify/gensrc/specialized/specialized_allreduce_tree_simple_minmax_f64_1_0_2.o
[ 33%] Building RCCLDEV object src/CMakeFiles/rccl_device_gfx950.dir/__/hipify/gensrc/specialized/specialized_allreduce_tree_simple_minmax_bf16_0_0_2.o
[ 33%] Building RCCLDEV object src/CMakeFiles/rccl_device_gfx950.dir/__/hipify/gensrc/specialized/specialized_allreduce_tree_simple_minmax_bf16_1_0_2.o
[ 33%] Building RCCLDEV object src/CMakeFiles/rccl_device_gfx950.dir/__/hipify/gensrc/specialized/specialized_allreduce_tree_simple_premulsum_u8_0_0_2.o
[ 33%] Building RCCLDEV object src/CMakeFiles/rccl_device_gfx950.dir/__/hipify/gensrc/specialized/specialized_allreduce_tree_simple_premulsum_u8_1_0_2.o
[ 33%] Building RCCLDEV object src/CMakeFiles/rccl_device_gfx950.dir/__/hipify/gensrc/specialized/specialized_allreduce_tree_simple_premulsum_u32_0_0_2.o
[ 33%] Building RCCLDEV object src/CMakeFiles/rccl_device_gfx950.dir/__/hipify/gensrc/specialized/specialized_allreduce_tree_simple_premulsum_u32_1_0_2.o
[ 33%] Building RCCLDEV object src/CMakeFiles/rccl_device_gfx950.dir/__/hipify/gensrc/specialized/specialized_allreduce_tree_simple_premulsum_u64_0_0_2.o
[ 33%] Building RCCLDEV object src/CMakeFiles/rccl_device_gfx950.dir/__/hipify/gensrc/specialized/specialized_allreduce_tree_simple_premulsum_u64_1_0_2.o
[ 33%] Building RCCLDEV object src/CMakeFiles/rccl_device_gfx950.dir/__/hipify/gensrc/specialized/specialized_allreduce_tree_simple_premulsum_f16_0_0_2.o
[ 33%] Building RCCLDEV object src/CMakeFiles/rccl_device_gfx950.dir/__/hipify/gensrc/specialized/specialized_allreduce_tree_simple_premulsum_f16_1_0_2.o
[ 33%] Building RCCLDEV object src/CMakeFiles/rccl_device_gfx950.dir/__/hipify/gensrc/specialized/specialized_allreduce_tree_simple_premulsum_f32_0_0_2.o
[ 33%] Building RCCLDEV object src/CMakeFiles/rccl_device_gfx950.dir/__/hipify/gensrc/specialized/specialized_allreduce_tree_simple_premulsum_f32_1_0_2.o
[ 33%] Building RCCLDEV object src/CMakeFiles/rccl_device_gfx950.dir/__/hipify/gensrc/specialized/specialized_allreduce_tree_simple_premulsum_f64_0_0_2.o
[ 33%] Building RCCLDEV object src/CMakeFiles/rccl_device_gfx950.dir/__/hipify/gensrc/specialized/specialized_allreduce_tree_simple_premulsum_f64_1_0_2.o
[ 33%] Building RCCLDEV object src/CMakeFiles/rccl_device_gfx950.dir/__/hipify/gensrc/specialized/specialized_allreduce_tree_simple_premulsum_bf16_0_0_2.o
[ 33%] Building RCCLDEV object src/CMakeFiles/rccl_device_gfx950.dir/__/hipify/gensrc/specialized/specialized_allreduce_tree_simple_premulsum_bf16_1_0_2.o
[ 33%] Building RCCLDEV object src/CMakeFiles/rccl_device_gfx950.dir/__/hipify/gensrc/specialized/specialized_allreduce_tree_simple_sumpostdiv_u8_0_0_2.o
[ 33%] Building RCCLDEV object src/CMakeFiles/rccl_device_gfx950.dir/__/hipify/gensrc/specialized/specialized_allreduce_tree_simple_sumpostdiv_u8_1_0_2.o
[ 33%] Building RCCLDEV object src/CMakeFiles/rccl_device_gfx950.dir/__/hipify/gensrc/specialized/specialized_allreduce_tree_simple_sumpostdiv_u32_0_0_2.o
[ 33%] Building RCCLDEV object src/CMakeFiles/rccl_device_gfx950.dir/__/hipify/gensrc/specialized/specialized_allreduce_tree_simple_sumpostdiv_u32_1_0_2.o
[ 33%] Building RCCLDEV object src/CMakeFiles/rccl_device_gfx950.dir/__/hipify/gensrc/specialized/specialized_allreduce_tree_simple_sumpostdiv_u64_0_0_2.o
[ 33%] Building RCCLDEV object src/CMakeFiles/rccl_device_gfx950.dir/__/hipify/gensrc/specialized/specialized_allreduce_tree_simple_sumpostdiv_u64_1_0_2.o
[ 33%] Building RCCLDEV object src/CMakeFiles/rccl_device_gfx950.dir/__/hipify/gensrc/specialized/specialized_allreduce_tree_simple_sum_u8_0_0_1.o
[ 33%] Building RCCLDEV object src/CMakeFiles/rccl_device_gfx950.dir/__/hipify/gensrc/specialized/specialized_allreduce_tree_simple_sum_u8_1_0_1.o
[ 33%] Building RCCLDEV object src/CMakeFiles/rccl_device_gfx950.dir/__/hipify/gensrc/specialized/specialized_allreduce_tree_simple_sum_u32_0_0_1.o
[ 33%] Building RCCLDEV object src/CMakeFiles/rccl_device_gfx950.dir/__/hipify/gensrc/specialized/specialized_allreduce_tree_simple_sum_u32_1_0_1.o
[ 33%] Building RCCLDEV object src/CMakeFiles/rccl_device_gfx950.dir/__/hipify/gensrc/specialized/specialized_allreduce_tree_simple_sum_u64_0_0_1.o
[ 33%] Building RCCLDEV object src/CMakeFiles/rccl_device_gfx950.dir/__/hipify/gensrc/specialized/specialized_allreduce_tree_simple_sum_u64_1_0_1.o
[ 33%] Building RCCLDEV object src/CMakeFiles/rccl_device_gfx950.dir/__/hipify/gensrc/specialized/specialized_allreduce_tree_simple_sum_f16_0_0_1.o
[ 33%] Building RCCLDEV object src/CMakeFiles/rccl_device_gfx950.dir/__/hipify/gensrc/specialized/specialized_allreduce_tree_simple_sum_f16_1_0_1.o
[ 33%] Building RCCLDEV object src/CMakeFiles/rccl_device_gfx950.dir/__/hipify/gensrc/specialized/specialized_allreduce_tree_simple_sum_f32_0_0_1.o
[ 33%] Building RCCLDEV object src/CMakeFiles/rccl_device_gfx950.dir/__/hipify/gensrc/specialized/specialized_allreduce_tree_simple_sum_f32_1_0_1.o
[ 33%] Building RCCLDEV object src/CMakeFiles/rccl_device_gfx950.dir/__/hipify/gensrc/specialized/specialized_allreduce_tree_simple_sum_f64_0_0_1.o
[ 33%] Building RCCLDEV object src/CMakeFiles/rccl_device_gfx950.dir/__/hipify/gensrc/specialized/specialized_allreduce_tree_simple_sum_f64_1_0_1.o
[ 33%] Building RCCLDEV object src/CMakeFiles/rccl_device_gfx950.dir/__/hipify/gensrc/specialized/specialized_allreduce_tree_simple_sum_bf16_0_0_1.o
[ 33%] Building RCCLDEV object src/CMakeFiles/rccl_device_gfx950.dir/__/hipify/gensrc/specialized/specialized_allreduce_tree_simple_sum_bf16_1_0_1.o
[ 33%] Building RCCLDEV object src/CMakeFiles/rccl_device_gfx950.dir/__/hipify/gensrc/specialized/specialized_allreduce_tree_simple_prod_u8_0_0_1.o
[ 33%] Building RCCLDEV object src/CMakeFiles/rccl_device_gfx950.dir/__/hipify/gensrc/specialized/specialized_allreduce_tree_simple_prod_u8_1_0_1.o
[ 34%] Building RCCLDEV object src/CMakeFiles/rccl_device_gfx950.dir/__/hipify/gensrc/specialized/specialized_allreduce_tree_simple_prod_u32_0_0_1.o
[ 34%] Building RCCLDEV object src/CMakeFiles/rccl_device_gfx950.dir/__/hipify/gensrc/specialized/specialized_allreduce_tree_simple_prod_u32_1_0_1.o
[ 34%] Building RCCLDEV object src/CMakeFiles/rccl_device_gfx950.dir/__/hipify/gensrc/specialized/specialized_allreduce_tree_simple_prod_u64_0_0_1.o
[ 34%] Building RCCLDEV object src/CMakeFiles/rccl_device_gfx950.dir/__/hipify/gensrc/specialized/specialized_allreduce_tree_simple_prod_u64_1_0_1.o
[ 34%] Building RCCLDEV object src/CMakeFiles/rccl_device_gfx950.dir/__/hipify/gensrc/specialized/specialized_allreduce_tree_simple_prod_f16_0_0_1.o
[ 34%] Building RCCLDEV object src/CMakeFiles/rccl_device_gfx950.dir/__/hipify/gensrc/specialized/specialized_allreduce_tree_simple_prod_f16_1_0_1.o
[ 34%] Building RCCLDEV object src/CMakeFiles/rccl_device_gfx950.dir/__/hipify/gensrc/specialized/specialized_allreduce_tree_simple_prod_f32_0_0_1.o
[ 34%] Building RCCLDEV object src/CMakeFiles/rccl_device_gfx950.dir/__/hipify/gensrc/specialized/specialized_allreduce_tree_simple_prod_f32_1_0_1.o
[ 34%] Building RCCLDEV object src/CMakeFiles/rccl_device_gfx950.dir/__/hipify/gensrc/specialized/specialized_allreduce_tree_simple_prod_f64_1_0_1.o
[ 34%] Building RCCLDEV object src/CMakeFiles/rccl_device_gfx950.dir/__/hipify/gensrc/specialized/specialized_allreduce_tree_simple_prod_f64_0_0_1.o
[ 34%] Building RCCLDEV object src/CMakeFiles/rccl_device_gfx950.dir/__/hipify/gensrc/specialized/specialized_allreduce_tree_simple_prod_bf16_0_0_1.o
[ 34%] Building RCCLDEV object src/CMakeFiles/rccl_device_gfx950.dir/__/hipify/gensrc/specialized/specialized_allreduce_tree_simple_prod_bf16_1_0_1.o
[ 34%] Building RCCLDEV object src/CMakeFiles/rccl_device_gfx950.dir/__/hipify/gensrc/specialized/specialized_allreduce_tree_simple_minmax_u8_0_0_1.o
[ 34%] Building RCCLDEV object src/CMakeFiles/rccl_device_gfx950.dir/__/hipify/gensrc/specialized/specialized_allreduce_tree_simple_minmax_u8_1_0_1.o
[ 34%] Building RCCLDEV object src/CMakeFiles/rccl_device_gfx950.dir/__/hipify/gensrc/specialized/specialized_allreduce_tree_simple_minmax_u32_0_0_1.o
[ 34%] Building RCCLDEV object src/CMakeFiles/rccl_device_gfx950.dir/__/hipify/gensrc/specialized/specialized_allreduce_tree_simple_minmax_u32_1_0_1.o
[ 34%] Building RCCLDEV object src/CMakeFiles/rccl_device_gfx950.dir/__/hipify/gensrc/specialized/specialized_allreduce_tree_simple_minmax_u64_0_0_1.o
[ 34%] Building RCCLDEV object src/CMakeFiles/rccl_device_gfx950.dir/__/hipify/gensrc/specialized/specialized_allreduce_tree_simple_minmax_u64_1_0_1.o
[ 34%] Building RCCLDEV object src/CMakeFiles/rccl_device_gfx950.dir/__/hipify/gensrc/specialized/specialized_allreduce_tree_simple_minmax_f16_0_0_1.o
[ 34%] Building RCCLDEV object src/CMakeFiles/rccl_device_gfx950.dir/__/hipify/gensrc/specialized/specialized_allreduce_tree_simple_minmax_f16_1_0_1.o
[ 34%] Building RCCLDEV object src/CMakeFiles/rccl_device_gfx950.dir/__/hipify/gensrc/specialized/specialized_allreduce_tree_simple_minmax_f32_0_0_1.o
[ 34%] Building RCCLDEV object src/CMakeFiles/rccl_device_gfx950.dir/__/hipify/gensrc/specialized/specialized_allreduce_tree_simple_minmax_f32_1_0_1.o
[ 34%] Building RCCLDEV object src/CMakeFiles/rccl_device_gfx950.dir/__/hipify/gensrc/specialized/specialized_allreduce_tree_simple_minmax_f64_0_0_1.o
[ 34%] Building RCCLDEV object src/CMakeFiles/rccl_device_gfx950.dir/__/hipify/gensrc/specialized/specialized_allreduce_tree_simple_minmax_f64_1_0_1.o
[ 34%] Building RCCLDEV object src/CMakeFiles/rccl_device_gfx950.dir/__/hipify/gensrc/specialized/specialized_allreduce_tree_simple_minmax_bf16_0_0_1.o
[ 34%] Building RCCLDEV object src/CMakeFiles/rccl_device_gfx950.dir/__/hipify/gensrc/specialized/specialized_allreduce_tree_simple_minmax_bf16_1_0_1.o
[ 34%] Building RCCLDEV object src/CMakeFiles/rccl_device_gfx950.dir/__/hipify/gensrc/specialized/specialized_allreduce_tree_simple_premulsum_u8_0_0_1.o
[ 34%] Building RCCLDEV object src/CMakeFiles/rccl_device_gfx950.dir/__/hipify/gensrc/specialized/specialized_allreduce_tree_simple_premulsum_u8_1_0_1.o
[ 34%] Building RCCLDEV object src/CMakeFiles/rccl_device_gfx950.dir/__/hipify/gensrc/specialized/specialized_allreduce_tree_simple_premulsum_u32_0_0_1.o
[ 34%] Building RCCLDEV object src/CMakeFiles/rccl_device_gfx950.dir/__/hipify/gensrc/specialized/specialized_allreduce_tree_simple_premulsum_u64_0_0_1.o
[ 34%] Building RCCLDEV object src/CMakeFiles/rccl_device_gfx950.dir/__/hipify/gensrc/specialized/specialized_allreduce_tree_simple_premulsum_u32_1_0_1.o
[ 34%] Building RCCLDEV object src/CMakeFiles/rccl_device_gfx950.dir/__/hipify/gensrc/specialized/specialized_allreduce_tree_simple_premulsum_u64_1_0_1.o
[ 34%] Building RCCLDEV object src/CMakeFiles/rccl_device_gfx950.dir/__/hipify/gensrc/specialized/specialized_allreduce_tree_simple_premulsum_f16_0_0_1.o
[ 34%] Building RCCLDEV object src/CMakeFiles/rccl_device_gfx950.dir/__/hipify/gensrc/specialized/specialized_allreduce_tree_simple_premulsum_f16_1_0_1.o
[ 34%] Building RCCLDEV object src/CMakeFiles/rccl_device_gfx950.dir/__/hipify/gensrc/specialized/specialized_allreduce_tree_simple_premulsum_f32_0_0_1.o
[ 34%] Building RCCLDEV object src/CMakeFiles/rccl_device_gfx950.dir/__/hipify/gensrc/specialized/specialized_allreduce_tree_simple_premulsum_f32_1_0_1.o
[ 34%] Building RCCLDEV object src/CMakeFiles/rccl_device_gfx950.dir/__/hipify/gensrc/specialized/specialized_allreduce_tree_simple_premulsum_f64_0_0_1.o
[ 34%] Building RCCLDEV object src/CMakeFiles/rccl_device_gfx950.dir/__/hipify/gensrc/specialized/specialized_allreduce_tree_simple_premulsum_f64_1_0_1.o
[ 34%] Building RCCLDEV object src/CMakeFiles/rccl_device_gfx950.dir/__/hipify/gensrc/specialized/specialized_allreduce_tree_simple_premulsum_bf16_0_0_1.o
[ 34%] Building RCCLDEV object src/CMakeFiles/rccl_device_gfx950.dir/__/hipify/gensrc/specialized/specialized_allreduce_tree_simple_premulsum_bf16_1_0_1.o
[ 34%] Building RCCLDEV object src/CMakeFiles/rccl_device_gfx950.dir/__/hipify/gensrc/specialized/specialized_allreduce_tree_simple_sumpostdiv_u8_0_0_1.o
[ 34%] Building RCCLDEV object src/CMakeFiles/rccl_device_gfx950.dir/__/hipify/gensrc/specialized/specialized_allreduce_tree_simple_sumpostdiv_u8_1_0_1.o
[ 34%] Building RCCLDEV object src/CMakeFiles/rccl_device_gfx950.dir/__/hipify/gensrc/specialized/specialized_allreduce_tree_simple_sumpostdiv_u32_0_0_1.o
[ 34%] Building RCCLDEV object src/CMakeFiles/rccl_device_gfx950.dir/__/hipify/gensrc/specialized/specialized_allreduce_tree_simple_sumpostdiv_u32_1_0_1.o
[ 34%] Building RCCLDEV object src/CMakeFiles/rccl_device_gfx950.dir/__/hipify/gensrc/specialized/specialized_allreduce_tree_simple_sumpostdiv_u64_0_0_1.o
[ 36%] Building RCCLDEV object src/CMakeFiles/rccl_device_gfx950.dir/__/hipify/gensrc/specialized/specialized_allreduce_tree_simple_sumpostdiv_u64_1_0_1.o
[ 36%] Building RCCLDEV object src/CMakeFiles/rccl_device_gfx950.dir/__/hipify/gensrc/specialized/specialized_broadcast_ring_simple_sum_i8_0_0_2.o
[ 36%] Building RCCLDEV object src/CMakeFiles/rccl_device_gfx950.dir/__/hipify/gensrc/specialized/specialized_reduce_ring_simple_sum_u8_0_0_2.o
[ 36%] Building RCCLDEV object src/CMakeFiles/rccl_device_gfx950.dir/__/hipify/gensrc/specialized/specialized_reduce_ring_simple_sum_u32_0_0_2.o
[ 36%] Building RCCLDEV object src/CMakeFiles/rccl_device_gfx950.dir/__/hipify/gensrc/specialized/specialized_reduce_ring_simple_sum_u64_0_0_2.o
[ 36%] Building RCCLDEV object src/CMakeFiles/rccl_device_gfx950.dir/__/hipify/gensrc/specialized/specialized_reduce_ring_simple_sum_f16_0_0_2.o
[ 36%] Building RCCLDEV object src/CMakeFiles/rccl_device_gfx950.dir/__/hipify/gensrc/specialized/specialized_reduce_ring_simple_sum_f32_0_0_2.o
[ 36%] Building RCCLDEV object src/CMakeFiles/rccl_device_gfx950.dir/__/hipify/gensrc/specialized/specialized_reduce_ring_simple_sum_f64_0_0_2.o
[ 36%] Building RCCLDEV object src/CMakeFiles/rccl_device_gfx950.dir/__/hipify/gensrc/specialized/specialized_reduce_ring_simple_sum_bf16_0_0_2.o
[ 36%] Building RCCLDEV object src/CMakeFiles/rccl_device_gfx950.dir/__/hipify/gensrc/specialized/specialized_reduce_ring_simple_prod_u8_0_0_2.o
[ 36%] Building RCCLDEV object src/CMakeFiles/rccl_device_gfx950.dir/__/hipify/gensrc/specialized/specialized_reduce_ring_simple_prod_u32_0_0_2.o
[ 36%] Building RCCLDEV object src/CMakeFiles/rccl_device_gfx950.dir/__/hipify/gensrc/specialized/specialized_reduce_ring_simple_prod_u64_0_0_2.o
[ 36%] Building RCCLDEV object src/CMakeFiles/rccl_device_gfx950.dir/__/hipify/gensrc/specialized/specialized_reduce_ring_simple_prod_f16_0_0_2.o
[ 36%] Building RCCLDEV object src/CMakeFiles/rccl_device_gfx950.dir/__/hipify/gensrc/specialized/specialized_reduce_ring_simple_prod_f32_0_0_2.o
[ 36%] Building RCCLDEV object src/CMakeFiles/rccl_device_gfx950.dir/__/hipify/gensrc/specialized/specialized_reduce_ring_simple_prod_f64_0_0_2.o
[ 36%] Building RCCLDEV object src/CMakeFiles/rccl_device_gfx950.dir/__/hipify/gensrc/specialized/specialized_reduce_ring_simple_prod_bf16_0_0_2.o
[ 36%] Building RCCLDEV object src/CMakeFiles/rccl_device_gfx950.dir/__/hipify/gensrc/specialized/specialized_reduce_ring_simple_minmax_u8_0_0_2.o
[ 36%] Building RCCLDEV object src/CMakeFiles/rccl_device_gfx950.dir/__/hipify/gensrc/specialized/specialized_reduce_ring_simple_minmax_u32_0_0_2.o
[ 36%] Building RCCLDEV object src/CMakeFiles/rccl_device_gfx950.dir/__/hipify/gensrc/specialized/specialized_reduce_ring_simple_minmax_u64_0_0_2.o
[ 36%] Building RCCLDEV object src/CMakeFiles/rccl_device_gfx950.dir/__/hipify/gensrc/specialized/specialized_reduce_ring_simple_minmax_f16_0_0_2.o
[ 36%] Building RCCLDEV object src/CMakeFiles/rccl_device_gfx950.dir/__/hipify/gensrc/specialized/specialized_reduce_ring_simple_minmax_f32_0_0_2.o
[ 36%] Building RCCLDEV object src/CMakeFiles/rccl_device_gfx950.dir/__/hipify/gensrc/specialized/specialized_reduce_ring_simple_minmax_f64_0_0_2.o
[ 36%] Building RCCLDEV object src/CMakeFiles/rccl_device_gfx950.dir/__/hipify/gensrc/specialized/specialized_reduce_ring_simple_minmax_bf16_0_0_2.o
[ 36%] Building RCCLDEV object src/CMakeFiles/rccl_device_gfx950.dir/__/hipify/gensrc/specialized/specialized_reduce_ring_simple_premulsum_u8_0_0_2.o
[ 36%] Building RCCLDEV object src/CMakeFiles/rccl_device_gfx950.dir/__/hipify/gensrc/specialized/specialized_reduce_ring_simple_premulsum_u32_0_0_2.o
[ 36%] Building RCCLDEV object src/CMakeFiles/rccl_device_gfx950.dir/__/hipify/gensrc/specialized/specialized_reduce_ring_simple_premulsum_u64_0_0_2.o
[ 36%] Building RCCLDEV object src/CMakeFiles/rccl_device_gfx950.dir/__/hipify/gensrc/specialized/specialized_reduce_ring_simple_premulsum_f16_0_0_2.o
[ 36%] Building RCCLDEV object src/CMakeFiles/rccl_device_gfx950.dir/__/hipify/gensrc/specialized/specialized_reduce_ring_simple_premulsum_f32_0_0_2.o
[ 36%] Building RCCLDEV object src/CMakeFiles/rccl_device_gfx950.dir/__/hipify/gensrc/specialized/specialized_reduce_ring_simple_premulsum_f64_0_0_2.o
[ 36%] Building RCCLDEV object src/CMakeFiles/rccl_device_gfx950.dir/__/hipify/gensrc/specialized/specialized_reduce_ring_simple_premulsum_bf16_0_0_2.o
[ 36%] Building RCCLDEV object src/CMakeFiles/rccl_device_gfx950.dir/__/hipify/gensrc/specialized/specialized_reduce_ring_simple_sumpostdiv_u8_0_0_2.o
[ 36%] Building RCCLDEV object src/CMakeFiles/rccl_device_gfx950.dir/__/hipify/gensrc/specialized/specialized_reduce_ring_simple_sumpostdiv_u32_0_0_2.o
[ 36%] Building RCCLDEV object src/CMakeFiles/rccl_device_gfx950.dir/__/hipify/gensrc/specialized/specialized_reduce_ring_simple_sumpostdiv_u64_0_0_2.o
[ 36%] Building RCCLDEV object src/CMakeFiles/rccl_device_gfx950.dir/__/hipify/gensrc/specialized/specialized_allgather_ring_simple_sum_i8_0_0_2.o
[ 36%] Building RCCLDEV object src/CMakeFiles/rccl_device_gfx950.dir/__/hipify/gensrc/specialized/specialized_reducescatter_ring_simple_sum_u8_0_0_2.o
[ 36%] Building RCCLDEV object src/CMakeFiles/rccl_device_gfx950.dir/__/hipify/gensrc/specialized/specialized_reducescatter_ring_simple_sum_u32_0_0_2.o
[ 36%] Building RCCLDEV object src/CMakeFiles/rccl_device_gfx950.dir/__/hipify/gensrc/specialized/specialized_reducescatter_ring_simple_sum_u64_0_0_2.o
[ 36%] Building RCCLDEV object src/CMakeFiles/rccl_device_gfx950.dir/__/hipify/gensrc/specialized/specialized_reducescatter_ring_simple_sum_f16_0_0_2.o
[ 36%] Building RCCLDEV object src/CMakeFiles/rccl_device_gfx950.dir/__/hipify/gensrc/specialized/specialized_reducescatter_ring_simple_sum_f32_0_0_2.o
[ 36%] Building RCCLDEV object src/CMakeFiles/rccl_device_gfx950.dir/__/hipify/gensrc/specialized/specialized_reducescatter_ring_simple_sum_f64_0_0_2.o
[ 36%] Building RCCLDEV object src/CMakeFiles/rccl_device_gfx950.dir/__/hipify/gensrc/specialized/specialized_reducescatter_ring_simple_sum_bf16_0_0_2.o
[ 36%] Building RCCLDEV object src/CMakeFiles/rccl_device_gfx950.dir/__/hipify/gensrc/specialized/specialized_reducescatter_ring_simple_prod_u8_0_0_2.o
[ 36%] Building RCCLDEV object src/CMakeFiles/rccl_device_gfx950.dir/__/hipify/gensrc/specialized/specialized_reducescatter_ring_simple_prod_u32_0_0_2.o
[ 36%] Building RCCLDEV object src/CMakeFiles/rccl_device_gfx950.dir/__/hipify/gensrc/specialized/specialized_reducescatter_ring_simple_prod_u64_0_0_2.o
[ 38%] Building RCCLDEV object src/CMakeFiles/rccl_device_gfx950.dir/__/hipify/gensrc/specialized/specialized_reducescatter_ring_simple_prod_f16_0_0_2.o
[ 38%] Building RCCLDEV object src/CMakeFiles/rccl_device_gfx950.dir/__/hipify/gensrc/specialized/specialized_reducescatter_ring_simple_prod_f32_0_0_2.o
[ 38%] Building RCCLDEV object src/CMakeFiles/rccl_device_gfx950.dir/__/hipify/gensrc/specialized/specialized_reducescatter_ring_simple_prod_f64_0_0_2.o
[ 38%] Building RCCLDEV object src/CMakeFiles/rccl_device_gfx950.dir/__/hipify/gensrc/specialized/specialized_reducescatter_ring_simple_prod_bf16_0_0_2.o
[ 38%] Building RCCLDEV object src/CMakeFiles/rccl_device_gfx950.dir/__/hipify/gensrc/specialized/specialized_reducescatter_ring_simple_minmax_u8_0_0_2.o
[ 38%] Building RCCLDEV object src/CMakeFiles/rccl_device_gfx950.dir/__/hipify/gensrc/specialized/specialized_reducescatter_ring_simple_minmax_u32_0_0_2.o
[ 38%] Building RCCLDEV object src/CMakeFiles/rccl_device_gfx950.dir/__/hipify/gensrc/specialized/specialized_reducescatter_ring_simple_minmax_u64_0_0_2.o
[ 38%] Building RCCLDEV object src/CMakeFiles/rccl_device_gfx950.dir/__/hipify/gensrc/specialized/specialized_reducescatter_ring_simple_minmax_f16_0_0_2.o
[ 38%] Building RCCLDEV object src/CMakeFiles/rccl_device_gfx950.dir/__/hipify/gensrc/specialized/specialized_reducescatter_ring_simple_minmax_f32_0_0_2.o
[ 38%] Building RCCLDEV object src/CMakeFiles/rccl_device_gfx950.dir/__/hipify/gensrc/specialized/specialized_reducescatter_ring_simple_minmax_f64_0_0_2.o
[ 38%] Building RCCLDEV object src/CMakeFiles/rccl_device_gfx950.dir/__/hipify/gensrc/specialized/specialized_reducescatter_ring_simple_minmax_bf16_0_0_2.o
[ 38%] Building RCCLDEV object src/CMakeFiles/rccl_device_gfx950.dir/__/hipify/gensrc/specialized/specialized_reducescatter_ring_simple_premulsum_u8_0_0_2.o
[ 38%] Building RCCLDEV object src/CMakeFiles/rccl_device_gfx950.dir/__/hipify/gensrc/specialized/specialized_reducescatter_ring_simple_premulsum_u32_0_0_2.o
[ 38%] Building RCCLDEV object src/CMakeFiles/rccl_device_gfx950.dir/__/hipify/gensrc/specialized/specialized_reducescatter_ring_simple_premulsum_u64_0_0_2.o
[ 38%] Building RCCLDEV object src/CMakeFiles/rccl_device_gfx950.dir/__/hipify/gensrc/specialized/specialized_reducescatter_ring_simple_premulsum_f16_0_0_2.o
[ 38%] Building RCCLDEV object src/CMakeFiles/rccl_device_gfx950.dir/__/hipify/gensrc/specialized/specialized_reducescatter_ring_simple_premulsum_f32_0_0_2.o
[ 38%] Building RCCLDEV object src/CMakeFiles/rccl_device_gfx950.dir/__/hipify/gensrc/specialized/specialized_reducescatter_ring_simple_premulsum_f64_0_0_2.o
[ 38%] Building RCCLDEV object src/CMakeFiles/rccl_device_gfx950.dir/__/hipify/gensrc/specialized/specialized_reducescatter_ring_simple_sumpostdiv_u8_0_0_2.o
[ 38%] Building RCCLDEV object src/CMakeFiles/rccl_device_gfx950.dir/__/hipify/gensrc/specialized/specialized_reducescatter_ring_simple_premulsum_bf16_0_0_2.o
[ 38%] Building RCCLDEV object src/CMakeFiles/rccl_device_gfx950.dir/__/hipify/gensrc/specialized/specialized_reducescatter_ring_simple_sumpostdiv_u32_0_0_2.o
[ 38%] Building RCCLDEV object src/CMakeFiles/rccl_device_gfx950.dir/__/hipify/gensrc/specialized/specialized_reducescatter_ring_simple_sumpostdiv_u64_0_0_2.o
[ 38%] Building RCCLDEV object src/CMakeFiles/rccl_device_gfx950.dir/__/hipify/gensrc/specialized/specialized_allreduce_ring_simple_sum_u8_0_0_2.o
[ 38%] Building RCCLDEV object src/CMakeFiles/rccl_device_gfx950.dir/__/hipify/gensrc/specialized/specialized_allreduce_ring_simple_sum_u8_1_0_2.o
[ 38%] Building RCCLDEV object src/CMakeFiles/rccl_device_gfx950.dir/__/hipify/gensrc/specialized/specialized_allreduce_ring_simple_sum_u32_0_0_2.o
[ 38%] Building RCCLDEV object src/CMakeFiles/rccl_device_gfx950.dir/__/hipify/gensrc/specialized/specialized_allreduce_ring_simple_sum_u32_1_0_2.o
[ 38%] Building RCCLDEV object src/CMakeFiles/rccl_device_gfx950.dir/__/hipify/gensrc/specialized/specialized_allreduce_ring_simple_sum_u64_0_0_2.o
[ 38%] Building RCCLDEV object src/CMakeFiles/rccl_device_gfx950.dir/__/hipify/gensrc/specialized/specialized_allreduce_ring_simple_sum_u64_1_0_2.o
[ 38%] Building RCCLDEV object src/CMakeFiles/rccl_device_gfx950.dir/__/hipify/gensrc/specialized/specialized_allreduce_ring_simple_sum_f16_0_0_2.o
[ 38%] Building RCCLDEV object src/CMakeFiles/rccl_device_gfx950.dir/__/hipify/gensrc/specialized/specialized_allreduce_ring_simple_sum_f16_1_0_2.o
[ 38%] Building RCCLDEV object src/CMakeFiles/rccl_device_gfx950.dir/__/hipify/gensrc/specialized/specialized_allreduce_ring_simple_sum_f32_0_0_2.o
[ 38%] Building RCCLDEV object src/CMakeFiles/rccl_device_gfx950.dir/__/hipify/gensrc/specialized/specialized_allreduce_ring_simple_sum_f32_1_0_2.o
[ 38%] Building RCCLDEV object src/CMakeFiles/rccl_device_gfx950.dir/__/hipify/gensrc/specialized/specialized_allreduce_ring_simple_sum_f64_0_0_2.o
[ 38%] Building RCCLDEV object src/CMakeFiles/rccl_device_gfx950.dir/__/hipify/gensrc/specialized/specialized_allreduce_ring_simple_sum_f64_1_0_2.o
[ 38%] Building RCCLDEV object src/CMakeFiles/rccl_device_gfx950.dir/__/hipify/gensrc/specialized/specialized_allreduce_ring_simple_sum_bf16_0_0_2.o
[ 38%] Building RCCLDEV object src/CMakeFiles/rccl_device_gfx950.dir/__/hipify/gensrc/specialized/specialized_allreduce_ring_simple_sum_bf16_1_0_2.o
[ 38%] Building RCCLDEV object src/CMakeFiles/rccl_device_gfx950.dir/__/hipify/gensrc/specialized/specialized_allreduce_ring_simple_prod_u8_0_0_2.o
[ 38%] Building RCCLDEV object src/CMakeFiles/rccl_device_gfx950.dir/__/hipify/gensrc/specialized/specialized_allreduce_ring_simple_prod_u8_1_0_2.o
[ 38%] Building RCCLDEV object src/CMakeFiles/rccl_device_gfx950.dir/__/hipify/gensrc/specialized/specialized_allreduce_ring_simple_prod_u32_0_0_2.o
[ 38%] Building RCCLDEV object src/CMakeFiles/rccl_device_gfx950.dir/__/hipify/gensrc/specialized/specialized_allreduce_ring_simple_prod_u32_1_0_2.o
[ 38%] Building RCCLDEV object src/CMakeFiles/rccl_device_gfx950.dir/__/hipify/gensrc/specialized/specialized_allreduce_ring_simple_prod_u64_0_0_2.o
[ 38%] Building RCCLDEV object src/CMakeFiles/rccl_device_gfx950.dir/__/hipify/gensrc/specialized/specialized_allreduce_ring_simple_prod_u64_1_0_2.o
[ 38%] Building RCCLDEV object src/CMakeFiles/rccl_device_gfx950.dir/__/hipify/gensrc/specialized/specialized_allreduce_ring_simple_prod_f16_0_0_2.o
[ 38%] Building RCCLDEV object src/CMakeFiles/rccl_device_gfx950.dir/__/hipify/gensrc/specialized/specialized_allreduce_ring_simple_prod_f16_1_0_2.o
[ 38%] Building RCCLDEV object src/CMakeFiles/rccl_device_gfx950.dir/__/hipify/gensrc/specialized/specialized_allreduce_ring_simple_prod_f32_0_0_2.o
[ 38%] Building RCCLDEV object src/CMakeFiles/rccl_device_gfx950.dir/__/hipify/gensrc/specialized/specialized_allreduce_ring_simple_prod_f32_1_0_2.o
[ 39%] Building RCCLDEV object src/CMakeFiles/rccl_device_gfx950.dir/__/hipify/gensrc/specialized/specialized_allreduce_ring_simple_prod_f64_0_0_2.o
[ 39%] Building RCCLDEV object src/CMakeFiles/rccl_device_gfx950.dir/__/hipify/gensrc/specialized/specialized_allreduce_ring_simple_prod_f64_1_0_2.o
[ 39%] Building RCCLDEV object src/CMakeFiles/rccl_device_gfx950.dir/__/hipify/gensrc/specialized/specialized_allreduce_ring_simple_prod_bf16_0_0_2.o
[ 39%] Building RCCLDEV object src/CMakeFiles/rccl_device_gfx950.dir/__/hipify/gensrc/specialized/specialized_allreduce_ring_simple_prod_bf16_1_0_2.o
[ 39%] Building RCCLDEV object src/CMakeFiles/rccl_device_gfx950.dir/__/hipify/gensrc/specialized/specialized_allreduce_ring_simple_minmax_u8_0_0_2.o
[ 39%] Building RCCLDEV object src/CMakeFiles/rccl_device_gfx950.dir/__/hipify/gensrc/specialized/specialized_allreduce_ring_simple_minmax_u8_1_0_2.o
[ 39%] Building RCCLDEV object src/CMakeFiles/rccl_device_gfx950.dir/__/hipify/gensrc/specialized/specialized_allreduce_ring_simple_minmax_u32_0_0_2.o
[ 39%] Building RCCLDEV object src/CMakeFiles/rccl_device_gfx950.dir/__/hipify/gensrc/specialized/specialized_allreduce_ring_simple_minmax_u32_1_0_2.o
[ 39%] Building RCCLDEV object src/CMakeFiles/rccl_device_gfx950.dir/__/hipify/gensrc/specialized/specialized_allreduce_ring_simple_minmax_u64_0_0_2.o
[ 39%] Building RCCLDEV object src/CMakeFiles/rccl_device_gfx950.dir/__/hipify/gensrc/specialized/specialized_allreduce_ring_simple_minmax_u64_1_0_2.o
[ 39%] Building RCCLDEV object src/CMakeFiles/rccl_device_gfx950.dir/__/hipify/gensrc/specialized/specialized_allreduce_ring_simple_minmax_f16_0_0_2.o
[ 39%] Building RCCLDEV object src/CMakeFiles/rccl_device_gfx950.dir/__/hipify/gensrc/specialized/specialized_allreduce_ring_simple_minmax_f16_1_0_2.o
[ 39%] Building RCCLDEV object src/CMakeFiles/rccl_device_gfx950.dir/__/hipify/gensrc/specialized/specialized_allreduce_ring_simple_minmax_f32_0_0_2.o
[ 39%] Building RCCLDEV object src/CMakeFiles/rccl_device_gfx950.dir/__/hipify/gensrc/specialized/specialized_allreduce_ring_simple_minmax_f32_1_0_2.o
[ 39%] Building RCCLDEV object src/CMakeFiles/rccl_device_gfx950.dir/__/hipify/gensrc/specialized/specialized_allreduce_ring_simple_minmax_f64_0_0_2.o
[ 39%] Building RCCLDEV object src/CMakeFiles/rccl_device_gfx950.dir/__/hipify/gensrc/specialized/specialized_allreduce_ring_simple_minmax_f64_1_0_2.o
[ 39%] Building RCCLDEV object src/CMakeFiles/rccl_device_gfx950.dir/__/hipify/gensrc/specialized/specialized_allreduce_ring_simple_minmax_bf16_0_0_2.o
[ 39%] Building RCCLDEV object src/CMakeFiles/rccl_device_gfx950.dir/__/hipify/gensrc/specialized/specialized_allreduce_ring_simple_minmax_bf16_1_0_2.o
[ 39%] Building RCCLDEV object src/CMakeFiles/rccl_device_gfx950.dir/__/hipify/gensrc/specialized/specialized_allreduce_ring_simple_premulsum_u8_0_0_2.o
[ 39%] Building RCCLDEV object src/CMakeFiles/rccl_device_gfx950.dir/__/hipify/gensrc/specialized/specialized_allreduce_ring_simple_premulsum_u8_1_0_2.o
[ 39%] Building RCCLDEV object src/CMakeFiles/rccl_device_gfx950.dir/__/hipify/gensrc/specialized/specialized_allreduce_ring_simple_premulsum_u32_0_0_2.o
[ 39%] Building RCCLDEV object src/CMakeFiles/rccl_device_gfx950.dir/__/hipify/gensrc/specialized/specialized_allreduce_ring_simple_premulsum_u32_1_0_2.o
[ 39%] Building RCCLDEV object src/CMakeFiles/rccl_device_gfx950.dir/__/hipify/gensrc/specialized/specialized_allreduce_ring_simple_premulsum_u64_0_0_2.o
[ 39%] Building RCCLDEV object src/CMakeFiles/rccl_device_gfx950.dir/__/hipify/gensrc/specialized/specialized_allreduce_ring_simple_premulsum_u64_1_0_2.o
[ 39%] Building RCCLDEV object src/CMakeFiles/rccl_device_gfx950.dir/__/hipify/gensrc/specialized/specialized_allreduce_ring_simple_premulsum_f16_0_0_2.o
[ 39%] Building RCCLDEV object src/CMakeFiles/rccl_device_gfx950.dir/__/hipify/gensrc/specialized/specialized_allreduce_ring_simple_premulsum_f16_1_0_2.o
[ 39%] Building RCCLDEV object src/CMakeFiles/rccl_device_gfx950.dir/__/hipify/gensrc/specialized/specialized_allreduce_ring_simple_premulsum_f32_0_0_2.o
[ 39%] Building RCCLDEV object src/CMakeFiles/rccl_device_gfx950.dir/__/hipify/gensrc/specialized/specialized_allreduce_ring_simple_premulsum_f32_1_0_2.o
[ 39%] Building RCCLDEV object src/CMakeFiles/rccl_device_gfx950.dir/__/hipify/gensrc/specialized/specialized_allreduce_ring_simple_premulsum_f64_0_0_2.o
[ 39%] Building RCCLDEV object src/CMakeFiles/rccl_device_gfx950.dir/__/hipify/gensrc/specialized/specialized_allreduce_ring_simple_premulsum_f64_1_0_2.o
[ 39%] Building RCCLDEV object src/CMakeFiles/rccl_device_gfx950.dir/__/hipify/gensrc/specialized/specialized_allreduce_ring_simple_premulsum_bf16_0_0_2.o
[ 39%] Building RCCLDEV object src/CMakeFiles/rccl_device_gfx950.dir/__/hipify/gensrc/specialized/specialized_allreduce_ring_simple_premulsum_bf16_1_0_2.o
[ 39%] Building RCCLDEV object src/CMakeFiles/rccl_device_gfx950.dir/__/hipify/gensrc/specialized/specialized_allreduce_ring_simple_sumpostdiv_u8_0_0_2.o
[ 39%] Building RCCLDEV object src/CMakeFiles/rccl_device_gfx950.dir/__/hipify/gensrc/specialized/specialized_allreduce_ring_simple_sumpostdiv_u8_1_0_2.o
[ 39%] Building RCCLDEV object src/CMakeFiles/rccl_device_gfx950.dir/__/hipify/gensrc/specialized/specialized_allreduce_ring_simple_sumpostdiv_u32_0_0_2.o
[ 39%] Building RCCLDEV object src/CMakeFiles/rccl_device_gfx950.dir/__/hipify/gensrc/specialized/specialized_allreduce_ring_simple_sumpostdiv_u32_1_0_2.o
[ 39%] Building RCCLDEV object src/CMakeFiles/rccl_device_gfx950.dir/__/hipify/gensrc/specialized/specialized_allreduce_ring_simple_sumpostdiv_u64_0_0_2.o
[ 39%] Building RCCLDEV object src/CMakeFiles/rccl_device_gfx950.dir/__/hipify/gensrc/specialized/specialized_allreduce_ring_simple_sumpostdiv_u64_1_0_2.o
[ 39%] Building RCCLDEV object src/CMakeFiles/rccl_device_gfx950.dir/__/hipify/gensrc/specialized/specialized_sendrecv_ring_simple_sum_i8_0_0_2.o
[ 39%] Building RCCLDEV object src/CMakeFiles/rccl_device_gfx950.dir/__/hipify/gensrc/specialized/specialized_alltoallpivot_ring_simple_sum_i8_0_0_2.o
[ 39%] Building RCCLDEV object src/CMakeFiles/rccl_device_gfx950.dir/__/hipify/gensrc/specialized/specialized_broadcast_ring_simple_sum_i8_0_0_1.o
[ 39%] Building RCCLDEV object src/CMakeFiles/rccl_device_gfx950.dir/__/hipify/gensrc/specialized/specialized_reduce_ring_simple_sum_u8_0_0_1.o
[ 39%] Building RCCLDEV object src/CMakeFiles/rccl_device_gfx950.dir/__/hipify/gensrc/specialized/specialized_reduce_ring_simple_sum_u32_0_0_1.o
[ 39%] Building RCCLDEV object src/CMakeFiles/rccl_device_gfx950.dir/__/hipify/gensrc/specialized/specialized_reduce_ring_simple_sum_u64_0_0_1.o
[ 39%] Building RCCLDEV object src/CMakeFiles/rccl_device_gfx950.dir/__/hipify/gensrc/specialized/specialized_reduce_ring_simple_sum_f16_0_0_1.o
[ 41%] Building RCCLDEV object src/CMakeFiles/rccl_device_gfx950.dir/__/hipify/gensrc/specialized/specialized_reduce_ring_simple_sum_f32_0_0_1.o
[ 41%] Building RCCLDEV object src/CMakeFiles/rccl_device_gfx950.dir/__/hipify/gensrc/specialized/specialized_reduce_ring_simple_sum_f64_0_0_1.o
[ 41%] Building RCCLDEV object src/CMakeFiles/rccl_device_gfx950.dir/__/hipify/gensrc/specialized/specialized_reduce_ring_simple_sum_bf16_0_0_1.o
[ 41%] Building RCCLDEV object src/CMakeFiles/rccl_device_gfx950.dir/__/hipify/gensrc/specialized/specialized_reduce_ring_simple_prod_u8_0_0_1.o
[ 41%] Building RCCLDEV object src/CMakeFiles/rccl_device_gfx950.dir/__/hipify/gensrc/specialized/specialized_reduce_ring_simple_prod_u32_0_0_1.o
[ 41%] Building RCCLDEV object src/CMakeFiles/rccl_device_gfx950.dir/__/hipify/gensrc/specialized/specialized_reduce_ring_simple_prod_u64_0_0_1.o
[ 41%] Building RCCLDEV object src/CMakeFiles/rccl_device_gfx950.dir/__/hipify/gensrc/specialized/specialized_reduce_ring_simple_prod_f16_0_0_1.o
[ 41%] Building RCCLDEV object src/CMakeFiles/rccl_device_gfx950.dir/__/hipify/gensrc/specialized/specialized_reduce_ring_simple_prod_f32_0_0_1.o
[ 41%] Building RCCLDEV object src/CMakeFiles/rccl_device_gfx950.dir/__/hipify/gensrc/specialized/specialized_reduce_ring_simple_prod_f64_0_0_1.o
[ 41%] Building RCCLDEV object src/CMakeFiles/rccl_device_gfx950.dir/__/hipify/gensrc/specialized/specialized_reduce_ring_simple_prod_bf16_0_0_1.o
[ 41%] Building RCCLDEV object src/CMakeFiles/rccl_device_gfx950.dir/__/hipify/gensrc/specialized/specialized_reduce_ring_simple_minmax_u8_0_0_1.o
[ 41%] Building RCCLDEV object src/CMakeFiles/rccl_device_gfx950.dir/__/hipify/gensrc/specialized/specialized_reduce_ring_simple_minmax_u32_0_0_1.o
[ 41%] Building RCCLDEV object src/CMakeFiles/rccl_device_gfx950.dir/__/hipify/gensrc/specialized/specialized_reduce_ring_simple_minmax_u64_0_0_1.o
[ 41%] Building RCCLDEV object src/CMakeFiles/rccl_device_gfx950.dir/__/hipify/gensrc/specialized/specialized_reduce_ring_simple_minmax_f16_0_0_1.o
[ 41%] Building RCCLDEV object src/CMakeFiles/rccl_device_gfx950.dir/__/hipify/gensrc/specialized/specialized_reduce_ring_simple_minmax_f32_0_0_1.o
[ 41%] Building RCCLDEV object src/CMakeFiles/rccl_device_gfx950.dir/__/hipify/gensrc/specialized/specialized_reduce_ring_simple_minmax_f64_0_0_1.o
[ 41%] Building RCCLDEV object src/CMakeFiles/rccl_device_gfx950.dir/__/hipify/gensrc/specialized/specialized_reduce_ring_simple_minmax_bf16_0_0_1.o
[ 41%] Building RCCLDEV object src/CMakeFiles/rccl_device_gfx950.dir/__/hipify/gensrc/specialized/specialized_reduce_ring_simple_premulsum_u8_0_0_1.o
[ 41%] Building RCCLDEV object src/CMakeFiles/rccl_device_gfx950.dir/__/hipify/gensrc/specialized/specialized_reduce_ring_simple_premulsum_u32_0_0_1.o
[ 41%] Building RCCLDEV object src/CMakeFiles/rccl_device_gfx950.dir/__/hipify/gensrc/specialized/specialized_reduce_ring_simple_premulsum_u64_0_0_1.o
[ 41%] Building RCCLDEV object src/CMakeFiles/rccl_device_gfx950.dir/__/hipify/gensrc/specialized/specialized_reduce_ring_simple_premulsum_f16_0_0_1.o
[ 41%] Building RCCLDEV object src/CMakeFiles/rccl_device_gfx950.dir/__/hipify/gensrc/specialized/specialized_reduce_ring_simple_premulsum_f32_0_0_1.o
[ 41%] Building RCCLDEV object src/CMakeFiles/rccl_device_gfx950.dir/__/hipify/gensrc/specialized/specialized_reduce_ring_simple_premulsum_f64_0_0_1.o
[ 41%] Building RCCLDEV object src/CMakeFiles/rccl_device_gfx950.dir/__/hipify/gensrc/specialized/specialized_reduce_ring_simple_premulsum_bf16_0_0_1.o
[ 41%] Building RCCLDEV object src/CMakeFiles/rccl_device_gfx950.dir/__/hipify/gensrc/specialized/specialized_reduce_ring_simple_sumpostdiv_u8_0_0_1.o
[ 41%] Building RCCLDEV object src/CMakeFiles/rccl_device_gfx950.dir/__/hipify/gensrc/specialized/specialized_reduce_ring_simple_sumpostdiv_u32_0_0_1.o
[ 41%] Building RCCLDEV object src/CMakeFiles/rccl_device_gfx950.dir/__/hipify/gensrc/specialized/specialized_reduce_ring_simple_sumpostdiv_u64_0_0_1.o
[ 41%] Building RCCLDEV object src/CMakeFiles/rccl_device_gfx950.dir/__/hipify/gensrc/specialized/specialized_allgather_ring_simple_sum_i8_0_0_1.o
[ 41%] Building RCCLDEV object src/CMakeFiles/rccl_device_gfx950.dir/__/hipify/gensrc/specialized/specialized_reducescatter_ring_simple_sum_u8_0_0_1.o
[ 41%] Building RCCLDEV object src/CMakeFiles/rccl_device_gfx950.dir/__/hipify/gensrc/specialized/specialized_reducescatter_ring_simple_sum_u32_0_0_1.o
[ 41%] Building RCCLDEV object src/CMakeFiles/rccl_device_gfx950.dir/__/hipify/gensrc/specialized/specialized_reducescatter_ring_simple_sum_u64_0_0_1.o
[ 41%] Building RCCLDEV object src/CMakeFiles/rccl_device_gfx950.dir/__/hipify/gensrc/specialized/specialized_reducescatter_ring_simple_sum_f32_0_0_1.o
[ 41%] Building RCCLDEV object src/CMakeFiles/rccl_device_gfx950.dir/__/hipify/gensrc/specialized/specialized_reducescatter_ring_simple_sum_f16_0_0_1.o
[ 41%] Building RCCLDEV object src/CMakeFiles/rccl_device_gfx950.dir/__/hipify/gensrc/specialized/specialized_reducescatter_ring_simple_sum_f64_0_0_1.o
[ 41%] Building RCCLDEV object src/CMakeFiles/rccl_device_gfx950.dir/__/hipify/gensrc/specialized/specialized_reducescatter_ring_simple_sum_bf16_0_0_1.o
[ 41%] Building RCCLDEV object src/CMakeFiles/rccl_device_gfx950.dir/__/hipify/gensrc/specialized/specialized_reducescatter_ring_simple_prod_u32_0_0_1.o
[ 41%] Building RCCLDEV object src/CMakeFiles/rccl_device_gfx950.dir/__/hipify/gensrc/specialized/specialized_reducescatter_ring_simple_prod_u8_0_0_1.o
[ 41%] Building RCCLDEV object src/CMakeFiles/rccl_device_gfx950.dir/__/hipify/gensrc/specialized/specialized_reducescatter_ring_simple_prod_u64_0_0_1.o
[ 41%] Building RCCLDEV object src/CMakeFiles/rccl_device_gfx950.dir/__/hipify/gensrc/specialized/specialized_reducescatter_ring_simple_prod_f16_0_0_1.o
[ 41%] Building RCCLDEV object src/CMakeFiles/rccl_device_gfx950.dir/__/hipify/gensrc/specialized/specialized_reducescatter_ring_simple_prod_f32_0_0_1.o
[ 41%] Building RCCLDEV object src/CMakeFiles/rccl_device_gfx950.dir/__/hipify/gensrc/specialized/specialized_reducescatter_ring_simple_prod_f64_0_0_1.o
[ 41%] Building RCCLDEV object src/CMakeFiles/rccl_device_gfx950.dir/__/hipify/gensrc/specialized/specialized_reducescatter_ring_simple_prod_bf16_0_0_1.o
[ 41%] Building RCCLDEV object src/CMakeFiles/rccl_device_gfx950.dir/__/hipify/gensrc/specialized/specialized_reducescatter_ring_simple_minmax_u8_0_0_1.o
[ 41%] Building RCCLDEV object src/CMakeFiles/rccl_device_gfx950.dir/__/hipify/gensrc/specialized/specialized_reducescatter_ring_simple_minmax_f16_0_0_1.o
[ 41%] Building RCCLDEV object src/CMakeFiles/rccl_device_gfx950.dir/__/hipify/gensrc/specialized/specialized_reducescatter_ring_simple_minmax_u32_0_0_1.o
[ 42%] Building RCCLDEV object src/CMakeFiles/rccl_device_gfx950.dir/__/hipify/gensrc/specialized/specialized_reducescatter_ring_simple_minmax_u64_0_0_1.o
[ 42%] Building RCCLDEV object src/CMakeFiles/rccl_device_gfx950.dir/__/hipify/gensrc/specialized/specialized_reducescatter_ring_simple_minmax_f32_0_0_1.o
[ 42%] Building RCCLDEV object src/CMakeFiles/rccl_device_gfx950.dir/__/hipify/gensrc/specialized/specialized_reducescatter_ring_simple_minmax_f64_0_0_1.o
[ 42%] Building RCCLDEV object src/CMakeFiles/rccl_device_gfx950.dir/__/hipify/gensrc/specialized/specialized_reducescatter_ring_simple_minmax_bf16_0_0_1.o
[ 42%] Building RCCLDEV object src/CMakeFiles/rccl_device_gfx950.dir/__/hipify/gensrc/specialized/specialized_reducescatter_ring_simple_premulsum_u8_0_0_1.o
[ 42%] Building RCCLDEV object src/CMakeFiles/rccl_device_gfx950.dir/__/hipify/gensrc/specialized/specialized_reducescatter_ring_simple_premulsum_u32_0_0_1.o
[ 42%] Building RCCLDEV object src/CMakeFiles/rccl_device_gfx950.dir/__/hipify/gensrc/specialized/specialized_reducescatter_ring_simple_premulsum_u64_0_0_1.o
[ 42%] Building RCCLDEV object src/CMakeFiles/rccl_device_gfx950.dir/__/hipify/gensrc/specialized/specialized_reducescatter_ring_simple_premulsum_f32_0_0_1.o
[ 42%] Building RCCLDEV object src/CMakeFiles/rccl_device_gfx950.dir/__/hipify/gensrc/specialized/specialized_reducescatter_ring_simple_premulsum_f16_0_0_1.o
[ 42%] Building RCCLDEV object src/CMakeFiles/rccl_device_gfx950.dir/__/hipify/gensrc/specialized/specialized_reducescatter_ring_simple_premulsum_f64_0_0_1.o
[ 42%] Building RCCLDEV object src/CMakeFiles/rccl_device_gfx950.dir/__/hipify/gensrc/specialized/specialized_reducescatter_ring_simple_premulsum_bf16_0_0_1.o
[ 42%] Building RCCLDEV object src/CMakeFiles/rccl_device_gfx950.dir/__/hipify/gensrc/specialized/specialized_reducescatter_ring_simple_sumpostdiv_u8_0_0_1.o
[ 42%] Building RCCLDEV object src/CMakeFiles/rccl_device_gfx950.dir/__/hipify/gensrc/specialized/specialized_reducescatter_ring_simple_sumpostdiv_u32_0_0_1.o
[ 42%] Building RCCLDEV object src/CMakeFiles/rccl_device_gfx950.dir/__/hipify/gensrc/specialized/specialized_reducescatter_ring_simple_sumpostdiv_u64_0_0_1.o
[ 42%] Building RCCLDEV object src/CMakeFiles/rccl_device_gfx950.dir/__/hipify/gensrc/specialized/specialized_allreduce_ring_simple_sum_u8_0_0_1.o
[ 42%] Building RCCLDEV object src/CMakeFiles/rccl_device_gfx950.dir/__/hipify/gensrc/specialized/specialized_allreduce_ring_simple_sum_u8_1_0_1.o
[ 42%] Building RCCLDEV object src/CMakeFiles/rccl_device_gfx950.dir/__/hipify/gensrc/specialized/specialized_allreduce_ring_simple_sum_u32_0_0_1.o
[ 42%] Building RCCLDEV object src/CMakeFiles/rccl_device_gfx950.dir/__/hipify/gensrc/specialized/specialized_allreduce_ring_simple_sum_u32_1_0_1.o
[ 42%] Building RCCLDEV object src/CMakeFiles/rccl_device_gfx950.dir/__/hipify/gensrc/specialized/specialized_allreduce_ring_simple_sum_u64_0_0_1.o
[ 42%] Building RCCLDEV object src/CMakeFiles/rccl_device_gfx950.dir/__/hipify/gensrc/specialized/specialized_allreduce_ring_simple_sum_u64_1_0_1.o
[ 42%] Building RCCLDEV object src/CMakeFiles/rccl_device_gfx950.dir/__/hipify/gensrc/specialized/specialized_allreduce_ring_simple_sum_f16_0_0_1.o
[ 42%] Building RCCLDEV object src/CMakeFiles/rccl_device_gfx950.dir/__/hipify/gensrc/specialized/specialized_allreduce_ring_simple_sum_f16_1_0_1.o
[ 42%] Building RCCLDEV object src/CMakeFiles/rccl_device_gfx950.dir/__/hipify/gensrc/specialized/specialized_allreduce_ring_simple_sum_f32_0_0_1.o
[ 42%] Building RCCLDEV object src/CMakeFiles/rccl_device_gfx950.dir/__/hipify/gensrc/specialized/specialized_allreduce_ring_simple_sum_f32_1_0_1.o
[ 42%] Building RCCLDEV object src/CMakeFiles/rccl_device_gfx950.dir/__/hipify/gensrc/specialized/specialized_allreduce_ring_simple_sum_f64_0_0_1.o
[ 42%] Building RCCLDEV object src/CMakeFiles/rccl_device_gfx950.dir/__/hipify/gensrc/specialized/specialized_allreduce_ring_simple_sum_f64_1_0_1.o
[ 42%] Building RCCLDEV object src/CMakeFiles/rccl_device_gfx950.dir/__/hipify/gensrc/specialized/specialized_allreduce_ring_simple_sum_bf16_0_0_1.o
[ 42%] Building RCCLDEV object src/CMakeFiles/rccl_device_gfx950.dir/__/hipify/gensrc/specialized/specialized_allreduce_ring_simple_sum_bf16_1_0_1.o
[ 42%] Building RCCLDEV object src/CMakeFiles/rccl_device_gfx950.dir/__/hipify/gensrc/specialized/specialized_allreduce_ring_simple_prod_u8_0_0_1.o
[ 42%] Building RCCLDEV object src/CMakeFiles/rccl_device_gfx950.dir/__/hipify/gensrc/specialized/specialized_allreduce_ring_simple_prod_u8_1_0_1.o
[ 42%] Building RCCLDEV object src/CMakeFiles/rccl_device_gfx950.dir/__/hipify/gensrc/specialized/specialized_allreduce_ring_simple_prod_u32_0_0_1.o
[ 42%] Building RCCLDEV object src/CMakeFiles/rccl_device_gfx950.dir/__/hipify/gensrc/specialized/specialized_allreduce_ring_simple_prod_u32_1_0_1.o
[ 42%] Building RCCLDEV object src/CMakeFiles/rccl_device_gfx950.dir/__/hipify/gensrc/specialized/specialized_allreduce_ring_simple_prod_u64_0_0_1.o
[ 42%] Building RCCLDEV object src/CMakeFiles/rccl_device_gfx950.dir/__/hipify/gensrc/specialized/specialized_allreduce_ring_simple_prod_u64_1_0_1.o
[ 42%] Building RCCLDEV object src/CMakeFiles/rccl_device_gfx950.dir/__/hipify/gensrc/specialized/specialized_allreduce_ring_simple_prod_f16_0_0_1.o
[ 42%] Building RCCLDEV object src/CMakeFiles/rccl_device_gfx950.dir/__/hipify/gensrc/specialized/specialized_allreduce_ring_simple_prod_f16_1_0_1.o
[ 42%] Building RCCLDEV object src/CMakeFiles/rccl_device_gfx950.dir/__/hipify/gensrc/specialized/specialized_allreduce_ring_simple_prod_f32_0_0_1.o
[ 42%] Building RCCLDEV object src/CMakeFiles/rccl_device_gfx950.dir/__/hipify/gensrc/specialized/specialized_allreduce_ring_simple_prod_f32_1_0_1.o
[ 42%] Building RCCLDEV object src/CMakeFiles/rccl_device_gfx950.dir/__/hipify/gensrc/specialized/specialized_allreduce_ring_simple_prod_f64_0_0_1.o
[ 42%] Building RCCLDEV object src/CMakeFiles/rccl_device_gfx950.dir/__/hipify/gensrc/specialized/specialized_allreduce_ring_simple_prod_f64_1_0_1.o
[ 42%] Building RCCLDEV object src/CMakeFiles/rccl_device_gfx950.dir/__/hipify/gensrc/specialized/specialized_allreduce_ring_simple_prod_bf16_0_0_1.o
[ 42%] Building RCCLDEV object src/CMakeFiles/rccl_device_gfx950.dir/__/hipify/gensrc/specialized/specialized_allreduce_ring_simple_prod_bf16_1_0_1.o
[ 42%] Building RCCLDEV object src/CMakeFiles/rccl_device_gfx950.dir/__/hipify/gensrc/specialized/specialized_allreduce_ring_simple_minmax_u8_0_0_1.o
[ 42%] Building RCCLDEV object src/CMakeFiles/rccl_device_gfx950.dir/__/hipify/gensrc/specialized/specialized_allreduce_ring_simple_minmax_u8_1_0_1.o
[ 44%] Building RCCLDEV object src/CMakeFiles/rccl_device_gfx950.dir/__/hipify/gensrc/specialized/specialized_allreduce_ring_simple_minmax_u32_0_0_1.o
[ 44%] Building RCCLDEV object src/CMakeFiles/rccl_device_gfx950.dir/__/hipify/gensrc/specialized/specialized_allreduce_ring_simple_minmax_u32_1_0_1.o
[ 44%] Building RCCLDEV object src/CMakeFiles/rccl_device_gfx950.dir/__/hipify/gensrc/specialized/specialized_allreduce_ring_simple_minmax_u64_0_0_1.o
[ 44%] Building RCCLDEV object src/CMakeFiles/rccl_device_gfx950.dir/__/hipify/gensrc/specialized/specialized_allreduce_ring_simple_minmax_u64_1_0_1.o
[ 44%] Building RCCLDEV object src/CMakeFiles/rccl_device_gfx950.dir/__/hipify/gensrc/specialized/specialized_allreduce_ring_simple_minmax_f16_0_0_1.o
[ 44%] Building RCCLDEV object src/CMakeFiles/rccl_device_gfx950.dir/__/hipify/gensrc/specialized/specialized_allreduce_ring_simple_minmax_f16_1_0_1.o
[ 44%] Building RCCLDEV object src/CMakeFiles/rccl_device_gfx950.dir/__/hipify/gensrc/specialized/specialized_allreduce_ring_simple_minmax_f32_0_0_1.o
[ 44%] Building RCCLDEV object src/CMakeFiles/rccl_device_gfx950.dir/__/hipify/gensrc/specialized/specialized_allreduce_ring_simple_minmax_f32_1_0_1.o
[ 44%] Building RCCLDEV object src/CMakeFiles/rccl_device_gfx950.dir/__/hipify/gensrc/specialized/specialized_allreduce_ring_simple_minmax_f64_1_0_1.o
[ 44%] Building RCCLDEV object src/CMakeFiles/rccl_device_gfx950.dir/__/hipify/gensrc/specialized/specialized_allreduce_ring_simple_minmax_f64_0_0_1.o
[ 44%] Building RCCLDEV object src/CMakeFiles/rccl_device_gfx950.dir/__/hipify/gensrc/specialized/specialized_allreduce_ring_simple_minmax_bf16_0_0_1.o
[ 44%] Building RCCLDEV object src/CMakeFiles/rccl_device_gfx950.dir/__/hipify/gensrc/specialized/specialized_allreduce_ring_simple_minmax_bf16_1_0_1.o
[ 44%] Building RCCLDEV object src/CMakeFiles/rccl_device_gfx950.dir/__/hipify/gensrc/specialized/specialized_allreduce_ring_simple_premulsum_u8_0_0_1.o
[ 44%] Building RCCLDEV object src/CMakeFiles/rccl_device_gfx950.dir/__/hipify/gensrc/specialized/specialized_allreduce_ring_simple_premulsum_u8_1_0_1.o
[ 44%] Building RCCLDEV object src/CMakeFiles/rccl_device_gfx950.dir/__/hipify/gensrc/specialized/specialized_allreduce_ring_simple_premulsum_u32_0_0_1.o
[ 44%] Building RCCLDEV object src/CMakeFiles/rccl_device_gfx950.dir/__/hipify/gensrc/specialized/specialized_allreduce_ring_simple_premulsum_u32_1_0_1.o
[ 44%] Building RCCLDEV object src/CMakeFiles/rccl_device_gfx950.dir/__/hipify/gensrc/specialized/specialized_allreduce_ring_simple_premulsum_u64_0_0_1.o
[ 44%] Building RCCLDEV object src/CMakeFiles/rccl_device_gfx950.dir/__/hipify/gensrc/specialized/specialized_allreduce_ring_simple_premulsum_u64_1_0_1.o
[ 44%] Building RCCLDEV object src/CMakeFiles/rccl_device_gfx950.dir/__/hipify/gensrc/specialized/specialized_allreduce_ring_simple_premulsum_f16_0_0_1.o
[ 44%] Building RCCLDEV object src/CMakeFiles/rccl_device_gfx950.dir/__/hipify/gensrc/specialized/specialized_allreduce_ring_simple_premulsum_f16_1_0_1.o
[ 44%] Building RCCLDEV object src/CMakeFiles/rccl_device_gfx950.dir/__/hipify/gensrc/specialized/specialized_allreduce_ring_simple_premulsum_f32_0_0_1.o
[ 44%] Building RCCLDEV object src/CMakeFiles/rccl_device_gfx950.dir/__/hipify/gensrc/specialized/specialized_allreduce_ring_simple_premulsum_f32_1_0_1.o
[ 44%] Building RCCLDEV object src/CMakeFiles/rccl_device_gfx950.dir/__/hipify/gensrc/specialized/specialized_allreduce_ring_simple_premulsum_f64_0_0_1.o
[ 44%] Building RCCLDEV object src/CMakeFiles/rccl_device_gfx950.dir/__/hipify/gensrc/specialized/specialized_allreduce_ring_simple_premulsum_f64_1_0_1.o
[ 44%] Building RCCLDEV object src/CMakeFiles/rccl_device_gfx950.dir/__/hipify/gensrc/specialized/specialized_allreduce_ring_simple_premulsum_bf16_0_0_1.o
[ 44%] Building RCCLDEV object src/CMakeFiles/rccl_device_gfx950.dir/__/hipify/gensrc/specialized/specialized_allreduce_ring_simple_premulsum_bf16_1_0_1.o
[ 44%] Building RCCLDEV object src/CMakeFiles/rccl_device_gfx950.dir/__/hipify/gensrc/specialized/specialized_allreduce_ring_simple_sumpostdiv_u8_1_0_1.o
[ 44%] Building RCCLDEV object src/CMakeFiles/rccl_device_gfx950.dir/__/hipify/gensrc/specialized/specialized_allreduce_ring_simple_sumpostdiv_u8_0_0_1.o
[ 44%] Building RCCLDEV object src/CMakeFiles/rccl_device_gfx950.dir/__/hipify/gensrc/specialized/specialized_allreduce_ring_simple_sumpostdiv_u32_0_0_1.o
[ 44%] Building RCCLDEV object src/CMakeFiles/rccl_device_gfx950.dir/__/hipify/gensrc/specialized/specialized_allreduce_ring_simple_sumpostdiv_u32_1_0_1.o
[ 44%] Building RCCLDEV object src/CMakeFiles/rccl_device_gfx950.dir/__/hipify/gensrc/specialized/specialized_allreduce_ring_simple_sumpostdiv_u64_0_0_1.o
[ 44%] Building RCCLDEV object src/CMakeFiles/rccl_device_gfx950.dir/__/hipify/gensrc/specialized/specialized_allreduce_ring_simple_sumpostdiv_u64_1_0_1.o
[ 44%] Building RCCLDEV object src/CMakeFiles/rccl_device_gfx950.dir/__/hipify/gensrc/specialized/specialized_sendrecv_ring_simple_sum_i8_0_0_1.o
[ 44%] Building RCCLDEV object src/CMakeFiles/rccl_device_gfx950.dir/__/hipify/gensrc/specialized/specialized_alltoallpivot_ring_simple_sum_i8_0_0_1.o
[ 44%] Building RCCLDEV object src/CMakeFiles/rccl_device_gfx950.dir/__/hipify/gensrc/specialized/specialized_allgather_pat_simple_sum_i8_0_0_2.o
[ 44%] Building RCCLDEV object src/CMakeFiles/rccl_device_gfx950.dir/__/hipify/gensrc/specialized/specialized_reducescatter_pat_simple_sum_u8_0_0_2.o
[ 44%] Building RCCLDEV object src/CMakeFiles/rccl_device_gfx950.dir/__/hipify/gensrc/specialized/specialized_reducescatter_pat_simple_sum_u32_0_0_2.o
[ 44%] Building RCCLDEV object src/CMakeFiles/rccl_device_gfx950.dir/__/hipify/gensrc/specialized/specialized_reducescatter_pat_simple_sum_u64_0_0_2.o
[ 44%] Building RCCLDEV object src/CMakeFiles/rccl_device_gfx950.dir/__/hipify/gensrc/specialized/specialized_reducescatter_pat_simple_sum_f16_0_0_2.o
[ 44%] Building RCCLDEV object src/CMakeFiles/rccl_device_gfx950.dir/__/hipify/gensrc/specialized/specialized_reducescatter_pat_simple_sum_f32_0_0_2.o
[ 44%] Building RCCLDEV object src/CMakeFiles/rccl_device_gfx950.dir/__/hipify/gensrc/specialized/specialized_reducescatter_pat_simple_sum_f64_0_0_2.o
[ 44%] Building RCCLDEV object src/CMakeFiles/rccl_device_gfx950.dir/__/hipify/gensrc/specialized/specialized_reducescatter_pat_simple_sum_bf16_0_0_2.o
[ 44%] Building RCCLDEV object src/CMakeFiles/rccl_device_gfx950.dir/__/hipify/gensrc/specialized/specialized_reducescatter_pat_simple_prod_u8_0_0_2.o
[ 44%] Building RCCLDEV object src/CMakeFiles/rccl_device_gfx950.dir/__/hipify/gensrc/specialized/specialized_reducescatter_pat_simple_prod_u32_0_0_2.o
[ 46%] Building RCCLDEV object src/CMakeFiles/rccl_device_gfx950.dir/__/hipify/gensrc/specialized/specialized_reducescatter_pat_simple_prod_u64_0_0_2.o
[ 46%] Building RCCLDEV object src/CMakeFiles/rccl_device_gfx950.dir/__/hipify/gensrc/specialized/specialized_reducescatter_pat_simple_prod_f16_0_0_2.o
[ 46%] Building RCCLDEV object src/CMakeFiles/rccl_device_gfx950.dir/__/hipify/gensrc/specialized/specialized_reducescatter_pat_simple_prod_f32_0_0_2.o
[ 46%] Building RCCLDEV object src/CMakeFiles/rccl_device_gfx950.dir/__/hipify/gensrc/specialized/specialized_reducescatter_pat_simple_prod_f64_0_0_2.o
[ 46%] Building RCCLDEV object src/CMakeFiles/rccl_device_gfx950.dir/__/hipify/gensrc/specialized/specialized_reducescatter_pat_simple_prod_bf16_0_0_2.o
[ 46%] Building RCCLDEV object src/CMakeFiles/rccl_device_gfx950.dir/__/hipify/gensrc/specialized/specialized_reducescatter_pat_simple_minmax_u8_0_0_2.o
[ 46%] Building RCCLDEV object src/CMakeFiles/rccl_device_gfx950.dir/__/hipify/gensrc/specialized/specialized_reducescatter_pat_simple_minmax_u32_0_0_2.o
[ 46%] Building RCCLDEV object src/CMakeFiles/rccl_device_gfx950.dir/__/hipify/gensrc/specialized/specialized_reducescatter_pat_simple_minmax_u64_0_0_2.o
[ 46%] Building RCCLDEV object src/CMakeFiles/rccl_device_gfx950.dir/__/hipify/gensrc/specialized/specialized_reducescatter_pat_simple_minmax_f16_0_0_2.o
[ 46%] Building RCCLDEV object src/CMakeFiles/rccl_device_gfx950.dir/__/hipify/gensrc/specialized/specialized_reducescatter_pat_simple_minmax_f32_0_0_2.o
[ 46%] Building RCCLDEV object src/CMakeFiles/rccl_device_gfx950.dir/__/hipify/gensrc/specialized/specialized_reducescatter_pat_simple_minmax_f64_0_0_2.o
[ 46%] Building RCCLDEV object src/CMakeFiles/rccl_device_gfx950.dir/__/hipify/gensrc/specialized/specialized_reducescatter_pat_simple_minmax_bf16_0_0_2.o
[ 46%] Building RCCLDEV object src/CMakeFiles/rccl_device_gfx950.dir/__/hipify/gensrc/specialized/specialized_reducescatter_pat_simple_premulsum_u8_0_0_2.o
[ 46%] Building RCCLDEV object src/CMakeFiles/rccl_device_gfx950.dir/__/hipify/gensrc/specialized/specialized_reducescatter_pat_simple_premulsum_u32_0_0_2.o
[ 46%] Building RCCLDEV object src/CMakeFiles/rccl_device_gfx950.dir/__/hipify/gensrc/specialized/specialized_reducescatter_pat_simple_premulsum_u64_0_0_2.o
[ 46%] Building RCCLDEV object src/CMakeFiles/rccl_device_gfx950.dir/__/hipify/gensrc/specialized/specialized_reducescatter_pat_simple_premulsum_f16_0_0_2.o
[ 46%] Building RCCLDEV object src/CMakeFiles/rccl_device_gfx950.dir/__/hipify/gensrc/specialized/specialized_reducescatter_pat_simple_premulsum_f32_0_0_2.o
[ 46%] Building RCCLDEV object src/CMakeFiles/rccl_device_gfx950.dir/__/hipify/gensrc/specialized/specialized_reducescatter_pat_simple_premulsum_f64_0_0_2.o
[ 46%] Building RCCLDEV object src/CMakeFiles/rccl_device_gfx950.dir/__/hipify/gensrc/specialized/specialized_reducescatter_pat_simple_premulsum_bf16_0_0_2.o
[ 46%] Building RCCLDEV object src/CMakeFiles/rccl_device_gfx950.dir/__/hipify/gensrc/specialized/specialized_reducescatter_pat_simple_sumpostdiv_u8_0_0_2.o
[ 46%] Building RCCLDEV object src/CMakeFiles/rccl_device_gfx950.dir/__/hipify/gensrc/specialized/specialized_reducescatter_pat_simple_sumpostdiv_u32_0_0_2.o
[ 46%] Building RCCLDEV object src/CMakeFiles/rccl_device_gfx950.dir/__/hipify/gensrc/specialized/specialized_reducescatter_pat_simple_sumpostdiv_u64_0_0_2.o
[ 46%] Building RCCLDEV object src/CMakeFiles/rccl_device_gfx950.dir/__/hipify/gensrc/specialized/specialized_allgather_pat_simple_sum_i8_0_0_1.o
[ 46%] Building RCCLDEV object src/CMakeFiles/rccl_device_gfx950.dir/__/hipify/gensrc/specialized/specialized_reducescatter_pat_simple_sum_u8_0_0_1.o
[ 46%] Building RCCLDEV object src/CMakeFiles/rccl_device_gfx950.dir/__/hipify/gensrc/specialized/specialized_reducescatter_pat_simple_sum_u32_0_0_1.o
[ 46%] Building RCCLDEV object src/CMakeFiles/rccl_device_gfx950.dir/__/hipify/gensrc/specialized/specialized_reducescatter_pat_simple_sum_u64_0_0_1.o
[ 46%] Building RCCLDEV object src/CMakeFiles/rccl_device_gfx950.dir/__/hipify/gensrc/specialized/specialized_reducescatter_pat_simple_sum_f16_0_0_1.o
[ 46%] Building RCCLDEV object src/CMakeFiles/rccl_device_gfx950.dir/__/hipify/gensrc/specialized/specialized_reducescatter_pat_simple_sum_f32_0_0_1.o
[ 46%] Building RCCLDEV object src/CMakeFiles/rccl_device_gfx950.dir/__/hipify/gensrc/specialized/specialized_reducescatter_pat_simple_sum_f64_0_0_1.o
[ 46%] Building RCCLDEV object src/CMakeFiles/rccl_device_gfx950.dir/__/hipify/gensrc/specialized/specialized_reducescatter_pat_simple_sum_bf16_0_0_1.o
[ 46%] Building RCCLDEV object src/CMakeFiles/rccl_device_gfx950.dir/__/hipify/gensrc/specialized/specialized_reducescatter_pat_simple_prod_u8_0_0_1.o
[ 46%] Building RCCLDEV object src/CMakeFiles/rccl_device_gfx950.dir/__/hipify/gensrc/specialized/specialized_reducescatter_pat_simple_prod_u64_0_0_1.o
[ 46%] Building RCCLDEV object src/CMakeFiles/rccl_device_gfx950.dir/__/hipify/gensrc/specialized/specialized_reducescatter_pat_simple_prod_u32_0_0_1.o
[ 46%] Building RCCLDEV object src/CMakeFiles/rccl_device_gfx950.dir/__/hipify/gensrc/specialized/specialized_reducescatter_pat_simple_prod_f16_0_0_1.o
[ 46%] Building RCCLDEV object src/CMakeFiles/rccl_device_gfx950.dir/__/hipify/gensrc/specialized/specialized_reducescatter_pat_simple_prod_f32_0_0_1.o
[ 46%] Building RCCLDEV object src/CMakeFiles/rccl_device_gfx950.dir/__/hipify/gensrc/specialized/specialized_reducescatter_pat_simple_prod_f64_0_0_1.o
[ 46%] Building RCCLDEV object src/CMakeFiles/rccl_device_gfx950.dir/__/hipify/gensrc/specialized/specialized_reducescatter_pat_simple_prod_bf16_0_0_1.o
[ 46%] Building RCCLDEV object src/CMakeFiles/rccl_device_gfx950.dir/__/hipify/gensrc/specialized/specialized_reducescatter_pat_simple_minmax_u8_0_0_1.o
[ 46%] Building RCCLDEV object src/CMakeFiles/rccl_device_gfx950.dir/__/hipify/gensrc/specialized/specialized_reducescatter_pat_simple_minmax_u32_0_0_1.o
[ 46%] Building RCCLDEV object src/CMakeFiles/rccl_device_gfx950.dir/__/hipify/gensrc/specialized/specialized_reducescatter_pat_simple_minmax_u64_0_0_1.o
[ 46%] Building RCCLDEV object src/CMakeFiles/rccl_device_gfx950.dir/__/hipify/gensrc/specialized/specialized_reducescatter_pat_simple_minmax_f16_0_0_1.o
[ 46%] Building RCCLDEV object src/CMakeFiles/rccl_device_gfx950.dir/__/hipify/gensrc/specialized/specialized_reducescatter_pat_simple_minmax_f32_0_0_1.o
[ 46%] Building RCCLDEV object src/CMakeFiles/rccl_device_gfx950.dir/__/hipify/gensrc/specialized/specialized_reducescatter_pat_simple_minmax_f64_0_0_1.o
[ 46%] Building RCCLDEV object src/CMakeFiles/rccl_device_gfx950.dir/__/hipify/gensrc/specialized/specialized_reducescatter_pat_simple_minmax_bf16_0_0_1.o
[ 46%] Building RCCLDEV object src/CMakeFiles/rccl_device_gfx950.dir/__/hipify/gensrc/specialized/specialized_reducescatter_pat_simple_premulsum_u8_0_0_1.o
[ 47%] Building RCCLDEV object src/CMakeFiles/rccl_device_gfx950.dir/__/hipify/gensrc/specialized/specialized_reducescatter_pat_simple_premulsum_u32_0_0_1.o
[ 47%] Building RCCLDEV object src/CMakeFiles/rccl_device_gfx950.dir/__/hipify/gensrc/specialized/specialized_reducescatter_pat_simple_premulsum_u64_0_0_1.o
[ 47%] Building RCCLDEV object src/CMakeFiles/rccl_device_gfx950.dir/__/hipify/gensrc/specialized/specialized_reducescatter_pat_simple_premulsum_f16_0_0_1.o
[ 47%] Building RCCLDEV object src/CMakeFiles/rccl_device_gfx950.dir/__/hipify/gensrc/specialized/specialized_reducescatter_pat_simple_premulsum_f32_0_0_1.o
[ 47%] Building RCCLDEV object src/CMakeFiles/rccl_device_gfx950.dir/__/hipify/gensrc/specialized/specialized_reducescatter_pat_simple_premulsum_f64_0_0_1.o
[ 47%] Building RCCLDEV object src/CMakeFiles/rccl_device_gfx950.dir/__/hipify/gensrc/specialized/specialized_reducescatter_pat_simple_premulsum_bf16_0_0_1.o
[ 47%] Building RCCLDEV object src/CMakeFiles/rccl_device_gfx950.dir/__/hipify/gensrc/specialized/specialized_reducescatter_pat_simple_sumpostdiv_u8_0_0_1.o
[ 47%] Building RCCLDEV object src/CMakeFiles/rccl_device_gfx950.dir/__/hipify/gensrc/specialized/specialized_reducescatter_pat_simple_sumpostdiv_u32_0_0_1.o
[ 47%] Building RCCLDEV object src/CMakeFiles/rccl_device_gfx950.dir/__/hipify/gensrc/specialized/specialized_allreduce_tree_ll_sum_u8_0_0_2.o
[ 47%] Building RCCLDEV object src/CMakeFiles/rccl_device_gfx950.dir/__/hipify/gensrc/specialized/specialized_reducescatter_pat_simple_sumpostdiv_u64_0_0_1.o
[ 47%] Building RCCLDEV object src/CMakeFiles/rccl_device_gfx950.dir/__/hipify/gensrc/specialized/specialized_allreduce_tree_ll_sum_u8_1_0_2.o
[ 47%] Building RCCLDEV object src/CMakeFiles/rccl_device_gfx950.dir/__/hipify/gensrc/specialized/specialized_allreduce_tree_ll_sum_u32_0_0_2.o
[ 47%] Building RCCLDEV object src/CMakeFiles/rccl_device_gfx950.dir/__/hipify/gensrc/specialized/specialized_allreduce_tree_ll_sum_u32_1_0_2.o
[ 47%] Building RCCLDEV object src/CMakeFiles/rccl_device_gfx950.dir/__/hipify/gensrc/specialized/specialized_allreduce_tree_ll_sum_u64_0_0_2.o
[ 47%] Building RCCLDEV object src/CMakeFiles/rccl_device_gfx950.dir/__/hipify/gensrc/specialized/specialized_allreduce_tree_ll_sum_u64_1_0_2.o
[ 47%] Building RCCLDEV object src/CMakeFiles/rccl_device_gfx950.dir/__/hipify/gensrc/specialized/specialized_allreduce_tree_ll_sum_f16_0_0_2.o
[ 47%] Building RCCLDEV object src/CMakeFiles/rccl_device_gfx950.dir/__/hipify/gensrc/specialized/specialized_allreduce_tree_ll_sum_f16_1_0_2.o
[ 47%] Building RCCLDEV object src/CMakeFiles/rccl_device_gfx950.dir/__/hipify/gensrc/specialized/specialized_allreduce_tree_ll_sum_f32_0_0_2.o
[ 47%] Building RCCLDEV object src/CMakeFiles/rccl_device_gfx950.dir/__/hipify/gensrc/specialized/specialized_allreduce_tree_ll_sum_f32_1_0_2.o
[ 47%] Building RCCLDEV object src/CMakeFiles/rccl_device_gfx950.dir/__/hipify/gensrc/specialized/specialized_allreduce_tree_ll_sum_f64_0_0_2.o
[ 47%] Building RCCLDEV object src/CMakeFiles/rccl_device_gfx950.dir/__/hipify/gensrc/specialized/specialized_allreduce_tree_ll_sum_f64_1_0_2.o
[ 47%] Building RCCLDEV object src/CMakeFiles/rccl_device_gfx950.dir/__/hipify/gensrc/specialized/specialized_allreduce_tree_ll_sum_bf16_0_0_2.o
[ 47%] Building RCCLDEV object src/CMakeFiles/rccl_device_gfx950.dir/__/hipify/gensrc/specialized/specialized_allreduce_tree_ll_sum_bf16_1_0_2.o
[ 47%] Building RCCLDEV object src/CMakeFiles/rccl_device_gfx950.dir/__/hipify/gensrc/specialized/specialized_allreduce_tree_ll_prod_u8_0_0_2.o
[ 47%] Building RCCLDEV object src/CMakeFiles/rccl_device_gfx950.dir/__/hipify/gensrc/specialized/specialized_allreduce_tree_ll_prod_u8_1_0_2.o
[ 47%] Building RCCLDEV object src/CMakeFiles/rccl_device_gfx950.dir/__/hipify/gensrc/specialized/specialized_allreduce_tree_ll_prod_u32_0_0_2.o
[ 47%] Building RCCLDEV object src/CMakeFiles/rccl_device_gfx950.dir/__/hipify/gensrc/specialized/specialized_allreduce_tree_ll_prod_u32_1_0_2.o
[ 47%] Building RCCLDEV object src/CMakeFiles/rccl_device_gfx950.dir/__/hipify/gensrc/specialized/specialized_allreduce_tree_ll_prod_u64_0_0_2.o
[ 47%] Building RCCLDEV object src/CMakeFiles/rccl_device_gfx950.dir/__/hipify/gensrc/specialized/specialized_allreduce_tree_ll_prod_u64_1_0_2.o
[ 47%] Building RCCLDEV object src/CMakeFiles/rccl_device_gfx950.dir/__/hipify/gensrc/specialized/specialized_allreduce_tree_ll_prod_f16_0_0_2.o
[ 47%] Building RCCLDEV object src/CMakeFiles/rccl_device_gfx950.dir/__/hipify/gensrc/specialized/specialized_allreduce_tree_ll_prod_f16_1_0_2.o
[ 47%] Building RCCLDEV object src/CMakeFiles/rccl_device_gfx950.dir/__/hipify/gensrc/specialized/specialized_allreduce_tree_ll_prod_f32_0_0_2.o
[ 47%] Building RCCLDEV object src/CMakeFiles/rccl_device_gfx950.dir/__/hipify/gensrc/specialized/specialized_allreduce_tree_ll_prod_f32_1_0_2.o
[ 47%] Building RCCLDEV object src/CMakeFiles/rccl_device_gfx950.dir/__/hipify/gensrc/specialized/specialized_allreduce_tree_ll_prod_f64_0_0_2.o
[ 47%] Building RCCLDEV object src/CMakeFiles/rccl_device_gfx950.dir/__/hipify/gensrc/specialized/specialized_allreduce_tree_ll_prod_f64_1_0_2.o
[ 47%] Building RCCLDEV object src/CMakeFiles/rccl_device_gfx950.dir/__/hipify/gensrc/specialized/specialized_allreduce_tree_ll_prod_bf16_0_0_2.o
[ 47%] Building RCCLDEV object src/CMakeFiles/rccl_device_gfx950.dir/__/hipify/gensrc/specialized/specialized_allreduce_tree_ll_prod_bf16_1_0_2.o
[ 47%] Building RCCLDEV object src/CMakeFiles/rccl_device_gfx950.dir/__/hipify/gensrc/specialized/specialized_allreduce_tree_ll_minmax_u8_0_0_2.o
[ 47%] Building RCCLDEV object src/CMakeFiles/rccl_device_gfx950.dir/__/hipify/gensrc/specialized/specialized_allreduce_tree_ll_minmax_u8_1_0_2.o
[ 47%] Building RCCLDEV object src/CMakeFiles/rccl_device_gfx950.dir/__/hipify/gensrc/specialized/specialized_allreduce_tree_ll_minmax_u32_0_0_2.o
[ 47%] Building RCCLDEV object src/CMakeFiles/rccl_device_gfx950.dir/__/hipify/gensrc/specialized/specialized_allreduce_tree_ll_minmax_u32_1_0_2.o
[ 47%] Building RCCLDEV object src/CMakeFiles/rccl_device_gfx950.dir/__/hipify/gensrc/specialized/specialized_allreduce_tree_ll_minmax_u64_0_0_2.o
[ 47%] Building RCCLDEV object src/CMakeFiles/rccl_device_gfx950.dir/__/hipify/gensrc/specialized/specialized_allreduce_tree_ll_minmax_u64_1_0_2.o
[ 47%] Building RCCLDEV object src/CMakeFiles/rccl_device_gfx950.dir/__/hipify/gensrc/specialized/specialized_allreduce_tree_ll_minmax_f16_0_0_2.o
[ 47%] Building RCCLDEV object src/CMakeFiles/rccl_device_gfx950.dir/__/hipify/gensrc/specialized/specialized_allreduce_tree_ll_minmax_f16_1_0_2.o
[ 49%] Building RCCLDEV object src/CMakeFiles/rccl_device_gfx950.dir/__/hipify/gensrc/specialized/specialized_allreduce_tree_ll_minmax_f32_0_0_2.o
[ 49%] Building RCCLDEV object src/CMakeFiles/rccl_device_gfx950.dir/__/hipify/gensrc/specialized/specialized_allreduce_tree_ll_minmax_f32_1_0_2.o
[ 49%] Building RCCLDEV object src/CMakeFiles/rccl_device_gfx950.dir/__/hipify/gensrc/specialized/specialized_allreduce_tree_ll_minmax_f64_0_0_2.o
[ 49%] Building RCCLDEV object src/CMakeFiles/rccl_device_gfx950.dir/__/hipify/gensrc/specialized/specialized_allreduce_tree_ll_minmax_f64_1_0_2.o
[ 49%] Building RCCLDEV object src/CMakeFiles/rccl_device_gfx950.dir/__/hipify/gensrc/specialized/specialized_allreduce_tree_ll_minmax_bf16_0_0_2.o
[ 49%] Building RCCLDEV object src/CMakeFiles/rccl_device_gfx950.dir/__/hipify/gensrc/specialized/specialized_allreduce_tree_ll_minmax_bf16_1_0_2.o
[ 49%] Building RCCLDEV object src/CMakeFiles/rccl_device_gfx950.dir/__/hipify/gensrc/specialized/specialized_allreduce_tree_ll_premulsum_u8_0_0_2.o
[ 49%] Building RCCLDEV object src/CMakeFiles/rccl_device_gfx950.dir/__/hipify/gensrc/specialized/specialized_allreduce_tree_ll_premulsum_u8_1_0_2.o
[ 49%] Building RCCLDEV object src/CMakeFiles/rccl_device_gfx950.dir/__/hipify/gensrc/specialized/specialized_allreduce_tree_ll_premulsum_u32_0_0_2.o
[ 49%] Building RCCLDEV object src/CMakeFiles/rccl_device_gfx950.dir/__/hipify/gensrc/specialized/specialized_allreduce_tree_ll_premulsum_u32_1_0_2.o
[ 49%] Building RCCLDEV object src/CMakeFiles/rccl_device_gfx950.dir/__/hipify/gensrc/specialized/specialized_allreduce_tree_ll_premulsum_u64_0_0_2.o
[ 49%] Building RCCLDEV object src/CMakeFiles/rccl_device_gfx950.dir/__/hipify/gensrc/specialized/specialized_allreduce_tree_ll_premulsum_u64_1_0_2.o
[ 49%] Building RCCLDEV object src/CMakeFiles/rccl_device_gfx950.dir/__/hipify/gensrc/specialized/specialized_allreduce_tree_ll_premulsum_f16_0_0_2.o
[ 49%] Building RCCLDEV object src/CMakeFiles/rccl_device_gfx950.dir/__/hipify/gensrc/specialized/specialized_allreduce_tree_ll_premulsum_f16_1_0_2.o
[ 49%] Building RCCLDEV object src/CMakeFiles/rccl_device_gfx950.dir/__/hipify/gensrc/specialized/specialized_allreduce_tree_ll_premulsum_f32_0_0_2.o
[ 49%] Building RCCLDEV object src/CMakeFiles/rccl_device_gfx950.dir/__/hipify/gensrc/specialized/specialized_allreduce_tree_ll_premulsum_f32_1_0_2.o
[ 49%] Building RCCLDEV object src/CMakeFiles/rccl_device_gfx950.dir/__/hipify/gensrc/specialized/specialized_allreduce_tree_ll_premulsum_f64_0_0_2.o
[ 49%] Building RCCLDEV object src/CMakeFiles/rccl_device_gfx950.dir/__/hipify/gensrc/specialized/specialized_allreduce_tree_ll_premulsum_f64_1_0_2.o
[ 49%] Building RCCLDEV object src/CMakeFiles/rccl_device_gfx950.dir/__/hipify/gensrc/specialized/specialized_allreduce_tree_ll_premulsum_bf16_0_0_2.o
[ 49%] Building RCCLDEV object src/CMakeFiles/rccl_device_gfx950.dir/__/hipify/gensrc/specialized/specialized_allreduce_tree_ll_premulsum_bf16_1_0_2.o
[ 49%] Building RCCLDEV object src/CMakeFiles/rccl_device_gfx950.dir/__/hipify/gensrc/specialized/specialized_allreduce_tree_ll_sumpostdiv_u8_0_0_2.o
[ 49%] Building RCCLDEV object src/CMakeFiles/rccl_device_gfx950.dir/__/hipify/gensrc/specialized/specialized_allreduce_tree_ll_sumpostdiv_u8_1_0_2.o
[ 49%] Building RCCLDEV object src/CMakeFiles/rccl_device_gfx950.dir/__/hipify/gensrc/specialized/specialized_allreduce_tree_ll_sumpostdiv_u32_0_0_2.o
[ 49%] Building RCCLDEV object src/CMakeFiles/rccl_device_gfx950.dir/__/hipify/gensrc/specialized/specialized_allreduce_tree_ll_sumpostdiv_u32_1_0_2.o
[ 49%] Building RCCLDEV object src/CMakeFiles/rccl_device_gfx950.dir/__/hipify/gensrc/specialized/specialized_allreduce_tree_ll_sumpostdiv_u64_0_0_2.o
[ 49%] Building RCCLDEV object src/CMakeFiles/rccl_device_gfx950.dir/__/hipify/gensrc/specialized/specialized_allreduce_tree_ll_sumpostdiv_u64_1_0_2.o
[ 49%] Building RCCLDEV object src/CMakeFiles/rccl_device_gfx950.dir/__/hipify/gensrc/specialized/specialized_allreduce_tree_ll_sum_u8_0_0_1.o
[ 49%] Building RCCLDEV object src/CMakeFiles/rccl_device_gfx950.dir/__/hipify/gensrc/specialized/specialized_allreduce_tree_ll_sum_u8_1_0_1.o
[ 49%] Building RCCLDEV object src/CMakeFiles/rccl_device_gfx950.dir/__/hipify/gensrc/specialized/specialized_allreduce_tree_ll_sum_u32_0_0_1.o
[ 49%] Building RCCLDEV object src/CMakeFiles/rccl_device_gfx950.dir/__/hipify/gensrc/specialized/specialized_allreduce_tree_ll_sum_u32_1_0_1.o
[ 49%] Building RCCLDEV object src/CMakeFiles/rccl_device_gfx950.dir/__/hipify/gensrc/specialized/specialized_allreduce_tree_ll_sum_u64_0_0_1.o
[ 49%] Building RCCLDEV object src/CMakeFiles/rccl_device_gfx950.dir/__/hipify/gensrc/specialized/specialized_allreduce_tree_ll_sum_u64_1_0_1.o
[ 49%] Building RCCLDEV object src/CMakeFiles/rccl_device_gfx950.dir/__/hipify/gensrc/specialized/specialized_allreduce_tree_ll_sum_f16_0_0_1.o
[ 49%] Building RCCLDEV object src/CMakeFiles/rccl_device_gfx950.dir/__/hipify/gensrc/specialized/specialized_allreduce_tree_ll_sum_f16_1_0_1.o
[ 49%] Building RCCLDEV object src/CMakeFiles/rccl_device_gfx950.dir/__/hipify/gensrc/specialized/specialized_allreduce_tree_ll_sum_f32_0_0_1.o
[ 49%] Building RCCLDEV object src/CMakeFiles/rccl_device_gfx950.dir/__/hipify/gensrc/specialized/specialized_allreduce_tree_ll_sum_f32_1_0_1.o
[ 49%] Building RCCLDEV object src/CMakeFiles/rccl_device_gfx950.dir/__/hipify/gensrc/specialized/specialized_allreduce_tree_ll_sum_f64_0_0_1.o
[ 49%] Building RCCLDEV object src/CMakeFiles/rccl_device_gfx950.dir/__/hipify/gensrc/specialized/specialized_allreduce_tree_ll_sum_f64_1_0_1.o
[ 49%] Building RCCLDEV object src/CMakeFiles/rccl_device_gfx950.dir/__/hipify/gensrc/specialized/specialized_allreduce_tree_ll_sum_bf16_0_0_1.o
[ 49%] Building RCCLDEV object src/CMakeFiles/rccl_device_gfx950.dir/__/hipify/gensrc/specialized/specialized_allreduce_tree_ll_sum_bf16_1_0_1.o
[ 49%] Building RCCLDEV object src/CMakeFiles/rccl_device_gfx950.dir/__/hipify/gensrc/specialized/specialized_allreduce_tree_ll_prod_u8_0_0_1.o
[ 49%] Building RCCLDEV object src/CMakeFiles/rccl_device_gfx950.dir/__/hipify/gensrc/specialized/specialized_allreduce_tree_ll_prod_u8_1_0_1.o
[ 49%] Building RCCLDEV object src/CMakeFiles/rccl_device_gfx950.dir/__/hipify/gensrc/specialized/specialized_allreduce_tree_ll_prod_u32_0_0_1.o
[ 49%] Building RCCLDEV object src/CMakeFiles/rccl_device_gfx950.dir/__/hipify/gensrc/specialized/specialized_allreduce_tree_ll_prod_u32_1_0_1.o
[ 50%] Building RCCLDEV object src/CMakeFiles/rccl_device_gfx950.dir/__/hipify/gensrc/specialized/specialized_allreduce_tree_ll_prod_u64_0_0_1.o
[ 50%] Building RCCLDEV object src/CMakeFiles/rccl_device_gfx950.dir/__/hipify/gensrc/specialized/specialized_allreduce_tree_ll_prod_u64_1_0_1.o
[ 50%] Building RCCLDEV object src/CMakeFiles/rccl_device_gfx950.dir/__/hipify/gensrc/specialized/specialized_allreduce_tree_ll_prod_f16_0_0_1.o
[ 50%] Building RCCLDEV object src/CMakeFiles/rccl_device_gfx950.dir/__/hipify/gensrc/specialized/specialized_allreduce_tree_ll_prod_f16_1_0_1.o
[ 50%] Building RCCLDEV object src/CMakeFiles/rccl_device_gfx950.dir/__/hipify/gensrc/specialized/specialized_allreduce_tree_ll_prod_f32_0_0_1.o
[ 50%] Building RCCLDEV object src/CMakeFiles/rccl_device_gfx950.dir/__/hipify/gensrc/specialized/specialized_allreduce_tree_ll_prod_f32_1_0_1.o
[ 50%] Building RCCLDEV object src/CMakeFiles/rccl_device_gfx950.dir/__/hipify/gensrc/specialized/specialized_allreduce_tree_ll_prod_f64_0_0_1.o
[ 50%] Building RCCLDEV object src/CMakeFiles/rccl_device_gfx950.dir/__/hipify/gensrc/specialized/specialized_allreduce_tree_ll_prod_f64_1_0_1.o
[ 50%] Building RCCLDEV object src/CMakeFiles/rccl_device_gfx950.dir/__/hipify/gensrc/specialized/specialized_allreduce_tree_ll_prod_bf16_0_0_1.o
[ 50%] Building RCCLDEV object src/CMakeFiles/rccl_device_gfx950.dir/__/hipify/gensrc/specialized/specialized_allreduce_tree_ll_prod_bf16_1_0_1.o
[ 50%] Building RCCLDEV object src/CMakeFiles/rccl_device_gfx950.dir/__/hipify/gensrc/specialized/specialized_allreduce_tree_ll_minmax_u8_0_0_1.o
[ 50%] Building RCCLDEV object src/CMakeFiles/rccl_device_gfx950.dir/__/hipify/gensrc/specialized/specialized_allreduce_tree_ll_minmax_u8_1_0_1.o
[ 50%] Building RCCLDEV object src/CMakeFiles/rccl_device_gfx950.dir/__/hipify/gensrc/specialized/specialized_allreduce_tree_ll_minmax_u32_0_0_1.o
[ 50%] Building RCCLDEV object src/CMakeFiles/rccl_device_gfx950.dir/__/hipify/gensrc/specialized/specialized_allreduce_tree_ll_minmax_u32_1_0_1.o
[ 50%] Building RCCLDEV object src/CMakeFiles/rccl_device_gfx950.dir/__/hipify/gensrc/specialized/specialized_allreduce_tree_ll_minmax_u64_0_0_1.o
[ 50%] Building RCCLDEV object src/CMakeFiles/rccl_device_gfx950.dir/__/hipify/gensrc/specialized/specialized_allreduce_tree_ll_minmax_u64_1_0_1.o
[ 50%] Building RCCLDEV object src/CMakeFiles/rccl_device_gfx950.dir/__/hipify/gensrc/specialized/specialized_allreduce_tree_ll_minmax_f16_0_0_1.o
[ 50%] Building RCCLDEV object src/CMakeFiles/rccl_device_gfx950.dir/__/hipify/gensrc/specialized/specialized_allreduce_tree_ll_minmax_f16_1_0_1.o
[ 50%] Building RCCLDEV object src/CMakeFiles/rccl_device_gfx950.dir/__/hipify/gensrc/specialized/specialized_allreduce_tree_ll_minmax_f32_0_0_1.o
[ 50%] Building RCCLDEV object src/CMakeFiles/rccl_device_gfx950.dir/__/hipify/gensrc/specialized/specialized_allreduce_tree_ll_minmax_f32_1_0_1.o
[ 50%] Building RCCLDEV object src/CMakeFiles/rccl_device_gfx950.dir/__/hipify/gensrc/specialized/specialized_allreduce_tree_ll_minmax_f64_0_0_1.o
[ 50%] Building RCCLDEV object src/CMakeFiles/rccl_device_gfx950.dir/__/hipify/gensrc/specialized/specialized_allreduce_tree_ll_minmax_f64_1_0_1.o
[ 50%] Building RCCLDEV object src/CMakeFiles/rccl_device_gfx950.dir/__/hipify/gensrc/specialized/specialized_allreduce_tree_ll_minmax_bf16_0_0_1.o
[ 50%] Building RCCLDEV object src/CMakeFiles/rccl_device_gfx950.dir/__/hipify/gensrc/specialized/specialized_allreduce_tree_ll_minmax_bf16_1_0_1.o
[ 50%] Building RCCLDEV object src/CMakeFiles/rccl_device_gfx950.dir/__/hipify/gensrc/specialized/specialized_allreduce_tree_ll_premulsum_u8_0_0_1.o
[ 50%] Building RCCLDEV object src/CMakeFiles/rccl_device_gfx950.dir/__/hipify/gensrc/specialized/specialized_allreduce_tree_ll_premulsum_u8_1_0_1.o
[ 50%] Building RCCLDEV object src/CMakeFiles/rccl_device_gfx950.dir/__/hipify/gensrc/specialized/specialized_allreduce_tree_ll_premulsum_u32_1_0_1.o
[ 50%] Building RCCLDEV object src/CMakeFiles/rccl_device_gfx950.dir/__/hipify/gensrc/specialized/specialized_allreduce_tree_ll_premulsum_u32_0_0_1.o
[ 50%] Building RCCLDEV object src/CMakeFiles/rccl_device_gfx950.dir/__/hipify/gensrc/specialized/specialized_allreduce_tree_ll_premulsum_u64_0_0_1.o
[ 50%] Building RCCLDEV object src/CMakeFiles/rccl_device_gfx950.dir/__/hipify/gensrc/specialized/specialized_allreduce_tree_ll_premulsum_u64_1_0_1.o
[ 50%] Building RCCLDEV object src/CMakeFiles/rccl_device_gfx950.dir/__/hipify/gensrc/specialized/specialized_allreduce_tree_ll_premulsum_f16_0_0_1.o
[ 50%] Building RCCLDEV object src/CMakeFiles/rccl_device_gfx950.dir/__/hipify/gensrc/specialized/specialized_allreduce_tree_ll_premulsum_f16_1_0_1.o
[ 50%] Building RCCLDEV object src/CMakeFiles/rccl_device_gfx950.dir/__/hipify/gensrc/specialized/specialized_allreduce_tree_ll_premulsum_f32_0_0_1.o
[ 50%] Building RCCLDEV object src/CMakeFiles/rccl_device_gfx950.dir/__/hipify/gensrc/specialized/specialized_allreduce_tree_ll_premulsum_f32_1_0_1.o
[ 50%] Building RCCLDEV object src/CMakeFiles/rccl_device_gfx950.dir/__/hipify/gensrc/specialized/specialized_allreduce_tree_ll_premulsum_f64_0_0_1.o
[ 50%] Building RCCLDEV object src/CMakeFiles/rccl_device_gfx950.dir/__/hipify/gensrc/specialized/specialized_allreduce_tree_ll_premulsum_f64_1_0_1.o
[ 50%] Building RCCLDEV object src/CMakeFiles/rccl_device_gfx950.dir/__/hipify/gensrc/specialized/specialized_allreduce_tree_ll_premulsum_bf16_0_0_1.o
[ 50%] Building RCCLDEV object src/CMakeFiles/rccl_device_gfx950.dir/__/hipify/gensrc/specialized/specialized_allreduce_tree_ll_premulsum_bf16_1_0_1.o
[ 50%] Building RCCLDEV object src/CMakeFiles/rccl_device_gfx950.dir/__/hipify/gensrc/specialized/specialized_allreduce_tree_ll_sumpostdiv_u8_0_0_1.o
[ 50%] Building RCCLDEV object src/CMakeFiles/rccl_device_gfx950.dir/__/hipify/gensrc/specialized/specialized_allreduce_tree_ll_sumpostdiv_u8_1_0_1.o
[ 50%] Building RCCLDEV object src/CMakeFiles/rccl_device_gfx950.dir/__/hipify/gensrc/specialized/specialized_allreduce_tree_ll_sumpostdiv_u32_0_0_1.o
[ 50%] Building RCCLDEV object src/CMakeFiles/rccl_device_gfx950.dir/__/hipify/gensrc/specialized/specialized_allreduce_tree_ll_sumpostdiv_u32_1_0_1.o
[ 50%] Building RCCLDEV object src/CMakeFiles/rccl_device_gfx950.dir/__/hipify/gensrc/specialized/specialized_allreduce_tree_ll_sumpostdiv_u64_0_0_1.o
[ 50%] Building RCCLDEV object src/CMakeFiles/rccl_device_gfx950.dir/__/hipify/gensrc/specialized/specialized_allreduce_tree_ll_sumpostdiv_u64_1_0_1.o
[ 50%] Building RCCLDEV object src/CMakeFiles/rccl_device_gfx950.dir/__/hipify/gensrc/specialized/specialized_broadcast_ring_ll_sum_i8_0_0_2.o
[ 52%] Building RCCLDEV object src/CMakeFiles/rccl_device_gfx950.dir/__/hipify/gensrc/specialized/specialized_reduce_ring_ll_sum_u8_0_0_2.o
[ 52%] Building RCCLDEV object src/CMakeFiles/rccl_device_gfx950.dir/__/hipify/gensrc/specialized/specialized_reduce_ring_ll_sum_u32_0_0_2.o
[ 52%] Building RCCLDEV object src/CMakeFiles/rccl_device_gfx950.dir/__/hipify/gensrc/specialized/specialized_reduce_ring_ll_sum_f16_0_0_2.o
[ 52%] Building RCCLDEV object src/CMakeFiles/rccl_device_gfx950.dir/__/hipify/gensrc/specialized/specialized_reduce_ring_ll_sum_u64_0_0_2.o
[ 52%] Building RCCLDEV object src/CMakeFiles/rccl_device_gfx950.dir/__/hipify/gensrc/specialized/specialized_reduce_ring_ll_sum_f32_0_0_2.o
[ 52%] Building RCCLDEV object src/CMakeFiles/rccl_device_gfx950.dir/__/hipify/gensrc/specialized/specialized_reduce_ring_ll_sum_bf16_0_0_2.o
[ 52%] Building RCCLDEV object src/CMakeFiles/rccl_device_gfx950.dir/__/hipify/gensrc/specialized/specialized_reduce_ring_ll_sum_f64_0_0_2.o
[ 52%] Building RCCLDEV object src/CMakeFiles/rccl_device_gfx950.dir/__/hipify/gensrc/specialized/specialized_reduce_ring_ll_prod_u8_0_0_2.o
[ 52%] Building RCCLDEV object src/CMakeFiles/rccl_device_gfx950.dir/__/hipify/gensrc/specialized/specialized_reduce_ring_ll_prod_u32_0_0_2.o
[ 52%] Building RCCLDEV object src/CMakeFiles/rccl_device_gfx950.dir/__/hipify/gensrc/specialized/specialized_reduce_ring_ll_prod_u64_0_0_2.o
[ 52%] Building RCCLDEV object src/CMakeFiles/rccl_device_gfx950.dir/__/hipify/gensrc/specialized/specialized_reduce_ring_ll_prod_f16_0_0_2.o
[ 52%] Building RCCLDEV object src/CMakeFiles/rccl_device_gfx950.dir/__/hipify/gensrc/specialized/specialized_reduce_ring_ll_prod_f32_0_0_2.o
[ 52%] Building RCCLDEV object src/CMakeFiles/rccl_device_gfx950.dir/__/hipify/gensrc/specialized/specialized_reduce_ring_ll_prod_f64_0_0_2.o
[ 52%] Building RCCLDEV object src/CMakeFiles/rccl_device_gfx950.dir/__/hipify/gensrc/specialized/specialized_reduce_ring_ll_prod_bf16_0_0_2.o
[ 52%] Building RCCLDEV object src/CMakeFiles/rccl_device_gfx950.dir/__/hipify/gensrc/specialized/specialized_reduce_ring_ll_minmax_u8_0_0_2.o
[ 52%] Building RCCLDEV object src/CMakeFiles/rccl_device_gfx950.dir/__/hipify/gensrc/specialized/specialized_reduce_ring_ll_minmax_u32_0_0_2.o
[ 52%] Building RCCLDEV object src/CMakeFiles/rccl_device_gfx950.dir/__/hipify/gensrc/specialized/specialized_reduce_ring_ll_minmax_u64_0_0_2.o
[ 52%] Building RCCLDEV object src/CMakeFiles/rccl_device_gfx950.dir/__/hipify/gensrc/specialized/specialized_reduce_ring_ll_minmax_f16_0_0_2.o
[ 52%] Building RCCLDEV object src/CMakeFiles/rccl_device_gfx950.dir/__/hipify/gensrc/specialized/specialized_reduce_ring_ll_minmax_f32_0_0_2.o
[ 52%] Building RCCLDEV object src/CMakeFiles/rccl_device_gfx950.dir/__/hipify/gensrc/specialized/specialized_reduce_ring_ll_minmax_f64_0_0_2.o
[ 52%] Building RCCLDEV object src/CMakeFiles/rccl_device_gfx950.dir/__/hipify/gensrc/specialized/specialized_reduce_ring_ll_minmax_bf16_0_0_2.o
[ 52%] Building RCCLDEV object src/CMakeFiles/rccl_device_gfx950.dir/__/hipify/gensrc/specialized/specialized_reduce_ring_ll_premulsum_u8_0_0_2.o
[ 52%] Building RCCLDEV object src/CMakeFiles/rccl_device_gfx950.dir/__/hipify/gensrc/specialized/specialized_reduce_ring_ll_premulsum_u32_0_0_2.o
[ 52%] Building RCCLDEV object src/CMakeFiles/rccl_device_gfx950.dir/__/hipify/gensrc/specialized/specialized_reduce_ring_ll_premulsum_u64_0_0_2.o
[ 52%] Building RCCLDEV object src/CMakeFiles/rccl_device_gfx950.dir/__/hipify/gensrc/specialized/specialized_reduce_ring_ll_premulsum_f16_0_0_2.o
[ 52%] Building RCCLDEV object src/CMakeFiles/rccl_device_gfx950.dir/__/hipify/gensrc/specialized/specialized_reduce_ring_ll_premulsum_f32_0_0_2.o
[ 52%] Building RCCLDEV object src/CMakeFiles/rccl_device_gfx950.dir/__/hipify/gensrc/specialized/specialized_reduce_ring_ll_premulsum_f64_0_0_2.o
[ 52%] Building RCCLDEV object src/CMakeFiles/rccl_device_gfx950.dir/__/hipify/gensrc/specialized/specialized_reduce_ring_ll_premulsum_bf16_0_0_2.o
[ 52%] Building RCCLDEV object src/CMakeFiles/rccl_device_gfx950.dir/__/hipify/gensrc/specialized/specialized_reduce_ring_ll_sumpostdiv_u8_0_0_2.o
[ 52%] Building RCCLDEV object src/CMakeFiles/rccl_device_gfx950.dir/__/hipify/gensrc/specialized/specialized_reduce_ring_ll_sumpostdiv_u32_0_0_2.o
[ 52%] Building RCCLDEV object src/CMakeFiles/rccl_device_gfx950.dir/__/hipify/gensrc/specialized/specialized_reduce_ring_ll_sumpostdiv_u64_0_0_2.o
[ 52%] Building RCCLDEV object src/CMakeFiles/rccl_device_gfx950.dir/__/hipify/gensrc/specialized/specialized_allgather_ring_ll_sum_i8_0_0_2.o
[ 52%] Building RCCLDEV object src/CMakeFiles/rccl_device_gfx950.dir/__/hipify/gensrc/specialized/specialized_reducescatter_ring_ll_sum_u8_0_0_2.o
[ 52%] Building RCCLDEV object src/CMakeFiles/rccl_device_gfx950.dir/__/hipify/gensrc/specialized/specialized_reducescatter_ring_ll_sum_u32_0_0_2.o
[ 52%] Building RCCLDEV object src/CMakeFiles/rccl_device_gfx950.dir/__/hipify/gensrc/specialized/specialized_reducescatter_ring_ll_sum_u64_0_0_2.o
[ 52%] Building RCCLDEV object src/CMakeFiles/rccl_device_gfx950.dir/__/hipify/gensrc/specialized/specialized_reducescatter_ring_ll_sum_f16_0_0_2.o
[ 52%] Building RCCLDEV object src/CMakeFiles/rccl_device_gfx950.dir/__/hipify/gensrc/specialized/specialized_reducescatter_ring_ll_sum_f32_0_0_2.o
[ 52%] Building RCCLDEV object src/CMakeFiles/rccl_device_gfx950.dir/__/hipify/gensrc/specialized/specialized_reducescatter_ring_ll_sum_f64_0_0_2.o
[ 52%] Building RCCLDEV object src/CMakeFiles/rccl_device_gfx950.dir/__/hipify/gensrc/specialized/specialized_reducescatter_ring_ll_sum_bf16_0_0_2.o
[ 52%] Building RCCLDEV object src/CMakeFiles/rccl_device_gfx950.dir/__/hipify/gensrc/specialized/specialized_reducescatter_ring_ll_prod_u8_0_0_2.o
[ 52%] Building RCCLDEV object src/CMakeFiles/rccl_device_gfx950.dir/__/hipify/gensrc/specialized/specialized_reducescatter_ring_ll_prod_u32_0_0_2.o
[ 52%] Building RCCLDEV object src/CMakeFiles/rccl_device_gfx950.dir/__/hipify/gensrc/specialized/specialized_reducescatter_ring_ll_prod_u64_0_0_2.o
[ 52%] Building RCCLDEV object src/CMakeFiles/rccl_device_gfx950.dir/__/hipify/gensrc/specialized/specialized_reducescatter_ring_ll_prod_f16_0_0_2.o
[ 52%] Building RCCLDEV object src/CMakeFiles/rccl_device_gfx950.dir/__/hipify/gensrc/specialized/specialized_reducescatter_ring_ll_prod_f32_0_0_2.o
[ 52%] Building RCCLDEV object src/CMakeFiles/rccl_device_gfx950.dir/__/hipify/gensrc/specialized/specialized_reducescatter_ring_ll_prod_f64_0_0_2.o
[ 53%] Building RCCLDEV object src/CMakeFiles/rccl_device_gfx950.dir/__/hipify/gensrc/specialized/specialized_reducescatter_ring_ll_prod_bf16_0_0_2.o
[ 53%] Building RCCLDEV object src/CMakeFiles/rccl_device_gfx950.dir/__/hipify/gensrc/specialized/specialized_reducescatter_ring_ll_minmax_u8_0_0_2.o
[ 53%] Building RCCLDEV object src/CMakeFiles/rccl_device_gfx950.dir/__/hipify/gensrc/specialized/specialized_reducescatter_ring_ll_minmax_u32_0_0_2.o
[ 53%] Building RCCLDEV object src/CMakeFiles/rccl_device_gfx950.dir/__/hipify/gensrc/specialized/specialized_reducescatter_ring_ll_minmax_u64_0_0_2.o
[ 53%] Building RCCLDEV object src/CMakeFiles/rccl_device_gfx950.dir/__/hipify/gensrc/specialized/specialized_reducescatter_ring_ll_minmax_f16_0_0_2.o
[ 53%] Building RCCLDEV object src/CMakeFiles/rccl_device_gfx950.dir/__/hipify/gensrc/specialized/specialized_reducescatter_ring_ll_minmax_f32_0_0_2.o
[ 53%] Building RCCLDEV object src/CMakeFiles/rccl_device_gfx950.dir/__/hipify/gensrc/specialized/specialized_reducescatter_ring_ll_minmax_f64_0_0_2.o
[ 53%] Building RCCLDEV object src/CMakeFiles/rccl_device_gfx950.dir/__/hipify/gensrc/specialized/specialized_reducescatter_ring_ll_minmax_bf16_0_0_2.o
[ 53%] Building RCCLDEV object src/CMakeFiles/rccl_device_gfx950.dir/__/hipify/gensrc/specialized/specialized_reducescatter_ring_ll_premulsum_u8_0_0_2.o
[ 53%] Building RCCLDEV object src/CMakeFiles/rccl_device_gfx950.dir/__/hipify/gensrc/specialized/specialized_reducescatter_ring_ll_premulsum_u32_0_0_2.o
[ 53%] Building RCCLDEV object src/CMakeFiles/rccl_device_gfx950.dir/__/hipify/gensrc/specialized/specialized_reducescatter_ring_ll_premulsum_u64_0_0_2.o
[ 53%] Building RCCLDEV object src/CMakeFiles/rccl_device_gfx950.dir/__/hipify/gensrc/specialized/specialized_reducescatter_ring_ll_premulsum_f16_0_0_2.o
[ 53%] Building RCCLDEV object src/CMakeFiles/rccl_device_gfx950.dir/__/hipify/gensrc/specialized/specialized_reducescatter_ring_ll_premulsum_f32_0_0_2.o
[ 53%] Building RCCLDEV object src/CMakeFiles/rccl_device_gfx950.dir/__/hipify/gensrc/specialized/specialized_reducescatter_ring_ll_premulsum_f64_0_0_2.o
[ 53%] Building RCCLDEV object src/CMakeFiles/rccl_device_gfx950.dir/__/hipify/gensrc/specialized/specialized_reducescatter_ring_ll_premulsum_bf16_0_0_2.o
[ 53%] Building RCCLDEV object src/CMakeFiles/rccl_device_gfx950.dir/__/hipify/gensrc/specialized/specialized_reducescatter_ring_ll_sumpostdiv_u8_0_0_2.o
[ 53%] Building RCCLDEV object src/CMakeFiles/rccl_device_gfx950.dir/__/hipify/gensrc/specialized/specialized_reducescatter_ring_ll_sumpostdiv_u32_0_0_2.o
[ 53%] Building RCCLDEV object src/CMakeFiles/rccl_device_gfx950.dir/__/hipify/gensrc/specialized/specialized_reducescatter_ring_ll_sumpostdiv_u64_0_0_2.o
[ 53%] Building RCCLDEV object src/CMakeFiles/rccl_device_gfx950.dir/__/hipify/gensrc/specialized/specialized_allreduce_ring_ll_sum_u8_0_0_2.o
[ 53%] Building RCCLDEV object src/CMakeFiles/rccl_device_gfx950.dir/__/hipify/gensrc/specialized/specialized_allreduce_ring_ll_sum_u8_1_0_2.o
[ 53%] Building RCCLDEV object src/CMakeFiles/rccl_device_gfx950.dir/__/hipify/gensrc/specialized/specialized_allreduce_ring_ll_sum_u32_0_0_2.o
[ 53%] Building RCCLDEV object src/CMakeFiles/rccl_device_gfx950.dir/__/hipify/gensrc/specialized/specialized_allreduce_ring_ll_sum_u32_1_0_2.o
[ 53%] Building RCCLDEV object src/CMakeFiles/rccl_device_gfx950.dir/__/hipify/gensrc/specialized/specialized_allreduce_ring_ll_sum_u64_0_0_2.o
[ 53%] Building RCCLDEV object src/CMakeFiles/rccl_device_gfx950.dir/__/hipify/gensrc/specialized/specialized_allreduce_ring_ll_sum_u64_1_0_2.o
[ 53%] Building RCCLDEV object src/CMakeFiles/rccl_device_gfx950.dir/__/hipify/gensrc/specialized/specialized_allreduce_ring_ll_sum_f16_0_0_2.o
[ 53%] Building RCCLDEV object src/CMakeFiles/rccl_device_gfx950.dir/__/hipify/gensrc/specialized/specialized_allreduce_ring_ll_sum_f16_1_0_2.o
[ 53%] Building RCCLDEV object src/CMakeFiles/rccl_device_gfx950.dir/__/hipify/gensrc/specialized/specialized_allreduce_ring_ll_sum_f32_0_0_2.o
[ 53%] Building RCCLDEV object src/CMakeFiles/rccl_device_gfx950.dir/__/hipify/gensrc/specialized/specialized_allreduce_ring_ll_sum_f32_1_0_2.o
[ 53%] Building RCCLDEV object src/CMakeFiles/rccl_device_gfx950.dir/__/hipify/gensrc/specialized/specialized_allreduce_ring_ll_sum_f64_0_0_2.o
[ 53%] Building RCCLDEV object src/CMakeFiles/rccl_device_gfx950.dir/__/hipify/gensrc/specialized/specialized_allreduce_ring_ll_sum_f64_1_0_2.o
[ 53%] Building RCCLDEV object src/CMakeFiles/rccl_device_gfx950.dir/__/hipify/gensrc/specialized/specialized_allreduce_ring_ll_sum_bf16_0_0_2.o
[ 53%] Building RCCLDEV object src/CMakeFiles/rccl_device_gfx950.dir/__/hipify/gensrc/specialized/specialized_allreduce_ring_ll_sum_bf16_1_0_2.o
[ 53%] Building RCCLDEV object src/CMakeFiles/rccl_device_gfx950.dir/__/hipify/gensrc/specialized/specialized_allreduce_ring_ll_prod_u8_0_0_2.o
[ 53%] Building RCCLDEV object src/CMakeFiles/rccl_device_gfx950.dir/__/hipify/gensrc/specialized/specialized_allreduce_ring_ll_prod_u8_1_0_2.o
[ 53%] Building RCCLDEV object src/CMakeFiles/rccl_device_gfx950.dir/__/hipify/gensrc/specialized/specialized_allreduce_ring_ll_prod_u32_0_0_2.o
[ 53%] Building RCCLDEV object src/CMakeFiles/rccl_device_gfx950.dir/__/hipify/gensrc/specialized/specialized_allreduce_ring_ll_prod_u32_1_0_2.o
[ 53%] Building RCCLDEV object src/CMakeFiles/rccl_device_gfx950.dir/__/hipify/gensrc/specialized/specialized_allreduce_ring_ll_prod_u64_0_0_2.o
[ 53%] Building RCCLDEV object src/CMakeFiles/rccl_device_gfx950.dir/__/hipify/gensrc/specialized/specialized_allreduce_ring_ll_prod_u64_1_0_2.o
[ 53%] Building RCCLDEV object src/CMakeFiles/rccl_device_gfx950.dir/__/hipify/gensrc/specialized/specialized_allreduce_ring_ll_prod_f16_0_0_2.o
[ 53%] Building RCCLDEV object src/CMakeFiles/rccl_device_gfx950.dir/__/hipify/gensrc/specialized/specialized_allreduce_ring_ll_prod_f16_1_0_2.o
[ 53%] Building RCCLDEV object src/CMakeFiles/rccl_device_gfx950.dir/__/hipify/gensrc/specialized/specialized_allreduce_ring_ll_prod_f32_0_0_2.o
[ 53%] Building RCCLDEV object src/CMakeFiles/rccl_device_gfx950.dir/__/hipify/gensrc/specialized/specialized_allreduce_ring_ll_prod_f32_1_0_2.o
[ 53%] Building RCCLDEV object src/CMakeFiles/rccl_device_gfx950.dir/__/hipify/gensrc/specialized/specialized_allreduce_ring_ll_prod_f64_0_0_2.o
[ 53%] Building RCCLDEV object src/CMakeFiles/rccl_device_gfx950.dir/__/hipify/gensrc/specialized/specialized_allreduce_ring_ll_prod_f64_1_0_2.o
[ 55%] Building RCCLDEV object src/CMakeFiles/rccl_device_gfx950.dir/__/hipify/gensrc/specialized/specialized_allreduce_ring_ll_prod_bf16_0_0_2.o
[ 55%] Building RCCLDEV object src/CMakeFiles/rccl_device_gfx950.dir/__/hipify/gensrc/specialized/specialized_allreduce_ring_ll_prod_bf16_1_0_2.o
[ 55%] Building RCCLDEV object src/CMakeFiles/rccl_device_gfx950.dir/__/hipify/gensrc/specialized/specialized_allreduce_ring_ll_minmax_u8_0_0_2.o
[ 55%] Building RCCLDEV object src/CMakeFiles/rccl_device_gfx950.dir/__/hipify/gensrc/specialized/specialized_allreduce_ring_ll_minmax_u8_1_0_2.o
[ 55%] Building RCCLDEV object src/CMakeFiles/rccl_device_gfx950.dir/__/hipify/gensrc/specialized/specialized_allreduce_ring_ll_minmax_u32_0_0_2.o
[ 55%] Building RCCLDEV object src/CMakeFiles/rccl_device_gfx950.dir/__/hipify/gensrc/specialized/specialized_allreduce_ring_ll_minmax_u32_1_0_2.o
[ 55%] Building RCCLDEV object src/CMakeFiles/rccl_device_gfx950.dir/__/hipify/gensrc/specialized/specialized_allreduce_ring_ll_minmax_u64_0_0_2.o
[ 55%] Building RCCLDEV object src/CMakeFiles/rccl_device_gfx950.dir/__/hipify/gensrc/specialized/specialized_allreduce_ring_ll_minmax_u64_1_0_2.o
[ 55%] Building RCCLDEV object src/CMakeFiles/rccl_device_gfx950.dir/__/hipify/gensrc/specialized/specialized_allreduce_ring_ll_minmax_f16_0_0_2.o
[ 55%] Building RCCLDEV object src/CMakeFiles/rccl_device_gfx950.dir/__/hipify/gensrc/specialized/specialized_allreduce_ring_ll_minmax_f16_1_0_2.o
[ 55%] Building RCCLDEV object src/CMakeFiles/rccl_device_gfx950.dir/__/hipify/gensrc/specialized/specialized_allreduce_ring_ll_minmax_f32_0_0_2.o
[ 55%] Building RCCLDEV object src/CMakeFiles/rccl_device_gfx950.dir/__/hipify/gensrc/specialized/specialized_allreduce_ring_ll_minmax_f32_1_0_2.o
[ 55%] Building RCCLDEV object src/CMakeFiles/rccl_device_gfx950.dir/__/hipify/gensrc/specialized/specialized_allreduce_ring_ll_minmax_f64_0_0_2.o
[ 55%] Building RCCLDEV object src/CMakeFiles/rccl_device_gfx950.dir/__/hipify/gensrc/specialized/specialized_allreduce_ring_ll_minmax_f64_1_0_2.o
[ 55%] Building RCCLDEV object src/CMakeFiles/rccl_device_gfx950.dir/__/hipify/gensrc/specialized/specialized_allreduce_ring_ll_minmax_bf16_0_0_2.o
[ 55%] Building RCCLDEV object src/CMakeFiles/rccl_device_gfx950.dir/__/hipify/gensrc/specialized/specialized_allreduce_ring_ll_minmax_bf16_1_0_2.o
[ 55%] Building RCCLDEV object src/CMakeFiles/rccl_device_gfx950.dir/__/hipify/gensrc/specialized/specialized_allreduce_ring_ll_premulsum_u8_0_0_2.o
[ 55%] Building RCCLDEV object src/CMakeFiles/rccl_device_gfx950.dir/__/hipify/gensrc/specialized/specialized_allreduce_ring_ll_premulsum_u8_1_0_2.o
[ 55%] Building RCCLDEV object src/CMakeFiles/rccl_device_gfx950.dir/__/hipify/gensrc/specialized/specialized_allreduce_ring_ll_premulsum_u32_0_0_2.o
[ 55%] Building RCCLDEV object src/CMakeFiles/rccl_device_gfx950.dir/__/hipify/gensrc/specialized/specialized_allreduce_ring_ll_premulsum_u32_1_0_2.o
[ 55%] Building RCCLDEV object src/CMakeFiles/rccl_device_gfx950.dir/__/hipify/gensrc/specialized/specialized_allreduce_ring_ll_premulsum_u64_0_0_2.o
[ 55%] Building RCCLDEV object src/CMakeFiles/rccl_device_gfx950.dir/__/hipify/gensrc/specialized/specialized_allreduce_ring_ll_premulsum_u64_1_0_2.o
[ 55%] Building RCCLDEV object src/CMakeFiles/rccl_device_gfx950.dir/__/hipify/gensrc/specialized/specialized_allreduce_ring_ll_premulsum_f16_0_0_2.o
[ 55%] Building RCCLDEV object src/CMakeFiles/rccl_device_gfx950.dir/__/hipify/gensrc/specialized/specialized_allreduce_ring_ll_premulsum_f16_1_0_2.o
[ 55%] Building RCCLDEV object src/CMakeFiles/rccl_device_gfx950.dir/__/hipify/gensrc/specialized/specialized_allreduce_ring_ll_premulsum_f32_0_0_2.o
[ 55%] Building RCCLDEV object src/CMakeFiles/rccl_device_gfx950.dir/__/hipify/gensrc/specialized/specialized_allreduce_ring_ll_premulsum_f32_1_0_2.o
[ 55%] Building RCCLDEV object src/CMakeFiles/rccl_device_gfx950.dir/__/hipify/gensrc/specialized/specialized_allreduce_ring_ll_premulsum_f64_0_0_2.o
[ 55%] Building RCCLDEV object src/CMakeFiles/rccl_device_gfx950.dir/__/hipify/gensrc/specialized/specialized_allreduce_ring_ll_premulsum_f64_1_0_2.o
[ 55%] Building RCCLDEV object src/CMakeFiles/rccl_device_gfx950.dir/__/hipify/gensrc/specialized/specialized_allreduce_ring_ll_premulsum_bf16_0_0_2.o
[ 55%] Building RCCLDEV object src/CMakeFiles/rccl_device_gfx950.dir/__/hipify/gensrc/specialized/specialized_allreduce_ring_ll_premulsum_bf16_1_0_2.o
[ 55%] Building RCCLDEV object src/CMakeFiles/rccl_device_gfx950.dir/__/hipify/gensrc/specialized/specialized_allreduce_ring_ll_sumpostdiv_u8_0_0_2.o
[ 55%] Building RCCLDEV object src/CMakeFiles/rccl_device_gfx950.dir/__/hipify/gensrc/specialized/specialized_allreduce_ring_ll_sumpostdiv_u8_1_0_2.o
[ 55%] Building RCCLDEV object src/CMakeFiles/rccl_device_gfx950.dir/__/hipify/gensrc/specialized/specialized_allreduce_ring_ll_sumpostdiv_u32_0_0_2.o
[ 55%] Building RCCLDEV object src/CMakeFiles/rccl_device_gfx950.dir/__/hipify/gensrc/specialized/specialized_allreduce_ring_ll_sumpostdiv_u32_1_0_2.o
[ 55%] Building RCCLDEV object src/CMakeFiles/rccl_device_gfx950.dir/__/hipify/gensrc/specialized/specialized_allreduce_ring_ll_sumpostdiv_u64_0_0_2.o
[ 55%] Building RCCLDEV object src/CMakeFiles/rccl_device_gfx950.dir/__/hipify/gensrc/specialized/specialized_allreduce_ring_ll_sumpostdiv_u64_1_0_2.o
[ 55%] Building RCCLDEV object src/CMakeFiles/rccl_device_gfx950.dir/__/hipify/gensrc/specialized/specialized_broadcast_ring_ll_sum_i8_0_0_1.o
[ 55%] Building RCCLDEV object src/CMakeFiles/rccl_device_gfx950.dir/__/hipify/gensrc/specialized/specialized_reduce_ring_ll_sum_u8_0_0_1.o
[ 55%] Building RCCLDEV object src/CMakeFiles/rccl_device_gfx950.dir/__/hipify/gensrc/specialized/specialized_reduce_ring_ll_sum_u32_0_0_1.o
[ 55%] Building RCCLDEV object src/CMakeFiles/rccl_device_gfx950.dir/__/hipify/gensrc/specialized/specialized_reduce_ring_ll_sum_u64_0_0_1.o
[ 55%] Building RCCLDEV object src/CMakeFiles/rccl_device_gfx950.dir/__/hipify/gensrc/specialized/specialized_reduce_ring_ll_sum_f16_0_0_1.o
[ 55%] Building RCCLDEV object src/CMakeFiles/rccl_device_gfx950.dir/__/hipify/gensrc/specialized/specialized_reduce_ring_ll_sum_f32_0_0_1.o
[ 55%] Building RCCLDEV object src/CMakeFiles/rccl_device_gfx950.dir/__/hipify/gensrc/specialized/specialized_reduce_ring_ll_sum_f64_0_0_1.o
[ 55%] Building RCCLDEV object src/CMakeFiles/rccl_device_gfx950.dir/__/hipify/gensrc/specialized/specialized_reduce_ring_ll_sum_bf16_0_0_1.o
[ 55%] Building RCCLDEV object src/CMakeFiles/rccl_device_gfx950.dir/__/hipify/gensrc/specialized/specialized_reduce_ring_ll_prod_u8_0_0_1.o
[ 57%] Building RCCLDEV object src/CMakeFiles/rccl_device_gfx950.dir/__/hipify/gensrc/specialized/specialized_reduce_ring_ll_prod_u32_0_0_1.o
[ 57%] Building RCCLDEV object src/CMakeFiles/rccl_device_gfx950.dir/__/hipify/gensrc/specialized/specialized_reduce_ring_ll_prod_u64_0_0_1.o
[ 57%] Building RCCLDEV object src/CMakeFiles/rccl_device_gfx950.dir/__/hipify/gensrc/specialized/specialized_reduce_ring_ll_prod_f32_0_0_1.o
[ 57%] Building RCCLDEV object src/CMakeFiles/rccl_device_gfx950.dir/__/hipify/gensrc/specialized/specialized_reduce_ring_ll_prod_f16_0_0_1.o
[ 57%] Building RCCLDEV object src/CMakeFiles/rccl_device_gfx950.dir/__/hipify/gensrc/specialized/specialized_reduce_ring_ll_prod_f64_0_0_1.o
[ 57%] Building RCCLDEV object src/CMakeFiles/rccl_device_gfx950.dir/__/hipify/gensrc/specialized/specialized_reduce_ring_ll_minmax_u8_0_0_1.o
[ 57%] Building RCCLDEV object src/CMakeFiles/rccl_device_gfx950.dir/__/hipify/gensrc/specialized/specialized_reduce_ring_ll_prod_bf16_0_0_1.o
[ 57%] Building RCCLDEV object src/CMakeFiles/rccl_device_gfx950.dir/__/hipify/gensrc/specialized/specialized_reduce_ring_ll_minmax_u32_0_0_1.o
[ 57%] Building RCCLDEV object src/CMakeFiles/rccl_device_gfx950.dir/__/hipify/gensrc/specialized/specialized_reduce_ring_ll_minmax_u64_0_0_1.o
[ 57%] Building RCCLDEV object src/CMakeFiles/rccl_device_gfx950.dir/__/hipify/gensrc/specialized/specialized_reduce_ring_ll_minmax_f16_0_0_1.o
[ 57%] Building RCCLDEV object src/CMakeFiles/rccl_device_gfx950.dir/__/hipify/gensrc/specialized/specialized_reduce_ring_ll_minmax_f32_0_0_1.o
[ 57%] Building RCCLDEV object src/CMakeFiles/rccl_device_gfx950.dir/__/hipify/gensrc/specialized/specialized_reduce_ring_ll_minmax_f64_0_0_1.o
[ 57%] Building RCCLDEV object src/CMakeFiles/rccl_device_gfx950.dir/__/hipify/gensrc/specialized/specialized_reduce_ring_ll_minmax_bf16_0_0_1.o
[ 57%] Building RCCLDEV object src/CMakeFiles/rccl_device_gfx950.dir/__/hipify/gensrc/specialized/specialized_reduce_ring_ll_premulsum_u8_0_0_1.o
[ 57%] Building RCCLDEV object src/CMakeFiles/rccl_device_gfx950.dir/__/hipify/gensrc/specialized/specialized_reduce_ring_ll_premulsum_u32_0_0_1.o
[ 57%] Building RCCLDEV object src/CMakeFiles/rccl_device_gfx950.dir/__/hipify/gensrc/specialized/specialized_reduce_ring_ll_premulsum_u64_0_0_1.o
[ 57%] Building RCCLDEV object src/CMakeFiles/rccl_device_gfx950.dir/__/hipify/gensrc/specialized/specialized_reduce_ring_ll_premulsum_f16_0_0_1.o
[ 57%] Building RCCLDEV object src/CMakeFiles/rccl_device_gfx950.dir/__/hipify/gensrc/specialized/specialized_reduce_ring_ll_premulsum_f64_0_0_1.o
[ 57%] Building RCCLDEV object src/CMakeFiles/rccl_device_gfx950.dir/__/hipify/gensrc/specialized/specialized_reduce_ring_ll_premulsum_f32_0_0_1.o
[ 57%] Building RCCLDEV object src/CMakeFiles/rccl_device_gfx950.dir/__/hipify/gensrc/specialized/specialized_reduce_ring_ll_premulsum_bf16_0_0_1.o
[ 57%] Building RCCLDEV object src/CMakeFiles/rccl_device_gfx950.dir/__/hipify/gensrc/specialized/specialized_reduce_ring_ll_sumpostdiv_u8_0_0_1.o
[ 57%] Building RCCLDEV object src/CMakeFiles/rccl_device_gfx950.dir/__/hipify/gensrc/specialized/specialized_reduce_ring_ll_sumpostdiv_u32_0_0_1.o
[ 57%] Building RCCLDEV object src/CMakeFiles/rccl_device_gfx950.dir/__/hipify/gensrc/specialized/specialized_allgather_ring_ll_sum_i8_0_0_1.o
[ 57%] Building RCCLDEV object src/CMakeFiles/rccl_device_gfx950.dir/__/hipify/gensrc/specialized/specialized_reduce_ring_ll_sumpostdiv_u64_0_0_1.o
[ 57%] Building RCCLDEV object src/CMakeFiles/rccl_device_gfx950.dir/__/hipify/gensrc/specialized/specialized_reducescatter_ring_ll_sum_u8_0_0_1.o
[ 57%] Building RCCLDEV object src/CMakeFiles/rccl_device_gfx950.dir/__/hipify/gensrc/specialized/specialized_reducescatter_ring_ll_sum_u32_0_0_1.o
[ 57%] Building RCCLDEV object src/CMakeFiles/rccl_device_gfx950.dir/__/hipify/gensrc/specialized/specialized_reducescatter_ring_ll_sum_u64_0_0_1.o
[ 57%] Building RCCLDEV object src/CMakeFiles/rccl_device_gfx950.dir/__/hipify/gensrc/specialized/specialized_reducescatter_ring_ll_sum_f16_0_0_1.o
[ 57%] Building RCCLDEV object src/CMakeFiles/rccl_device_gfx950.dir/__/hipify/gensrc/specialized/specialized_reducescatter_ring_ll_sum_f32_0_0_1.o
[ 57%] Building RCCLDEV object src/CMakeFiles/rccl_device_gfx950.dir/__/hipify/gensrc/specialized/specialized_reducescatter_ring_ll_sum_f64_0_0_1.o
[ 57%] Building RCCLDEV object src/CMakeFiles/rccl_device_gfx950.dir/__/hipify/gensrc/specialized/specialized_reducescatter_ring_ll_sum_bf16_0_0_1.o
[ 57%] Building RCCLDEV object src/CMakeFiles/rccl_device_gfx950.dir/__/hipify/gensrc/specialized/specialized_reducescatter_ring_ll_prod_u8_0_0_1.o
[ 57%] Building RCCLDEV object src/CMakeFiles/rccl_device_gfx950.dir/__/hipify/gensrc/specialized/specialized_reducescatter_ring_ll_prod_u32_0_0_1.o
[ 57%] Building RCCLDEV object src/CMakeFiles/rccl_device_gfx950.dir/__/hipify/gensrc/specialized/specialized_reducescatter_ring_ll_prod_u64_0_0_1.o
[ 57%] Building RCCLDEV object src/CMakeFiles/rccl_device_gfx950.dir/__/hipify/gensrc/specialized/specialized_reducescatter_ring_ll_prod_f16_0_0_1.o
[ 57%] Building RCCLDEV object src/CMakeFiles/rccl_device_gfx950.dir/__/hipify/gensrc/specialized/specialized_reducescatter_ring_ll_prod_f32_0_0_1.o
[ 57%] Building RCCLDEV object src/CMakeFiles/rccl_device_gfx950.dir/__/hipify/gensrc/specialized/specialized_reducescatter_ring_ll_prod_f64_0_0_1.o
[ 57%] Building RCCLDEV object src/CMakeFiles/rccl_device_gfx950.dir/__/hipify/gensrc/specialized/specialized_reducescatter_ring_ll_prod_bf16_0_0_1.o
[ 57%] Building RCCLDEV object src/CMakeFiles/rccl_device_gfx950.dir/__/hipify/gensrc/specialized/specialized_reducescatter_ring_ll_minmax_u8_0_0_1.o
[ 57%] Building RCCLDEV object src/CMakeFiles/rccl_device_gfx950.dir/__/hipify/gensrc/specialized/specialized_reducescatter_ring_ll_minmax_u32_0_0_1.o
[ 57%] Building RCCLDEV object src/CMakeFiles/rccl_device_gfx950.dir/__/hipify/gensrc/specialized/specialized_reducescatter_ring_ll_minmax_u64_0_0_1.o
[ 57%] Building RCCLDEV object src/CMakeFiles/rccl_device_gfx950.dir/__/hipify/gensrc/specialized/specialized_reducescatter_ring_ll_minmax_f16_0_0_1.o
[ 57%] Building RCCLDEV object src/CMakeFiles/rccl_device_gfx950.dir/__/hipify/gensrc/specialized/specialized_reducescatter_ring_ll_minmax_f32_0_0_1.o
[ 57%] Building RCCLDEV object src/CMakeFiles/rccl_device_gfx950.dir/__/hipify/gensrc/specialized/specialized_reducescatter_ring_ll_minmax_f64_0_0_1.o
[ 58%] Building RCCLDEV object src/CMakeFiles/rccl_device_gfx950.dir/__/hipify/gensrc/specialized/specialized_reducescatter_ring_ll_minmax_bf16_0_0_1.o
[ 58%] Building RCCLDEV object src/CMakeFiles/rccl_device_gfx950.dir/__/hipify/gensrc/specialized/specialized_reducescatter_ring_ll_premulsum_u8_0_0_1.o
[ 58%] Building RCCLDEV object src/CMakeFiles/rccl_device_gfx950.dir/__/hipify/gensrc/specialized/specialized_reducescatter_ring_ll_premulsum_u32_0_0_1.o
[ 58%] Building RCCLDEV object src/CMakeFiles/rccl_device_gfx950.dir/__/hipify/gensrc/specialized/specialized_reducescatter_ring_ll_premulsum_f16_0_0_1.o
[ 58%] Building RCCLDEV object src/CMakeFiles/rccl_device_gfx950.dir/__/hipify/gensrc/specialized/specialized_reducescatter_ring_ll_premulsum_u64_0_0_1.o
[ 58%] Building RCCLDEV object src/CMakeFiles/rccl_device_gfx950.dir/__/hipify/gensrc/specialized/specialized_reducescatter_ring_ll_premulsum_f32_0_0_1.o
[ 58%] Building RCCLDEV object src/CMakeFiles/rccl_device_gfx950.dir/__/hipify/gensrc/specialized/specialized_reducescatter_ring_ll_premulsum_f64_0_0_1.o
[ 58%] Building RCCLDEV object src/CMakeFiles/rccl_device_gfx950.dir/__/hipify/gensrc/specialized/specialized_reducescatter_ring_ll_premulsum_bf16_0_0_1.o
[ 58%] Building RCCLDEV object src/CMakeFiles/rccl_device_gfx950.dir/__/hipify/gensrc/specialized/specialized_reducescatter_ring_ll_sumpostdiv_u8_0_0_1.o
[ 58%] Building RCCLDEV object src/CMakeFiles/rccl_device_gfx950.dir/__/hipify/gensrc/specialized/specialized_reducescatter_ring_ll_sumpostdiv_u32_0_0_1.o
[ 58%] Building RCCLDEV object src/CMakeFiles/rccl_device_gfx950.dir/__/hipify/gensrc/specialized/specialized_reducescatter_ring_ll_sumpostdiv_u64_0_0_1.o
[ 58%] Building RCCLDEV object src/CMakeFiles/rccl_device_gfx950.dir/__/hipify/gensrc/specialized/specialized_allreduce_ring_ll_sum_u8_0_0_1.o
[ 58%] Building RCCLDEV object src/CMakeFiles/rccl_device_gfx950.dir/__/hipify/gensrc/specialized/specialized_allreduce_ring_ll_sum_u8_1_0_1.o
[ 58%] Building RCCLDEV object src/CMakeFiles/rccl_device_gfx950.dir/__/hipify/gensrc/specialized/specialized_allreduce_ring_ll_sum_u32_1_0_1.o
[ 58%] Building RCCLDEV object src/CMakeFiles/rccl_device_gfx950.dir/__/hipify/gensrc/specialized/specialized_allreduce_ring_ll_sum_u32_0_0_1.o
[ 58%] Building RCCLDEV object src/CMakeFiles/rccl_device_gfx950.dir/__/hipify/gensrc/specialized/specialized_allreduce_ring_ll_sum_u64_0_0_1.o
[ 58%] Building RCCLDEV object src/CMakeFiles/rccl_device_gfx950.dir/__/hipify/gensrc/specialized/specialized_allreduce_ring_ll_sum_f16_0_0_1.o
[ 58%] Building RCCLDEV object src/CMakeFiles/rccl_device_gfx950.dir/__/hipify/gensrc/specialized/specialized_allreduce_ring_ll_sum_u64_1_0_1.o
[ 58%] Building RCCLDEV object src/CMakeFiles/rccl_device_gfx950.dir/__/hipify/gensrc/specialized/specialized_allreduce_ring_ll_sum_f16_1_0_1.o
[ 58%] Building RCCLDEV object src/CMakeFiles/rccl_device_gfx950.dir/__/hipify/gensrc/specialized/specialized_allreduce_ring_ll_sum_f32_0_0_1.o
[ 58%] Building RCCLDEV object src/CMakeFiles/rccl_device_gfx950.dir/__/hipify/gensrc/specialized/specialized_allreduce_ring_ll_sum_f32_1_0_1.o
[ 58%] Building RCCLDEV object src/CMakeFiles/rccl_device_gfx950.dir/__/hipify/gensrc/specialized/specialized_allreduce_ring_ll_sum_f64_0_0_1.o
[ 58%] Building RCCLDEV object src/CMakeFiles/rccl_device_gfx950.dir/__/hipify/gensrc/specialized/specialized_allreduce_ring_ll_sum_f64_1_0_1.o
[ 58%] Building RCCLDEV object src/CMakeFiles/rccl_device_gfx950.dir/__/hipify/gensrc/specialized/specialized_allreduce_ring_ll_sum_bf16_0_0_1.o
[ 58%] Building RCCLDEV object src/CMakeFiles/rccl_device_gfx950.dir/__/hipify/gensrc/specialized/specialized_allreduce_ring_ll_sum_bf16_1_0_1.o
[ 58%] Building RCCLDEV object src/CMakeFiles/rccl_device_gfx950.dir/__/hipify/gensrc/specialized/specialized_allreduce_ring_ll_prod_u8_0_0_1.o
[ 58%] Building RCCLDEV object src/CMakeFiles/rccl_device_gfx950.dir/__/hipify/gensrc/specialized/specialized_allreduce_ring_ll_prod_u8_1_0_1.o
[ 58%] Building RCCLDEV object src/CMakeFiles/rccl_device_gfx950.dir/__/hipify/gensrc/specialized/specialized_allreduce_ring_ll_prod_u32_0_0_1.o
[ 58%] Building RCCLDEV object src/CMakeFiles/rccl_device_gfx950.dir/__/hipify/gensrc/specialized/specialized_allreduce_ring_ll_prod_u32_1_0_1.o
[ 58%] Building RCCLDEV object src/CMakeFiles/rccl_device_gfx950.dir/__/hipify/gensrc/specialized/specialized_allreduce_ring_ll_prod_u64_1_0_1.o
[ 58%] Building RCCLDEV object src/CMakeFiles/rccl_device_gfx950.dir/__/hipify/gensrc/specialized/specialized_allreduce_ring_ll_prod_u64_0_0_1.o
[ 58%] Building RCCLDEV object src/CMakeFiles/rccl_device_gfx950.dir/__/hipify/gensrc/specialized/specialized_allreduce_ring_ll_prod_f16_0_0_1.o
[ 58%] Building RCCLDEV object src/CMakeFiles/rccl_device_gfx950.dir/__/hipify/gensrc/specialized/specialized_allreduce_ring_ll_prod_f16_1_0_1.o
[ 58%] Building RCCLDEV object src/CMakeFiles/rccl_device_gfx950.dir/__/hipify/gensrc/specialized/specialized_allreduce_ring_ll_prod_f32_0_0_1.o
[ 58%] Building RCCLDEV object src/CMakeFiles/rccl_device_gfx950.dir/__/hipify/gensrc/specialized/specialized_allreduce_ring_ll_prod_f32_1_0_1.o
[ 58%] Building RCCLDEV object src/CMakeFiles/rccl_device_gfx950.dir/__/hipify/gensrc/specialized/specialized_allreduce_ring_ll_prod_f64_1_0_1.o
[ 58%] Building RCCLDEV object src/CMakeFiles/rccl_device_gfx950.dir/__/hipify/gensrc/specialized/specialized_allreduce_ring_ll_prod_f64_0_0_1.o
[ 58%] Building RCCLDEV object src/CMakeFiles/rccl_device_gfx950.dir/__/hipify/gensrc/specialized/specialized_allreduce_ring_ll_prod_bf16_0_0_1.o
[ 58%] Building RCCLDEV object src/CMakeFiles/rccl_device_gfx950.dir/__/hipify/gensrc/specialized/specialized_allreduce_ring_ll_prod_bf16_1_0_1.o
[ 58%] Building RCCLDEV object src/CMakeFiles/rccl_device_gfx950.dir/__/hipify/gensrc/specialized/specialized_allreduce_ring_ll_minmax_u8_0_0_1.o
[ 58%] Building RCCLDEV object src/CMakeFiles/rccl_device_gfx950.dir/__/hipify/gensrc/specialized/specialized_allreduce_ring_ll_minmax_u32_0_0_1.o
[ 58%] Building RCCLDEV object src/CMakeFiles/rccl_device_gfx950.dir/__/hipify/gensrc/specialized/specialized_allreduce_ring_ll_minmax_u8_1_0_1.o
[ 58%] Building RCCLDEV object src/CMakeFiles/rccl_device_gfx950.dir/__/hipify/gensrc/specialized/specialized_allreduce_ring_ll_minmax_u32_1_0_1.o
[ 58%] Building RCCLDEV object src/CMakeFiles/rccl_device_gfx950.dir/__/hipify/gensrc/specialized/specialized_allreduce_ring_ll_minmax_u64_0_0_1.o
[ 58%] Building RCCLDEV object src/CMakeFiles/rccl_device_gfx950.dir/__/hipify/gensrc/specialized/specialized_allreduce_ring_ll_minmax_u64_1_0_1.o
[ 60%] Building RCCLDEV object src/CMakeFiles/rccl_device_gfx950.dir/__/hipify/gensrc/specialized/specialized_allreduce_ring_ll_minmax_f16_0_0_1.o
[ 60%] Building RCCLDEV object src/CMakeFiles/rccl_device_gfx950.dir/__/hipify/gensrc/specialized/specialized_allreduce_ring_ll_minmax_f16_1_0_1.o
[ 60%] Building RCCLDEV object src/CMakeFiles/rccl_device_gfx950.dir/__/hipify/gensrc/specialized/specialized_allreduce_ring_ll_minmax_f32_0_0_1.o
[ 60%] Building RCCLDEV object src/CMakeFiles/rccl_device_gfx950.dir/__/hipify/gensrc/specialized/specialized_allreduce_ring_ll_minmax_f32_1_0_1.o
[ 60%] Building RCCLDEV object src/CMakeFiles/rccl_device_gfx950.dir/__/hipify/gensrc/specialized/specialized_allreduce_ring_ll_minmax_f64_0_0_1.o
[ 60%] Building RCCLDEV object src/CMakeFiles/rccl_device_gfx950.dir/__/hipify/gensrc/specialized/specialized_allreduce_ring_ll_minmax_f64_1_0_1.o
[ 60%] Building RCCLDEV object src/CMakeFiles/rccl_device_gfx950.dir/__/hipify/gensrc/specialized/specialized_allreduce_ring_ll_minmax_bf16_0_0_1.o
[ 60%] Building RCCLDEV object src/CMakeFiles/rccl_device_gfx950.dir/__/hipify/gensrc/specialized/specialized_allreduce_ring_ll_minmax_bf16_1_0_1.o
[ 60%] Building RCCLDEV object src/CMakeFiles/rccl_device_gfx950.dir/__/hipify/gensrc/specialized/specialized_allreduce_ring_ll_premulsum_u8_0_0_1.o
[ 60%] Building RCCLDEV object src/CMakeFiles/rccl_device_gfx950.dir/__/hipify/gensrc/specialized/specialized_allreduce_ring_ll_premulsum_u8_1_0_1.o
[ 60%] Building RCCLDEV object src/CMakeFiles/rccl_device_gfx950.dir/__/hipify/gensrc/specialized/specialized_allreduce_ring_ll_premulsum_u32_0_0_1.o
[ 60%] Building RCCLDEV object src/CMakeFiles/rccl_device_gfx950.dir/__/hipify/gensrc/specialized/specialized_allreduce_ring_ll_premulsum_u32_1_0_1.o
[ 60%] Building RCCLDEV object src/CMakeFiles/rccl_device_gfx950.dir/__/hipify/gensrc/specialized/specialized_allreduce_ring_ll_premulsum_u64_0_0_1.o
[ 60%] Building RCCLDEV object src/CMakeFiles/rccl_device_gfx950.dir/__/hipify/gensrc/specialized/specialized_allreduce_ring_ll_premulsum_u64_1_0_1.o
[ 60%] Building RCCLDEV object src/CMakeFiles/rccl_device_gfx950.dir/__/hipify/gensrc/specialized/specialized_allreduce_ring_ll_premulsum_f16_0_0_1.o
[ 60%] Building RCCLDEV object src/CMakeFiles/rccl_device_gfx950.dir/__/hipify/gensrc/specialized/specialized_allreduce_ring_ll_premulsum_f32_0_0_1.o
[ 60%] Building RCCLDEV object src/CMakeFiles/rccl_device_gfx950.dir/__/hipify/gensrc/specialized/specialized_allreduce_ring_ll_premulsum_f16_1_0_1.o
[ 60%] Building RCCLDEV object src/CMakeFiles/rccl_device_gfx950.dir/__/hipify/gensrc/specialized/specialized_allreduce_ring_ll_premulsum_f32_1_0_1.o
[ 60%] Building RCCLDEV object src/CMakeFiles/rccl_device_gfx950.dir/__/hipify/gensrc/specialized/specialized_allreduce_ring_ll_premulsum_f64_0_0_1.o
[ 60%] Building RCCLDEV object src/CMakeFiles/rccl_device_gfx950.dir/__/hipify/gensrc/specialized/specialized_allreduce_ring_ll_premulsum_f64_1_0_1.o
[ 60%] Building RCCLDEV object src/CMakeFiles/rccl_device_gfx950.dir/__/hipify/gensrc/specialized/specialized_allreduce_ring_ll_premulsum_bf16_0_0_1.o
[ 60%] Building RCCLDEV object src/CMakeFiles/rccl_device_gfx950.dir/__/hipify/gensrc/specialized/specialized_allreduce_ring_ll_premulsum_bf16_1_0_1.o
[ 60%] Building RCCLDEV object src/CMakeFiles/rccl_device_gfx950.dir/__/hipify/gensrc/specialized/specialized_allreduce_ring_ll_sumpostdiv_u8_0_0_1.o
[ 60%] Building RCCLDEV object src/CMakeFiles/rccl_device_gfx950.dir/__/hipify/gensrc/specialized/specialized_allreduce_ring_ll_sumpostdiv_u8_1_0_1.o
[ 60%] Building RCCLDEV object src/CMakeFiles/rccl_device_gfx950.dir/__/hipify/gensrc/specialized/specialized_allreduce_ring_ll_sumpostdiv_u32_0_0_1.o
[ 60%] Building RCCLDEV object src/CMakeFiles/rccl_device_gfx950.dir/__/hipify/gensrc/specialized/specialized_allreduce_ring_ll_sumpostdiv_u32_1_0_1.o
[ 60%] Building RCCLDEV object src/CMakeFiles/rccl_device_gfx950.dir/__/hipify/gensrc/specialized/specialized_allreduce_ring_ll_sumpostdiv_u64_0_0_1.o
[ 60%] Building RCCLDEV object src/CMakeFiles/rccl_device_gfx950.dir/__/hipify/gensrc/specialized/specialized_allreduce_ring_ll_sumpostdiv_u64_1_0_1.o
[ 60%] Building RCCLDEV object src/CMakeFiles/rccl_device_gfx950.dir/__/hipify/gensrc/specialized/specialized_reducescatter_pat_ll_sum_u8_0_0_2.o
[ 60%] Building RCCLDEV object src/CMakeFiles/rccl_device_gfx950.dir/__/hipify/gensrc/specialized/specialized_allgather_pat_ll_sum_i8_0_0_2.o
[ 60%] Building RCCLDEV object src/CMakeFiles/rccl_device_gfx950.dir/__/hipify/gensrc/specialized/specialized_reducescatter_pat_ll_sum_u64_0_0_2.o
[ 60%] Building RCCLDEV object src/CMakeFiles/rccl_device_gfx950.dir/__/hipify/gensrc/specialized/specialized_reducescatter_pat_ll_sum_u32_0_0_2.o
[ 60%] Building RCCLDEV object src/CMakeFiles/rccl_device_gfx950.dir/__/hipify/gensrc/specialized/specialized_reducescatter_pat_ll_sum_f32_0_0_2.o
[ 60%] Building RCCLDEV object src/CMakeFiles/rccl_device_gfx950.dir/__/hipify/gensrc/specialized/specialized_reducescatter_pat_ll_sum_f16_0_0_2.o
[ 60%] Building RCCLDEV object src/CMakeFiles/rccl_device_gfx950.dir/__/hipify/gensrc/specialized/specialized_reducescatter_pat_ll_sum_f64_0_0_2.o
[ 60%] Building RCCLDEV object src/CMakeFiles/rccl_device_gfx950.dir/__/hipify/gensrc/specialized/specialized_reducescatter_pat_ll_sum_bf16_0_0_2.o
[ 60%] Building RCCLDEV object src/CMakeFiles/rccl_device_gfx950.dir/__/hipify/gensrc/specialized/specialized_reducescatter_pat_ll_prod_u32_0_0_2.o
[ 60%] Building RCCLDEV object src/CMakeFiles/rccl_device_gfx950.dir/__/hipify/gensrc/specialized/specialized_reducescatter_pat_ll_prod_u8_0_0_2.o
[ 60%] Building RCCLDEV object src/CMakeFiles/rccl_device_gfx950.dir/__/hipify/gensrc/specialized/specialized_reducescatter_pat_ll_prod_u64_0_0_2.o
[ 60%] Building RCCLDEV object src/CMakeFiles/rccl_device_gfx950.dir/__/hipify/gensrc/specialized/specialized_reducescatter_pat_ll_prod_f16_0_0_2.o
[ 60%] Building RCCLDEV object src/CMakeFiles/rccl_device_gfx950.dir/__/hipify/gensrc/specialized/specialized_reducescatter_pat_ll_prod_f32_0_0_2.o
[ 60%] Building RCCLDEV object src/CMakeFiles/rccl_device_gfx950.dir/__/hipify/gensrc/specialized/specialized_reducescatter_pat_ll_prod_f64_0_0_2.o
[ 60%] Building RCCLDEV object src/CMakeFiles/rccl_device_gfx950.dir/__/hipify/gensrc/specialized/specialized_reducescatter_pat_ll_prod_bf16_0_0_2.o
[ 60%] Building RCCLDEV object src/CMakeFiles/rccl_device_gfx950.dir/__/hipify/gensrc/specialized/specialized_reducescatter_pat_ll_minmax_u8_0_0_2.o
[ 60%] Building RCCLDEV object src/CMakeFiles/rccl_device_gfx950.dir/__/hipify/gensrc/specialized/specialized_reducescatter_pat_ll_minmax_u32_0_0_2.o
[ 60%] Building RCCLDEV object src/CMakeFiles/rccl_device_gfx950.dir/__/hipify/gensrc/specialized/specialized_reducescatter_pat_ll_minmax_f16_0_0_2.o
[ 61%] Building RCCLDEV object src/CMakeFiles/rccl_device_gfx950.dir/__/hipify/gensrc/specialized/specialized_reducescatter_pat_ll_minmax_u64_0_0_2.o
[ 61%] Building RCCLDEV object src/CMakeFiles/rccl_device_gfx950.dir/__/hipify/gensrc/specialized/specialized_reducescatter_pat_ll_minmax_f32_0_0_2.o
[ 61%] Building RCCLDEV object src/CMakeFiles/rccl_device_gfx950.dir/__/hipify/gensrc/specialized/specialized_reducescatter_pat_ll_minmax_f64_0_0_2.o
[ 61%] Building RCCLDEV object src/CMakeFiles/rccl_device_gfx950.dir/__/hipify/gensrc/specialized/specialized_reducescatter_pat_ll_minmax_bf16_0_0_2.o
[ 61%] Building RCCLDEV object src/CMakeFiles/rccl_device_gfx950.dir/__/hipify/gensrc/specialized/specialized_reducescatter_pat_ll_premulsum_u8_0_0_2.o
[ 61%] Building RCCLDEV object src/CMakeFiles/rccl_device_gfx950.dir/__/hipify/gensrc/specialized/specialized_reducescatter_pat_ll_premulsum_u32_0_0_2.o
[ 61%] Building RCCLDEV object src/CMakeFiles/rccl_device_gfx950.dir/__/hipify/gensrc/specialized/specialized_reducescatter_pat_ll_premulsum_u64_0_0_2.o
[ 61%] Building RCCLDEV object src/CMakeFiles/rccl_device_gfx950.dir/__/hipify/gensrc/specialized/specialized_reducescatter_pat_ll_premulsum_f16_0_0_2.o
[ 61%] Building RCCLDEV object src/CMakeFiles/rccl_device_gfx950.dir/__/hipify/gensrc/specialized/specialized_reducescatter_pat_ll_premulsum_f32_0_0_2.o
[ 61%] Building RCCLDEV object src/CMakeFiles/rccl_device_gfx950.dir/__/hipify/gensrc/specialized/specialized_reducescatter_pat_ll_premulsum_f64_0_0_2.o
[ 61%] Building RCCLDEV object src/CMakeFiles/rccl_device_gfx950.dir/__/hipify/gensrc/specialized/specialized_reducescatter_pat_ll_premulsum_bf16_0_0_2.o
[ 61%] Building RCCLDEV object src/CMakeFiles/rccl_device_gfx950.dir/__/hipify/gensrc/specialized/specialized_reducescatter_pat_ll_sumpostdiv_u8_0_0_2.o
[ 61%] Building RCCLDEV object src/CMakeFiles/rccl_device_gfx950.dir/__/hipify/gensrc/specialized/specialized_reducescatter_pat_ll_sumpostdiv_u32_0_0_2.o
[ 61%] Building RCCLDEV object src/CMakeFiles/rccl_device_gfx950.dir/__/hipify/gensrc/specialized/specialized_reducescatter_pat_ll_sumpostdiv_u64_0_0_2.o
[ 61%] Building RCCLDEV object src/CMakeFiles/rccl_device_gfx950.dir/__/hipify/gensrc/specialized/specialized_allgather_pat_ll_sum_i8_0_0_1.o
[ 61%] Building RCCLDEV object src/CMakeFiles/rccl_device_gfx950.dir/__/hipify/gensrc/specialized/specialized_reducescatter_pat_ll_sum_u8_0_0_1.o
[ 61%] Building RCCLDEV object src/CMakeFiles/rccl_device_gfx950.dir/__/hipify/gensrc/specialized/specialized_reducescatter_pat_ll_sum_u32_0_0_1.o
[ 61%] Building RCCLDEV object src/CMakeFiles/rccl_device_gfx950.dir/__/hipify/gensrc/specialized/specialized_reducescatter_pat_ll_sum_u64_0_0_1.o
[ 61%] Building RCCLDEV object src/CMakeFiles/rccl_device_gfx950.dir/__/hipify/gensrc/specialized/specialized_reducescatter_pat_ll_sum_f16_0_0_1.o
[ 61%] Building RCCLDEV object src/CMakeFiles/rccl_device_gfx950.dir/__/hipify/gensrc/specialized/specialized_reducescatter_pat_ll_sum_f32_0_0_1.o
[ 61%] Building RCCLDEV object src/CMakeFiles/rccl_device_gfx950.dir/__/hipify/gensrc/specialized/specialized_reducescatter_pat_ll_sum_f64_0_0_1.o
[ 61%] Building RCCLDEV object src/CMakeFiles/rccl_device_gfx950.dir/__/hipify/gensrc/specialized/specialized_reducescatter_pat_ll_sum_bf16_0_0_1.o
[ 61%] Building RCCLDEV object src/CMakeFiles/rccl_device_gfx950.dir/__/hipify/gensrc/specialized/specialized_reducescatter_pat_ll_prod_u32_0_0_1.o
[ 61%] Building RCCLDEV object src/CMakeFiles/rccl_device_gfx950.dir/__/hipify/gensrc/specialized/specialized_reducescatter_pat_ll_prod_u8_0_0_1.o
[ 61%] Building RCCLDEV object src/CMakeFiles/rccl_device_gfx950.dir/__/hipify/gensrc/specialized/specialized_reducescatter_pat_ll_prod_u64_0_0_1.o
[ 61%] Building RCCLDEV object src/CMakeFiles/rccl_device_gfx950.dir/__/hipify/gensrc/specialized/specialized_reducescatter_pat_ll_prod_f32_0_0_1.o
[ 61%] Building RCCLDEV object src/CMakeFiles/rccl_device_gfx950.dir/__/hipify/gensrc/specialized/specialized_reducescatter_pat_ll_prod_f64_0_0_1.o
[ 61%] Building RCCLDEV object src/CMakeFiles/rccl_device_gfx950.dir/__/hipify/gensrc/specialized/specialized_reducescatter_pat_ll_prod_f16_0_0_1.o
[ 61%] Building RCCLDEV object src/CMakeFiles/rccl_device_gfx950.dir/__/hipify/gensrc/specialized/specialized_reducescatter_pat_ll_minmax_u8_0_0_1.o
[ 61%] Building RCCLDEV object src/CMakeFiles/rccl_device_gfx950.dir/__/hipify/gensrc/specialized/specialized_reducescatter_pat_ll_prod_bf16_0_0_1.o
[ 61%] Building RCCLDEV object src/CMakeFiles/rccl_device_gfx950.dir/__/hipify/gensrc/specialized/specialized_reducescatter_pat_ll_minmax_u32_0_0_1.o
[ 61%] Building RCCLDEV object src/CMakeFiles/rccl_device_gfx950.dir/__/hipify/gensrc/specialized/specialized_reducescatter_pat_ll_minmax_u64_0_0_1.o
[ 61%] Building RCCLDEV object src/CMakeFiles/rccl_device_gfx950.dir/__/hipify/gensrc/specialized/specialized_reducescatter_pat_ll_minmax_f16_0_0_1.o
[ 61%] Building RCCLDEV object src/CMakeFiles/rccl_device_gfx950.dir/__/hipify/gensrc/specialized/specialized_reducescatter_pat_ll_minmax_f32_0_0_1.o
[ 61%] Building RCCLDEV object src/CMakeFiles/rccl_device_gfx950.dir/__/hipify/gensrc/specialized/specialized_reducescatter_pat_ll_minmax_f64_0_0_1.o
[ 61%] Building RCCLDEV object src/CMakeFiles/rccl_device_gfx950.dir/__/hipify/gensrc/specialized/specialized_reducescatter_pat_ll_minmax_bf16_0_0_1.o
[ 61%] Building RCCLDEV object src/CMakeFiles/rccl_device_gfx950.dir/__/hipify/gensrc/specialized/specialized_reducescatter_pat_ll_premulsum_u8_0_0_1.o
[ 61%] Building RCCLDEV object src/CMakeFiles/rccl_device_gfx950.dir/__/hipify/gensrc/specialized/specialized_reducescatter_pat_ll_premulsum_u32_0_0_1.o
[ 61%] Building RCCLDEV object src/CMakeFiles/rccl_device_gfx950.dir/__/hipify/gensrc/specialized/specialized_reducescatter_pat_ll_premulsum_u64_0_0_1.o
[ 61%] Building RCCLDEV object src/CMakeFiles/rccl_device_gfx950.dir/__/hipify/gensrc/specialized/specialized_reducescatter_pat_ll_premulsum_f16_0_0_1.o
[ 61%] Building RCCLDEV object src/CMakeFiles/rccl_device_gfx950.dir/__/hipify/gensrc/specialized/specialized_reducescatter_pat_ll_premulsum_f32_0_0_1.o
[ 61%] Building RCCLDEV object src/CMakeFiles/rccl_device_gfx950.dir/__/hipify/gensrc/specialized/specialized_reducescatter_pat_ll_premulsum_f64_0_0_1.o
[ 61%] Building RCCLDEV object src/CMakeFiles/rccl_device_gfx950.dir/__/hipify/gensrc/specialized/specialized_reducescatter_pat_ll_premulsum_bf16_0_0_1.o
[ 63%] Building RCCLDEV object src/CMakeFiles/rccl_device_gfx950.dir/__/hipify/gensrc/specialized/specialized_reducescatter_pat_ll_sumpostdiv_u8_0_0_1.o
[ 63%] Building RCCLDEV object src/CMakeFiles/rccl_device_gfx950.dir/__/hipify/gensrc/specialized/specialized_reducescatter_pat_ll_sumpostdiv_u64_0_0_1.o
[ 63%] Building RCCLDEV object src/CMakeFiles/rccl_device_gfx950.dir/__/hipify/gensrc/specialized/specialized_allreduce_tree_ll128_sum_u8_0_0_2.o
[ 63%] Building RCCLDEV object src/CMakeFiles/rccl_device_gfx950.dir/__/hipify/gensrc/specialized/specialized_reducescatter_pat_ll_sumpostdiv_u32_0_0_1.o
[ 63%] Building RCCLDEV object src/CMakeFiles/rccl_device_gfx950.dir/__/hipify/gensrc/specialized/specialized_allreduce_tree_ll128_sum_u8_1_0_2.o
[ 63%] Building RCCLDEV object src/CMakeFiles/rccl_device_gfx950.dir/__/hipify/gensrc/specialized/specialized_allreduce_tree_ll128_sum_u32_0_0_2.o
[ 63%] Building RCCLDEV object src/CMakeFiles/rccl_device_gfx950.dir/__/hipify/gensrc/specialized/specialized_allreduce_tree_ll128_sum_u32_1_0_2.o
[ 63%] Building RCCLDEV object src/CMakeFiles/rccl_device_gfx950.dir/__/hipify/gensrc/specialized/specialized_allreduce_tree_ll128_sum_u64_0_0_2.o
[ 63%] Building RCCLDEV object src/CMakeFiles/rccl_device_gfx950.dir/__/hipify/gensrc/specialized/specialized_allreduce_tree_ll128_sum_u64_1_0_2.o
[ 63%] Building RCCLDEV object src/CMakeFiles/rccl_device_gfx950.dir/__/hipify/gensrc/specialized/specialized_allreduce_tree_ll128_sum_f16_0_0_2.o
[ 63%] Building RCCLDEV object src/CMakeFiles/rccl_device_gfx950.dir/__/hipify/gensrc/specialized/specialized_allreduce_tree_ll128_sum_f16_1_0_2.o
[ 63%] Building RCCLDEV object src/CMakeFiles/rccl_device_gfx950.dir/__/hipify/gensrc/specialized/specialized_allreduce_tree_ll128_sum_f32_0_0_2.o
[ 63%] Building RCCLDEV object src/CMakeFiles/rccl_device_gfx950.dir/__/hipify/gensrc/specialized/specialized_allreduce_tree_ll128_sum_f32_1_0_2.o
[ 63%] Building RCCLDEV object src/CMakeFiles/rccl_device_gfx950.dir/__/hipify/gensrc/specialized/specialized_allreduce_tree_ll128_sum_f64_0_0_2.o
[ 63%] Building RCCLDEV object src/CMakeFiles/rccl_device_gfx950.dir/__/hipify/gensrc/specialized/specialized_allreduce_tree_ll128_sum_f64_1_0_2.o
[ 63%] Building RCCLDEV object src/CMakeFiles/rccl_device_gfx950.dir/__/hipify/gensrc/specialized/specialized_allreduce_tree_ll128_sum_bf16_0_0_2.o
[ 63%] Building RCCLDEV object src/CMakeFiles/rccl_device_gfx950.dir/__/hipify/gensrc/specialized/specialized_allreduce_tree_ll128_sum_bf16_1_0_2.o
[ 63%] Building RCCLDEV object src/CMakeFiles/rccl_device_gfx950.dir/__/hipify/gensrc/specialized/specialized_allreduce_tree_ll128_prod_u8_0_0_2.o
[ 63%] Building RCCLDEV object src/CMakeFiles/rccl_device_gfx950.dir/__/hipify/gensrc/specialized/specialized_allreduce_tree_ll128_prod_u8_1_0_2.o
[ 63%] Building RCCLDEV object src/CMakeFiles/rccl_device_gfx950.dir/__/hipify/gensrc/specialized/specialized_allreduce_tree_ll128_prod_u32_0_0_2.o
[ 63%] Building RCCLDEV object src/CMakeFiles/rccl_device_gfx950.dir/__/hipify/gensrc/specialized/specialized_allreduce_tree_ll128_prod_u32_1_0_2.o
[ 63%] Building RCCLDEV object src/CMakeFiles/rccl_device_gfx950.dir/__/hipify/gensrc/specialized/specialized_allreduce_tree_ll128_prod_u64_1_0_2.o
[ 63%] Building RCCLDEV object src/CMakeFiles/rccl_device_gfx950.dir/__/hipify/gensrc/specialized/specialized_allreduce_tree_ll128_prod_u64_0_0_2.o
[ 63%] Building RCCLDEV object src/CMakeFiles/rccl_device_gfx950.dir/__/hipify/gensrc/specialized/specialized_allreduce_tree_ll128_prod_f16_0_0_2.o
[ 63%] Building RCCLDEV object src/CMakeFiles/rccl_device_gfx950.dir/__/hipify/gensrc/specialized/specialized_allreduce_tree_ll128_prod_f16_1_0_2.o
[ 63%] Building RCCLDEV object src/CMakeFiles/rccl_device_gfx950.dir/__/hipify/gensrc/specialized/specialized_allreduce_tree_ll128_prod_f32_0_0_2.o
[ 63%] Building RCCLDEV object src/CMakeFiles/rccl_device_gfx950.dir/__/hipify/gensrc/specialized/specialized_allreduce_tree_ll128_prod_f32_1_0_2.o
[ 63%] Building RCCLDEV object src/CMakeFiles/rccl_device_gfx950.dir/__/hipify/gensrc/specialized/specialized_allreduce_tree_ll128_prod_f64_0_0_2.o
[ 63%] Building RCCLDEV object src/CMakeFiles/rccl_device_gfx950.dir/__/hipify/gensrc/specialized/specialized_allreduce_tree_ll128_prod_f64_1_0_2.o
[ 63%] Building RCCLDEV object src/CMakeFiles/rccl_device_gfx950.dir/__/hipify/gensrc/specialized/specialized_allreduce_tree_ll128_prod_bf16_0_0_2.o
[ 63%] Building RCCLDEV object src/CMakeFiles/rccl_device_gfx950.dir/__/hipify/gensrc/specialized/specialized_allreduce_tree_ll128_prod_bf16_1_0_2.o
[ 63%] Building RCCLDEV object src/CMakeFiles/rccl_device_gfx950.dir/__/hipify/gensrc/specialized/specialized_allreduce_tree_ll128_minmax_u8_0_0_2.o
[ 63%] Building RCCLDEV object src/CMakeFiles/rccl_device_gfx950.dir/__/hipify/gensrc/specialized/specialized_allreduce_tree_ll128_minmax_u8_1_0_2.o
[ 63%] Building RCCLDEV object src/CMakeFiles/rccl_device_gfx950.dir/__/hipify/gensrc/specialized/specialized_allreduce_tree_ll128_minmax_u32_0_0_2.o
[ 63%] Building RCCLDEV object src/CMakeFiles/rccl_device_gfx950.dir/__/hipify/gensrc/specialized/specialized_allreduce_tree_ll128_minmax_u32_1_0_2.o
[ 63%] Building RCCLDEV object src/CMakeFiles/rccl_device_gfx950.dir/__/hipify/gensrc/specialized/specialized_allreduce_tree_ll128_minmax_u64_0_0_2.o
[ 63%] Building RCCLDEV object src/CMakeFiles/rccl_device_gfx950.dir/__/hipify/gensrc/specialized/specialized_allreduce_tree_ll128_minmax_u64_1_0_2.o
[ 63%] Building RCCLDEV object src/CMakeFiles/rccl_device_gfx950.dir/__/hipify/gensrc/specialized/specialized_allreduce_tree_ll128_minmax_f16_0_0_2.o
[ 63%] Building RCCLDEV object src/CMakeFiles/rccl_device_gfx950.dir/__/hipify/gensrc/specialized/specialized_allreduce_tree_ll128_minmax_f16_1_0_2.o
[ 63%] Building RCCLDEV object src/CMakeFiles/rccl_device_gfx950.dir/__/hipify/gensrc/specialized/specialized_allreduce_tree_ll128_minmax_f32_0_0_2.o
[ 63%] Building RCCLDEV object src/CMakeFiles/rccl_device_gfx950.dir/__/hipify/gensrc/specialized/specialized_allreduce_tree_ll128_minmax_f32_1_0_2.o
[ 63%] Building RCCLDEV object src/CMakeFiles/rccl_device_gfx950.dir/__/hipify/gensrc/specialized/specialized_allreduce_tree_ll128_minmax_f64_0_0_2.o
[ 63%] Building RCCLDEV object src/CMakeFiles/rccl_device_gfx950.dir/__/hipify/gensrc/specialized/specialized_allreduce_tree_ll128_minmax_f64_1_0_2.o
[ 63%] Building RCCLDEV object src/CMakeFiles/rccl_device_gfx950.dir/__/hipify/gensrc/specialized/specialized_allreduce_tree_ll128_minmax_bf16_0_0_2.o
[ 63%] Building RCCLDEV object src/CMakeFiles/rccl_device_gfx950.dir/__/hipify/gensrc/specialized/specialized_allreduce_tree_ll128_minmax_bf16_1_0_2.o
[ 65%] Building RCCLDEV object src/CMakeFiles/rccl_device_gfx950.dir/__/hipify/gensrc/specialized/specialized_allreduce_tree_ll128_premulsum_u8_0_0_2.o
[ 65%] Building RCCLDEV object src/CMakeFiles/rccl_device_gfx950.dir/__/hipify/gensrc/specialized/specialized_allreduce_tree_ll128_premulsum_u32_1_0_2.o
[ 65%] Building RCCLDEV object src/CMakeFiles/rccl_device_gfx950.dir/__/hipify/gensrc/specialized/specialized_allreduce_tree_ll128_premulsum_u8_1_0_2.o
[ 65%] Building RCCLDEV object src/CMakeFiles/rccl_device_gfx950.dir/__/hipify/gensrc/specialized/specialized_allreduce_tree_ll128_premulsum_u32_0_0_2.o
[ 65%] Building RCCLDEV object src/CMakeFiles/rccl_device_gfx950.dir/__/hipify/gensrc/specialized/specialized_allreduce_tree_ll128_premulsum_u64_0_0_2.o
[ 65%] Building RCCLDEV object src/CMakeFiles/rccl_device_gfx950.dir/__/hipify/gensrc/specialized/specialized_allreduce_tree_ll128_premulsum_u64_1_0_2.o
[ 65%] Building RCCLDEV object src/CMakeFiles/rccl_device_gfx950.dir/__/hipify/gensrc/specialized/specialized_allreduce_tree_ll128_premulsum_f16_0_0_2.o
[ 65%] Building RCCLDEV object src/CMakeFiles/rccl_device_gfx950.dir/__/hipify/gensrc/specialized/specialized_allreduce_tree_ll128_premulsum_f16_1_0_2.o
[ 65%] Building RCCLDEV object src/CMakeFiles/rccl_device_gfx950.dir/__/hipify/gensrc/specialized/specialized_allreduce_tree_ll128_premulsum_f32_0_0_2.o
[ 65%] Building RCCLDEV object src/CMakeFiles/rccl_device_gfx950.dir/__/hipify/gensrc/specialized/specialized_allreduce_tree_ll128_premulsum_f64_0_0_2.o
[ 65%] Building RCCLDEV object src/CMakeFiles/rccl_device_gfx950.dir/__/hipify/gensrc/specialized/specialized_allreduce_tree_ll128_premulsum_f32_1_0_2.o
[ 65%] Building RCCLDEV object src/CMakeFiles/rccl_device_gfx950.dir/__/hipify/gensrc/specialized/specialized_allreduce_tree_ll128_premulsum_f64_1_0_2.o
[ 65%] Building RCCLDEV object src/CMakeFiles/rccl_device_gfx950.dir/__/hipify/gensrc/specialized/specialized_allreduce_tree_ll128_premulsum_bf16_0_0_2.o
[ 65%] Building RCCLDEV object src/CMakeFiles/rccl_device_gfx950.dir/__/hipify/gensrc/specialized/specialized_allreduce_tree_ll128_premulsum_bf16_1_0_2.o
[ 65%] Building RCCLDEV object src/CMakeFiles/rccl_device_gfx950.dir/__/hipify/gensrc/specialized/specialized_allreduce_tree_ll128_sumpostdiv_u8_0_0_2.o
[ 65%] Building RCCLDEV object src/CMakeFiles/rccl_device_gfx950.dir/__/hipify/gensrc/specialized/specialized_allreduce_tree_ll128_sumpostdiv_u8_1_0_2.o
[ 65%] Building RCCLDEV object src/CMakeFiles/rccl_device_gfx950.dir/__/hipify/gensrc/specialized/specialized_allreduce_tree_ll128_sumpostdiv_u32_0_0_2.o
[ 65%] Building RCCLDEV object src/CMakeFiles/rccl_device_gfx950.dir/__/hipify/gensrc/specialized/specialized_allreduce_tree_ll128_sumpostdiv_u32_1_0_2.o
[ 65%] Building RCCLDEV object src/CMakeFiles/rccl_device_gfx950.dir/__/hipify/gensrc/specialized/specialized_allreduce_tree_ll128_sumpostdiv_u64_0_0_2.o
[ 65%] Building RCCLDEV object src/CMakeFiles/rccl_device_gfx950.dir/__/hipify/gensrc/specialized/specialized_allreduce_tree_ll128_sumpostdiv_u64_1_0_2.o
[ 65%] Building RCCLDEV object src/CMakeFiles/rccl_device_gfx950.dir/__/hipify/gensrc/specialized/specialized_allreduce_tree_ll128_sum_u8_0_0_1.o
[ 65%] Building RCCLDEV object src/CMakeFiles/rccl_device_gfx950.dir/__/hipify/gensrc/specialized/specialized_allreduce_tree_ll128_sum_u8_1_0_1.o
[ 65%] Building RCCLDEV object src/CMakeFiles/rccl_device_gfx950.dir/__/hipify/gensrc/specialized/specialized_allreduce_tree_ll128_sum_u32_0_0_1.o
[ 65%] Building RCCLDEV object src/CMakeFiles/rccl_device_gfx950.dir/__/hipify/gensrc/specialized/specialized_allreduce_tree_ll128_sum_u32_1_0_1.o
[ 65%] Building RCCLDEV object src/CMakeFiles/rccl_device_gfx950.dir/__/hipify/gensrc/specialized/specialized_allreduce_tree_ll128_sum_u64_0_0_1.o
[ 65%] Building RCCLDEV object src/CMakeFiles/rccl_device_gfx950.dir/__/hipify/gensrc/specialized/specialized_allreduce_tree_ll128_sum_u64_1_0_1.o
[ 65%] Building RCCLDEV object src/CMakeFiles/rccl_device_gfx950.dir/__/hipify/gensrc/specialized/specialized_allreduce_tree_ll128_sum_f16_0_0_1.o
[ 65%] Building RCCLDEV object src/CMakeFiles/rccl_device_gfx950.dir/__/hipify/gensrc/specialized/specialized_allreduce_tree_ll128_sum_f16_1_0_1.o
[ 65%] Building RCCLDEV object src/CMakeFiles/rccl_device_gfx950.dir/__/hipify/gensrc/specialized/specialized_allreduce_tree_ll128_sum_f32_0_0_1.o
[ 65%] Building RCCLDEV object src/CMakeFiles/rccl_device_gfx950.dir/__/hipify/gensrc/specialized/specialized_allreduce_tree_ll128_sum_f32_1_0_1.o
[ 65%] Building RCCLDEV object src/CMakeFiles/rccl_device_gfx950.dir/__/hipify/gensrc/specialized/specialized_allreduce_tree_ll128_sum_f64_0_0_1.o
[ 65%] Building RCCLDEV object src/CMakeFiles/rccl_device_gfx950.dir/__/hipify/gensrc/specialized/specialized_allreduce_tree_ll128_sum_f64_1_0_1.o
[ 65%] Building RCCLDEV object src/CMakeFiles/rccl_device_gfx950.dir/__/hipify/gensrc/specialized/specialized_allreduce_tree_ll128_sum_bf16_0_0_1.o
[ 65%] Building RCCLDEV object src/CMakeFiles/rccl_device_gfx950.dir/__/hipify/gensrc/specialized/specialized_allreduce_tree_ll128_sum_bf16_1_0_1.o
[ 65%] Building RCCLDEV object src/CMakeFiles/rccl_device_gfx950.dir/__/hipify/gensrc/specialized/specialized_allreduce_tree_ll128_prod_u8_0_0_1.o
[ 65%] Building RCCLDEV object src/CMakeFiles/rccl_device_gfx950.dir/__/hipify/gensrc/specialized/specialized_allreduce_tree_ll128_prod_u8_1_0_1.o
[ 65%] Building RCCLDEV object src/CMakeFiles/rccl_device_gfx950.dir/__/hipify/gensrc/specialized/specialized_allreduce_tree_ll128_prod_u32_0_0_1.o
[ 65%] Building RCCLDEV object src/CMakeFiles/rccl_device_gfx950.dir/__/hipify/gensrc/specialized/specialized_allreduce_tree_ll128_prod_u32_1_0_1.o
[ 65%] Building RCCLDEV object src/CMakeFiles/rccl_device_gfx950.dir/__/hipify/gensrc/specialized/specialized_allreduce_tree_ll128_prod_u64_1_0_1.o
[ 65%] Building RCCLDEV object src/CMakeFiles/rccl_device_gfx950.dir/__/hipify/gensrc/specialized/specialized_allreduce_tree_ll128_prod_u64_0_0_1.o
[ 65%] Building RCCLDEV object src/CMakeFiles/rccl_device_gfx950.dir/__/hipify/gensrc/specialized/specialized_allreduce_tree_ll128_prod_f16_0_0_1.o
[ 65%] Building RCCLDEV object src/CMakeFiles/rccl_device_gfx950.dir/__/hipify/gensrc/specialized/specialized_allreduce_tree_ll128_prod_f16_1_0_1.o
[ 65%] Building RCCLDEV object src/CMakeFiles/rccl_device_gfx950.dir/__/hipify/gensrc/specialized/specialized_allreduce_tree_ll128_prod_f32_0_0_1.o
[ 65%] Building RCCLDEV object src/CMakeFiles/rccl_device_gfx950.dir/__/hipify/gensrc/specialized/specialized_allreduce_tree_ll128_prod_f32_1_0_1.o
[ 65%] Building RCCLDEV object src/CMakeFiles/rccl_device_gfx950.dir/__/hipify/gensrc/specialized/specialized_allreduce_tree_ll128_prod_f64_0_0_1.o
[ 66%] Building RCCLDEV object src/CMakeFiles/rccl_device_gfx950.dir/__/hipify/gensrc/specialized/specialized_allreduce_tree_ll128_prod_f64_1_0_1.o
[ 66%] Building RCCLDEV object src/CMakeFiles/rccl_device_gfx950.dir/__/hipify/gensrc/specialized/specialized_allreduce_tree_ll128_prod_bf16_0_0_1.o
[ 66%] Building RCCLDEV object src/CMakeFiles/rccl_device_gfx950.dir/__/hipify/gensrc/specialized/specialized_allreduce_tree_ll128_prod_bf16_1_0_1.o
[ 66%] Building RCCLDEV object src/CMakeFiles/rccl_device_gfx950.dir/__/hipify/gensrc/specialized/specialized_allreduce_tree_ll128_minmax_u8_0_0_1.o
[ 66%] Building RCCLDEV object src/CMakeFiles/rccl_device_gfx950.dir/__/hipify/gensrc/specialized/specialized_allreduce_tree_ll128_minmax_u8_1_0_1.o
[ 66%] Building RCCLDEV object src/CMakeFiles/rccl_device_gfx950.dir/__/hipify/gensrc/specialized/specialized_allreduce_tree_ll128_minmax_u32_0_0_1.o
[ 66%] Building RCCLDEV object src/CMakeFiles/rccl_device_gfx950.dir/__/hipify/gensrc/specialized/specialized_allreduce_tree_ll128_minmax_u32_1_0_1.o
[ 66%] Building RCCLDEV object src/CMakeFiles/rccl_device_gfx950.dir/__/hipify/gensrc/specialized/specialized_allreduce_tree_ll128_minmax_u64_0_0_1.o
[ 66%] Building RCCLDEV object src/CMakeFiles/rccl_device_gfx950.dir/__/hipify/gensrc/specialized/specialized_allreduce_tree_ll128_minmax_u64_1_0_1.o
[ 66%] Building RCCLDEV object src/CMakeFiles/rccl_device_gfx950.dir/__/hipify/gensrc/specialized/specialized_allreduce_tree_ll128_minmax_f16_0_0_1.o
[ 66%] Building RCCLDEV object src/CMakeFiles/rccl_device_gfx950.dir/__/hipify/gensrc/specialized/specialized_allreduce_tree_ll128_minmax_f16_1_0_1.o
[ 66%] Building RCCLDEV object src/CMakeFiles/rccl_device_gfx950.dir/__/hipify/gensrc/specialized/specialized_allreduce_tree_ll128_minmax_f32_0_0_1.o
[ 66%] Building RCCLDEV object src/CMakeFiles/rccl_device_gfx950.dir/__/hipify/gensrc/specialized/specialized_allreduce_tree_ll128_minmax_f32_1_0_1.o
[ 66%] Building RCCLDEV object src/CMakeFiles/rccl_device_gfx950.dir/__/hipify/gensrc/specialized/specialized_allreduce_tree_ll128_minmax_f64_0_0_1.o
[ 66%] Building RCCLDEV object src/CMakeFiles/rccl_device_gfx950.dir/__/hipify/gensrc/specialized/specialized_allreduce_tree_ll128_minmax_f64_1_0_1.o
[ 66%] Building RCCLDEV object src/CMakeFiles/rccl_device_gfx950.dir/__/hipify/gensrc/specialized/specialized_allreduce_tree_ll128_minmax_bf16_0_0_1.o
[ 66%] Building RCCLDEV object src/CMakeFiles/rccl_device_gfx950.dir/__/hipify/gensrc/specialized/specialized_allreduce_tree_ll128_minmax_bf16_1_0_1.o
[ 66%] Building RCCLDEV object src/CMakeFiles/rccl_device_gfx950.dir/__/hipify/gensrc/specialized/specialized_allreduce_tree_ll128_premulsum_u8_0_0_1.o
[ 66%] Building RCCLDEV object src/CMakeFiles/rccl_device_gfx950.dir/__/hipify/gensrc/specialized/specialized_allreduce_tree_ll128_premulsum_u32_0_0_1.o
[ 66%] Building RCCLDEV object src/CMakeFiles/rccl_device_gfx950.dir/__/hipify/gensrc/specialized/specialized_allreduce_tree_ll128_premulsum_u8_1_0_1.o
[ 66%] Building RCCLDEV object src/CMakeFiles/rccl_device_gfx950.dir/__/hipify/gensrc/specialized/specialized_allreduce_tree_ll128_premulsum_u32_1_0_1.o
[ 66%] Building RCCLDEV object src/CMakeFiles/rccl_device_gfx950.dir/__/hipify/gensrc/specialized/specialized_allreduce_tree_ll128_premulsum_u64_0_0_1.o
[ 66%] Building RCCLDEV object src/CMakeFiles/rccl_device_gfx950.dir/__/hipify/gensrc/specialized/specialized_allreduce_tree_ll128_premulsum_u64_1_0_1.o
[ 66%] Building RCCLDEV object src/CMakeFiles/rccl_device_gfx950.dir/__/hipify/gensrc/specialized/specialized_allreduce_tree_ll128_premulsum_f16_0_0_1.o
[ 66%] Building RCCLDEV object src/CMakeFiles/rccl_device_gfx950.dir/__/hipify/gensrc/specialized/specialized_allreduce_tree_ll128_premulsum_f16_1_0_1.o
[ 66%] Building RCCLDEV object src/CMakeFiles/rccl_device_gfx950.dir/__/hipify/gensrc/specialized/specialized_allreduce_tree_ll128_premulsum_f32_0_0_1.o
[ 66%] Building RCCLDEV object src/CMakeFiles/rccl_device_gfx950.dir/__/hipify/gensrc/specialized/specialized_allreduce_tree_ll128_premulsum_f32_1_0_1.o
[ 66%] Building RCCLDEV object src/CMakeFiles/rccl_device_gfx950.dir/__/hipify/gensrc/specialized/specialized_allreduce_tree_ll128_premulsum_f64_0_0_1.o
[ 66%] Building RCCLDEV object src/CMakeFiles/rccl_device_gfx950.dir/__/hipify/gensrc/specialized/specialized_allreduce_tree_ll128_premulsum_f64_1_0_1.o
[ 66%] Building RCCLDEV object src/CMakeFiles/rccl_device_gfx950.dir/__/hipify/gensrc/specialized/specialized_allreduce_tree_ll128_premulsum_bf16_0_0_1.o
[ 66%] Building RCCLDEV object src/CMakeFiles/rccl_device_gfx950.dir/__/hipify/gensrc/specialized/specialized_allreduce_tree_ll128_premulsum_bf16_1_0_1.o
[ 66%] Building RCCLDEV object src/CMakeFiles/rccl_device_gfx950.dir/__/hipify/gensrc/specialized/specialized_allreduce_tree_ll128_sumpostdiv_u8_0_0_1.o
[ 66%] Building RCCLDEV object src/CMakeFiles/rccl_device_gfx950.dir/__/hipify/gensrc/specialized/specialized_allreduce_tree_ll128_sumpostdiv_u8_1_0_1.o
[ 66%] Building RCCLDEV object src/CMakeFiles/rccl_device_gfx950.dir/__/hipify/gensrc/specialized/specialized_allreduce_tree_ll128_sumpostdiv_u32_0_0_1.o
[ 66%] Building RCCLDEV object src/CMakeFiles/rccl_device_gfx950.dir/__/hipify/gensrc/specialized/specialized_allreduce_tree_ll128_sumpostdiv_u32_1_0_1.o
[ 66%] Building RCCLDEV object src/CMakeFiles/rccl_device_gfx950.dir/__/hipify/gensrc/specialized/specialized_allreduce_tree_ll128_sumpostdiv_u64_0_0_1.o
[ 66%] Building RCCLDEV object src/CMakeFiles/rccl_device_gfx950.dir/__/hipify/gensrc/specialized/specialized_allreduce_tree_ll128_sumpostdiv_u64_1_0_1.o
[ 66%] Building RCCLDEV object src/CMakeFiles/rccl_device_gfx950.dir/__/hipify/gensrc/specialized/specialized_broadcast_ring_ll128_sum_i8_0_0_2.o
[ 66%] Building RCCLDEV object src/CMakeFiles/rccl_device_gfx950.dir/__/hipify/gensrc/specialized/specialized_reduce_ring_ll128_sum_u8_0_0_2.o
[ 66%] Building RCCLDEV object src/CMakeFiles/rccl_device_gfx950.dir/__/hipify/gensrc/specialized/specialized_reduce_ring_ll128_sum_u32_0_0_2.o
[ 66%] Building RCCLDEV object src/CMakeFiles/rccl_device_gfx950.dir/__/hipify/gensrc/specialized/specialized_reduce_ring_ll128_sum_u64_0_0_2.o
[ 66%] Building RCCLDEV object src/CMakeFiles/rccl_device_gfx950.dir/__/hipify/gensrc/specialized/specialized_reduce_ring_ll128_sum_f16_0_0_2.o
[ 66%] Building RCCLDEV object src/CMakeFiles/rccl_device_gfx950.dir/__/hipify/gensrc/specialized/specialized_reduce_ring_ll128_sum_f32_0_0_2.o
[ 66%] Building RCCLDEV object src/CMakeFiles/rccl_device_gfx950.dir/__/hipify/gensrc/specialized/specialized_reduce_ring_ll128_sum_f64_0_0_2.o
[ 68%] Building RCCLDEV object src/CMakeFiles/rccl_device_gfx950.dir/__/hipify/gensrc/specialized/specialized_reduce_ring_ll128_sum_bf16_0_0_2.o
[ 68%] Building RCCLDEV object src/CMakeFiles/rccl_device_gfx950.dir/__/hipify/gensrc/specialized/specialized_reduce_ring_ll128_prod_u8_0_0_2.o
[ 68%] Building RCCLDEV object src/CMakeFiles/rccl_device_gfx950.dir/__/hipify/gensrc/specialized/specialized_reduce_ring_ll128_prod_u32_0_0_2.o
[ 68%] Building RCCLDEV object src/CMakeFiles/rccl_device_gfx950.dir/__/hipify/gensrc/specialized/specialized_reduce_ring_ll128_prod_u64_0_0_2.o
[ 68%] Building RCCLDEV object src/CMakeFiles/rccl_device_gfx950.dir/__/hipify/gensrc/specialized/specialized_reduce_ring_ll128_prod_f16_0_0_2.o
[ 68%] Building RCCLDEV object src/CMakeFiles/rccl_device_gfx950.dir/__/hipify/gensrc/specialized/specialized_reduce_ring_ll128_prod_f32_0_0_2.o
[ 68%] Building RCCLDEV object src/CMakeFiles/rccl_device_gfx950.dir/__/hipify/gensrc/specialized/specialized_reduce_ring_ll128_prod_f64_0_0_2.o
[ 68%] Building RCCLDEV object src/CMakeFiles/rccl_device_gfx950.dir/__/hipify/gensrc/specialized/specialized_reduce_ring_ll128_prod_bf16_0_0_2.o
[ 68%] Building RCCLDEV object src/CMakeFiles/rccl_device_gfx950.dir/__/hipify/gensrc/specialized/specialized_reduce_ring_ll128_minmax_u8_0_0_2.o
[ 68%] Building RCCLDEV object src/CMakeFiles/rccl_device_gfx950.dir/__/hipify/gensrc/specialized/specialized_reduce_ring_ll128_minmax_u32_0_0_2.o
[ 68%] Building RCCLDEV object src/CMakeFiles/rccl_device_gfx950.dir/__/hipify/gensrc/specialized/specialized_reduce_ring_ll128_minmax_u64_0_0_2.o
[ 68%] Building RCCLDEV object src/CMakeFiles/rccl_device_gfx950.dir/__/hipify/gensrc/specialized/specialized_reduce_ring_ll128_minmax_f16_0_0_2.o
[ 68%] Building RCCLDEV object src/CMakeFiles/rccl_device_gfx950.dir/__/hipify/gensrc/specialized/specialized_reduce_ring_ll128_minmax_f32_0_0_2.o
[ 68%] Building RCCLDEV object src/CMakeFiles/rccl_device_gfx950.dir/__/hipify/gensrc/specialized/specialized_reduce_ring_ll128_minmax_f64_0_0_2.o
[ 68%] Building RCCLDEV object src/CMakeFiles/rccl_device_gfx950.dir/__/hipify/gensrc/specialized/specialized_reduce_ring_ll128_minmax_bf16_0_0_2.o
[ 68%] Building RCCLDEV object src/CMakeFiles/rccl_device_gfx950.dir/__/hipify/gensrc/specialized/specialized_reduce_ring_ll128_premulsum_u8_0_0_2.o
[ 68%] Building RCCLDEV object src/CMakeFiles/rccl_device_gfx950.dir/__/hipify/gensrc/specialized/specialized_reduce_ring_ll128_premulsum_u32_0_0_2.o
[ 68%] Building RCCLDEV object src/CMakeFiles/rccl_device_gfx950.dir/__/hipify/gensrc/specialized/specialized_reduce_ring_ll128_premulsum_u64_0_0_2.o
[ 68%] Building RCCLDEV object src/CMakeFiles/rccl_device_gfx950.dir/__/hipify/gensrc/specialized/specialized_reduce_ring_ll128_premulsum_f16_0_0_2.o
[ 68%] Building RCCLDEV object src/CMakeFiles/rccl_device_gfx950.dir/__/hipify/gensrc/specialized/specialized_reduce_ring_ll128_premulsum_f32_0_0_2.o
[ 68%] Building RCCLDEV object src/CMakeFiles/rccl_device_gfx950.dir/__/hipify/gensrc/specialized/specialized_reduce_ring_ll128_premulsum_f64_0_0_2.o
[ 68%] Building RCCLDEV object src/CMakeFiles/rccl_device_gfx950.dir/__/hipify/gensrc/specialized/specialized_reduce_ring_ll128_sumpostdiv_u8_0_0_2.o
[ 68%] Building RCCLDEV object src/CMakeFiles/rccl_device_gfx950.dir/__/hipify/gensrc/specialized/specialized_reduce_ring_ll128_premulsum_bf16_0_0_2.o
[ 68%] Building RCCLDEV object src/CMakeFiles/rccl_device_gfx950.dir/__/hipify/gensrc/specialized/specialized_reduce_ring_ll128_sumpostdiv_u32_0_0_2.o
[ 68%] Building RCCLDEV object src/CMakeFiles/rccl_device_gfx950.dir/__/hipify/gensrc/specialized/specialized_reduce_ring_ll128_sumpostdiv_u64_0_0_2.o
[ 68%] Building RCCLDEV object src/CMakeFiles/rccl_device_gfx950.dir/__/hipify/gensrc/specialized/specialized_allgather_ring_ll128_sum_i8_0_0_2.o
[ 68%] Building RCCLDEV object src/CMakeFiles/rccl_device_gfx950.dir/__/hipify/gensrc/specialized/specialized_reducescatter_ring_ll128_sum_u8_0_0_2.o
[ 68%] Building RCCLDEV object src/CMakeFiles/rccl_device_gfx950.dir/__/hipify/gensrc/specialized/specialized_reducescatter_ring_ll128_sum_u32_0_0_2.o
[ 68%] Building RCCLDEV object src/CMakeFiles/rccl_device_gfx950.dir/__/hipify/gensrc/specialized/specialized_reducescatter_ring_ll128_sum_u64_0_0_2.o
[ 68%] Building RCCLDEV object src/CMakeFiles/rccl_device_gfx950.dir/__/hipify/gensrc/specialized/specialized_reducescatter_ring_ll128_sum_f16_0_0_2.o
[ 68%] Building RCCLDEV object src/CMakeFiles/rccl_device_gfx950.dir/__/hipify/gensrc/specialized/specialized_reducescatter_ring_ll128_sum_f32_0_0_2.o
[ 68%] Building RCCLDEV object src/CMakeFiles/rccl_device_gfx950.dir/__/hipify/gensrc/specialized/specialized_reducescatter_ring_ll128_sum_f64_0_0_2.o
[ 68%] Building RCCLDEV object src/CMakeFiles/rccl_device_gfx950.dir/__/hipify/gensrc/specialized/specialized_reducescatter_ring_ll128_sum_bf16_0_0_2.o
[ 68%] Building RCCLDEV object src/CMakeFiles/rccl_device_gfx950.dir/__/hipify/gensrc/specialized/specialized_reducescatter_ring_ll128_prod_u8_0_0_2.o
[ 68%] Building RCCLDEV object src/CMakeFiles/rccl_device_gfx950.dir/__/hipify/gensrc/specialized/specialized_reducescatter_ring_ll128_prod_u32_0_0_2.o
[ 68%] Building RCCLDEV object src/CMakeFiles/rccl_device_gfx950.dir/__/hipify/gensrc/specialized/specialized_reducescatter_ring_ll128_prod_u64_0_0_2.o
[ 68%] Building RCCLDEV object src/CMakeFiles/rccl_device_gfx950.dir/__/hipify/gensrc/specialized/specialized_reducescatter_ring_ll128_prod_f16_0_0_2.o
[ 68%] Building RCCLDEV object src/CMakeFiles/rccl_device_gfx950.dir/__/hipify/gensrc/specialized/specialized_reducescatter_ring_ll128_prod_f32_0_0_2.o
[ 68%] Building RCCLDEV object src/CMakeFiles/rccl_device_gfx950.dir/__/hipify/gensrc/specialized/specialized_reducescatter_ring_ll128_prod_f64_0_0_2.o
[ 68%] Building RCCLDEV object src/CMakeFiles/rccl_device_gfx950.dir/__/hipify/gensrc/specialized/specialized_reducescatter_ring_ll128_prod_bf16_0_0_2.o
[ 68%] Building RCCLDEV object src/CMakeFiles/rccl_device_gfx950.dir/__/hipify/gensrc/specialized/specialized_reducescatter_ring_ll128_minmax_u8_0_0_2.o
[ 68%] Building RCCLDEV object src/CMakeFiles/rccl_device_gfx950.dir/__/hipify/gensrc/specialized/specialized_reducescatter_ring_ll128_minmax_u32_0_0_2.o
[ 68%] Building RCCLDEV object src/CMakeFiles/rccl_device_gfx950.dir/__/hipify/gensrc/specialized/specialized_reducescatter_ring_ll128_minmax_u64_0_0_2.o
[ 68%] Building RCCLDEV object src/CMakeFiles/rccl_device_gfx950.dir/__/hipify/gensrc/specialized/specialized_reducescatter_ring_ll128_minmax_f16_0_0_2.o
[ 68%] Building RCCLDEV object src/CMakeFiles/rccl_device_gfx950.dir/__/hipify/gensrc/specialized/specialized_reducescatter_ring_ll128_minmax_f32_0_0_2.o
[ 69%] Building RCCLDEV object src/CMakeFiles/rccl_device_gfx950.dir/__/hipify/gensrc/specialized/specialized_reducescatter_ring_ll128_minmax_f64_0_0_2.o
[ 69%] Building RCCLDEV object src/CMakeFiles/rccl_device_gfx950.dir/__/hipify/gensrc/specialized/specialized_reducescatter_ring_ll128_minmax_bf16_0_0_2.o
[ 69%] Building RCCLDEV object src/CMakeFiles/rccl_device_gfx950.dir/__/hipify/gensrc/specialized/specialized_reducescatter_ring_ll128_premulsum_u8_0_0_2.o
[ 69%] Building RCCLDEV object src/CMakeFiles/rccl_device_gfx950.dir/__/hipify/gensrc/specialized/specialized_reducescatter_ring_ll128_premulsum_u32_0_0_2.o
[ 69%] Building RCCLDEV object src/CMakeFiles/rccl_device_gfx950.dir/__/hipify/gensrc/specialized/specialized_reducescatter_ring_ll128_premulsum_u64_0_0_2.o
[ 69%] Building RCCLDEV object src/CMakeFiles/rccl_device_gfx950.dir/__/hipify/gensrc/specialized/specialized_reducescatter_ring_ll128_premulsum_f16_0_0_2.o
[ 69%] Building RCCLDEV object src/CMakeFiles/rccl_device_gfx950.dir/__/hipify/gensrc/specialized/specialized_reducescatter_ring_ll128_premulsum_f32_0_0_2.o
[ 69%] Building RCCLDEV object src/CMakeFiles/rccl_device_gfx950.dir/__/hipify/gensrc/specialized/specialized_reducescatter_ring_ll128_premulsum_f64_0_0_2.o
[ 69%] Building RCCLDEV object src/CMakeFiles/rccl_device_gfx950.dir/__/hipify/gensrc/specialized/specialized_reducescatter_ring_ll128_premulsum_bf16_0_0_2.o
[ 69%] Building RCCLDEV object src/CMakeFiles/rccl_device_gfx950.dir/__/hipify/gensrc/specialized/specialized_reducescatter_ring_ll128_sumpostdiv_u8_0_0_2.o
[ 69%] Building RCCLDEV object src/CMakeFiles/rccl_device_gfx950.dir/__/hipify/gensrc/specialized/specialized_reducescatter_ring_ll128_sumpostdiv_u32_0_0_2.o
[ 69%] Building RCCLDEV object src/CMakeFiles/rccl_device_gfx950.dir/__/hipify/gensrc/specialized/specialized_reducescatter_ring_ll128_sumpostdiv_u64_0_0_2.o
[ 69%] Building RCCLDEV object src/CMakeFiles/rccl_device_gfx950.dir/__/hipify/gensrc/specialized/specialized_allreduce_ring_ll128_sum_u8_0_0_2.o
[ 69%] Building RCCLDEV object src/CMakeFiles/rccl_device_gfx950.dir/__/hipify/gensrc/specialized/specialized_allreduce_ring_ll128_sum_u8_1_0_2.o
[ 69%] Building RCCLDEV object src/CMakeFiles/rccl_device_gfx950.dir/__/hipify/gensrc/specialized/specialized_allreduce_ring_ll128_sum_u32_0_0_2.o
[ 69%] Building RCCLDEV object src/CMakeFiles/rccl_device_gfx950.dir/__/hipify/gensrc/specialized/specialized_allreduce_ring_ll128_sum_u32_1_0_2.o
[ 69%] Building RCCLDEV object src/CMakeFiles/rccl_device_gfx950.dir/__/hipify/gensrc/specialized/specialized_allreduce_ring_ll128_sum_u64_0_0_2.o
[ 69%] Building RCCLDEV object src/CMakeFiles/rccl_device_gfx950.dir/__/hipify/gensrc/specialized/specialized_allreduce_ring_ll128_sum_u64_1_0_2.o
[ 69%] Building RCCLDEV object src/CMakeFiles/rccl_device_gfx950.dir/__/hipify/gensrc/specialized/specialized_allreduce_ring_ll128_sum_f16_0_0_2.o
[ 69%] Building RCCLDEV object src/CMakeFiles/rccl_device_gfx950.dir/__/hipify/gensrc/specialized/specialized_allreduce_ring_ll128_sum_f16_1_0_2.o
[ 69%] Building RCCLDEV object src/CMakeFiles/rccl_device_gfx950.dir/__/hipify/gensrc/specialized/specialized_allreduce_ring_ll128_sum_f32_0_0_2.o
[ 69%] Building RCCLDEV object src/CMakeFiles/rccl_device_gfx950.dir/__/hipify/gensrc/specialized/specialized_allreduce_ring_ll128_sum_f32_1_0_2.o
[ 69%] Building RCCLDEV object src/CMakeFiles/rccl_device_gfx950.dir/__/hipify/gensrc/specialized/specialized_allreduce_ring_ll128_sum_f64_0_0_2.o
[ 69%] Building RCCLDEV object src/CMakeFiles/rccl_device_gfx950.dir/__/hipify/gensrc/specialized/specialized_allreduce_ring_ll128_sum_f64_1_0_2.o
[ 69%] Building RCCLDEV object src/CMakeFiles/rccl_device_gfx950.dir/__/hipify/gensrc/specialized/specialized_allreduce_ring_ll128_sum_bf16_0_0_2.o
[ 69%] Building RCCLDEV object src/CMakeFiles/rccl_device_gfx950.dir/__/hipify/gensrc/specialized/specialized_allreduce_ring_ll128_sum_bf16_1_0_2.o
[ 69%] Building RCCLDEV object src/CMakeFiles/rccl_device_gfx950.dir/__/hipify/gensrc/specialized/specialized_allreduce_ring_ll128_prod_u8_1_0_2.o
[ 69%] Building RCCLDEV object src/CMakeFiles/rccl_device_gfx950.dir/__/hipify/gensrc/specialized/specialized_allreduce_ring_ll128_prod_u32_0_0_2.o
[ 69%] Building RCCLDEV object src/CMakeFiles/rccl_device_gfx950.dir/__/hipify/gensrc/specialized/specialized_allreduce_ring_ll128_prod_u8_0_0_2.o
[ 69%] Building RCCLDEV object src/CMakeFiles/rccl_device_gfx950.dir/__/hipify/gensrc/specialized/specialized_allreduce_ring_ll128_prod_u32_1_0_2.o
[ 69%] Building RCCLDEV object src/CMakeFiles/rccl_device_gfx950.dir/__/hipify/gensrc/specialized/specialized_allreduce_ring_ll128_prod_u64_0_0_2.o
[ 69%] Building RCCLDEV object src/CMakeFiles/rccl_device_gfx950.dir/__/hipify/gensrc/specialized/specialized_allreduce_ring_ll128_prod_u64_1_0_2.o
[ 69%] Building RCCLDEV object src/CMakeFiles/rccl_device_gfx950.dir/__/hipify/gensrc/specialized/specialized_allreduce_ring_ll128_prod_f16_0_0_2.o
[ 69%] Building RCCLDEV object src/CMakeFiles/rccl_device_gfx950.dir/__/hipify/gensrc/specialized/specialized_allreduce_ring_ll128_prod_f16_1_0_2.o
[ 69%] Building RCCLDEV object src/CMakeFiles/rccl_device_gfx950.dir/__/hipify/gensrc/specialized/specialized_allreduce_ring_ll128_prod_f32_0_0_2.o
[ 69%] Building RCCLDEV object src/CMakeFiles/rccl_device_gfx950.dir/__/hipify/gensrc/specialized/specialized_allreduce_ring_ll128_prod_f32_1_0_2.o
[ 69%] Building RCCLDEV object src/CMakeFiles/rccl_device_gfx950.dir/__/hipify/gensrc/specialized/specialized_allreduce_ring_ll128_prod_f64_0_0_2.o
[ 69%] Building RCCLDEV object src/CMakeFiles/rccl_device_gfx950.dir/__/hipify/gensrc/specialized/specialized_allreduce_ring_ll128_prod_f64_1_0_2.o
[ 69%] Building RCCLDEV object src/CMakeFiles/rccl_device_gfx950.dir/__/hipify/gensrc/specialized/specialized_allreduce_ring_ll128_prod_bf16_0_0_2.o
[ 69%] Building RCCLDEV object src/CMakeFiles/rccl_device_gfx950.dir/__/hipify/gensrc/specialized/specialized_allreduce_ring_ll128_prod_bf16_1_0_2.o
[ 69%] Building RCCLDEV object src/CMakeFiles/rccl_device_gfx950.dir/__/hipify/gensrc/specialized/specialized_allreduce_ring_ll128_minmax_u8_0_0_2.o
[ 69%] Building RCCLDEV object src/CMakeFiles/rccl_device_gfx950.dir/__/hipify/gensrc/specialized/specialized_allreduce_ring_ll128_minmax_u8_1_0_2.o
[ 69%] Building RCCLDEV object src/CMakeFiles/rccl_device_gfx950.dir/__/hipify/gensrc/specialized/specialized_allreduce_ring_ll128_minmax_u32_0_0_2.o
[ 69%] Building RCCLDEV object src/CMakeFiles/rccl_device_gfx950.dir/__/hipify/gensrc/specialized/specialized_allreduce_ring_ll128_minmax_u32_1_0_2.o
[ 71%] Building RCCLDEV object src/CMakeFiles/rccl_device_gfx950.dir/__/hipify/gensrc/specialized/specialized_allreduce_ring_ll128_minmax_u64_0_0_2.o
[ 71%] Building RCCLDEV object src/CMakeFiles/rccl_device_gfx950.dir/__/hipify/gensrc/specialized/specialized_allreduce_ring_ll128_minmax_u64_1_0_2.o
[ 71%] Building RCCLDEV object src/CMakeFiles/rccl_device_gfx950.dir/__/hipify/gensrc/specialized/specialized_allreduce_ring_ll128_minmax_f16_0_0_2.o
[ 71%] Building RCCLDEV object src/CMakeFiles/rccl_device_gfx950.dir/__/hipify/gensrc/specialized/specialized_allreduce_ring_ll128_minmax_f16_1_0_2.o
[ 71%] Building RCCLDEV object src/CMakeFiles/rccl_device_gfx950.dir/__/hipify/gensrc/specialized/specialized_allreduce_ring_ll128_minmax_f32_0_0_2.o
[ 71%] Building RCCLDEV object src/CMakeFiles/rccl_device_gfx950.dir/__/hipify/gensrc/specialized/specialized_allreduce_ring_ll128_minmax_f32_1_0_2.o
[ 71%] Building RCCLDEV object src/CMakeFiles/rccl_device_gfx950.dir/__/hipify/gensrc/specialized/specialized_allreduce_ring_ll128_minmax_f64_0_0_2.o
[ 71%] Building RCCLDEV object src/CMakeFiles/rccl_device_gfx950.dir/__/hipify/gensrc/specialized/specialized_allreduce_ring_ll128_minmax_f64_1_0_2.o
[ 71%] Building RCCLDEV object src/CMakeFiles/rccl_device_gfx950.dir/__/hipify/gensrc/specialized/specialized_allreduce_ring_ll128_minmax_bf16_0_0_2.o
[ 71%] Building RCCLDEV object src/CMakeFiles/rccl_device_gfx950.dir/__/hipify/gensrc/specialized/specialized_allreduce_ring_ll128_minmax_bf16_1_0_2.o
[ 71%] Building RCCLDEV object src/CMakeFiles/rccl_device_gfx950.dir/__/hipify/gensrc/specialized/specialized_allreduce_ring_ll128_premulsum_u8_0_0_2.o
[ 71%] Building RCCLDEV object src/CMakeFiles/rccl_device_gfx950.dir/__/hipify/gensrc/specialized/specialized_allreduce_ring_ll128_premulsum_u8_1_0_2.o
[ 71%] Building RCCLDEV object src/CMakeFiles/rccl_device_gfx950.dir/__/hipify/gensrc/specialized/specialized_allreduce_ring_ll128_premulsum_u32_0_0_2.o
[ 71%] Building RCCLDEV object src/CMakeFiles/rccl_device_gfx950.dir/__/hipify/gensrc/specialized/specialized_allreduce_ring_ll128_premulsum_u32_1_0_2.o
[ 71%] Building RCCLDEV object src/CMakeFiles/rccl_device_gfx950.dir/__/hipify/gensrc/specialized/specialized_allreduce_ring_ll128_premulsum_u64_0_0_2.o
[ 71%] Building RCCLDEV object src/CMakeFiles/rccl_device_gfx950.dir/__/hipify/gensrc/specialized/specialized_allreduce_ring_ll128_premulsum_u64_1_0_2.o
[ 71%] Building RCCLDEV object src/CMakeFiles/rccl_device_gfx950.dir/__/hipify/gensrc/specialized/specialized_allreduce_ring_ll128_premulsum_f16_0_0_2.o
[ 71%] Building RCCLDEV object src/CMakeFiles/rccl_device_gfx950.dir/__/hipify/gensrc/specialized/specialized_allreduce_ring_ll128_premulsum_f16_1_0_2.o
[ 71%] Building RCCLDEV object src/CMakeFiles/rccl_device_gfx950.dir/__/hipify/gensrc/specialized/specialized_allreduce_ring_ll128_premulsum_f32_0_0_2.o
[ 71%] Building RCCLDEV object src/CMakeFiles/rccl_device_gfx950.dir/__/hipify/gensrc/specialized/specialized_allreduce_ring_ll128_premulsum_f32_1_0_2.o
[ 71%] Building RCCLDEV object src/CMakeFiles/rccl_device_gfx950.dir/__/hipify/gensrc/specialized/specialized_allreduce_ring_ll128_premulsum_f64_1_0_2.o
[ 71%] Building RCCLDEV object src/CMakeFiles/rccl_device_gfx950.dir/__/hipify/gensrc/specialized/specialized_allreduce_ring_ll128_premulsum_f64_0_0_2.o
[ 71%] Building RCCLDEV object src/CMakeFiles/rccl_device_gfx950.dir/__/hipify/gensrc/specialized/specialized_allreduce_ring_ll128_premulsum_bf16_1_0_2.o
[ 71%] Building RCCLDEV object src/CMakeFiles/rccl_device_gfx950.dir/__/hipify/gensrc/specialized/specialized_allreduce_ring_ll128_premulsum_bf16_0_0_2.o
[ 71%] Building RCCLDEV object src/CMakeFiles/rccl_device_gfx950.dir/__/hipify/gensrc/specialized/specialized_allreduce_ring_ll128_sumpostdiv_u8_0_0_2.o
[ 71%] Building RCCLDEV object src/CMakeFiles/rccl_device_gfx950.dir/__/hipify/gensrc/specialized/specialized_allreduce_ring_ll128_sumpostdiv_u8_1_0_2.o
[ 71%] Building RCCLDEV object src/CMakeFiles/rccl_device_gfx950.dir/__/hipify/gensrc/specialized/specialized_allreduce_ring_ll128_sumpostdiv_u32_0_0_2.o
[ 71%] Building RCCLDEV object src/CMakeFiles/rccl_device_gfx950.dir/__/hipify/gensrc/specialized/specialized_allreduce_ring_ll128_sumpostdiv_u32_1_0_2.o
[ 71%] Building RCCLDEV object src/CMakeFiles/rccl_device_gfx950.dir/__/hipify/gensrc/specialized/specialized_allreduce_ring_ll128_sumpostdiv_u64_0_0_2.o
[ 71%] Building RCCLDEV object src/CMakeFiles/rccl_device_gfx950.dir/__/hipify/gensrc/specialized/specialized_allreduce_ring_ll128_sumpostdiv_u64_1_0_2.o
[ 71%] Building RCCLDEV object src/CMakeFiles/rccl_device_gfx950.dir/__/hipify/gensrc/specialized/specialized_broadcast_ring_ll128_sum_i8_0_0_1.o
[ 71%] Building RCCLDEV object src/CMakeFiles/rccl_device_gfx950.dir/__/hipify/gensrc/specialized/specialized_reduce_ring_ll128_sum_u8_0_0_1.o
[ 71%] Building RCCLDEV object src/CMakeFiles/rccl_device_gfx950.dir/__/hipify/gensrc/specialized/specialized_reduce_ring_ll128_sum_u32_0_0_1.o
[ 71%] Building RCCLDEV object src/CMakeFiles/rccl_device_gfx950.dir/__/hipify/gensrc/specialized/specialized_reduce_ring_ll128_sum_u64_0_0_1.o
[ 71%] Building RCCLDEV object src/CMakeFiles/rccl_device_gfx950.dir/__/hipify/gensrc/specialized/specialized_reduce_ring_ll128_sum_f16_0_0_1.o
[ 71%] Building RCCLDEV object src/CMakeFiles/rccl_device_gfx950.dir/__/hipify/gensrc/specialized/specialized_reduce_ring_ll128_sum_f32_0_0_1.o
[ 71%] Building RCCLDEV object src/CMakeFiles/rccl_device_gfx950.dir/__/hipify/gensrc/specialized/specialized_reduce_ring_ll128_sum_f64_0_0_1.o
[ 71%] Building RCCLDEV object src/CMakeFiles/rccl_device_gfx950.dir/__/hipify/gensrc/specialized/specialized_reduce_ring_ll128_sum_bf16_0_0_1.o
[ 71%] Building RCCLDEV object src/CMakeFiles/rccl_device_gfx950.dir/__/hipify/gensrc/specialized/specialized_reduce_ring_ll128_prod_u8_0_0_1.o
[ 71%] Building RCCLDEV object src/CMakeFiles/rccl_device_gfx950.dir/__/hipify/gensrc/specialized/specialized_reduce_ring_ll128_prod_u32_0_0_1.o
[ 71%] Building RCCLDEV object src/CMakeFiles/rccl_device_gfx950.dir/__/hipify/gensrc/specialized/specialized_reduce_ring_ll128_prod_u64_0_0_1.o
[ 71%] Building RCCLDEV object src/CMakeFiles/rccl_device_gfx950.dir/__/hipify/gensrc/specialized/specialized_reduce_ring_ll128_prod_f16_0_0_1.o
[ 71%] Building RCCLDEV object src/CMakeFiles/rccl_device_gfx950.dir/__/hipify/gensrc/specialized/specialized_reduce_ring_ll128_prod_f32_0_0_1.o
[ 71%] Building RCCLDEV object src/CMakeFiles/rccl_device_gfx950.dir/__/hipify/gensrc/specialized/specialized_reduce_ring_ll128_prod_f64_0_0_1.o
[ 71%] Building RCCLDEV object src/CMakeFiles/rccl_device_gfx950.dir/__/hipify/gensrc/specialized/specialized_reduce_ring_ll128_prod_bf16_0_0_1.o
[ 73%] Building RCCLDEV object src/CMakeFiles/rccl_device_gfx950.dir/__/hipify/gensrc/specialized/specialized_reduce_ring_ll128_minmax_u8_0_0_1.o
[ 73%] Building RCCLDEV object src/CMakeFiles/rccl_device_gfx950.dir/__/hipify/gensrc/specialized/specialized_reduce_ring_ll128_minmax_u32_0_0_1.o
[ 73%] Building RCCLDEV object src/CMakeFiles/rccl_device_gfx950.dir/__/hipify/gensrc/specialized/specialized_reduce_ring_ll128_minmax_u64_0_0_1.o
[ 73%] Building RCCLDEV object src/CMakeFiles/rccl_device_gfx950.dir/__/hipify/gensrc/specialized/specialized_reduce_ring_ll128_minmax_f16_0_0_1.o
[ 73%] Building RCCLDEV object src/CMakeFiles/rccl_device_gfx950.dir/__/hipify/gensrc/specialized/specialized_reduce_ring_ll128_minmax_f32_0_0_1.o
[ 73%] Building RCCLDEV object src/CMakeFiles/rccl_device_gfx950.dir/__/hipify/gensrc/specialized/specialized_reduce_ring_ll128_minmax_f64_0_0_1.o
[ 73%] Building RCCLDEV object src/CMakeFiles/rccl_device_gfx950.dir/__/hipify/gensrc/specialized/specialized_reduce_ring_ll128_minmax_bf16_0_0_1.o
[ 73%] Building RCCLDEV object src/CMakeFiles/rccl_device_gfx950.dir/__/hipify/gensrc/specialized/specialized_reduce_ring_ll128_premulsum_u8_0_0_1.o
[ 73%] Building RCCLDEV object src/CMakeFiles/rccl_device_gfx950.dir/__/hipify/gensrc/specialized/specialized_reduce_ring_ll128_premulsum_u32_0_0_1.o
[ 73%] Building RCCLDEV object src/CMakeFiles/rccl_device_gfx950.dir/__/hipify/gensrc/specialized/specialized_reduce_ring_ll128_premulsum_u64_0_0_1.o
[ 73%] Building RCCLDEV object src/CMakeFiles/rccl_device_gfx950.dir/__/hipify/gensrc/specialized/specialized_reduce_ring_ll128_premulsum_f16_0_0_1.o
[ 73%] Building RCCLDEV object src/CMakeFiles/rccl_device_gfx950.dir/__/hipify/gensrc/specialized/specialized_reduce_ring_ll128_premulsum_f32_0_0_1.o
[ 73%] Building RCCLDEV object src/CMakeFiles/rccl_device_gfx950.dir/__/hipify/gensrc/specialized/specialized_reduce_ring_ll128_premulsum_f64_0_0_1.o
[ 73%] Building RCCLDEV object src/CMakeFiles/rccl_device_gfx950.dir/__/hipify/gensrc/specialized/specialized_reduce_ring_ll128_premulsum_bf16_0_0_1.o
[ 73%] Building RCCLDEV object src/CMakeFiles/rccl_device_gfx950.dir/__/hipify/gensrc/specialized/specialized_reduce_ring_ll128_sumpostdiv_u8_0_0_1.o
[ 73%] Building RCCLDEV object src/CMakeFiles/rccl_device_gfx950.dir/__/hipify/gensrc/specialized/specialized_reduce_ring_ll128_sumpostdiv_u32_0_0_1.o
[ 73%] Building RCCLDEV object src/CMakeFiles/rccl_device_gfx950.dir/__/hipify/gensrc/specialized/specialized_reduce_ring_ll128_sumpostdiv_u64_0_0_1.o
[ 73%] Building RCCLDEV object src/CMakeFiles/rccl_device_gfx950.dir/__/hipify/gensrc/specialized/specialized_allgather_ring_ll128_sum_i8_0_0_1.o
[ 73%] Building RCCLDEV object src/CMakeFiles/rccl_device_gfx950.dir/__/hipify/gensrc/specialized/specialized_reducescatter_ring_ll128_sum_u8_0_0_1.o
[ 73%] Building RCCLDEV object src/CMakeFiles/rccl_device_gfx950.dir/__/hipify/gensrc/specialized/specialized_reducescatter_ring_ll128_sum_u32_0_0_1.o
[ 73%] Building RCCLDEV object src/CMakeFiles/rccl_device_gfx950.dir/__/hipify/gensrc/specialized/specialized_reducescatter_ring_ll128_sum_u64_0_0_1.o
[ 73%] Building RCCLDEV object src/CMakeFiles/rccl_device_gfx950.dir/__/hipify/gensrc/specialized/specialized_reducescatter_ring_ll128_sum_f16_0_0_1.o
[ 73%] Building RCCLDEV object src/CMakeFiles/rccl_device_gfx950.dir/__/hipify/gensrc/specialized/specialized_reducescatter_ring_ll128_sum_f32_0_0_1.o
[ 73%] Building RCCLDEV object src/CMakeFiles/rccl_device_gfx950.dir/__/hipify/gensrc/specialized/specialized_reducescatter_ring_ll128_sum_f64_0_0_1.o
[ 73%] Building RCCLDEV object src/CMakeFiles/rccl_device_gfx950.dir/__/hipify/gensrc/specialized/specialized_reducescatter_ring_ll128_sum_bf16_0_0_1.o
[ 73%] Building RCCLDEV object src/CMakeFiles/rccl_device_gfx950.dir/__/hipify/gensrc/specialized/specialized_reducescatter_ring_ll128_prod_u8_0_0_1.o
[ 73%] Building RCCLDEV object src/CMakeFiles/rccl_device_gfx950.dir/__/hipify/gensrc/specialized/specialized_reducescatter_ring_ll128_prod_u32_0_0_1.o
[ 73%] Building RCCLDEV object src/CMakeFiles/rccl_device_gfx950.dir/__/hipify/gensrc/specialized/specialized_reducescatter_ring_ll128_prod_u64_0_0_1.o
[ 73%] Building RCCLDEV object src/CMakeFiles/rccl_device_gfx950.dir/__/hipify/gensrc/specialized/specialized_reducescatter_ring_ll128_prod_f16_0_0_1.o
[ 73%] Building RCCLDEV object src/CMakeFiles/rccl_device_gfx950.dir/__/hipify/gensrc/specialized/specialized_reducescatter_ring_ll128_prod_f32_0_0_1.o
[ 73%] Building RCCLDEV object src/CMakeFiles/rccl_device_gfx950.dir/__/hipify/gensrc/specialized/specialized_reducescatter_ring_ll128_prod_f64_0_0_1.o
[ 73%] Building RCCLDEV object src/CMakeFiles/rccl_device_gfx950.dir/__/hipify/gensrc/specialized/specialized_reducescatter_ring_ll128_prod_bf16_0_0_1.o
[ 73%] Building RCCLDEV object src/CMakeFiles/rccl_device_gfx950.dir/__/hipify/gensrc/specialized/specialized_reducescatter_ring_ll128_minmax_u8_0_0_1.o
[ 73%] Building RCCLDEV object src/CMakeFiles/rccl_device_gfx950.dir/__/hipify/gensrc/specialized/specialized_reducescatter_ring_ll128_minmax_u32_0_0_1.o
[ 73%] Building RCCLDEV object src/CMakeFiles/rccl_device_gfx950.dir/__/hipify/gensrc/specialized/specialized_reducescatter_ring_ll128_minmax_u64_0_0_1.o
[ 73%] Building RCCLDEV object src/CMakeFiles/rccl_device_gfx950.dir/__/hipify/gensrc/specialized/specialized_reducescatter_ring_ll128_minmax_f16_0_0_1.o
[ 73%] Building RCCLDEV object src/CMakeFiles/rccl_device_gfx950.dir/__/hipify/gensrc/specialized/specialized_reducescatter_ring_ll128_minmax_f32_0_0_1.o
[ 73%] Building RCCLDEV object src/CMakeFiles/rccl_device_gfx950.dir/__/hipify/gensrc/specialized/specialized_reducescatter_ring_ll128_minmax_f64_0_0_1.o
[ 73%] Building RCCLDEV object src/CMakeFiles/rccl_device_gfx950.dir/__/hipify/gensrc/specialized/specialized_reducescatter_ring_ll128_minmax_bf16_0_0_1.o
[ 73%] Building RCCLDEV object src/CMakeFiles/rccl_device_gfx950.dir/__/hipify/gensrc/specialized/specialized_reducescatter_ring_ll128_premulsum_u8_0_0_1.o
[ 73%] Building RCCLDEV object src/CMakeFiles/rccl_device_gfx950.dir/__/hipify/gensrc/specialized/specialized_reducescatter_ring_ll128_premulsum_u32_0_0_1.o
[ 73%] Building RCCLDEV object src/CMakeFiles/rccl_device_gfx950.dir/__/hipify/gensrc/specialized/specialized_reducescatter_ring_ll128_premulsum_u64_0_0_1.o
[ 73%] Building RCCLDEV object src/CMakeFiles/rccl_device_gfx950.dir/__/hipify/gensrc/specialized/specialized_reducescatter_ring_ll128_premulsum_f16_0_0_1.o
[ 73%] Building RCCLDEV object src/CMakeFiles/rccl_device_gfx950.dir/__/hipify/gensrc/specialized/specialized_reducescatter_ring_ll128_premulsum_f32_0_0_1.o
[ 73%] Building RCCLDEV object src/CMakeFiles/rccl_device_gfx950.dir/__/hipify/gensrc/specialized/specialized_reducescatter_ring_ll128_premulsum_f64_0_0_1.o
[ 74%] Building RCCLDEV object src/CMakeFiles/rccl_device_gfx950.dir/__/hipify/gensrc/specialized/specialized_reducescatter_ring_ll128_premulsum_bf16_0_0_1.o
[ 74%] Building RCCLDEV object src/CMakeFiles/rccl_device_gfx950.dir/__/hipify/gensrc/specialized/specialized_reducescatter_ring_ll128_sumpostdiv_u32_0_0_1.o
[ 74%] Building RCCLDEV object src/CMakeFiles/rccl_device_gfx950.dir/__/hipify/gensrc/specialized/specialized_reducescatter_ring_ll128_sumpostdiv_u8_0_0_1.o
[ 74%] Building RCCLDEV object src/CMakeFiles/rccl_device_gfx950.dir/__/hipify/gensrc/specialized/specialized_reducescatter_ring_ll128_sumpostdiv_u64_0_0_1.o
[ 74%] Building RCCLDEV object src/CMakeFiles/rccl_device_gfx950.dir/__/hipify/gensrc/specialized/specialized_allreduce_ring_ll128_sum_u8_0_0_1.o
[ 74%] Building RCCLDEV object src/CMakeFiles/rccl_device_gfx950.dir/__/hipify/gensrc/specialized/specialized_allreduce_ring_ll128_sum_u32_0_0_1.o
[ 74%] Building RCCLDEV object src/CMakeFiles/rccl_device_gfx950.dir/__/hipify/gensrc/specialized/specialized_allreduce_ring_ll128_sum_u8_1_0_1.o
[ 74%] Building RCCLDEV object src/CMakeFiles/rccl_device_gfx950.dir/__/hipify/gensrc/specialized/specialized_allreduce_ring_ll128_sum_u32_1_0_1.o
[ 74%] Building RCCLDEV object src/CMakeFiles/rccl_device_gfx950.dir/__/hipify/gensrc/specialized/specialized_allreduce_ring_ll128_sum_u64_0_0_1.o
[ 74%] Building RCCLDEV object src/CMakeFiles/rccl_device_gfx950.dir/__/hipify/gensrc/specialized/specialized_allreduce_ring_ll128_sum_u64_1_0_1.o
[ 74%] Building RCCLDEV object src/CMakeFiles/rccl_device_gfx950.dir/__/hipify/gensrc/specialized/specialized_allreduce_ring_ll128_sum_f16_0_0_1.o
[ 74%] Building RCCLDEV object src/CMakeFiles/rccl_device_gfx950.dir/__/hipify/gensrc/specialized/specialized_allreduce_ring_ll128_sum_f16_1_0_1.o
[ 74%] Building RCCLDEV object src/CMakeFiles/rccl_device_gfx950.dir/__/hipify/gensrc/specialized/specialized_allreduce_ring_ll128_sum_f32_0_0_1.o
[ 74%] Building RCCLDEV object src/CMakeFiles/rccl_device_gfx950.dir/__/hipify/gensrc/specialized/specialized_allreduce_ring_ll128_sum_f32_1_0_1.o
[ 74%] Building RCCLDEV object src/CMakeFiles/rccl_device_gfx950.dir/__/hipify/gensrc/specialized/specialized_allreduce_ring_ll128_sum_f64_0_0_1.o
[ 74%] Building RCCLDEV object src/CMakeFiles/rccl_device_gfx950.dir/__/hipify/gensrc/specialized/specialized_allreduce_ring_ll128_sum_f64_1_0_1.o
[ 74%] Building RCCLDEV object src/CMakeFiles/rccl_device_gfx950.dir/__/hipify/gensrc/specialized/specialized_allreduce_ring_ll128_sum_bf16_0_0_1.o
[ 74%] Building RCCLDEV object src/CMakeFiles/rccl_device_gfx950.dir/__/hipify/gensrc/specialized/specialized_allreduce_ring_ll128_sum_bf16_1_0_1.o
[ 74%] Building RCCLDEV object src/CMakeFiles/rccl_device_gfx950.dir/__/hipify/gensrc/specialized/specialized_allreduce_ring_ll128_prod_u8_0_0_1.o
[ 74%] Building RCCLDEV object src/CMakeFiles/rccl_device_gfx950.dir/__/hipify/gensrc/specialized/specialized_allreduce_ring_ll128_prod_u8_1_0_1.o
[ 74%] Building RCCLDEV object src/CMakeFiles/rccl_device_gfx950.dir/__/hipify/gensrc/specialized/specialized_allreduce_ring_ll128_prod_u32_0_0_1.o
[ 74%] Building RCCLDEV object src/CMakeFiles/rccl_device_gfx950.dir/__/hipify/gensrc/specialized/specialized_allreduce_ring_ll128_prod_u32_1_0_1.o
[ 74%] Building RCCLDEV object src/CMakeFiles/rccl_device_gfx950.dir/__/hipify/gensrc/specialized/specialized_allreduce_ring_ll128_prod_u64_0_0_1.o
[ 74%] Building RCCLDEV object src/CMakeFiles/rccl_device_gfx950.dir/__/hipify/gensrc/specialized/specialized_allreduce_ring_ll128_prod_u64_1_0_1.o
[ 74%] Building RCCLDEV object src/CMakeFiles/rccl_device_gfx950.dir/__/hipify/gensrc/specialized/specialized_allreduce_ring_ll128_prod_f16_0_0_1.o
[ 74%] Building RCCLDEV object src/CMakeFiles/rccl_device_gfx950.dir/__/hipify/gensrc/specialized/specialized_allreduce_ring_ll128_prod_f16_1_0_1.o
[ 74%] Building RCCLDEV object src/CMakeFiles/rccl_device_gfx950.dir/__/hipify/gensrc/specialized/specialized_allreduce_ring_ll128_prod_f32_0_0_1.o
[ 74%] Building RCCLDEV object src/CMakeFiles/rccl_device_gfx950.dir/__/hipify/gensrc/specialized/specialized_allreduce_ring_ll128_prod_f32_1_0_1.o
[ 74%] Building RCCLDEV object src/CMakeFiles/rccl_device_gfx950.dir/__/hipify/gensrc/specialized/specialized_allreduce_ring_ll128_prod_f64_0_0_1.o
[ 74%] Building RCCLDEV object src/CMakeFiles/rccl_device_gfx950.dir/__/hipify/gensrc/specialized/specialized_allreduce_ring_ll128_prod_f64_1_0_1.o
[ 74%] Building RCCLDEV object src/CMakeFiles/rccl_device_gfx950.dir/__/hipify/gensrc/specialized/specialized_allreduce_ring_ll128_prod_bf16_0_0_1.o
[ 74%] Building RCCLDEV object src/CMakeFiles/rccl_device_gfx950.dir/__/hipify/gensrc/specialized/specialized_allreduce_ring_ll128_prod_bf16_1_0_1.o
[ 74%] Building RCCLDEV object src/CMakeFiles/rccl_device_gfx950.dir/__/hipify/gensrc/specialized/specialized_allreduce_ring_ll128_minmax_u8_0_0_1.o
[ 74%] Building RCCLDEV object src/CMakeFiles/rccl_device_gfx950.dir/__/hipify/gensrc/specialized/specialized_allreduce_ring_ll128_minmax_u8_1_0_1.o
[ 74%] Building RCCLDEV object src/CMakeFiles/rccl_device_gfx950.dir/__/hipify/gensrc/specialized/specialized_allreduce_ring_ll128_minmax_u32_0_0_1.o
[ 74%] Building RCCLDEV object src/CMakeFiles/rccl_device_gfx950.dir/__/hipify/gensrc/specialized/specialized_allreduce_ring_ll128_minmax_u32_1_0_1.o
[ 74%] Building RCCLDEV object src/CMakeFiles/rccl_device_gfx950.dir/__/hipify/gensrc/specialized/specialized_allreduce_ring_ll128_minmax_u64_0_0_1.o
[ 74%] Building RCCLDEV object src/CMakeFiles/rccl_device_gfx950.dir/__/hipify/gensrc/specialized/specialized_allreduce_ring_ll128_minmax_u64_1_0_1.o
[ 74%] Building RCCLDEV object src/CMakeFiles/rccl_device_gfx950.dir/__/hipify/gensrc/specialized/specialized_allreduce_ring_ll128_minmax_f16_0_0_1.o
[ 74%] Building RCCLDEV object src/CMakeFiles/rccl_device_gfx950.dir/__/hipify/gensrc/specialized/specialized_allreduce_ring_ll128_minmax_f16_1_0_1.o
[ 74%] Building RCCLDEV object src/CMakeFiles/rccl_device_gfx950.dir/__/hipify/gensrc/specialized/specialized_allreduce_ring_ll128_minmax_f32_0_0_1.o
[ 74%] Building RCCLDEV object src/CMakeFiles/rccl_device_gfx950.dir/__/hipify/gensrc/specialized/specialized_allreduce_ring_ll128_minmax_f32_1_0_1.o
[ 74%] Building RCCLDEV object src/CMakeFiles/rccl_device_gfx950.dir/__/hipify/gensrc/specialized/specialized_allreduce_ring_ll128_minmax_f64_0_0_1.o
[ 74%] Building RCCLDEV object src/CMakeFiles/rccl_device_gfx950.dir/__/hipify/gensrc/specialized/specialized_allreduce_ring_ll128_minmax_f64_1_0_1.o
[ 76%] Building RCCLDEV object src/CMakeFiles/rccl_device_gfx950.dir/__/hipify/gensrc/specialized/specialized_allreduce_ring_ll128_minmax_bf16_0_0_1.o
[ 76%] Building RCCLDEV object src/CMakeFiles/rccl_device_gfx950.dir/__/hipify/gensrc/specialized/specialized_allreduce_ring_ll128_minmax_bf16_1_0_1.o
[ 76%] Building RCCLDEV object src/CMakeFiles/rccl_device_gfx950.dir/__/hipify/gensrc/specialized/specialized_allreduce_ring_ll128_premulsum_u8_0_0_1.o
[ 76%] Building RCCLDEV object src/CMakeFiles/rccl_device_gfx950.dir/__/hipify/gensrc/specialized/specialized_allreduce_ring_ll128_premulsum_u8_1_0_1.o
[ 76%] Building RCCLDEV object src/CMakeFiles/rccl_device_gfx950.dir/__/hipify/gensrc/specialized/specialized_allreduce_ring_ll128_premulsum_u32_0_0_1.o
[ 76%] Building RCCLDEV object src/CMakeFiles/rccl_device_gfx950.dir/__/hipify/gensrc/specialized/specialized_allreduce_ring_ll128_premulsum_u32_1_0_1.o
[ 76%] Building RCCLDEV object src/CMakeFiles/rccl_device_gfx950.dir/__/hipify/gensrc/specialized/specialized_allreduce_ring_ll128_premulsum_u64_0_0_1.o
[ 76%] Building RCCLDEV object src/CMakeFiles/rccl_device_gfx950.dir/__/hipify/gensrc/specialized/specialized_allreduce_ring_ll128_premulsum_u64_1_0_1.o
[ 76%] Building RCCLDEV object src/CMakeFiles/rccl_device_gfx950.dir/__/hipify/gensrc/specialized/specialized_allreduce_ring_ll128_premulsum_f16_0_0_1.o
[ 76%] Building RCCLDEV object src/CMakeFiles/rccl_device_gfx950.dir/__/hipify/gensrc/specialized/specialized_allreduce_ring_ll128_premulsum_f16_1_0_1.o
[ 76%] Building RCCLDEV object src/CMakeFiles/rccl_device_gfx950.dir/__/hipify/gensrc/specialized/specialized_allreduce_ring_ll128_premulsum_f32_0_0_1.o
[ 76%] Building RCCLDEV object src/CMakeFiles/rccl_device_gfx950.dir/__/hipify/gensrc/specialized/specialized_allreduce_ring_ll128_premulsum_f64_0_0_1.o
[ 76%] Building RCCLDEV object src/CMakeFiles/rccl_device_gfx950.dir/__/hipify/gensrc/specialized/specialized_allreduce_ring_ll128_premulsum_f32_1_0_1.o
[ 76%] Building RCCLDEV object src/CMakeFiles/rccl_device_gfx950.dir/__/hipify/gensrc/specialized/specialized_allreduce_ring_ll128_premulsum_f64_1_0_1.o
[ 76%] Building RCCLDEV object src/CMakeFiles/rccl_device_gfx950.dir/__/hipify/gensrc/specialized/specialized_allreduce_ring_ll128_premulsum_bf16_0_0_1.o
[ 76%] Building RCCLDEV object src/CMakeFiles/rccl_device_gfx950.dir/__/hipify/gensrc/specialized/specialized_allreduce_ring_ll128_premulsum_bf16_1_0_1.o
[ 76%] Building RCCLDEV object src/CMakeFiles/rccl_device_gfx950.dir/__/hipify/gensrc/specialized/specialized_allreduce_ring_ll128_sumpostdiv_u8_0_0_1.o
[ 76%] Building RCCLDEV object src/CMakeFiles/rccl_device_gfx950.dir/__/hipify/gensrc/specialized/specialized_allreduce_ring_ll128_sumpostdiv_u8_1_0_1.o
[ 76%] Building RCCLDEV object src/CMakeFiles/rccl_device_gfx950.dir/__/hipify/gensrc/specialized/specialized_allreduce_ring_ll128_sumpostdiv_u32_0_0_1.o
[ 76%] Building RCCLDEV object src/CMakeFiles/rccl_device_gfx950.dir/__/hipify/gensrc/specialized/specialized_allreduce_ring_ll128_sumpostdiv_u32_1_0_1.o
[ 76%] Building RCCLDEV object src/CMakeFiles/rccl_device_gfx950.dir/__/hipify/gensrc/specialized/specialized_allreduce_ring_ll128_sumpostdiv_u64_0_0_1.o
[ 76%] Building RCCLDEV object src/CMakeFiles/rccl_device_gfx950.dir/__/hipify/gensrc/specialized/specialized_allreduce_ring_ll128_sumpostdiv_u64_1_0_1.o
[ 76%] Building RCCLDEV object src/CMakeFiles/rccl_device_gfx950.dir/__/hipify/gensrc/specialized/specialized_allgather_pat_ll128_sum_i8_0_0_2.o
[ 76%] Building RCCLDEV object src/CMakeFiles/rccl_device_gfx950.dir/__/hipify/gensrc/specialized/specialized_reducescatter_pat_ll128_sum_u8_0_0_2.o
[ 76%] Building RCCLDEV object src/CMakeFiles/rccl_device_gfx950.dir/__/hipify/gensrc/specialized/specialized_reducescatter_pat_ll128_sum_u32_0_0_2.o
[ 76%] Building RCCLDEV object src/CMakeFiles/rccl_device_gfx950.dir/__/hipify/gensrc/specialized/specialized_reducescatter_pat_ll128_sum_u64_0_0_2.o
[ 76%] Building RCCLDEV object src/CMakeFiles/rccl_device_gfx950.dir/__/hipify/gensrc/specialized/specialized_reducescatter_pat_ll128_sum_f16_0_0_2.o
[ 76%] Building RCCLDEV object src/CMakeFiles/rccl_device_gfx950.dir/__/hipify/gensrc/specialized/specialized_reducescatter_pat_ll128_sum_f32_0_0_2.o
[ 76%] Building RCCLDEV object src/CMakeFiles/rccl_device_gfx950.dir/__/hipify/gensrc/specialized/specialized_reducescatter_pat_ll128_sum_f64_0_0_2.o
[ 76%] Building RCCLDEV object src/CMakeFiles/rccl_device_gfx950.dir/__/hipify/gensrc/specialized/specialized_reducescatter_pat_ll128_sum_bf16_0_0_2.o
[ 76%] Building RCCLDEV object src/CMakeFiles/rccl_device_gfx950.dir/__/hipify/gensrc/specialized/specialized_reducescatter_pat_ll128_prod_u8_0_0_2.o
[ 76%] Building RCCLDEV object src/CMakeFiles/rccl_device_gfx950.dir/__/hipify/gensrc/specialized/specialized_reducescatter_pat_ll128_prod_u32_0_0_2.o
[ 76%] Building RCCLDEV object src/CMakeFiles/rccl_device_gfx950.dir/__/hipify/gensrc/specialized/specialized_reducescatter_pat_ll128_prod_u64_0_0_2.o
[ 76%] Building RCCLDEV object src/CMakeFiles/rccl_device_gfx950.dir/__/hipify/gensrc/specialized/specialized_reducescatter_pat_ll128_prod_f16_0_0_2.o
[ 76%] Building RCCLDEV object src/CMakeFiles/rccl_device_gfx950.dir/__/hipify/gensrc/specialized/specialized_reducescatter_pat_ll128_prod_f32_0_0_2.o
[ 76%] Building RCCLDEV object src/CMakeFiles/rccl_device_gfx950.dir/__/hipify/gensrc/specialized/specialized_reducescatter_pat_ll128_prod_f64_0_0_2.o
[ 76%] Building RCCLDEV object src/CMakeFiles/rccl_device_gfx950.dir/__/hipify/gensrc/specialized/specialized_reducescatter_pat_ll128_prod_bf16_0_0_2.o
[ 76%] Building RCCLDEV object src/CMakeFiles/rccl_device_gfx950.dir/__/hipify/gensrc/specialized/specialized_reducescatter_pat_ll128_minmax_u8_0_0_2.o
[ 76%] Building RCCLDEV object src/CMakeFiles/rccl_device_gfx950.dir/__/hipify/gensrc/specialized/specialized_reducescatter_pat_ll128_minmax_u32_0_0_2.o
[ 76%] Building RCCLDEV object src/CMakeFiles/rccl_device_gfx950.dir/__/hipify/gensrc/specialized/specialized_reducescatter_pat_ll128_minmax_u64_0_0_2.o
[ 76%] Building RCCLDEV object src/CMakeFiles/rccl_device_gfx950.dir/__/hipify/gensrc/specialized/specialized_reducescatter_pat_ll128_minmax_f16_0_0_2.o
[ 76%] Building RCCLDEV object src/CMakeFiles/rccl_device_gfx950.dir/__/hipify/gensrc/specialized/specialized_reducescatter_pat_ll128_minmax_f32_0_0_2.o
[ 76%] Building RCCLDEV object src/CMakeFiles/rccl_device_gfx950.dir/__/hipify/gensrc/specialized/specialized_reducescatter_pat_ll128_minmax_f64_0_0_2.o
[ 76%] Building RCCLDEV object src/CMakeFiles/rccl_device_gfx950.dir/__/hipify/gensrc/specialized/specialized_reducescatter_pat_ll128_minmax_bf16_0_0_2.o
[ 76%] Building RCCLDEV object src/CMakeFiles/rccl_device_gfx950.dir/__/hipify/gensrc/specialized/specialized_reducescatter_pat_ll128_premulsum_u8_0_0_2.o
[ 77%] Building RCCLDEV object src/CMakeFiles/rccl_device_gfx950.dir/__/hipify/gensrc/specialized/specialized_reducescatter_pat_ll128_premulsum_u32_0_0_2.o
[ 77%] Building RCCLDEV object src/CMakeFiles/rccl_device_gfx950.dir/__/hipify/gensrc/specialized/specialized_reducescatter_pat_ll128_premulsum_u64_0_0_2.o
[ 77%] Building RCCLDEV object src/CMakeFiles/rccl_device_gfx950.dir/__/hipify/gensrc/specialized/specialized_reducescatter_pat_ll128_premulsum_f16_0_0_2.o
[ 77%] Building RCCLDEV object src/CMakeFiles/rccl_device_gfx950.dir/__/hipify/gensrc/specialized/specialized_reducescatter_pat_ll128_premulsum_f32_0_0_2.o
[ 77%] Building RCCLDEV object src/CMakeFiles/rccl_device_gfx950.dir/__/hipify/gensrc/specialized/specialized_reducescatter_pat_ll128_premulsum_f64_0_0_2.o
[ 77%] Building RCCLDEV object src/CMakeFiles/rccl_device_gfx950.dir/__/hipify/gensrc/specialized/specialized_reducescatter_pat_ll128_premulsum_bf16_0_0_2.o
[ 77%] Building RCCLDEV object src/CMakeFiles/rccl_device_gfx950.dir/__/hipify/gensrc/specialized/specialized_reducescatter_pat_ll128_sumpostdiv_u8_0_0_2.o
[ 77%] Building RCCLDEV object src/CMakeFiles/rccl_device_gfx950.dir/__/hipify/gensrc/specialized/specialized_reducescatter_pat_ll128_sumpostdiv_u32_0_0_2.o
[ 77%] Building RCCLDEV object src/CMakeFiles/rccl_device_gfx950.dir/__/hipify/gensrc/specialized/specialized_reducescatter_pat_ll128_sumpostdiv_u64_0_0_2.o
[ 77%] Building RCCLDEV object src/CMakeFiles/rccl_device_gfx950.dir/__/hipify/gensrc/specialized/specialized_allgather_pat_ll128_sum_i8_0_0_1.o
[ 77%] Building RCCLDEV object src/CMakeFiles/rccl_device_gfx950.dir/__/hipify/gensrc/specialized/specialized_reducescatter_pat_ll128_sum_u8_0_0_1.o
[ 77%] Building RCCLDEV object src/CMakeFiles/rccl_device_gfx950.dir/__/hipify/gensrc/specialized/specialized_reducescatter_pat_ll128_sum_u32_0_0_1.o
[ 77%] Building RCCLDEV object src/CMakeFiles/rccl_device_gfx950.dir/__/hipify/gensrc/specialized/specialized_reducescatter_pat_ll128_sum_u64_0_0_1.o
[ 77%] Building RCCLDEV object src/CMakeFiles/rccl_device_gfx950.dir/__/hipify/gensrc/specialized/specialized_reducescatter_pat_ll128_sum_f16_0_0_1.o
[ 77%] Building RCCLDEV object src/CMakeFiles/rccl_device_gfx950.dir/__/hipify/gensrc/specialized/specialized_reducescatter_pat_ll128_sum_f32_0_0_1.o
[ 77%] Building RCCLDEV object src/CMakeFiles/rccl_device_gfx950.dir/__/hipify/gensrc/specialized/specialized_reducescatter_pat_ll128_sum_f64_0_0_1.o
[ 77%] Building RCCLDEV object src/CMakeFiles/rccl_device_gfx950.dir/__/hipify/gensrc/specialized/specialized_reducescatter_pat_ll128_sum_bf16_0_0_1.o
[ 77%] Building RCCLDEV object src/CMakeFiles/rccl_device_gfx950.dir/__/hipify/gensrc/specialized/specialized_reducescatter_pat_ll128_prod_u8_0_0_1.o
[ 77%] Building RCCLDEV object src/CMakeFiles/rccl_device_gfx950.dir/__/hipify/gensrc/specialized/specialized_reducescatter_pat_ll128_prod_u32_0_0_1.o
[ 77%] Building RCCLDEV object src/CMakeFiles/rccl_device_gfx950.dir/__/hipify/gensrc/specialized/specialized_reducescatter_pat_ll128_prod_u64_0_0_1.o
[ 77%] Building RCCLDEV object src/CMakeFiles/rccl_device_gfx950.dir/__/hipify/gensrc/specialized/specialized_reducescatter_pat_ll128_prod_f16_0_0_1.o
[ 77%] Building RCCLDEV object src/CMakeFiles/rccl_device_gfx950.dir/__/hipify/gensrc/specialized/specialized_reducescatter_pat_ll128_prod_f32_0_0_1.o
[ 77%] Building RCCLDEV object src/CMakeFiles/rccl_device_gfx950.dir/__/hipify/gensrc/specialized/specialized_reducescatter_pat_ll128_prod_f64_0_0_1.o
[ 77%] Building RCCLDEV object src/CMakeFiles/rccl_device_gfx950.dir/__/hipify/gensrc/specialized/specialized_reducescatter_pat_ll128_prod_bf16_0_0_1.o
[ 77%] Building RCCLDEV object src/CMakeFiles/rccl_device_gfx950.dir/__/hipify/gensrc/specialized/specialized_reducescatter_pat_ll128_minmax_u8_0_0_1.o
[ 77%] Building RCCLDEV object src/CMakeFiles/rccl_device_gfx950.dir/__/hipify/gensrc/specialized/specialized_reducescatter_pat_ll128_minmax_u32_0_0_1.o
[ 77%] Building RCCLDEV object src/CMakeFiles/rccl_device_gfx950.dir/__/hipify/gensrc/specialized/specialized_reducescatter_pat_ll128_minmax_u64_0_0_1.o
[ 77%] Building RCCLDEV object src/CMakeFiles/rccl_device_gfx950.dir/__/hipify/gensrc/specialized/specialized_reducescatter_pat_ll128_minmax_f16_0_0_1.o
[ 77%] Building RCCLDEV object src/CMakeFiles/rccl_device_gfx950.dir/__/hipify/gensrc/specialized/specialized_reducescatter_pat_ll128_minmax_f32_0_0_1.o
[ 77%] Building RCCLDEV object src/CMakeFiles/rccl_device_gfx950.dir/__/hipify/gensrc/specialized/specialized_reducescatter_pat_ll128_minmax_f64_0_0_1.o
[ 77%] Building RCCLDEV object src/CMakeFiles/rccl_device_gfx950.dir/__/hipify/gensrc/specialized/specialized_reducescatter_pat_ll128_minmax_bf16_0_0_1.o
[ 77%] Building RCCLDEV object src/CMakeFiles/rccl_device_gfx950.dir/__/hipify/gensrc/specialized/specialized_reducescatter_pat_ll128_premulsum_u8_0_0_1.o
[ 77%] Building RCCLDEV object src/CMakeFiles/rccl_device_gfx950.dir/__/hipify/gensrc/specialized/specialized_reducescatter_pat_ll128_premulsum_u32_0_0_1.o
[ 77%] Building RCCLDEV object src/CMakeFiles/rccl_device_gfx950.dir/__/hipify/gensrc/specialized/specialized_reducescatter_pat_ll128_premulsum_u64_0_0_1.o
[ 77%] Building RCCLDEV object src/CMakeFiles/rccl_device_gfx950.dir/__/hipify/gensrc/specialized/specialized_reducescatter_pat_ll128_premulsum_f16_0_0_1.o
[ 77%] Building RCCLDEV object src/CMakeFiles/rccl_device_gfx950.dir/__/hipify/gensrc/specialized/specialized_reducescatter_pat_ll128_premulsum_f32_0_0_1.o
[ 77%] Building RCCLDEV object src/CMakeFiles/rccl_device_gfx950.dir/__/hipify/gensrc/specialized/specialized_reducescatter_pat_ll128_premulsum_f64_0_0_1.o
[ 77%] Building RCCLDEV object src/CMakeFiles/rccl_device_gfx950.dir/__/hipify/gensrc/specialized/specialized_reducescatter_pat_ll128_premulsum_bf16_0_0_1.o
[ 77%] Building RCCLDEV object src/CMakeFiles/rccl_device_gfx950.dir/__/hipify/gensrc/specialized/specialized_reducescatter_pat_ll128_sumpostdiv_u8_0_0_1.o
[ 77%] Building RCCLDEV object src/CMakeFiles/rccl_device_gfx950.dir/__/hipify/gensrc/specialized/specialized_reducescatter_pat_ll128_sumpostdiv_u32_0_0_1.o
[ 77%] Building RCCLDEV object src/CMakeFiles/rccl_device_gfx950.dir/__/hipify/gensrc/specialized/specialized_reducescatter_pat_ll128_sumpostdiv_u64_0_0_1.o
[ 77%] Built target rccl_device_gfx950
[ 77%] DL compile: sym all_gather (multi-arch fat object)
[ 77%] DL compile: collectives.cc (has __global__ kernel, header-tracking via DEPFILE)
[ 77%] DL compile: sym all_reduce_sum_f32 (multi-arch fat object)
[ 77%] DL compile: dda_recursive_halving_ipc.cu.cpp (has device kernels)
[ 77%] DL compile: sym all_reduce_sum_bf16 (multi-arch fat object)
[ 77%] DL compile: sym all_reduce_sum_f8e5m2 (multi-arch fat object)
[ 77%] DL compile: sym reduce_scatter (multi-arch fat object)
[ 77%] DL compile: sym all_reduce (multi-arch fat object)
[ 77%] DL compile: sym all_reduce_sum_f8e4m3 (multi-arch fat object)
[ 77%] DL compile: sym reduce_scatter_avg_f16 (multi-arch fat object)
[ 77%] DL compile: sym all_reduce_sum_f16 (multi-arch fat object)
[ 77%] DL compile: sym reduce_scatter_avg_bf16 (multi-arch fat object)
[ 77%] DL compile: sym reduce_scatter_gin_avg_f16 (multi-arch fat object)
[ 77%] DL compile: sym reduce_scatter_avg_f8e4m3 (multi-arch fat object)
[ 77%] DL compile: sym reduce_scatter_gin_avg_bf16 (multi-arch fat object)
[ 77%] DL compile: sym reduce_scatter_avg_f8e5m2 (multi-arch fat object)
[ 77%] DL compile: sym reduce_scatter_avg_f32 (multi-arch fat object)
[ 77%] DL compile: sym reduce_scatter_gin_avg_f32 (multi-arch fat object)
[ 77%] DL compile: sym reduce_scatter_gin_avg_f8e4m3 (multi-arch fat object)
[ 77%] DL compile: sym reduce_scatter_gin_sum_bf16 (multi-arch fat object)
[ 77%] DL compile: sym reduce_scatter_gin_avg_f8e5m2 (multi-arch fat object)
[ 77%] DL compile: sym reduce_scatter_gin_sum_f16 (multi-arch fat object)
[ 77%] DL compile: sym reduce_scatter_gin_sum_f32 (multi-arch fat object)
[ 77%] DL compile: sym reduce_scatter_gin_sum_f8e4m3 (multi-arch fat object)
[ 77%] DL compile: sym reduce_scatter_gin_sum_f8e5m2 (multi-arch fat object)
[ 77%] DL compile: sym reduce_scatter_sum_f16 (multi-arch fat object)
[ 77%] DL compile: sym reduce_scatter_sum_f32 (multi-arch fat object)
[ 79%] DL compile: sym reduce_scatter_sum_f8e5m2 (multi-arch fat object)
[ 79%] DL compile: sym reduce_scatter_sum_bf16 (multi-arch fat object)
[ 79%] DL compile: sym reduce_scatter_sum_f8e4m3 (multi-arch fat object)
[ 79%] Built target device_linker_build
[ 79%] Building CXX object src/CMakeFiles/rccl.dir/__/hipify/src/bootstrap.cc.o
[ 79%] Building CXX object src/CMakeFiles/rccl.dir/__/hipify/src/allocator.cc.o
[ 79%] Building CXX object src/CMakeFiles/rccl.dir/__/hipify/src/mem_manager.cc.o
[ 79%] Building CXX object src/CMakeFiles/rccl.dir/__/hipify/src/ce_coll.cc.o
[ 79%] Building CXX object src/CMakeFiles/rccl.dir/__/hipify/src/group.cc.o
[ 79%] Building CXX object src/CMakeFiles/rccl.dir/__/hipify/src/channel.cc.o
[ 79%] Building CXX object src/CMakeFiles/rccl.dir/__/hipify/src/commDump.cc.o
[ 79%] Building CXX object src/CMakeFiles/rccl.dir/__/hipify/src/enqueue.cc.o
[ 79%] Building CXX object src/CMakeFiles/rccl.dir/__/hipify/src/dev_runtime.cc.o
[ 79%] Building CXX object src/CMakeFiles/rccl.dir/__/hipify/src/debug.cc.o
[ 79%] Building CXX object src/CMakeFiles/rccl.dir/__/hipify/src/init.cc.o
[ 79%] Building CXX object src/CMakeFiles/rccl.dir/__/hipify/src/ipc_init.cu.cpp.o
[ 79%] Building CXX object src/CMakeFiles/rccl.dir/__/hipify/src/ipc_mem_handler.cc.o
[ 79%] Building CXX object src/CMakeFiles/rccl.dir/__/hipify/src/mnnvl.cc.o
clang++: warning: argument unused during compilation: '--offload-compress' [-Wunused-command-line-argument]
[ 79%] Building CXX object src/CMakeFiles/rccl.dir/__/hipify/src/rccl_wrap.cc.o
[ 79%] Building CXX object src/CMakeFiles/rccl.dir/__/hipify/src/proxy.cc.o
[ 79%] Building CXX object src/CMakeFiles/rccl.dir/__/hipify/src/sym_kernels.cc.o
[ 79%] Building CXX object src/CMakeFiles/rccl.dir/__/hipify/src/transport.cc.o
[ 79%] Building CXX object src/CMakeFiles/rccl.dir/__/hipify/src/graph/connect.cc.o
[ 79%] Building CXX object src/CMakeFiles/rccl.dir/__/hipify/src/graph/paths.cc.o
clang++: warning: argument unused during compilation: '--offload-compress' [-Wunused-command-line-argument]
clang++clang++: : warning: warning: argument unused during compilation: '--offload-compress' [-Wunused-command-line-argument]argument unused during compilation: '--offload-compress' [-Wunused-command-line-argument]

[ 79%] Building CXX object src/CMakeFiles/rccl.dir/__/hipify/src/graph/rome_models.cc.o
clang++: warning: argument unused during compilation: '--offload-compress' [-Wunused-command-line-argument]
clang++: warning: argument unused during compilation: '--offload-compress' [-Wunused-command-line-argument]
clang++: clang++warning: : clang++argument unused during compilation: '--offload-compress' [-Wunused-command-line-argument]
warning: argument unused during compilation: '--offload-compress' [-Wunused-command-line-argument]: 
warning: argument unused during compilation: '--offload-compress' [-Wunused-command-line-argument]
clang++: warning: argument unused during compilation: '--offload-compress' [-Wunused-command-line-argument]
[ 79%] Building CXX object src/CMakeFiles/rccl.dir/__/hipify/src/graph/search.cc.o
clang++: warning: argument unused during compilation: '--offload-compress' [-Wunused-command-line-argument]
[ 79%] Building CXX object src/CMakeFiles/rccl.dir/__/hipify/src/graph/topo.cc.o
clang++: warning: argument unused during compilation: '--offload-compress' [-Wunused-command-line-argument]
[ 80%] Building CXX object src/CMakeFiles/rccl.dir/__/hipify/src/graph/tuning.cc.o
clang++: warning: argument unused during compilation: '--offload-compress' [-Wunused-command-line-argument]
[ 80%] Building CXX object src/CMakeFiles/rccl.dir/__/hipify/src/misc/rocmwrap.cc.o
[ 80%] Building CXX object src/CMakeFiles/rccl.dir/__/hipify/src/misc/argcheck.cc.o
clang++: warning: argument unused during compilation: '--offload-compress' [-Wunused-command-line-argument]
[ 80%] Building CXX object src/CMakeFiles/rccl.dir/__/hipify/src/misc/recorder.cc.o
[ 80%] Building CXX object src/CMakeFiles/rccl.dir/__/hipify/src/nccl_device/core.cc.o
[ 80%] Building CXX object src/CMakeFiles/rccl.dir/__/hipify/src/misc/shmutils.cc.o
clang++: warning: argument unused during compilation: '--offload-compress' [-Wunused-command-line-argument]
[ 80%] Building CXX object src/CMakeFiles/rccl.dir/__/hipify/src/nccl_device/gin_barrier.cc.o
clang++clang++: : warning: argument unused during compilation: '--offload-compress' [-Wunused-command-line-argument]warning: 
argument unused during compilation: '--offload-compress' [-Wunused-command-line-argument]
[ 80%] Building CXX object src/CMakeFiles/rccl.dir/__/hipify/src/nccl_device/gin_scratch.cc.o
[ 80%] Building CXX object src/CMakeFiles/rccl.dir/__/hipify/src/nccl_device/ll_a2a.cc.o
clang++clang++: : warning: warning: argument unused during compilation: '--offload-compress' [-Wunused-command-line-argument]argument unused during compilation: '--offload-compress' [-Wunused-command-line-argument]

clang++: warning: argument unused during compilation: '--offload-compress' [-Wunused-command-line-argument]
[ 80%] Building CXX object src/CMakeFiles/rccl.dir/__/hipify/src/nccl_device/lsa_barrier.cc.o
clang++: warning: argument unused during compilation: '--offload-compress' [-Wunused-command-line-argument]
[ 80%] Building CXX object src/CMakeFiles/rccl.dir/__/hipify/src/os/linux.cc.o
clang++: warning: argument unused during compilation: '--offload-compress' [-Wunused-command-line-argument]
[ 80%] Building CXX object src/CMakeFiles/rccl.dir/__/hipify/src/rma/rma.cc.o
clang++: warning: argument unused during compilation: '--offload-compress' [-Wunused-command-line-argument]
[ 80%] Building CXX object src/CMakeFiles/rccl.dir/__/hipify/src/rma/rma_ce.cc.o
[ 80%] Building CXX object src/CMakeFiles/rccl.dir/__/hipify/src/rma/rma_proxy.cc.o
clang++: warning: argument unused during compilation: '--offload-compress' [-Wunused-command-line-argument]
clang++: warning: argument unused during compilation: '--offload-compress' [-Wunused-command-line-argument]
clang++: warning: argument unused during compilation: '--offload-compress' [-Wunused-command-line-argument]
[ 80%] Building CXX object src/CMakeFiles/rccl.dir/__/hipify/src/rma/rma_proxy_launch.cc.o
[ 80%] Building CXX object src/CMakeFiles/rccl.dir/__/hipify/src/rma/rma_proxy_progress.cc.o
clang++: warning: argument unused during compilation: '--offload-compress' [-Wunused-command-line-argument]
[ 80%] Building CXX object src/CMakeFiles/rccl.dir/__/hipify/src/plugin/net.cc.o
clang++: warning: argument unused during compilation: '--offload-compress' [-Wunused-command-line-argument]
[ 80%] Building CXX object src/CMakeFiles/rccl.dir/__/hipify/src/plugin/profiler.cc.o
[ 80%] Building CXX object src/CMakeFiles/rccl.dir/__/hipify/src/plugin/tuner.cc.o
clang++: warning: argument unused during compilation: '--offload-compress' [-Wunused-command-line-argument]
clang++: warning: argument unused during compilation: '--offload-compress' [-Wunused-command-line-argument]
clang++clang++: : warning: warning: argument unused during compilation: '--offload-compress' [-Wunused-command-line-argument]argument unused during compilation: '--offload-compress' [-Wunused-command-line-argument]

[ 82%] Building CXX object src/CMakeFiles/rccl.dir/__/hipify/src/plugin/net/net_v6.cc.o
[ 82%] Building CXX object src/CMakeFiles/rccl.dir/__/hipify/src/plugin/net/net_v7.cc.o
[ 82%] Building CXX object src/CMakeFiles/rccl.dir/__/hipify/src/plugin/net/net_v8.cc.o
clang++: warning: argument unused during compilation: '--offload-compress' [-Wunused-command-line-argument]
clang++: warning: argument unused during compilation: '--offload-compress' [-Wunused-command-line-argument]
clang++: warning: argument unused during compilation: '--offload-compress' [-Wunused-command-line-argument]
[ 82%] Building CXX object src/CMakeFiles/rccl.dir/__/hipify/src/plugin/net/net_v9.cc.o
[ 82%] Building CXX object src/CMakeFiles/rccl.dir/__/hipify/src/plugin/net/net_v10.cc.o
[ 82%] Building CXX object src/CMakeFiles/rccl.dir/__/hipify/src/plugin/net/net_v11.cc.o
[ 82%] Building CXX object src/CMakeFiles/rccl.dir/__/hipify/src/plugin/net/net_v12.cc.o
[ 82%] Building CXX object src/CMakeFiles/rccl.dir/__/hipify/src/plugin/profiler/profiler_v1.cc.o
clang++: warning: argument unused during compilation: '--offload-compress' [-Wunused-command-line-argument]
[ 82%] Building CXX object src/CMakeFiles/rccl.dir/__/hipify/src/plugin/profiler/profiler_v4.cc.o
clang++: warning: argument unused during compilation: '--offload-compress' [-Wunused-command-line-argument][ 82%] Building CXX object src/CMakeFiles/rccl.dir/__/hipify/src/plugin/profiler/profiler_v2.cc.o

[ 82%] Building CXX object src/CMakeFiles/rccl.dir/__/hipify/src/plugin/profiler/profiler_v3.cc.o
clang++: warning: argument unused during compilation: '--offload-compress' [-Wunused-command-line-argument]
clang++clang++[ 82%] Building CXX object src/CMakeFiles/rccl.dir/__/hipify/src/plugin/profiler/profiler_v5.cc.o
: : warning: argument unused during compilation: '--offload-compress' [-Wunused-command-line-argument]warning: 
argument unused during compilation: '--offload-compress' [-Wunused-command-line-argument]
[ 82%] Building CXX object src/CMakeFiles/rccl.dir/__/hipify/src/plugin/profiler/profiler_v6.cc.o
clang++: warning: argument unused during compilation: '--offload-compress' [-Wunused-command-line-argument]
[ 82%] Building CXX object src/CMakeFiles/rccl.dir/__/hipify/src/plugin/tuner/csv_tuner.cc.o
clang++: warning: argument unused during compilation: '--offload-compress' [-Wunused-command-line-argument]
[ 82%] Building CXX object src/CMakeFiles/rccl.dir/__/hipify/src/plugin/gin.cc.o
clang++: warning: argument unused during compilation: '--offload-compress' [-Wunused-command-line-argument]
[ 82%] Building CXX object src/CMakeFiles/rccl.dir/__/hipify/src/plugin/gin/gin_v11.cc.o
clang++: warning: argument unused during compilation: '--offload-compress' [-Wunused-command-line-argument]
clang++: warning: argument unused during compilation: '--offload-compress' [-Wunused-command-line-argument]
[ 82%] Building CXX object src/CMakeFiles/rccl.dir/__/hipify/src/plugin/gin/gin_v12.cc.o
clang++: warning: argument unused during compilation: '--offload-compress' [-Wunused-command-line-argument]
[ 82%] Building CXX object src/CMakeFiles/rccl.dir/__/hipify/src/plugin/gin/gin_v13.cc.o
[ 82%] Building CXX object src/CMakeFiles/rccl.dir/__/hipify/src/ras/client_support.cc.o
clang++: warning: argument unused during compilation: '--offload-compress' [-Wunused-command-line-argument]
[ 82%] Building CXX object src/CMakeFiles/rccl.dir/__/hipify/src/ras/collectives_tmp.cc.o
clang++: warning: argument unused during compilation: '--offload-compress' [-Wunused-command-line-argument]
[ 82%] Building CXX object src/CMakeFiles/rccl.dir/__/hipify/src/ras/peers.cc.o
clang++: warning: argument unused during compilation: '--offload-compress' [-Wunused-command-line-argument]
[ 82%] Building CXX object src/CMakeFiles/rccl.dir/__/hipify/src/ras/ras.cc.o
clang++: warning: argument unused during compilation: '--offload-compress' [-Wunused-command-line-argument]
clang++: warning: argument unused during compilation: '--offload-compress' [-Wunused-command-line-argument]
clang++: warning: argument unused during compilation: '--offload-compress' [-Wunused-command-line-argument]
clang++: warning: argument unused during compilation: '--offload-compress' [-Wunused-command-line-argument]
clang++: warning: argument unused during compilation: '--offload-compress' [-Wunused-command-line-argument]
clang++: warning: argument unused during compilation: '--offload-compress' [-Wunused-command-line-argument]
clang++: warning: argument unused during compilation: '--offload-compress' [-Wunused-command-line-argument]
clang++: warning: argument unused during compilation: '--offload-compress' [-Wunused-command-line-argument]
clang++: warning: argument unused during compilation: '--offload-compress' [-Wunused-command-line-argument]
clang++: warning: argument unused during compilation: '--offload-compress' [-Wunused-command-line-argument]
clang++: warning: argument unused during compilation: '--offload-compress' [-Wunused-command-line-argument]
clang++: warning: argument unused during compilation: '--offload-compress' [-Wunused-command-line-argument]
clang++: warning: argument unused during compilation: '--offload-compress' [-Wunused-command-line-argument]
clang++: warning: argument unused during compilation: '--offload-compress' [-Wunused-command-line-argument]
clang++: warning: argument unused during compilation: '--offload-compress' [-Wunused-command-line-argument]
In file included from /home/yelkhamr/dark-factory/rocm-systems/projects/rccl/build/release/hipify/src/dev_runtime.cc:9:
In file included from /home/yelkhamr/dark-factory/rocm-systems/projects/rccl/build/release/hipify/src/include/dev_runtime.h:11:
In file included from /home/yelkhamr/dark-factory/rocm-systems/projects/rccl/build/release/hipify/src/include/nccl_device.h:10:
In file included from /home/yelkhamr/dark-factory/rocm-systems/projects/rccl/build/release/hipify/src/include/nccl_device/impl/barrier__funcs.h:12:
In file included from /home/yelkhamr/dark-factory/rocm-systems/projects/rccl/build/release/hipify/src/include/nccl_device/impl/barrier__types.h:10:
In file included from /home/yelkhamr/dark-factory/rocm-systems/projects/rccl/build/release/hipify/src/include/nccl_device/impl/../barrier.h:11:
/home/yelkhamr/dark-factory/rocm-systems/projects/rccl/build/release/hipify/src/include/nccl_device/impl/../impl/core__types.h:26:9: warning: 'NCCL_GIN_MAX_CONNECTIONS' macro redefined [-Wmacro-redefined]
   26 | #define NCCL_GIN_MAX_CONNECTIONS 4
      |         ^
/home/yelkhamr/dark-factory/rocm-systems/projects/rccl/build/release/include/nccl_device/gin/gin_device_host_common.h:18:9: note: previous definition is here
   18 | #define NCCL_GIN_MAX_CONNECTIONS NCCL_GIN_MAX_CONTEXTS
      |         ^
In file included from In file included from /home/yelkhamr/dark-factory/rocm-systems/projects/rccl/build/release/hipify/src/sym_kernels.cc:/home/yelkhamr/dark-factory/rocm-systems/projects/rccl/build/release/hipify/src/dev_runtime.cc:9:
In file included from 9:
In file included from /home/yelkhamr/dark-factory/rocm-systems/projects/rccl/build/release/hipify/src/include/sym_kernels.h:11:
In file included from /home/yelkhamr/dark-factory/rocm-systems/projects/rccl/build/release/hipify/src/include/nccl_device.h/home/yelkhamr/dark-factory/rocm-systems/projects/rccl/build/release/hipify/src/include/dev_runtime.h::1110:
:
In file included from /home/yelkhamr/dark-factory/rocm-systems/projects/rccl/build/release/hipify/src/include/nccl_device.h:In file included from /home/yelkhamr/dark-factory/rocm-systems/projects/rccl/build/release/hipify/src/include/nccl_device/impl/barrier__funcs.h:16:
12:
In file included from /home/yelkhamr/dark-factory/rocm-systems/projects/rccl/build/release/hipify/src/include/nccl_device/impl/barrier__types.h:/home/yelkhamr/dark-factory/rocm-systems/projects/rccl/build/release/hipify/src/include/nccl_device/impl/gin__funcs.h10::
In file included from /home/yelkhamr/dark-factory/rocm-systems/projects/rccl/build/release/hipify/src/include/nccl_device/impl/../barrier.h:41311:
:/home/yelkhamr/dark-factory/rocm-systems/projects/rccl/build/release/hipify/src/include/nccl_device/impl/../impl/core__types.h60:26:9::  warning: warning: 'NCCL_GIN_MAX_CONNECTIONS' macro redefined [-Wmacro-redefined]
result of comparison of constant 3 with expression of type 'const hipMemLocationType' is always false [-Wtautological-constant-out-of-range-compare]
  413 |             26 | # defif (in!doene NCSCLys_memGINFen_ceMA &X_C& sONNrcESegCTImONSen 4
tW      ind| ow.        ^mem
Type == /home/yelkhamr/dark-factory/rocm-systems/projects/rccl/build/release/include/nccl_device/gin/gin_device_host_common.h:18:9:CU_ Mnote: previous definition is here
EM   18 | #d_LOCefATIiONne _NCTYPCE_L_GHOIN_SMAT_NXUM_CA) ON{NEC
TI      |                                   ~~~~~~~~~~~~~~~~~~~~~~~~ ^  ~~~~~~~~~~~~~~~~~~~~~~~~~~~~~~
ONS NCCL_GIN_MAX_CONTEXTS
      |         ^
In file included from /home/yelkhamr/dark-factory/rocm-systems/projects/rccl/build/release/hipify/src/sym_kernels.cc:9:
In file included from /home/yelkhamr/dark-factory/rocm-systems/projects/rccl/build/release/hipify/src/include/sym_kernels.h:11:
In file included from /home/yelkhamr/dark-factory/rocm-systems/projects/rccl/build/release/hipify/src/include/nccl_device.h:16:
/home/yelkhamr/dark-factory/rocm-systems/projects/rccl/build/release/hipify/src/include/nccl_device/impl/gin__funcs.h:413:60: warning: result of comparison of constant 3 with expression of type 'const hipMemLocationType' is always false [-Wtautological-constant-out-of-range-compare]
  413 |           if (!doneSysmemFence && srcSegmentWindow.memType == CU_MEM_LOCATION_TYPE_HOST_NUMA) {
      |                                   ~~~~~~~~~~~~~~~~~~~~~~~~ ^  ~~~~~~~~~~~~~~~~~~~~~~~~~~~~~~
In file included from /home/yelkhamr/dark-factory/rocm-systems/projects/rccl/build/release/hipify/src/nccl_device/gin_barrier.cc:9:
In file included from /home/yelkhamr/dark-factory/rocm-systems/projects/rccl/build/release/include/nccl_device/impl/gin_barrier__funcs.h:11:
In file included from /home/yelkhamr/dark-factory/rocm-systems/projects/rccl/build/release/include/nccl_device/impl/gin_barrier__types.h:11:
/home/yelkhamr/dark-factory/rocm-systems/projects/rccl/build/release/include/nccl_device/impl/core__types.h:26:9: warning: 'NCCL_GIN_MAX_CONNECTIONS' macro redefined [-Wmacro-redefined]
   26 | #define NCCL_GIN_MAX_CONNECTIONS 4
      |         ^
/home/yelkhamr/dark-factory/rocm-systems/projects/rccl/build/release/include/nccl_device/impl/../gin/gin_device_host_common.h:18:9: note: previous definition is here
   18 | #define NCCL_GIN_MAX_CONNECTIONS NCCL_GIN_MAX_CONTEXTS
      |         ^
In file included from /home/yelkhamr/dark-factory/rocm-systems/projects/rccl/build/release/hipify/src/nccl_device/lsa_barrier.cc:9:
In file included from /home/yelkhamr/dark-factory/rocm-systems/projects/rccl/build/release/include/nccl_device/impl/lsa_barrier__funcs.h:12:
In file included from /home/yelkhamr/dark-factory/rocm-systems/projects/rccl/build/release/include/nccl_device/impl/lsa_barrier__types.h:10:
In file included from /home/yelkhamr/dark-factory/rocm-systems/projects/rccl/build/release/include/nccl_device/impl/../lsa_barrier.h:11:
/home/yelkhamr/dark-factory/rocm-systems/projects/rccl/build/release/include/nccl_device/impl/../impl/core__types.h:26:9: warning: 'NCCL_GIN_MAX_CONNECTIONS' macro redefined [-Wmacro-redefined]
   26 | #define NCCL_GIN_MAX_CONNECTIONS 4
      |         ^
/home/yelkhamr/dark-factory/rocm-systems/projects/rccl/build/release/include/nccl_device/gin/gin_device_host_common.h:18:9: note: previous definition is here
   18 | #define NCCL_GIN_MAX_CONNECTIONS NCCL_GIN_MAX_CONTEXTS
      |         ^
In file included from /home/yelkhamr/dark-factory/rocm-systems/projects/rccl/build/release/hipify/src/nccl_device/ll_a2a.cc:9:
In file included from /home/yelkhamr/dark-factory/rocm-systems/projects/rccl/build/release/include/nccl_device/impl/ll_a2a__funcs.h:10:
In file included from /home/yelkhamr/dark-factory/rocm-systems/projects/rccl/build/release/include/nccl_device/impl/ll_a2a__types.h:10:
In file included from /home/yelkhamr/dark-factory/rocm-systems/projects/rccl/build/release/include/nccl_device/impl/../ll_a2a.h:10:
/home/yelkhamr/dark-factory/rocm-systems/projects/rccl/build/release/include/nccl_device/impl/../impl/core__types.h:26:9: warning: 'NCCL_GIN_MAX_CONNECTIONS' macro redefined [-Wmacro-redefined]
   26 | #define NCCL_GIN_MAX_CONNECTIONS 4
      |         ^
/home/yelkhamr/dark-factory/rocm-systems/projects/rccl/build/release/include/nccl_device/gin/gin_device_host_common.h:18:9: note: previous definition is here
   18 | #define NCCL_GIN_MAX_CONNECTIONS NCCL_GIN_MAX_CONTEXTS
      |         ^
In file included from /home/yelkhamr/dark-factory/rocm-systems/projects/rccl/build/release/hipify/src/nccl_device/gin_scratch.cc:10:
In file included from /home/yelkhamr/dark-factory/rocm-systems/projects/rccl/build/release/hipify/src/nccl_device/../device/symmetric/gin_scratch__funcs.h:11:
In file included from /home/yelkhamr/dark-factory/rocm-systems/projects/rccl/build/release/hipify/src/nccl_device/../device/symmetric/gin_scratch__types.h:11:
In file included from /home/yelkhamr/dark-factory/rocm-systems/projects/rccl/build/release/hipify/src/nccl_device/../device/symmetric/gin_scratch.h:11:
In file included from /home/yelkhamr/dark-factory/rocm-systems/projects/rccl/build/release/include/nccl_device.h:10:
In file included from /home/yelkhamr/dark-factory/rocm-systems/projects/rccl/build/release/include/nccl_device/impl/barrier__funcs.h:12:
In file included from /home/yelkhamr/dark-factory/rocm-systems/projects/rccl/build/release/include/nccl_device/impl/barrier__types.h:10:
In file included from /home/yelkhamr/dark-factory/rocm-systems/projects/rccl/build/release/include/nccl_device/impl/../barrier.h:11:
/home/yelkhamr/dark-factory/rocm-systems/projects/rccl/build/release/include/nccl_device/impl/../impl/core__types.h:26:9: warning: 'NCCL_GIN_MAX_CONNECTIONS' macro redefined [-Wmacro-redefined]
   26 | #define NCCL_GIN_MAX_CONNECTIONS 4
      |         ^
/home/yelkhamr/dark-factory/rocm-systems/projects/rccl/build/release/include/nccl_device/gin/gin_device_host_common.h:18:9: note: previous definition is here
   18 | #define NCCL_GIN_MAX_CONNECTIONS NCCL_GIN_MAX_CONTEXTS
      |         ^
In file included from /home/yelkhamr/dark-factory/rocm-systems/projects/rccl/build/release/hipify/src/nccl_device/gin_scratch.cc:10:
In file included from /home/yelkhamr/dark-factory/rocm-systems/projects/rccl/build/release/hipify/src/nccl_device/../device/symmetric/gin_scratch__funcs.h:11:
In file included from /home/yelkhamr/dark-factory/rocm-systems/projects/rccl/build/release/hipify/src/nccl_device/../device/symmetric/gin_scratch__types.h:11:
In file included from /home/yelkhamr/dark-factory/rocm-systems/projects/rccl/build/release/hipify/src/nccl_device/../device/symmetric/gin_scratch.h:11:
In file included from /home/yelkhamr/dark-factory/rocm-systems/projects/rccl/build/release/include/nccl_device.h:16:
/home/yelkhamr/dark-factory/rocm-systems/projects/rccl/build/release/include/nccl_device/impl/gin__funcs.h:413:60: warning: result of comparison of constant 3 with expression of type 'const hipMemLocationType' is always false [-Wtautological-constant-out-of-range-compare]
  413 |           if (!doneSysmemFence && srcSegmentWindow.memType == CU_MEM_LOCATION_TYPE_HOST_NUMA) {
      |                                   ~~~~~~~~~~~~~~~~~~~~~~~~ ^  ~~~~~~~~~~~~~~~~~~~~~~~~~~~~~~
1 warning generated when compiling for host.
[ 82%] Building CXX object src/CMakeFiles/rccl.dir/__/hipify/src/register/coll_reg.cc.o
1 warning generated when compiling for host.
1 warning generated when compiling for host.
clang++: warning: argument unused during compilation: '--offload-compress' [-Wunused-command-line-argument]
[ 82%] Building CXX object src/CMakeFiles/rccl.dir/__/hipify/src/register/register.cc.o
[ 82%] Building CXX object src/CMakeFiles/rccl.dir/__/hipify/src/register/sendrecv_reg.cc.o
[ 82%] Building CXX object src/CMakeFiles/rccl.dir/__/hipify/src/scheduler/symmetric_sched.cc.o
clang++: warning: argument unused during compilation: '--offload-compress' [-Wunused-command-line-argument]
clang++: warning: argument unused during compilation: '--offload-compress' [-Wunused-command-line-argument]
clang++: warning: argument unused during compilation: '--offload-compress' [-Wunused-command-line-argument]
2 warnings generated when compiling for host.
[ 82%] Building CXX object src/CMakeFiles/rccl.dir/__/hipify/src/scheduler/allgatherv_sched.cc.o
clang++: warning: argument unused during compilation: '--offload-compress' [-Wunused-command-line-argument]
In file included from /home/yelkhamr/dark-factory/rocm-systems/projects/rccl/build/release/hipify/src/proxy.cc:10:
In file included from /home/yelkhamr/dark-factory/rocm-systems/projects/rccl/build/release/hipify/src/include/comm.h:25:
In file included from /home/yelkhamr/dark-factory/rocm-systems/projects/rccl/build/release/hipify/src/include/dev_runtime.h:11:
In file included from /home/yelkhamr/dark-factory/rocm-systems/projects/rccl/build/release/hipify/src/include/nccl_device.h:10:
In file included from /home/yelkhamr/dark-factory/rocm-systems/projects/rccl/build/release/hipify/src/include/nccl_device/impl/barrier__funcs.h:12:
In file included from /home/yelkhamr/dark-factory/rocm-systems/projects/rccl/build/release/hipify/src/include/nccl_device/impl/barrier__types.h:10:
In file included from /home/yelkhamr/dark-factory/rocm-systems/projects/rccl/build/release/hipify/src/include/nccl_device/impl/../barrier.h:11:
/home/yelkhamr/dark-factory/rocm-systems/projects/rccl/build/release/hipify/src/include/nccl_device/impl/../impl/core__types.h:26:9: warning: 'NCCL_GIN_MAX_CONNECTIONS' macro redefined [-Wmacro-redefined]
   26 | #define NCCL_GIN_MAX_CONNECTIONS 4
      |         ^
/home/yelkhamr/dark-factory/rocm-systems/projects/rccl/build/release/include/nccl_device/gin/gin_device_host_common.h:18:9: note: previous definition is here
   18 | #define NCCL_GIN_MAX_CONNECTIONS NCCL_GIN_MAX_CONTEXTS
      |         ^
In file included from /home/yelkhamr/dark-factory/rocm-systems/projects/rccl/build/release/hipify/src/commDump.cc:6:
In file included from /home/yelkhamr/dark-factory/rocm-systems/projects/rccl/build/release/hipify/src/include/comm.h:25:
In file included from /home/yelkhamr/dark-factory/rocm-systems/projects/rccl/build/release/hipify/src/include/dev_runtime.h:11:
In file included from /home/yelkhamr/dark-factory/rocm-systems/projects/rccl/build/release/hipify/src/include/nccl_device.h:10:
In file included from /home/yelkhamr/dark-factory/rocm-systems/projects/rccl/build/release/hipify/src/include/nccl_device/impl/barrier__funcs.h:12:
In file included from /home/yelkhamr/dark-factory/rocm-systems/projects/rccl/build/release/hipify/src/include/nccl_device/impl/barrier__types.h:10:
In file included from /home/yelkhamr/dark-factory/rocm-systems/projects/rccl/build/release/hipify/src/include/nccl_device/impl/../barrier.h:11:
/home/yelkhamr/dark-factory/rocm-systems/projects/rccl/build/release/hipify/src/include/nccl_device/impl/../impl/core__types.h:26:9: warning: 'NCCL_GIN_MAX_CONNECTIONS' macro redefined [-Wmacro-redefined]
   26 | #define NCCL_GIN_MAX_CONNECTIONS 4
      |         ^
/home/yelkhamr/dark-factory/rocm-systems/projects/rccl/build/release/include/nccl_device/gin/gin_device_host_common.h:18:9: note: previous definition is here
   18 | #define NCCL_GIN_MAX_CONNECTIONS NCCL_GIN_MAX_CONTEXTS
      |         ^
In file included from /home/yelkhamr/dark-factory/rocm-systems/projects/rccl/build/release/hipify/src/ipc_mem_handler.cc:11:
In file included from /home/yelkhamr/dark-factory/rocm-systems/projects/rccl/build/release/hipify/src/include/bootstrap.h:12:
In file included from /home/yelkhamr/dark-factory/rocm-systems/projects/rccl/build/release/hipify/src/include/comm.h:25:
In file included from /home/yelkhamr/dark-factory/rocm-systems/projects/rccl/build/release/hipify/src/include/dev_runtime.h:11:
In file included from /home/yelkhamr/dark-factory/rocm-systems/projects/rccl/build/release/hipify/src/include/nccl_device.h:10:
In file included from /home/yelkhamr/dark-factory/rocm-systems/projects/rccl/build/release/hipify/src/include/nccl_device/impl/barrier__funcs.h:12:
In file included from /home/yelkhamr/dark-factory/rocm-systems/projects/rccl/build/release/hipify/src/include/nccl_device/impl/barrier__types.h:10:
In file included from /home/yelkhamr/dark-factory/rocm-systems/projects/rccl/build/release/hipify/src/include/nccl_device/impl/../barrier.h:11:
/home/yelkhamr/dark-factory/rocm-systems/projects/rccl/build/release/hipify/src/include/nccl_device/impl/../impl/core__types.h:26:9: warning: 'NCCL_GIN_MAX_CONNECTIONS' macro redefined [-Wmacro-redefined]
   26 | #define NCCL_GIN_MAX_CONNECTIONS 4
      |         ^
/home/yelkhamr/dark-factory/rocm-systems/projects/rccl/build/release/include/nccl_device/gin/gin_device_host_common.h:18:9: note: previous definition is here
   18 | #define NCCL_GIN_MAX_CONNECTIONS NCCL_GIN_MAX_CONTEXTS
      |         ^
In file included from /home/yelkhamr/dark-factory/rocm-systems/projects/rccl/build/release/hipify/src/rma/rma.cc:12:
In file included from /home/yelkhamr/dark-factory/rocm-systems/projects/rccl/build/release/hipify/src/include/comm.h:25:
In file included from /home/yelkhamr/dark-factory/rocm-systems/projects/rccl/build/release/hipify/src/include/dev_runtime.h:11:
In file included from /home/yelkhamr/dark-factory/rocm-systems/projects/rccl/build/release/hipify/src/include/nccl_device.h:10:
In file included from /home/yelkhamr/dark-factory/rocm-systems/projects/rccl/build/release/hipify/src/include/nccl_device/impl/barrier__funcs.h:12:
In file included from /home/yelkhamr/dark-factory/rocm-systems/projects/rccl/build/release/hipify/src/include/nccl_device/impl/barrier__types.h:10:
In file included from /home/yelkhamr/dark-factory/rocm-systems/projects/rccl/build/release/hipify/src/include/nccl_device/impl/../barrier.h:11:
/home/yelkhamr/dark-factory/rocm-systems/projects/rccl/build/release/hipify/src/include/nccl_device/impl/../impl/core__types.h:26:9: warning: 'NCCL_GIN_MAX_CONNECTIONS' macro redefined [-Wmacro-redefined]
   26 | #define NCCL_GIN_MAX_CONNECTIONS 4
      |         ^
/home/yelkhamr/dark-factory/rocm-systems/projects/rccl/build/release/include/nccl_device/gin/gin_device_host_common.h:18:9: note: previous definition is here
   18 | #define NCCL_GIN_MAX_CONNECTIONS NCCL_GIN_MAX_CONTEXTS
      |         ^
In file included from /home/yelkhamr/dark-factory/rocm-systems/projects/rccl/build/release/hipify/src/mnnvl.cc:9:
In file included from /home/yelkhamr/dark-factory/rocm-systems/projects/rccl/build/release/hipify/src/include/mnnvl.h:12:
In file included from /home/yelkhamr/dark-factory/rocm-systems/projects/rccl/build/release/hipify/src/include/comm.h:25:
In file included from /home/yelkhamr/dark-factory/rocm-systems/projects/rccl/build/release/hipify/src/include/dev_runtime.h:11:
In file included from /home/yelkhamr/dark-factory/rocm-systems/projects/rccl/build/release/hipify/src/include/nccl_device.h:10:
In file included from /home/yelkhamr/dark-factory/rocm-systems/projects/rccl/build/release/hipify/src/include/nccl_device/impl/barrier__funcs.h:12:
In file included from /home/yelkhamr/dark-factory/rocm-systems/projects/rccl/build/release/hipify/src/include/nccl_device/impl/barrier__types.h:10:
In file included from /home/yelkhamr/dark-factory/rocm-systems/projects/rccl/build/release/hipify/src/include/nccl_device/impl/../barrier.h:11:
/home/yelkhamr/dark-factory/rocm-systems/projects/rccl/build/release/hipify/src/include/nccl_device/impl/../impl/core__types.h:26:9: warning: 'NCCL_GIN_MAX_CONNECTIONS' macro redefined [-Wmacro-redefined]
   26 | #define NCCL_GIN_MAX_CONNECTIONS 4
      |         ^
/home/yelkhamr/dark-factory/rocm-systems/projects/rccl/build/release/include/nccl_device/gin/gin_device_host_common.h:18:9: note: previous definition is here
   18 | #define NCCL_GIN_MAX_CONNECTIONS NCCL_GIN_MAX_CONTEXTS
      |         ^
In file included from /home/yelkhamr/dark-factory/rocm-systems/projects/rccl/build/release/hipify/src/group.cc:10:
In file included from /home/yelkhamr/dark-factory/rocm-systems/projects/rccl/build/release/hipify/src/include/group.h:12:
In file included from /home/yelkhamr/dark-factory/rocm-systems/projects/rccl/build/release/hipify/src/include/comm.h:25:
In file included from /home/yelkhamr/dark-factory/rocm-systems/projects/rccl/build/release/hipify/src/include/dev_runtime.h:11:
In file included from /home/yelkhamr/dark-factory/rocm-systems/projects/rccl/build/release/hipify/src/include/nccl_device.h:10:
In file included from /home/yelkhamr/dark-factory/rocm-systems/projects/rccl/build/release/hipify/src/include/nccl_device/impl/barrier__funcs.h:12:
In file included from /home/yelkhamr/dark-factory/rocm-systems/projects/rccl/build/release/hipify/src/include/nccl_device/impl/barrier__types.h:10:
In file included from /home/yelkhamr/dark-factory/rocm-systems/projects/rccl/build/release/hipify/src/include/nccl_device/impl/../barrier.h:11:
/home/yelkhamr/dark-factory/rocm-systems/projects/rccl/build/release/hipify/src/include/nccl_device/impl/../impl/core__types.h:26:9: warning: 'NCCL_GIN_MAX_CONNECTIONS' macro redefined [-Wmacro-redefined]
   26 | #define NCCL_GIN_MAX_CONNECTIONS 4
      |         ^
/home/yelkhamr/dark-factory/rocm-systems/projects/rccl/build/release/include/nccl_device/gin/gin_device_host_common.h:18:9: note: previous definition is here
   18 | #define NCCL_GIN_MAX_CONNECTIONS NCCL_GIN_MAX_CONTEXTS
      |         ^
In file included from /home/yelkhamr/dark-factory/rocm-systems/projects/rccl/build/release/hipify/src/bootstrap.cc:12:
In file included from /home/yelkhamr/dark-factory/rocm-systems/projects/rccl/build/release/hipify/src/include/bootstrap.h:12:
In file included from /home/yelkhamr/dark-factory/rocm-systems/projects/rccl/build/release/hipify/src/include/comm.h:25:
In file included from /home/yelkhamr/dark-factory/rocm-systems/projects/rccl/build/release/hipify/src/include/dev_runtime.h:11:
In file included from /home/yelkhamr/dark-factory/rocm-systems/projects/rccl/build/release/hipify/src/include/nccl_device.h:10:
In file included from /home/yelkhamr/dark-factory/rocm-systems/projects/rccl/build/release/hipify/src/include/nccl_device/impl/barrier__funcs.h:12:
In file included from /home/yelkhamr/dark-factory/rocm-systems/projects/rccl/build/release/hipify/src/include/nccl_device/impl/barrier__types.h:10:
In file included from /home/yelkhamr/dark-factory/rocm-systems/projects/rccl/build/release/hipify/src/include/nccl_device/impl/../barrier.h:11:
/home/yelkhamr/dark-factory/rocm-systems/projects/rccl/build/release/hipify/src/include/nccl_device/impl/../impl/core__types.h:26:9: warning: 'NCCL_GIN_MAX_CONNECTIONS' macro redefined [-Wmacro-redefined]
   26 | #define NCCL_GIN_MAX_CONNECTIONS 4
      |         ^
/home/yelkhamr/dark-factory/rocm-systems/projects/rccl/build/release/include/nccl_device/gin/gin_device_host_common.h:18:9: note: previous definition is here
   18 | #define NCCL_GIN_MAX_CONNECTIONS NCCL_GIN_MAX_CONTEXTS
      |         ^
In file included from /home/yelkhamr/dark-factory/rocm-systems/projects/rccl/build/release/hipify/src/channel.cc:8:
In file included from /home/yelkhamr/dark-factory/rocm-systems/projects/rccl/build/release/hipify/src/include/channel.h:10:
In file included from /home/yelkhamr/dark-factory/rocm-systems/projects/rccl/build/release/hipify/src/include/comm.h:25:
In file included from /home/yelkhamr/dark-factory/rocm-systems/projects/rccl/build/release/hipify/src/include/dev_runtime.h:11:
In file included from /home/yelkhamr/dark-factory/rocm-systems/projects/rccl/build/release/hipify/src/include/nccl_device.h:10:
In file included from /home/yelkhamr/dark-factory/rocm-systems/projects/rccl/build/release/hipify/src/include/nccl_device/impl/barrier__funcs.h:12:
In file included from /home/yelkhamr/dark-factory/rocm-systems/projects/rccl/build/release/hipify/src/include/nccl_device/impl/barrier__types.h:10:
In file included from /home/yelkhamr/dark-factory/rocm-systems/projects/rccl/build/release/hipify/src/include/nccl_device/impl/../barrier.h:11:
/home/yelkhamr/dark-factory/rocm-systems/projects/rccl/build/release/hipify/src/include/nccl_device/impl/../impl/core__types.h:26:9: warning: 'NCCL_GIN_MAX_CONNECTIONS' macro redefined [-Wmacro-redefined]
   26 | #define NCCL_GIN_MAX_CONNECTIONS 4
      |         ^
/home/yelkhamr/dark-factory/rocm-systems/projects/rccl/build/release/include/nccl_device/gin/gin_device_host_common.h:18:9: note: previous definition is here
   18 | #define NCCL_GIN_MAX_CONNECTIONS NCCL_GIN_MAX_CONTEXTS
      |         ^
In file included from /home/yelkhamr/dark-factory/rocm-systems/projects/rccl/build/release/hipify/src/rccl_wrap.cc:25:
In file included from /home/yelkhamr/dark-factory/rocm-systems/projects/rccl/build/release/hipify/src/include/comm.h:25:
In file included from /home/yelkhamr/dark-factory/rocm-systems/projects/rccl/build/release/hipify/src/include/dev_runtime.h:11:
In file included from /home/yelkhamr/dark-factory/rocm-systems/projects/rccl/build/release/hipify/src/include/nccl_device.h:10:
In file included from /home/yelkhamr/dark-factory/rocm-systems/projects/rccl/build/release/hipify/src/include/nccl_device/impl/barrier__funcs.h:12:
In file included from /home/yelkhamr/dark-factory/rocm-systems/projects/rccl/build/release/hipify/src/include/nccl_device/impl/barrier__types.h:10:
In file included from /home/yelkhamr/dark-factory/rocm-systems/projects/rccl/build/release/hipify/src/include/nccl_device/impl/../barrier.h:11:
/home/yelkhamr/dark-factory/rocm-systems/projects/rccl/build/release/hipify/src/include/nccl_device/impl/../impl/core__types.h:26:9: warning: 'NCCL_GIN_MAX_CONNECTIONS' macro redefined [-Wmacro-redefined]
   26 | #define NCCL_GIN_MAX_CONNECTIONS 4
      |         ^
/home/yelkhamr/dark-factory/rocm-systems/projects/rccl/build/release/include/nccl_device/gin/gin_device_host_common.h:18:9: note: previous definition is here
   18 | #define NCCL_GIN_MAX_CONNECTIONS NCCL_GIN_MAX_CONTEXTS
      |         ^
In file included from In file included from In file included from /home/yelkhamr/dark-factory/rocm-systems/projects/rccl/build/release/hipify/src/ce_coll.cc/home/yelkhamr/dark-factory/rocm-systems/projects/rccl/build/release/hipify/src/ipc_init.cu.cpp/home/yelkhamr/dark-factory/rocm-systems/projects/rccl/build/release/hipify/src/enqueue.cc::11:9:
In file included from 10:
In file included from /home/yelkhamr/dark-factory/rocm-systems/projects/rccl/build/release/hipify/src/include/comm.h:
/home/yelkhamr/dark-factory/rocm-systems/projects/rccl/build/release/hipify/src/include/comm.h:25:
:In file included from In file included from /home/yelkhamr/dark-factory/rocm-systems/projects/rccl/build/release/hipify/src/include/dev_runtime.h:11:
In file included from /home/yelkhamr/dark-factory/rocm-systems/projects/rccl/build/release/hipify/src/include/nccl_device.h:10:
In file included from 25:
/home/yelkhamr/dark-factory/rocm-systems/projects/rccl/build/release/hipify/src/include/enqueue.h:11:
In file included from /home/yelkhamr/dark-factory/rocm-systems/projects/rccl/build/release/hipify/src/include/nccl_device/impl/barrier__funcs.hIn file included from /home/yelkhamr/dark-factory/rocm-systems/projects/rccl/build/release/hipify/src/include/comm.h::/home/yelkhamr/dark-factory/rocm-systems/projects/rccl/build/release/hipify/src/include/dev_runtime.h25:
12:In file included from /home/yelkhamr/dark-factory/rocm-systems/projects/rccl/build/release/hipify/src/include/dev_runtime.h:
11:In file included from :
11:
/home/yelkhamr/dark-factory/rocm-systems/projects/rccl/build/release/hipify/src/include/nccl_device/impl/barrier__types.h:10:
In file included from /home/yelkhamr/dark-factory/rocm-systems/projects/rccl/build/release/hipify/src/include/nccl_device/impl/../barrier.h:11:
In file included from /home/yelkhamr/dark-factory/rocm-systems/projects/rccl/build/release/hipify/src/include/nccl_device.hIn file included from /home/yelkhamr/dark-factory/rocm-systems/projects/rccl/build/release/hipify/src/include/nccl_device/impl/../impl/core__types.h:10/home/yelkhamr/dark-factory/rocm-systems/projects/rccl/build/release/hipify/src/include/nccl_device.h:10::
In file included from :
26/home/yelkhamr/dark-factory/rocm-systems/projects/rccl/build/release/hipify/src/include/nccl_device/impl/barrier__funcs.hIn file included from ::/home/yelkhamr/dark-factory/rocm-systems/projects/rccl/build/release/hipify/src/include/nccl_device/impl/barrier__funcs.h12:
In file included from 9: :/home/yelkhamr/dark-factory/rocm-systems/projects/rccl/build/release/hipify/src/include/nccl_device/impl/barrier__types.h:warning: 1210:
'NCCL_GIN_MAX_CONNECTIONS' macro redefined [-Wmacro-redefined]:
In file included from /home/yelkhamr/dark-factory/rocm-systems/projects/rccl/build/release/hipify/src/include/nccl_device/impl/barrier__types.h
In file included from :/home/yelkhamr/dark-factory/rocm-systems/projects/rccl/build/release/hipify/src/include/nccl_device/impl/../barrier.h10::
11In file included from :
/home/yelkhamr/dark-factory/rocm-systems/projects/rccl/build/release/hipify/src/include/nccl_device/impl/../barrier.h:11/home/yelkhamr/dark-factory/rocm-systems/projects/rccl/build/release/hipify/src/include/nccl_device/impl/../impl/core__types.h:
:/home/yelkhamr/dark-factory/rocm-systems/projects/rccl/build/release/hipify/src/include/nccl_device/impl/../impl/core__types.h26::269::9 : warning: warning: 'NCCL_GIN_MAX_CONNECTIONS' macro redefined [-Wmacro-redefined]'NCCL_GIN_MAX_CONNECTIONS' macro redefined [-Wmacro-redefined]

   26 | #define NCCL_GIN_MAX_CONNECTIONS 4
      |         ^
      2626 |  | /home/yelkhamr/dark-factory/rocm-systems/projects/rccl/build/release/include/nccl_device/gin/gin_device_host_common.h#d#:18:9: edenote: ffprevious definition is hereinin
ee  N   NCC18CL | #define NCCCL_GL_GI_GIN_MAX_CONNECINN_MAT_MX_CONIONANSXECT _CINCCOOLNN_GIN_MAX_CNS 4ONTEXTSEC

      |         ^
T      IO| N        ^S
 4
      |         ^
/home/yelkhamr/dark-factory/rocm-systems/projects/rccl/build/release/include/nccl_device/gin/gin_device_host_common.h:/home/yelkhamr/dark-factory/rocm-systems/projects/rccl/build/release/include/nccl_device/gin/gin_device_host_common.h18::189::9 :note: previous definition is hereIn file included from  
/home/yelkhamr/dark-factory/rocm-systems/projects/rccl/build/release/hipify/src/misc/argcheck.ccnote:    :previous definition is here18 | #9
de   f:
18iIn file included from  | ne/home/yelkhamr/dark-factory/rocm-systems/projects/rccl/build/release/hipify/src/include/comm.h# :dN25efC:
iCLIn file included from n_/home/yelkhamr/dark-factory/rocm-systems/projects/rccl/build/release/hipify/src/include/dev_runtime.heGIN_MAX_: CO11NNN:
CCECTIn file included from LIO/home/yelkhamr/dark-factory/rocm-systems/projects/rccl/build/release/hipify/src/include/nccl_device.h_NS:G 10INN:
_CCIn file included from ML_GI/home/yelkhamr/dark-factory/rocm-systems/projects/rccl/build/release/hipify/src/include/nccl_device/impl/barrier__funcs.hAN_MAX_:XCO12_NTE:
CXTSIn file included from O
/home/yelkhamr/dark-factory/rocm-systems/projects/rccl/build/release/hipify/src/include/nccl_device/impl/barrier__types.hN      | :NE        ^
10C:
TIn file included from I/home/yelkhamr/dark-factory/rocm-systems/projects/rccl/build/release/hipify/src/include/nccl_device/impl/../barrier.hO:N11S:
 /home/yelkhamr/dark-factory/rocm-systems/projects/rccl/build/release/hipify/src/include/nccl_device/impl/../impl/core__types.hNC:C26L:_9G:I Nwarning: _'NCCL_GIN_MAX_CONNECTIONS' macro redefined [-Wmacro-redefined]M
AX_CONTEXTS
      |         ^
   26 | #define NCCL_GIN_MAX_CONNECTIONS 4
      |         ^
/home/yelkhamr/dark-factory/rocm-systems/projects/rccl/build/release/include/nccl_device/gin/gin_device_host_common.h:18:9: note: previous definition is here
   18 | #define NCCL_GIN_MAX_CONNECTIONS NCCL_GIN_MAX_CONTEXTS
      |         ^
In file included from /home/yelkhamr/dark-factory/rocm-systems/projects/rccl/build/release/hipify/src/mem_manager.cc:11:
In file included from /home/yelkhamr/dark-factory/rocm-systems/projects/rccl/build/release/hipify/src/include/comm.h:25:
In file included from /home/yelkhamr/dark-factory/rocm-systems/projects/rccl/build/release/hipify/src/include/dev_runtime.h:11:
In file included from /home/yelkhamr/dark-factory/rocm-systems/projects/rccl/build/release/hipify/src/include/nccl_device.h:10:
In file included from /home/yelkhamr/dark-factory/rocm-systems/projects/rccl/build/release/hipify/src/include/nccl_device/impl/barrier__funcs.h:12:
In file included from /home/yelkhamr/dark-factory/rocm-systems/projects/rccl/build/release/hipify/src/include/nccl_device/impl/barrier__types.h:10:
In file included from /home/yelkhamr/dark-factory/rocm-systems/projects/rccl/build/release/hipify/src/include/nccl_device/impl/../barrier.h:11:
/home/yelkhamr/dark-factory/rocm-systems/projects/rccl/build/release/hipify/src/include/nccl_device/impl/../impl/core__types.h:26:9: warning: 'NCCL_GIN_MAX_CONNECTIONS' macro redefined [-Wmacro-redefined]
   26 | #define NCCL_GIN_MAX_CONNECTIONS 4
      |         ^
/home/yelkhamr/dark-factory/rocm-systems/projects/rccl/build/release/include/nccl_device/gin/gin_device_host_common.h:18:9: note: previous definition is here
   18 | #define NCCL_GIN_MAX_CONNECTIONS NCCL_GIN_MAX_CONTEXTS
      |         ^
In file included from /home/yelkhamr/dark-factory/rocm-systems/projects/rccl/build/release/hipify/src/graph/rome_models.cc:24:
In file included from /home/yelkhamr/dark-factory/rocm-systems/projects/rccl/build/release/hipify/src/include/comm.h:25:
In file included from /home/yelkhamr/dark-factory/rocm-systems/projects/rccl/build/release/hipify/src/include/dev_runtime.h:11:
In file included from /home/yelkhamr/dark-factory/rocm-systems/projects/rccl/build/release/hipify/src/include/nccl_device.h:10:
In file included from /home/yelkhamr/dark-factory/rocm-systems/projects/rccl/build/release/hipify/src/include/nccl_device/impl/barrier__funcs.h:12:
In file included from /home/yelkhamr/dark-factory/rocm-systems/projects/rccl/build/release/hipify/src/include/nccl_device/impl/barrier__types.h:10:
In file included from /home/yelkhamr/dark-factory/rocm-systems/projects/rccl/build/release/hipify/src/include/nccl_device/impl/../barrier.h:11:
/home/yelkhamr/dark-factory/rocm-systems/projects/rccl/build/release/hipify/src/include/nccl_device/impl/../impl/core__types.h:26:9: warning: 'NCCL_GIN_MAX_CONNECTIONS' macro redefined [-Wmacro-redefined]
   26 | #define NCCL_GIN_MAX_CONNECTIONS 4
      |         ^
/home/yelkhamr/dark-factory/rocm-systems/projects/rccl/build/release/include/nccl_device/gin/gin_device_host_common.h:18:9: note: previous definition is here
   18 | #define NCCL_GIN_MAX_CONNECTIONS NCCL_GIN_MAX_CONTEXTS
      |         ^
In file included from /home/yelkhamr/dark-factory/rocm-systems/projects/rccl/build/release/hipify/src/proxy.cc:10:
In file included from /home/yelkhamr/dark-factory/rocm-systems/projects/rccl/build/release/hipify/src/include/comm.h:25:
In file included from /home/yelkhamr/dark-factory/rocm-systems/projects/rccl/build/release/hipify/src/include/dev_runtime.h:11:
In file included from /home/yelkhamr/dark-factory/rocm-systems/projects/rccl/build/release/hipify/src/include/nccl_device.h:16:
/home/yelkhamr/dark-factory/rocm-systems/projects/rccl/build/release/hipify/src/include/nccl_device/impl/gin__funcs.h:413:60: warning: result of comparison of constant 3 with expression of type 'const hipMemLocationType' is always false [-Wtautological-constant-out-of-range-compare]
  413 |           if (!doneSysmemFence && srcSegmentWindow.memType == CU_MEM_LOCATION_TYPE_HOST_NUMA) {
      |                                   ~~~~~~~~~~~~~~~~~~~~~~~~ ^  ~~~~~~~~~~~~~~~~~~~~~~~~~~~~~~
In file included from /home/yelkhamr/dark-factory/rocm-systems/projects/rccl/build/release/hipify/src/graph/connect.cc:9:
In file included from /home/yelkhamr/dark-factory/rocm-systems/projects/rccl/build/release/hipify/src/include/comm.h:25:
In file included from /home/yelkhamr/dark-factory/rocm-systems/projects/rccl/build/release/hipify/src/include/dev_runtime.h:11:
In file included from /home/yelkhamr/dark-factory/rocm-systems/projects/rccl/build/release/hipify/src/include/nccl_device.h:10:
In file included from /home/yelkhamr/dark-factory/rocm-systems/projects/rccl/build/release/hipify/src/include/nccl_device/impl/barrier__funcs.h:12:
In file included from /home/yelkhamr/dark-factory/rocm-systems/projects/rccl/build/release/hipify/src/include/nccl_device/impl/barrier__types.h:10:
In file included from /home/yelkhamr/dark-factory/rocm-systems/projects/rccl/build/release/hipify/src/include/nccl_device/impl/../barrier.h:11:
/home/yelkhamr/dark-factory/rocm-systems/projects/rccl/build/release/hipify/src/include/nccl_device/impl/../impl/core__types.h:26:9: warning: 'NCCL_GIN_MAX_CONNECTIONS' macro redefined [-Wmacro-redefined]
   26 | #define NCCL_GIN_MAX_CONNECTIONS 4
      |         ^
/home/yelkhamr/dark-factory/rocm-systems/projects/rccl/build/release/include/nccl_device/gin/gin_device_host_common.h:18:9: note: previous definition is here
   18 | #define NCCL_GIN_MAX_CONNECTIONS NCCL_GIN_MAX_CONTEXTS
      |         ^
In file included from /home/yelkhamr/dark-factory/rocm-systems/projects/rccl/build/release/hipify/src/init.cc:12:
In file included from /home/yelkhamr/dark-factory/rocm-systems/projects/rccl/build/release/hipify/src/include/channel.h:10:
In file included from /home/yelkhamr/dark-factory/rocm-systems/projects/rccl/build/release/hipify/src/include/comm.h:25:
In file included from /home/yelkhamr/dark-factory/rocm-systems/projects/rccl/build/release/hipify/src/include/dev_runtime.h:11:
In file included from /home/yelkhamr/dark-factory/rocm-systems/projects/rccl/build/release/hipify/src/include/nccl_device.h:10:
In file included from /home/yelkhamr/dark-factory/rocm-systems/projects/rccl/build/release/hipify/src/include/nccl_device/impl/barrier__funcs.h:12:
In file included from /home/yelkhamr/dark-factory/rocm-systems/projects/rccl/build/release/hipify/src/include/nccl_device/impl/barrier__types.h:10:
In file included from /home/yelkhamr/dark-factory/rocm-systems/projects/rccl/build/release/hipify/src/include/nccl_device/impl/../barrier.h:11:
/home/yelkhamr/dark-factory/rocm-systems/projects/rccl/build/release/hipify/src/include/nccl_device/impl/../impl/core__types.h:26:9: warning: 'NCCL_GIN_MAX_CONNECTIONS' macro redefined [-Wmacro-redefined]
   26 | #define NCCL_GIN_MAX_CONNECTIONS 4
      |         ^
/home/yelkhamr/dark-factory/rocm-systems/projects/rccl/build/release/include/nccl_device/gin/gin_device_host_common.h:18:9: note: previous definition is here
   18 | #define NCCL_GIN_MAX_CONNECTIONS NCCL_GIN_MAX_CONTEXTS
      |         ^
In file included from /home/yelkhamr/dark-factory/rocm-systems/projects/rccl/build/release/hipify/src/allocator.cc:9:
In file included from /home/yelkhamr/dark-factory/rocm-systems/projects/rccl/build/release/hipify/src/include/comm.h:25:
In file included from /home/yelkhamr/dark-factory/rocm-systems/projects/rccl/build/release/hipify/src/include/dev_runtime.h:11:
In file included from /home/yelkhamr/dark-factory/rocm-systems/projects/rccl/build/release/hipify/src/include/nccl_device.h:10:
In file included from /home/yelkhamr/dark-factory/rocm-systems/projects/rccl/build/release/hipify/src/include/nccl_device/impl/barrier__funcs.h:12:
In file included from /home/yelkhamr/dark-factory/rocm-systems/projects/rccl/build/release/hipify/src/include/nccl_device/impl/barrier__types.h:10:
In file included from /home/yelkhamr/dark-factory/rocm-systems/projects/rccl/build/release/hipify/src/include/nccl_device/impl/../barrier.h:11:
/home/yelkhamr/dark-factory/rocm-systems/projects/rccl/build/release/hipify/src/include/nccl_device/impl/../impl/core__types.h:26:9: warning: 'NCCL_GIN_MAX_CONNECTIONS' macro redefined [-Wmacro-redefined]
   26 | #define NCCL_GIN_MAX_CONNECTIONS 4
      |         ^
/home/yelkhamr/dark-factory/rocm-systems/projects/rccl/build/release/include/nccl_device/gin/gin_device_host_common.h:18:9: note: previous definition is here
   18 | #define NCCL_GIN_MAX_CONNECTIONS NCCL_GIN_MAX_CONTEXTS
      |         ^
In file included from /home/yelkhamr/dark-factory/rocm-systems/projects/rccl/build/release/hipify/src/graph/search.cc:10:
In file included from /home/yelkhamr/dark-factory/rocm-systems/projects/rccl/build/release/hipify/src/include/comm.h:25:
In file included from /home/yelkhamr/dark-factory/rocm-systems/projects/rccl/build/release/hipify/src/include/dev_runtime.h:11:
In file included from /home/yelkhamr/dark-factory/rocm-systems/projects/rccl/build/release/hipify/src/include/nccl_device.h:10:
In file included from /home/yelkhamr/dark-factory/rocm-systems/projects/rccl/build/release/hipify/src/include/nccl_device/impl/barrier__funcs.h:12:
In file included from /home/yelkhamr/dark-factory/rocm-systems/projects/rccl/build/release/hipify/src/include/nccl_device/impl/barrier__types.h:10:
In file included from /home/yelkhamr/dark-factory/rocm-systems/projects/rccl/build/release/hipify/src/include/nccl_device/impl/../barrier.h:11:
/home/yelkhamr/dark-factory/rocm-systems/projects/rccl/build/release/hipify/src/include/nccl_device/impl/../impl/core__types.h:26:9: warning: 'NCCL_GIN_MAX_CONNECTIONS' macro redefined [-Wmacro-redefined]
   26 | #define NCCL_GIN_MAX_CONNECTIONS 4
      |         ^
/home/yelkhamr/dark-factory/rocm-systems/projects/rccl/build/release/include/nccl_device/gin/gin_device_host_common.h:18:9: note: previous definition is here
   18 | #define NCCL_GIN_MAX_CONNECTIONS NCCL_GIN_MAX_CONTEXTS
      |         ^
In file included from /home/yelkhamr/dark-factory/rocm-systems/projects/rccl/build/release/hipify/src/commDump.cc:6:
In file included from /home/yelkhamr/dark-factory/rocm-systems/projects/rccl/build/release/hipify/src/include/comm.h:25:
In file included from /home/yelkhamr/dark-factory/rocm-systems/projects/rccl/build/release/hipify/src/include/dev_runtime.h:11:
In file included from /home/yelkhamr/dark-factory/rocm-systems/projects/rccl/build/release/hipify/src/include/nccl_device.h:16:
/home/yelkhamr/dark-factory/rocm-systems/projects/rccl/build/release/hipify/src/include/nccl_device/impl/gin__funcs.h:413:60: warning: result of comparison of constant 3 with expression of type 'const hipMemLocationType' is always false [-Wtautological-constant-out-of-range-compare]
  413 |           if (!doneSysmemFence && srcSegmentWindow.memType == CU_MEM_LOCATION_TYPE_HOST_NUMA) {
      |                                   ~~~~~~~~~~~~~~~~~~~~~~~~ ^  ~~~~~~~~~~~~~~~~~~~~~~~~~~~~~~
In file included from /home/yelkhamr/dark-factory/rocm-systems/projects/rccl/build/release/hipify/src/graph/paths.cc:11:
In file included from /home/yelkhamr/dark-factory/rocm-systems/projects/rccl/build/release/hipify/src/graph/topo.h:15:
In file included from /home/yelkhamr/dark-factory/rocm-systems/projects/rccl/build/release/hipify/src/include/net.h:13:
In file included from /home/yelkhamr/dark-factory/rocm-systems/projects/rccl/build/release/hipify/src/include/comm.h:25:
In file included from /home/yelkhamr/dark-factory/rocm-systems/projects/rccl/build/release/hipify/src/include/dev_runtime.h:11:
In file included from /home/yelkhamr/dark-factory/rocm-systems/projects/rccl/build/release/hipify/src/include/nccl_device.h:10:
In file included from /home/yelkhamr/dark-factory/rocm-systems/projects/rccl/build/release/hipify/src/include/nccl_device/impl/barrier__funcs.h:12:
In file included from /home/yelkhamr/dark-factory/rocm-systems/projects/rccl/build/release/hipify/src/include/nccl_device/impl/barrier__types.h:10:
In file included from /home/yelkhamr/dark-factory/rocm-systems/projects/rccl/build/release/hipify/src/include/nccl_device/impl/../barrier.h:11:
/home/yelkhamr/dark-factory/rocm-systems/projects/rccl/build/release/hipify/src/include/nccl_device/impl/../impl/core__types.h:26:9: warning: 'NCCL_GIN_MAX_CONNECTIONS' macro redefined [-Wmacro-redefined]
   26 | #define NCCL_GIN_MAX_CONNECTIONS 4
      |         ^
/home/yelkhamr/dark-factory/rocm-systems/projects/rccl/build/release/include/nccl_device/gin/gin_device_host_common.h:18:9: note: previous definition is here
   18 | #define NCCL_GIN_MAX_CONNECTIONS NCCL_GIN_MAX_CONTEXTS
      |         ^
In file included from /home/yelkhamr/dark-factory/rocm-systems/projects/rccl/build/release/hipify/src/ipc_mem_handler.cc:11:
In file included from /home/yelkhamr/dark-factory/rocm-systems/projects/rccl/build/release/hipify/src/include/bootstrap.h:12:
In file included from /home/yelkhamr/dark-factory/rocm-systems/projects/rccl/build/release/hipify/src/include/comm.h:25:
In file included from /home/yelkhamr/dark-factory/rocm-systems/projects/rccl/build/release/hipify/src/include/dev_runtime.h:11:
In file included from /home/yelkhamr/dark-factory/rocm-systems/projects/rccl/build/release/hipify/src/include/nccl_device.h:16:
/home/yelkhamr/dark-factory/rocm-systems/projects/rccl/build/release/hipify/src/include/nccl_device/impl/gin__funcs.h:413:60: warning: result of comparison of constant 3 with expression of type 'const hipMemLocationType' is always false [-Wtautological-constant-out-of-range-compare]
  413 |           if (!doneSysmemFence && srcSegmentWindow.memType == CU_MEM_LOCATION_TYPE_HOST_NUMA) {
      |                                   ~~~~~~~~~~~~~~~~~~~~~~~~ ^  ~~~~~~~~~~~~~~~~~~~~~~~~~~~~~~
In file included from /home/yelkhamr/dark-factory/rocm-systems/projects/rccl/build/release/hipify/src/rma/rma.cc:12:
In file included from /home/yelkhamr/dark-factory/rocm-systems/projects/rccl/build/release/hipify/src/include/comm.h:25:
In file included from /home/yelkhamr/dark-factory/rocm-systems/projects/rccl/build/release/hipify/src/include/dev_runtime.h:11:
In file included from /home/yelkhamr/dark-factory/rocm-systems/projects/rccl/build/release/hipify/src/include/nccl_device.h:16:
/home/yelkhamr/dark-factory/rocm-systems/projects/rccl/build/release/hipify/src/include/nccl_device/impl/gin__funcs.h:413:60: warning: result of comparison of constant 3 with expression of type 'const hipMemLocationType' is always false [-Wtautological-constant-out-of-range-compare]
  413 |           if (!doneSysmemFence && srcSegmentWindow.memType == CU_MEM_LOCATION_TYPE_HOST_NUMA) {
      |                                   ~~~~~~~~~~~~~~~~~~~~~~~~ ^  ~~~~~~~~~~~~~~~~~~~~~~~~~~~~~~
In file included from /home/yelkhamr/dark-factory/rocm-systems/projects/rccl/build/release/hipify/src/mnnvl.cc:9:
In file included from /home/yelkhamr/dark-factory/rocm-systems/projects/rccl/build/release/hipify/src/include/mnnvl.h:12:
In file included from /home/yelkhamr/dark-factory/rocm-systems/projects/rccl/build/release/hipify/src/include/comm.h:25:
In file included from /home/yelkhamr/dark-factory/rocm-systems/projects/rccl/build/release/hipify/src/include/dev_runtime.h:11:
In file included from /home/yelkhamr/dark-factory/rocm-systems/projects/rccl/build/release/hipify/src/include/nccl_device.h:16:
/home/yelkhamr/dark-factory/rocm-systems/projects/rccl/build/release/hipify/src/include/nccl_device/impl/gin__funcs.h:413:60: warning: result of comparison of constant 3 with expression of type 'const hipMemLocationType' is always false [-Wtautological-constant-out-of-range-compare]
  413 |           if (!doneSysmemFence && srcSegmentWindow.memType == CU_MEM_LOCATION_TYPE_HOST_NUMA) {
      |                                   ~~~~~~~~~~~~~~~~~~~~~~~~ ^  ~~~~~~~~~~~~~~~~~~~~~~~~~~~~~~
In file included from /home/yelkhamr/dark-factory/rocm-systems/projects/rccl/build/release/hipify/src/nccl_device/core.cc:9:
In file included from /home/yelkhamr/dark-factory/rocm-systems/projects/rccl/build/release/hipify/src/include/comm.h:25:
In file included from /home/yelkhamr/dark-factory/rocm-systems/projects/rccl/build/release/hipify/src/include/dev_runtime.h:11:
In file included from /home/yelkhamr/dark-factory/rocm-systems/projects/rccl/build/release/hipify/src/include/nccl_device.h:10:
In file included from /home/yelkhamr/dark-factory/rocm-systems/projects/rccl/build/release/hipify/src/include/nccl_device/impl/barrier__funcs.h:12:
In file included from /home/yelkhamr/dark-factory/rocm-systems/projects/rccl/build/release/hipify/src/include/nccl_device/impl/barrier__types.h:10:
In file included from /home/yelkhamr/dark-factory/rocm-systems/projects/rccl/build/release/hipify/src/include/nccl_device/impl/../barrier.h:11:
/home/yelkhamr/dark-factory/rocm-systems/projects/rccl/build/release/hipify/src/include/nccl_device/impl/../impl/core__types.h:26:9: warning: 'NCCL_GIN_MAX_CONNECTIONS' macro redefined [-Wmacro-redefined]
   26 | #define NCCL_GIN_MAX_CONNECTIONS 4
      |         ^
/home/yelkhamr/dark-factory/rocm-systems/projects/rccl/build/release/include/nccl_device/gin/gin_device_host_common.h:18:9: note: previous definition is here
   18 | #define NCCL_GIN_MAX_CONNECTIONS NCCL_GIN_MAX_CONTEXTS
      |         ^
In file included from /home/yelkhamr/dark-factory/rocm-systems/projects/rccl/build/release/hipify/src/group.cc:10:
In file included from /home/yelkhamr/dark-factory/rocm-systems/projects/rccl/build/release/hipify/src/include/group.h:12:
In file included from /home/yelkhamr/dark-factory/rocm-systems/projects/rccl/build/release/hipify/src/include/comm.h:25:
In file included from /home/yelkhamr/dark-factory/rocm-systems/projects/rccl/build/release/hipify/src/include/dev_runtime.h:11:
In file included from /home/yelkhamr/dark-factory/rocm-systems/projects/rccl/build/release/hipify/src/include/nccl_device.h:16:
/home/yelkhamr/dark-factory/rocm-systems/projects/rccl/build/release/hipify/src/include/nccl_device/impl/gin__funcs.h:413:60: warning: result of comparison of constant 3 with expression of type 'const hipMemLocationType' is always false [-Wtautological-constant-out-of-range-compare]
  413 |           if (!doneSysmemFence && srcSegmentWindow.memType == CU_MEM_LOCATION_TYPE_HOST_NUMA) {
      |                                   ~~~~~~~~~~~~~~~~~~~~~~~~ ^  ~~~~~~~~~~~~~~~~~~~~~~~~~~~~~~
In file included from /home/yelkhamr/dark-factory/rocm-systems/projects/rccl/build/release/hipify/src/graph/tuning.cc:12:
In file included from /home/yelkhamr/dark-factory/rocm-systems/projects/rccl/build/release/hipify/src/include/comm.h:25:
In file included from /home/yelkhamr/dark-factory/rocm-systems/projects/rccl/build/release/hipify/src/include/dev_runtime.h:11:
In file included from /home/yelkhamr/dark-factory/rocm-systems/projects/rccl/build/release/hipify/src/include/nccl_device.h:10:
In file included from /home/yelkhamr/dark-factory/rocm-systems/projects/rccl/build/release/hipify/src/include/nccl_device/impl/barrier__funcs.h:12:
In file included from /home/yelkhamr/dark-factory/rocm-systems/projects/rccl/build/release/hipify/src/include/nccl_device/impl/barrier__types.h:10:
In file included from /home/yelkhamr/dark-factory/rocm-systems/projects/rccl/build/release/hipify/src/include/nccl_device/impl/../barrier.h:11:
/home/yelkhamr/dark-factory/rocm-systems/projects/rccl/build/release/hipify/src/include/nccl_device/impl/../impl/core__types.h:26:9: warning: 'NCCL_GIN_MAX_CONNECTIONS' macro redefined [-Wmacro-redefined]
   26 | #define NCCL_GIN_MAX_CONNECTIONS 4
      |         ^
/home/yelkhamr/dark-factory/rocm-systems/projects/rccl/build/release/include/nccl_device/gin/gin_device_host_common.h:18:9: note: previous definition is here
   18 | #define NCCL_GIN_MAX_CONNECTIONS NCCL_GIN_MAX_CONTEXTS
      |         ^
In file included from /home/yelkhamr/dark-factory/rocm-systems/projects/rccl/build/release/hipify/src/graph/topo.cc:11:
In file included from /home/yelkhamr/dark-factory/rocm-systems/projects/rccl/build/release/hipify/src/graph/topo.h:15:
In file included from /home/yelkhamr/dark-factory/rocm-systems/projects/rccl/build/release/hipify/src/include/net.h:13:
In file included from /home/yelkhamr/dark-factory/rocm-systems/projects/rccl/build/release/hipify/src/include/comm.h:25:
In file included from /home/yelkhamr/dark-factory/rocm-systems/projects/rccl/build/release/hipify/src/include/dev_runtime.h:11:
In file included from /home/yelkhamr/dark-factory/rocm-systems/projects/rccl/build/release/hipify/src/include/nccl_device.h:10:
In file included from /home/yelkhamr/dark-factory/rocm-systems/projects/rccl/build/release/hipify/src/include/nccl_device/impl/barrier__funcs.h:12:
In file included from /home/yelkhamr/dark-factory/rocm-systems/projects/rccl/build/release/hipify/src/include/nccl_device/impl/barrier__types.h:10:
In file included from /home/yelkhamr/dark-factory/rocm-systems/projects/rccl/build/release/hipify/src/include/nccl_device/impl/../barrier.h:11:
/home/yelkhamr/dark-factory/rocm-systems/projects/rccl/build/release/hipify/src/include/nccl_device/impl/../impl/core__types.h:26:9: warning: 'NCCL_GIN_MAX_CONNECTIONS' macro redefined [-Wmacro-redefined]
   26 | #define NCCL_GIN_MAX_CONNECTIONS 4
      |         ^
/home/yelkhamr/dark-factory/rocm-systems/projects/rccl/build/release/include/nccl_device/gin/gin_device_host_common.h:18:9: note: previous definition is here
   18 | #define NCCL_GIN_MAX_CONNECTIONS NCCL_GIN_MAX_CONTEXTS
      |         ^
In file included from /home/yelkhamr/dark-factory/rocm-systems/projects/rccl/build/release/hipify/src/bootstrap.cc:12:
In file included from /home/yelkhamr/dark-factory/rocm-systems/projects/rccl/build/release/hipify/src/include/bootstrap.h:12:
In file included from /home/yelkhamr/dark-factory/rocm-systems/projects/rccl/build/release/hipify/src/include/comm.h:25:
In file included from /home/yelkhamr/dark-factory/rocm-systems/projects/rccl/build/release/hipify/src/include/dev_runtime.h:11:
In file included from /home/yelkhamr/dark-factory/rocm-systems/projects/rccl/build/release/hipify/src/include/nccl_device.h:16:
/home/yelkhamr/dark-factory/rocm-systems/projects/rccl/build/release/hipify/src/include/nccl_device/impl/gin__funcs.h:413:60: warning: result of comparison of constant 3 with expression of type 'const hipMemLocationType' is always false [-Wtautological-constant-out-of-range-compare]
  413 |           if (!doneSysmemFence && srcSegmentWindow.memType == CU_MEM_LOCATION_TYPE_HOST_NUMA) {
      |                                   ~~~~~~~~~~~~~~~~~~~~~~~~ ^  ~~~~~~~~~~~~~~~~~~~~~~~~~~~~~~
In file included from /home/yelkhamr/dark-factory/rocm-systems/projects/rccl/build/release/hipify/src/misc/shmutils.cc:10:
In file included from /home/yelkhamr/dark-factory/rocm-systems/projects/rccl/build/release/hipify/src/include/comm.h:25:
In file included from /home/yelkhamr/dark-factory/rocm-systems/projects/rccl/build/release/hipify/src/include/dev_runtime.h:11:
In file included from /home/yelkhamr/dark-factory/rocm-systems/projects/rccl/build/release/hipify/src/include/nccl_device.h:10:
In file included from /home/yelkhamr/dark-factory/rocm-systems/projects/rccl/build/release/hipify/src/include/nccl_device/impl/barrier__funcs.h:12:
In file included from /home/yelkhamr/dark-factory/rocm-systems/projects/rccl/build/release/hipify/src/include/nccl_device/impl/barrier__types.h:10:
In file included from /home/yelkhamr/dark-factory/rocm-systems/projects/rccl/build/release/hipify/src/include/nccl_device/impl/../barrier.h:11:
/home/yelkhamr/dark-factory/rocm-systems/projects/rccl/build/release/hipify/src/include/nccl_device/impl/../impl/core__types.h:26:9: warning: 'NCCL_GIN_MAX_CONNECTIONS' macro redefined [-Wmacro-redefined]
   26 | #define NCCL_GIN_MAX_CONNECTIONS 4
      |         ^
/home/yelkhamr/dark-factory/rocm-systems/projects/rccl/build/release/include/nccl_device/gin/gin_device_host_common.h:18:9: note: previous definition is here
   18 | #define NCCL_GIN_MAX_CONNECTIONS NCCL_GIN_MAX_CONTEXTS
      |         ^
In file included from /home/yelkhamr/dark-factory/rocm-systems/projects/rccl/build/release/hipify/src/channel.cc:8:
In file included from /home/yelkhamr/dark-factory/rocm-systems/projects/rccl/build/release/hipify/src/include/channel.h:10:
In file included from /home/yelkhamr/dark-factory/rocm-systems/projects/rccl/build/release/hipify/src/include/comm.h:25:
In file included from /home/yelkhamr/dark-factory/rocm-systems/projects/rccl/build/release/hipify/src/include/dev_runtime.h:11:
In file included from /home/yelkhamr/dark-factory/rocm-systems/projects/rccl/build/release/hipify/src/include/nccl_device.h:16:
/home/yelkhamr/dark-factory/rocm-systems/projects/rccl/build/release/hipify/src/include/nccl_device/impl/gin__funcs.h:413:60: warning: result of comparison of constant 3 with expression of type 'const hipMemLocationType' is always false [-Wtautological-constant-out-of-range-compare]
  413 |           if (!doneSysmemFence && srcSegmentWindow.memType == CU_MEM_LOCATION_TYPE_HOST_NUMA) {
      |                                   ~~~~~~~~~~~~~~~~~~~~~~~~ ^  ~~~~~~~~~~~~~~~~~~~~~~~~~~~~~~
In file included from /home/yelkhamr/dark-factory/rocm-systems/projects/rccl/build/release/hipify/src/rccl_wrap.cc:25:
In file included from /home/yelkhamr/dark-factory/rocm-systems/projects/rccl/build/release/hipify/src/include/comm.h:25:
In file included from /home/yelkhamr/dark-factory/rocm-systems/projects/rccl/build/release/hipify/src/include/dev_runtime.h:11:
In file included from /home/yelkhamr/dark-factory/rocm-systems/projects/rccl/build/release/hipify/src/include/nccl_device.h:16:
/home/yelkhamr/dark-factory/rocm-systems/projects/rccl/build/release/hipify/src/include/nccl_device/impl/gin__funcs.h:413:60: warning: result of comparison of constant 3 with expression of type 'const hipMemLocationType' is always false [-Wtautological-constant-out-of-range-compare]
  413 |           if (!doneSysmemFence && srcSegmentWindow.memType == CU_MEM_LOCATION_TYPE_HOST_NUMA) {
      |                                   ~~~~~~~~~~~~~~~~~~~~~~~~ ^  ~~~~~~~~~~~~~~~~~~~~~~~~~~~~~~
In file included from /home/yelkhamr/dark-factory/rocm-systems/projects/rccl/build/release/hipify/src/transport.cc:8:
In file included from /home/yelkhamr/dark-factory/rocm-systems/projects/rccl/build/release/hipify/src/include/comm.h:25:
In file included from /home/yelkhamr/dark-factory/rocm-systems/projects/rccl/build/release/hipify/src/include/dev_runtime.h:11:
In file included from /home/yelkhamr/dark-factory/rocm-systems/projects/rccl/build/release/hipify/src/include/nccl_device.h:10:
In file included from /home/yelkhamr/dark-factory/rocm-systems/projects/rccl/build/release/hipify/src/include/nccl_device/impl/barrier__funcs.h:12:
In file included from /home/yelkhamr/dark-factory/rocm-systems/projects/rccl/build/release/hipify/src/include/nccl_device/impl/barrier__types.h:10:
In file included from /home/yelkhamr/dark-factory/rocm-systems/projects/rccl/build/release/hipify/src/include/nccl_device/impl/../barrier.h:11:
/home/yelkhamr/dark-factory/rocm-systems/projects/rccl/build/release/hipify/src/include/nccl_device/impl/../impl/core__types.h:26:9: warning: 'NCCL_GIN_MAX_CONNECTIONS' macro redefined [-Wmacro-redefined]
   26 | #define NCCL_GIN_MAX_CONNECTIONS 4
      |         ^
/home/yelkhamr/dark-factory/rocm-systems/projects/rccl/build/release/include/nccl_device/gin/gin_device_host_common.h:18:9: note: previous definition is here
   18 | #define NCCL_GIN_MAX_CONNECTIONS NCCL_GIN_MAX_CONTEXTS
      |         ^
In file included from /home/yelkhamr/dark-factory/rocm-systems/projects/rccl/build/release/hipify/src/misc/recorder.cc:3:
In file included from /home/yelkhamr/dark-factory/rocm-systems/projects/rccl/build/release/hipify/src/include/bootstrap.h:12:
In file included from /home/yelkhamr/dark-factory/rocm-systems/projects/rccl/build/release/hipify/src/include/comm.h:25:
In file included from /home/yelkhamr/dark-factory/rocm-systems/projects/rccl/build/release/hipify/src/include/dev_runtime.h:11:
In file included from /home/yelkhamr/dark-factory/rocm-systems/projects/rccl/build/release/hipify/src/include/nccl_device.h:10:
In file included from /home/yelkhamr/dark-factory/rocm-systems/projects/rccl/build/release/hipify/src/include/nccl_device/impl/barrier__funcs.h:12:
In file included from /home/yelkhamr/dark-factory/rocm-systems/projects/rccl/build/release/hipify/src/include/nccl_device/impl/barrier__types.h:10:
In file included from /home/yelkhamr/dark-factory/rocm-systems/projects/rccl/build/release/hipify/src/include/nccl_device/impl/../barrier.h:11:
/home/yelkhamr/dark-factory/rocm-systems/projects/rccl/build/release/hipify/src/include/nccl_device/impl/../impl/core__types.h:26:9: warning: 'NCCL_GIN_MAX_CONNECTIONS' macro redefined [-Wmacro-redefined]
   26 | #define NCCL_GIN_MAX_CONNECTIONS 4
      |         ^
/home/yelkhamr/dark-factory/rocm-systems/projects/rccl/build/release/include/nccl_device/gin/gin_device_host_common.h:18:9: note: previous definition is here
   18 | #define NCCL_GIN_MAX_CONNECTIONS NCCL_GIN_MAX_CONTEXTS
      |         ^
In file included from In file included from /home/yelkhamr/dark-factory/rocm-systems/projects/rccl/build/release/hipify/src/ce_coll.cc/home/yelkhamr/dark-factory/rocm-systems/projects/rccl/build/release/hipify/src/ipc_init.cu.cpp::911:
:
In file included from In file included from /home/yelkhamr/dark-factory/rocm-systems/projects/rccl/build/release/hipify/src/include/comm.h/home/yelkhamr/dark-factory/rocm-systems/projects/rccl/build/release/hipify/src/include/comm.h:25::
In file included from 25/home/yelkhamr/dark-factory/rocm-systems/projects/rccl/build/release/hipify/src/include/dev_runtime.h:
In file included from :11/home/yelkhamr/dark-factory/rocm-systems/projects/rccl/build/release/hipify/src/include/dev_runtime.h:
In file included from :11:
In file included from /home/yelkhamr/dark-factory/rocm-systems/projects/rccl/build/release/hipify/src/include/nccl_device.h:/home/yelkhamr/dark-factory/rocm-systems/projects/rccl/build/release/hipify/src/include/nccl_device.h:1616:
:
/home/yelkhamr/dark-factory/rocm-systems/projects/rccl/build/release/hipify/src/include/nccl_device/impl/gin__funcs.h/home/yelkhamr/dark-factory/rocm-systems/projects/rccl/build/release/hipify/src/include/nccl_device/impl/gin__funcs.h:413:60: :warning: 413:result of comparison of constant 3 with expression of type 'const hipMemLocationType' is always false [-Wtautological-constant-out-of-range-compare]60:
 warning: result of comparison of constant 3 with expression of type 'const hipMemLocationType' is always false [-Wtautological-constant-out-of-range-compare]
  413 |       413      if |      (!do   neSyIn file included from  s/home/yelkhamr/dark-factory/rocm-systems/projects/rccl/build/release/hipify/src/enqueue.cc m: 10ie:
f (mFence &&In file included from !do srcS/home/yelkhamr/dark-factory/rocm-systems/projects/rccl/build/release/hipify/src/include/enqueue.h:ne11eg:
SysmentIn file included from /home/yelkhamr/dark-factory/rocm-systems/projects/rccl/build/release/hipify/src/include/comm.hmemFW:ei25ncnd:
e &oIn file included from &w/home/yelkhamr/dark-factory/rocm-systems/projects/rccl/build/release/hipify/src/include/dev_runtime.h: s.m11:
rceIn file included from Sm/home/yelkhamr/dark-factory/rocm-systems/projects/rccl/build/release/hipify/src/include/nccl_device.heTyp:16gmene == C:
tU_ME/home/yelkhamr/dark-factory/rocm-systems/projects/rccl/build/release/hipify/src/include/nccl_device/impl/gin__funcs.h:WinM413d_LOCATI:60oO:w.N m_warning: eTresult of comparison of constant 3 with expression of type 'const hipMemLocationType' is always false [-Wtautological-constant-out-of-range-compare]
mYPE_  TyHOST_NUMA) {413 | pe
        |                                   ~~~~~~~~~~~~~~~~~~~~~~~~ ^  ~~~~~~~~~~~~~~~~~~~~~~~~~~~~~~
 = =   C U _ M E Mi_fL O(C!AdToInOeNS_yTsYmPeEm_FHeOnScTe_ N&U&M As)r c{S
e      g| m                                  ~~~~~~~~~~~~~~~~~~~~~~~~ ^  ~~~~~~~~~~~~~~~~~~~~~~~~~~~~~~e
ntWindow.memType == CU_MEM_LOCATION_TYPE_HOST_NUMA) {
      |                                   ~~~~~~~~~~~~~~~~~~~~~~~~ ^  ~~~~~~~~~~~~~~~~~~~~~~~~~~~~~~
In file included from /home/yelkhamr/dark-factory/rocm-systems/projects/rccl/build/release/hipify/src/mem_manager.cc:11:
In file included from /home/yelkhamr/dark-factory/rocm-systems/projects/rccl/build/release/hipify/src/include/comm.h:25:
In file included from /home/yelkhamr/dark-factory/rocm-systems/projects/rccl/build/release/hipify/src/include/dev_runtime.h:11:
In file included from /home/yelkhamr/dark-factory/rocm-systems/projects/rccl/build/release/hipify/src/include/nccl_device.h:16:
/home/yelkhamr/dark-factory/rocm-systems/projects/rccl/build/release/hipify/src/include/nccl_device/impl/gin__funcs.h:413:60: warning: result of comparison of constant 3 with expression of type 'const hipMemLocationType' is always false [-Wtautological-constant-out-of-range-compare]
  413 |           if (!doneSysmemFence && srcSegmentWindow.memType == CU_MEM_LOCATION_TYPE_HOST_NUMA) {
      |                                   ~~~~~~~~~~~~~~~~~~~~~~~~ ^  ~~~~~~~~~~~~~~~~~~~~~~~~~~~~~~
In file included from /home/yelkhamr/dark-factory/rocm-systems/projects/rccl/build/release/hipify/src/misc/argcheck.cc:9:
In file included from /home/yelkhamr/dark-factory/rocm-systems/projects/rccl/build/release/hipify/src/include/comm.h:25:
In file included from /home/yelkhamr/dark-factory/rocm-systems/projects/rccl/build/release/hipify/src/include/dev_runtime.h:11:
In file included from /home/yelkhamr/dark-factory/rocm-systems/projects/rccl/build/release/hipify/src/include/nccl_device.h:16:
/home/yelkhamr/dark-factory/rocm-systems/projects/rccl/build/release/hipify/src/include/nccl_device/impl/gin__funcs.h:413:60: warning: result of comparison of constant 3 with expression of type 'const hipMemLocationType' is always false [-Wtautological-constant-out-of-range-compare]
  413 |           if (!doneSysmemFence && srcSegmentWindow.memType == CU_MEM_LOCATION_TYPE_HOST_NUMA) {
      |                                   ~~~~~~~~~~~~~~~~~~~~~~~~ ^  ~~~~~~~~~~~~~~~~~~~~~~~~~~~~~~
In file included from /home/yelkhamr/dark-factory/rocm-systems/projects/rccl/build/release/hipify/src/graph/rome_models.cc:24:
In file included from /home/yelkhamr/dark-factory/rocm-systems/projects/rccl/build/release/hipify/src/include/comm.h:25:
In file included from /home/yelkhamr/dark-factory/rocm-systems/projects/rccl/build/release/hipify/src/include/dev_runtime.h:11:
In file included from /home/yelkhamr/dark-factory/rocm-systems/projects/rccl/build/release/hipify/src/include/nccl_device.h:16:
/home/yelkhamr/dark-factory/rocm-systems/projects/rccl/build/release/hipify/src/include/nccl_device/impl/gin__funcs.h:413:60: warning: result of comparison of constant 3 with expression of type 'const hipMemLocationType' is always false [-Wtautological-constant-out-of-range-compare]
  413 |           if (!doneSysmemFence && srcSegmentWindow.memType == CU_MEM_LOCATION_TYPE_HOST_NUMA) {
      |                                   ~~~~~~~~~~~~~~~~~~~~~~~~ ^  ~~~~~~~~~~~~~~~~~~~~~~~~~~~~~~
In file included from /home/yelkhamr/dark-factory/rocm-systems/projects/rccl/build/release/hipify/src/graph/connect.cc:9:
In file included from /home/yelkhamr/dark-factory/rocm-systems/projects/rccl/build/release/hipify/src/include/comm.h:25:
In file included from /home/yelkhamr/dark-factory/rocm-systems/projects/rccl/build/release/hipify/src/include/dev_runtime.h:11:
In file included from /home/yelkhamr/dark-factory/rocm-systems/projects/rccl/build/release/hipify/src/include/nccl_device.h:16:
/home/yelkhamr/dark-factory/rocm-systems/projects/rccl/build/release/hipify/src/include/nccl_device/impl/gin__funcs.h:413:60: warning: result of comparison of constant 3 with expression of type 'const hipMemLocationType' is always false [-Wtautological-constant-out-of-range-compare]
  413 |           if (!doneSysmemFence && srcSegmentWindow.memType == CU_MEM_LOCATION_TYPE_HOST_NUMA) {
      |                                   ~~~~~~~~~~~~~~~~~~~~~~~~ ^  ~~~~~~~~~~~~~~~~~~~~~~~~~~~~~~
In file included from /home/yelkhamr/dark-factory/rocm-systems/projects/rccl/build/release/hipify/src/init.cc:12:
In file included from /home/yelkhamr/dark-factory/rocm-systems/projects/rccl/build/release/hipify/src/include/channel.h:10:
In file included from /home/yelkhamr/dark-factory/rocm-systems/projects/rccl/build/release/hipify/src/include/comm.h:25:
In file included from /home/yelkhamr/dark-factory/rocm-systems/projects/rccl/build/release/hipify/src/include/dev_runtime.h:11:
In file included from /home/yelkhamr/dark-factory/rocm-systems/projects/rccl/build/release/hipify/src/include/nccl_device.h:16:
/home/yelkhamr/dark-factory/rocm-systems/projects/rccl/build/release/hipify/src/include/nccl_device/impl/gin__funcs.h:413:60: warning: result of comparison of constant 3 with expression of type 'const hipMemLocationType' is always false [-Wtautological-constant-out-of-range-compare]
  413 |           if (!doneSysmemFence && srcSegmentWindow.memType == CU_MEM_LOCATION_TYPE_HOST_NUMA) {
      |                                   ~~~~~~~~~~~~~~~~~~~~~~~~ ^  ~~~~~~~~~~~~~~~~~~~~~~~~~~~~~~
In file included from /home/yelkhamr/dark-factory/rocm-systems/projects/rccl/build/release/hipify/src/graph/search.cc:10:
In file included from /home/yelkhamr/dark-factory/rocm-systems/projects/rccl/build/release/hipify/src/include/comm.h:25:
In file included from /home/yelkhamr/dark-factory/rocm-systems/projects/rccl/build/release/hipify/src/include/dev_runtime.h:11:
In file included from /home/yelkhamr/dark-factory/rocm-systems/projects/rccl/build/release/hipify/src/include/nccl_device.h:16:
/home/yelkhamr/dark-factory/rocm-systems/projects/rccl/build/release/hipify/src/include/nccl_device/impl/gin__funcs.h:413:60: warning: result of comparison of constant 3 with expression of type 'const hipMemLocationType' is always false [-Wtautological-constant-out-of-range-compare]
  413 |           if (!doneSysmemFence && srcSegmentWindow.memType == CUIn file included from _/home/yelkhamr/dark-factory/rocm-systems/projects/rccl/build/release/hipify/src/allocator.ccM:EM9_L:
OCIn file included from ATI/home/yelkhamr/dark-factory/rocm-systems/projects/rccl/build/release/hipify/src/include/comm.h:ON25_TYP:
In file included from E_/home/yelkhamr/dark-factory/rocm-systems/projects/rccl/build/release/hipify/src/include/dev_runtime.h:HOS11:
In file included from /home/yelkhamr/dark-factory/rocm-systems/projects/rccl/build/release/hipify/src/include/nccl_device.h:T16:
_/home/yelkhamr/dark-factory/rocm-systems/projects/rccl/build/release/hipify/src/include/nccl_device/impl/gin__funcs.hNU:MA)413 {:
      60|                                   ~~~~~~~~~~~~~~~~~~~~~~~~ ^  ~~~~~~~~~~~~~~~~~~~~~~~~~~~~~~:
 warning: result of comparison of constant 3 with expression of type 'const hipMemLocationType' is always false [-Wtautological-constant-out-of-range-compare]
  413 |           if (!doneSysmemFence && srcSegmentWindow.memType == CU_MEM_LOCATION_TYPE_HOST_NUMA) {
      |                                   ~~~~~~~~~~~~~~~~~~~~~~~~ ^  ~~~~~~~~~~~~~~~~~~~~~~~~~~~~~~
In file included from /home/yelkhamr/dark-factory/rocm-systems/projects/rccl/build/release/hipify/src/rma/rma_proxy.cc:16:
In file included from /home/yelkhamr/dark-factory/rocm-systems/projects/rccl/build/release/hipify/src/include/comm.h:25:
In file included from /home/yelkhamr/dark-factory/rocm-systems/projects/rccl/build/release/hipify/src/include/dev_runtime.h:11:
In file included from /home/yelkhamr/dark-factory/rocm-systems/projects/rccl/build/release/hipify/src/include/nccl_device.h:10:
In file included from /home/yelkhamr/dark-factory/rocm-systems/projects/rccl/build/release/hipify/src/include/nccl_device/impl/barrier__funcs.h:12:
In file included from /home/yelkhamr/dark-factory/rocm-systems/projects/rccl/build/release/hipify/src/include/nccl_device/impl/barrier__types.h:10:
In file included from /home/yelkhamr/dark-factory/rocm-systems/projects/rccl/build/release/hipify/src/include/nccl_device/impl/../barrier.h:11:
/home/yelkhamr/dark-factory/rocm-systems/projects/rccl/build/release/hipify/src/include/nccl_device/impl/../impl/core__types.h:26:9: warning: 'NCCL_GIN_MAX_CONNECTIONS' macro redefined [-Wmacro-redefined]
   26 | #define NCCL_GIN_MAX_CONNECTIONS 4
      |         ^
/home/yelkhamr/dark-factory/rocm-systems/projects/rccl/build/release/include/nccl_device/gin/gin_device_host_common.h:18:9: note: previous definition is here
   18 | #define NCCL_GIN_MAX_CONNECTIONS NCCL_GIN_MAX_CONTEXTS
      |         ^
In file included from /home/yelkhamr/dark-factory/rocm-systems/projects/rccl/build/release/hipify/src/plugin/profiler/profiler_v3.cc:8:
In file included from /home/yelkhamr/dark-factory/rocm-systems/projects/rccl/build/release/hipify/src/include/comm.h:25:
In file included from /home/yelkhamr/dark-factory/rocm-systems/projects/rccl/build/release/hipify/src/include/dev_runtime.h:11:
In file included from /home/yelkhamr/dark-factory/rocm-systems/projects/rccl/build/release/hipify/src/include/nccl_device.h:10:
In file included from /home/yelkhamr/dark-factory/rocm-systems/projects/rccl/build/release/hipify/src/include/nccl_device/impl/barrier__funcs.h:12:
In file included from /home/yelkhamr/dark-factory/rocm-systems/projects/rccl/build/release/hipify/src/include/nccl_device/impl/barrier__types.h:10:
In file included from /home/yelkhamr/dark-factory/rocm-systems/projects/rccl/build/release/hipify/src/include/nccl_device/impl/../barrier.h:11:
/home/yelkhamr/dark-factory/rocm-systems/projects/rccl/build/release/hipify/src/include/nccl_device/impl/../impl/core__types.h:26:9: warning: 'NCCL_GIN_MAX_CONNECTIONS' macro redefined [-Wmacro-redefined]
   26 | #define NCCL_GIN_MAX_CONNECTIONS 4
      |         ^
/home/yelkhamr/dark-factory/rocm-systems/projects/rccl/build/release/include/nccl_device/gin/gin_device_host_common.h:18:9: note: previous definition is here
   18 | #define NCCL_GIN_MAX_CONNECTIONS NCCL_GIN_MAX_CONTEXTS
      |         ^
In file included from /home/yelkhamr/dark-factory/rocm-systems/projects/rccl/build/release/hipify/src/graph/paths.cc:11:
In file included from /home/yelkhamr/dark-factory/rocm-systems/projects/rccl/build/release/hipify/src/graph/topo.h:15:
In file included from /home/yelkhamr/dark-factory/rocm-systems/projects/rccl/build/release/hipify/src/include/net.h:13:
In file included from /home/yelkhamr/dark-factory/rocm-systems/projects/rccl/build/release/hipify/src/include/comm.h:25:
In file included from /home/yelkhamr/dark-factory/rocm-systems/projects/rccl/build/release/hipify/src/include/dev_runtime.h:11:
In file included from /home/yelkhamr/dark-factory/rocm-systems/projects/rccl/build/release/hipify/src/include/nccl_device.h:16:
/home/yelkhamr/dark-factory/rocm-systems/projects/rccl/build/release/hipify/src/include/nccl_device/impl/gin__funcs.h:413:60: warning: result of comparison of constant 3 with expression of type 'const hipMemLocationType' is always false [-Wtautological-constant-out-of-range-compare]
  413 |           if (!doneSysmemFence && srcSegmentWindow.memType == CU_MEM_LOCATION_TYPE_HOST_NUMA) {
      |                                   ~~~~~~~~~~~~~~~~~~~~~~~~ ^  ~~~~~~~~~~~~~~~~~~~~~~~~~~~~~~
In file included from In file included from /home/yelkhamr/dark-factory/rocm-systems/projects/rccl/build/release/hipify/src/misc/rocmwrap.cc/home/yelkhamr/dark-factory/rocm-systems/projects/rccl/build/release/hipify/src/rma/rma_ce.cc:In file included from :13/home/yelkhamr/dark-factory/rocm-systems/projects/rccl/build/release/hipify/src/ras/collectives_tmp.cc14:
:
:In file included from In file included from 14/home/yelkhamr/dark-factory/rocm-systems/projects/rccl/build/release/hipify/src/include/bootstrap.h/home/yelkhamr/dark-factory/rocm-systems/projects/rccl/build/release/hipify/src/include/comm.h:
In file included from ::/home/yelkhamr/dark-factory/rocm-systems/projects/rccl/build/release/hipify/src/include/comm.h1225:25:
In file included from /home/yelkhamr/dark-factory/rocm-systems/projects/rccl/build/release/hipify/src/include/dev_runtime.h:11:
:
In file included from /home/yelkhamr/dark-factory/rocm-systems/projects/rccl/build/release/hipify/src/include/dev_runtime.h:11:
In file included from :
In file included from /home/yelkhamr/dark-factory/rocm-systems/projects/rccl/build/release/hipify/src/include/nccl_device.h:In file included from /home/yelkhamr/dark-factory/rocm-systems/projects/rccl/build/release/hipify/src/include/nccl_device.h:/home/yelkhamr/dark-factory/rocm-systems/projects/rccl/build/release/hipify/src/include/comm.h1010::
:
In file included from 25In file included from /home/yelkhamr/dark-factory/rocm-systems/projects/rccl/build/release/hipify/src/include/nccl_device/impl/barrier__funcs.h:
/home/yelkhamr/dark-factory/rocm-systems/projects/rccl/build/release/hipify/src/include/nccl_device/impl/barrier__funcs.h:12:
In file included from :12:
In file included from /home/yelkhamr/dark-factory/rocm-systems/projects/rccl/build/release/hipify/src/include/nccl_device/impl/barrier__types.hIn file included from /home/yelkhamr/dark-factory/rocm-systems/projects/rccl/build/release/hipify/src/include/nccl_device/impl/barrier__types.h:10/home/yelkhamr/dark-factory/rocm-systems/projects/rccl/build/release/hipify/src/include/dev_runtime.h::10:
In file included from /home/yelkhamr/dark-factory/rocm-systems/projects/rccl/build/release/hipify/src/include/nccl_device/impl/../barrier.h11:
In file included from /home/yelkhamr/dark-factory/rocm-systems/projects/rccl/build/release/hipify/src/include/nccl_device/impl/../barrier.h:11:11:
:
:
/home/yelkhamr/dark-factory/rocm-systems/projects/rccl/build/release/hipify/src/include/nccl_device/impl/../impl/core__types.hIn file included from /home/yelkhamr/dark-factory/rocm-systems/projects/rccl/build/release/hipify/src/include/nccl_device.h/home/yelkhamr/dark-factory/rocm-systems/projects/rccl/build/release/hipify/src/include/nccl_device/impl/../impl/core__types.h:::261026::
:9: In file included from 9warning: /home/yelkhamr/dark-factory/rocm-systems/projects/rccl/build/release/hipify/src/include/nccl_device/impl/barrier__funcs.h:'NCCL_GIN_MAX_CONNECTIONS' macro redefined [-Wmacro-redefined]: 
12warning: :
In file included from 'NCCL_GIN_MAX_CONNECTIONS' macro redefined [-Wmacro-redefined]/home/yelkhamr/dark-factory/rocm-systems/projects/rccl/build/release/hipify/src/include/nccl_device/impl/barrier__types.h
:10:
In file included from /home/yelkhamr/dark-factory/rocm-systems/projects/rccl/build/release/hipify/src/include/nccl_device/impl/../barrier.h:11:
/home/yelkhamr/dark-factory/rocm-systems/projects/rccl/build/release/hipify/src/include/nccl_device/impl/../impl/core__types.h:26:9: warning: 'NCCL_GIN_MAX_CONNECTIONS' macro redefined [-Wmacro-redefined]
   26 | #define       N2626CCL_GIN_MAX |  | _C##ONNddeEeffCTiiIONS 4nene N
 CCL      N_| CG        ^CLI
_NG_IMNA/home/yelkhamr/dark-factory/rocm-systems/projects/rccl/build/release/include/nccl_device/gin/gin_device_host_common.h_X:18:MA_CONNE9XC: _CTIOnote: ONprevious definition is here
NSN E4   18C
 | TI      #O| dN        ^eS 
fi4ne 
/home/yelkhamr/dark-factory/rocm-systems/projects/rccl/build/release/include/nccl_device/gin/gin_device_host_common.hNCCL_GIN_M      :A| 18X        ^:_
9: CONnote: /home/yelkhamr/dark-factory/rocm-systems/projects/rccl/build/release/include/nccl_device/gin/gin_device_host_common.hNprevious definition is here:E
18:   C9:18 | #deTION fS note: iNCCLprevious definition is heren_
eGIN_MA    XN18_C | COC#definNLeTEXT_ NCCSGL
I_      N_GIN_| MAMA        ^XX
__CCOONNNNEECCTTIIOONNSS  NNCCCCLL__GGIINN__MMAAXX__CCOONNTTEEXXTTSS

            | |         ^        ^

In file included from /home/yelkhamr/dark-factory/rocm-systems/projects/rccl/build/release/hipify/src/nccl_device/core.cc:9:
In file included from /home/yelkhamr/dark-factory/rocm-systems/projects/rccl/build/release/hipify/src/include/comm.h:25:
In file included from /home/yelkhamr/dark-factory/rocm-systems/projects/rccl/build/release/hipify/src/include/dev_runtime.h:11:
In file included from /home/yelkhamr/dark-factory/rocm-systems/projects/rccl/build/release/hipify/src/include/nccl_device.h:16:
/home/yelkhamr/dark-factory/rocm-systems/projects/rccl/build/release/hipify/src/include/nccl_device/impl/gin__funcs.h:413:60: warning: result of comparison of constant 3 with expression of type 'const hipMemLocationType' is always false [-Wtautological-constant-out-of-range-compare]
  413 |           if (!doneSysmemFence && srcSegmentWindow.memType == CU_MEM_LOCATION_TYPE_HOST_NUMA) {
      |                                   ~~~~~~~~~~~~~~~~~~~~~~~~ ^  ~~~~~~~~~~~~~~~~~~~~~~~~~~~~~~
In file included from /home/yelkhamr/dark-factory/rocm-systems/projects/rccl/build/release/hipify/src/graph/topo.cc:11:
In file included from /home/yelkhamr/dark-factory/rocm-systems/projects/rccl/build/release/hipify/src/graph/topo.h:15:
In file included from /home/yelkhamr/dark-factory/rocm-systems/projects/rccl/build/release/hipify/src/include/net.h:13:
In file included from /home/yelkhamr/dark-factory/rocm-systems/projects/rccl/build/release/hipify/src/include/comm.h:25:
In file included from /home/yelkhamr/dark-factory/rocm-systems/projects/rccl/build/release/hipify/src/include/dev_runtime.h:11:
In file included from /home/yelkhamr/dark-factory/rocm-systems/projects/rccl/build/release/hipify/src/include/nccl_device.h:16:
/home/yelkhamr/dark-factory/rocm-systems/projects/rccl/build/release/hipify/src/include/nccl_device/impl/gin__funcs.h:413:60: warning: result of comparison of constant 3 with expression of type 'const hipMemLocationType' is always false [-Wtautological-constant-out-of-range-compare]
  413 |           if (!doneSysmemFence && srcSegmentWindow.memType == CU_MEM_LOCATION_TYPE_HOST_NUMA) {
      |                                   ~~~~~~~~~~~~~~~~~~~~~~~~ ^  ~~~~~~~~~~~~~~~~~~~~~~~~~~~~~~
In file included from /home/yelkhamr/dark-factory/rocm-systems/projects/rccl/build/release/hipify/src/graph/tuning.cc:12:
In file included from /home/yelkhamr/dark-factory/rocm-systems/projects/rccl/build/release/hipify/src/include/comm.h:25:
In file included from /home/yelkhamr/dark-factory/rocm-systems/projects/rccl/build/release/hipify/src/include/dev_runtime.h:11:
In file included from /home/yelkhamr/dark-factory/rocm-systems/projects/rccl/build/release/hipify/src/include/nccl_device.h:16:
/home/yelkhamr/dark-factory/rocm-systems/projects/rccl/build/release/hipify/src/include/nccl_device/impl/gin__funcs.h:413:60: warning: result of comparison of constant 3 with expression of type 'const hipMemLocationType' is always false [-Wtautological-constant-out-of-range-compare]
  413 |           if (!doneSysmemFence && srcSegmentWindow.memType == CU_MEM_LOCATION_TYPE_HOST_NUMA) {
      |                                   ~~~~~~~~~~~~~~~~~~~~~~~~ ^  ~~~~~~~~~~~~~~~~~~~~~~~~~~~~~~
In file included from /home/yelkhamr/dark-factory/rocm-systems/projects/rccl/build/release/hipify/src/misc/shmutils.cc:10:
In file included from /home/yelkhamr/dark-factory/rocm-systems/projects/rccl/build/release/hipify/src/include/comm.h:25:
In file included from /home/yelkhamr/dark-factory/rocm-systems/projects/rccl/build/release/hipify/src/include/dev_runtime.h:11:
In file included from /home/yelkhamr/dark-factory/rocm-systems/projects/rccl/build/release/hipify/src/include/nccl_device.h:16:
/home/yelkhamr/dark-factory/rocm-systems/projects/rccl/build/release/hipify/src/include/nccl_device/impl/gin__funcs.h:413:60: warning: result of comparison of constant 3 with expression of type 'const hipMemLocationType' is always false [-Wtautological-constant-out-of-range-compare]
  413 |           if (!doneSysmemFence && srcSegmentWindow.memType == CU_MEM_LOCATION_TYPE_HOST_NUMA) {
      |                                   ~~~~~~~~~~~~~~~~~~~~~~~~ ^  ~~~~~~~~~~~~~~~~~~~~~~~~~~~~~~
In file included from /home/yelkhamr/dark-factory/rocm-systems/projects/rccl/build/release/hipify/src/transport.cc:8:
In file included from /home/yelkhamr/dark-factory/rocm-systems/projects/rccl/build/release/hipify/src/include/comm.h:25:
In file included from /home/yelkhamr/dark-factory/rocm-systems/projects/rccl/build/release/hipify/src/include/dev_runtime.h:11:
In file included from /home/yelkhamr/dark-factory/rocm-systems/projects/rccl/build/release/hipify/src/include/nccl_device.h:16:
/home/yelkhamr/dark-factory/rocm-systems/projects/rccl/build/release/hipify/src/include/nccl_device/impl/gin__funcs.h:413:60: warning: result of comparison of constant 3 with expression of type 'const hipMemLocationType' is always false [-Wtautological-constant-out-of-range-compare]
  413 |           if (!doneSysmemFence && srcSegmentWindow.memType == CU_MEM_LOCATION_TYPE_HOST_NUMA) {
      |                                   ~~~~~~~~~~~~~~~~~~~~~~~~ ^  ~~~~~~~~~~~~~~~~~~~~~~~~~~~~~~
In file included from /home/yelkhamr/dark-factory/rocm-systems/projects/rccl/build/release/hipify/src/plugin/tuner/csv_tuner.cc:38:
In file included from /home/yelkhamr/dark-factory/rocm-systems/projects/rccl/build/release/hipify/src/include/tuner.h:13:
In file included from /home/yelkhamr/dark-factory/rocm-systems/projects/rccl/build/release/hipify/src/include/comm.h:25:
In file included from /home/yelkhamr/dark-factory/rocm-systems/projects/rccl/build/release/hipify/src/include/dev_runtime.h:11:
In file included from /home/yelkhamr/dark-factory/rocm-systems/projects/rccl/build/release/hipify/src/include/nccl_device.h:10:
In file included from /home/yelkhamr/dark-factory/rocm-systems/projects/rccl/build/release/hipify/src/include/nccl_device/impl/barrier__funcs.h:12:
In file included from /home/yelkhamr/dark-factory/rocm-systems/projects/rccl/build/release/hipify/src/include/nccl_device/impl/barrier__types.h:10:
In file included from /home/yelkhamr/dark-factory/rocm-systems/projects/rccl/build/release/hipify/src/include/nccl_device/impl/../barrier.h:11:
/home/yelkhamr/dark-factory/rocm-systems/projects/rccl/build/release/hipify/src/include/nccl_device/impl/../impl/core__types.h:26:9: warning: 'NCCL_GIN_MAX_CONNECTIONS' macro redefined [-Wmacro-redefined]
   26 | #define NCCL_GIN_MAX_CONNECTIONS 4
      |         ^
/home/yelkhamr/dark-factory/rocm-systems/projects/rccl/build/release/include/nccl_device/gin/gin_device_host_common.h:18:9: note: previous definition is here
   18 | #define NCCL_GIN_MAX_CONNECTIONS NCCL_GIN_MAX_CONTEXTS
      |         ^
In file included from /home/yelkhamr/dark-factory/rocm-systems/projects/rccl/build/release/hipify/src/plugin/gin.cc:9:
In file included from /home/yelkhamr/dark-factory/rocm-systems/projects/rccl/build/release/hipify/src/include/bootstrap.h:12:
In file included from /home/yelkhamr/dark-factory/rocm-systems/projects/rccl/build/release/hipify/src/include/comm.h:25:
In file included from /home/yelkhamr/dark-factory/rocm-systems/projects/rccl/build/release/hipify/src/include/dev_runtime.h:11:
In file included from /home/yelkhamr/dark-factory/rocm-systems/projects/rccl/build/release/hipify/src/include/nccl_device.h:10:
In file included from /home/yelkhamr/dark-factory/rocm-systems/projects/rccl/build/release/hipify/src/include/nccl_device/impl/barrier__funcs.h:12:
In file included from /home/yelkhamr/dark-factory/rocm-systems/projects/rccl/build/release/hipify/src/include/nccl_device/impl/barrier__types.h:10:
In file included from /home/yelkhamr/dark-factory/rocm-systems/projects/rccl/build/release/hipify/src/include/nccl_device/impl/../barrier.h:11:
/home/yelkhamr/dark-factory/rocm-systems/projects/rccl/build/release/hipify/src/include/nccl_device/impl/../impl/core__types.h:26:9: warning: 'NCCL_GIN_MAX_CONNECTIONS' macro redefined [-Wmacro-redefined]
   26 | #define NCCL_GIN_MAX_CONNECTIONS 4
      |         ^
/home/yelkhamr/dark-factory/rocm-systems/projects/rccl/build/release/include/nccl_device/gin/gin_device_host_common.h:18:9: note: previous definition is here
   18 | #define NCCL_GIN_MAX_CONNECTIONS NCCL_GIN_MAX_CONTEXTS
      |         ^
In file included from /home/yelkhamr/dark-factory/rocm-systems/projects/rccl/build/release/hipify/src/plugin/net.cc:8:
In file included from /home/yelkhamr/dark-factory/rocm-systems/projects/rccl/build/release/hipify/src/include/net.h:13:
In file included from /home/yelkhamr/dark-factory/rocm-systems/projects/rccl/build/release/hipify/src/include/comm.h:25:
In file included from /home/yelkhamr/dark-factory/rocm-systems/projects/rccl/build/release/hipify/src/include/dev_runtime.h:11:
In file included from /home/yelkhamr/dark-factory/rocm-systems/projects/rccl/build/release/hipify/src/include/nccl_device.h:10:
In file included from /home/yelkhamr/dark-factory/rocm-systems/projects/rccl/build/release/hipify/src/include/nccl_device/impl/barrier__funcs.h:12:
In file included from /home/yelkhamr/dark-factory/rocm-systems/projects/rccl/build/release/hipify/src/include/nccl_device/impl/barrier__types.h:10:
In file included from /home/yelkhamr/dark-factory/rocm-systems/projects/rccl/build/release/hipify/src/include/nccl_device/impl/../barrier.h:11:
/home/yelkhamr/dark-factory/rocm-systems/projects/rccl/build/release/hipify/src/include/nccl_device/impl/../impl/core__types.h:26:9: warning: 'NCCL_GIN_MAX_CONNECTIONS' macro redefined [-Wmacro-redefined]
   26 | #define NCCL_GIN_MAX_CONNECTIONS 4
      |         ^
/home/yelkhamr/dark-factory/rocm-systems/projects/rccl/build/release/include/nccl_device/gin/gin_device_host_common.h:18:9: note: previous definition is here
   18 | #define NCCL_GIN_MAX_CONNECTIONS NCCL_GIN_MAX_CONTEXTS
      |         ^
In file included from /home/yelkhamr/dark-factory/rocm-systems/projects/rccl/build/release/hipify/src/plugin/profiler/profiler_v6.cc:8:
In file included from /home/yelkhamr/dark-factory/rocm-systems/projects/rccl/build/release/hipify/src/include/comm.h:25:
In file included from /home/yelkhamr/dark-factory/rocm-systems/projects/rccl/build/release/hipify/src/include/dev_runtime.h:11:
In file included from /home/yelkhamr/dark-factory/rocm-systems/projects/rccl/build/release/hipify/src/include/nccl_device.h:10:
In file included from /home/yelkhamr/dark-factory/rocm-systems/projects/rccl/build/release/hipify/src/include/nccl_device/impl/barrier__funcs.h:12:
In file included from /home/yelkhamr/dark-factory/rocm-systems/projects/rccl/build/release/hipify/src/include/nccl_device/impl/barrier__types.h:10:
In file included from /home/yelkhamr/dark-factory/rocm-systems/projects/rccl/build/release/hipify/src/include/nccl_device/impl/../barrier.h:11:
/home/yelkhamr/dark-factory/rocm-systems/projects/rccl/build/release/hipify/src/include/nccl_device/impl/../impl/core__types.h:26:9: warning: 'NCCL_GIN_MAX_CONNECTIONS' macro redefined [-Wmacro-redefined]
   26 | #define NCCL_GIN_MAX_CONNECTIONS 4
      |         ^
/home/yelkhamr/dark-factory/rocm-systems/projects/rccl/build/release/include/nccl_device/gin/gin_device_host_common.h:18:9: note: previous definition is here
   18 | #define NCCL_GIN_MAX_CONNECTIONS NCCL_GIN_MAX_CONTEXTS
      |         ^
In file included from /home/yelkhamr/dark-factory/rocm-systems/projects/rccl/build/release/hipify/src/misc/recorder.cc:3:
In file included from /home/yelkhamr/dark-factory/rocm-systems/projects/rccl/build/release/hipify/src/include/bootstrap.h:12:
In file included from /home/yelkhamr/dark-factory/rocm-systems/projects/rccl/build/release/hipify/src/include/comm.h:25:
In file included from /home/yelkhamr/dark-factory/rocm-systems/projects/rccl/build/release/hipify/src/include/dev_runtime.h:11:
In file included from /home/yelkhamr/dark-factory/rocm-systems/projects/rccl/build/release/hipify/src/include/nccl_device.h:16:
/home/yelkhamr/dark-factory/rocm-systems/projects/rccl/build/release/hipify/src/include/nccl_device/impl/gin__funcs.h:413:60: warning: result of comparison of constant 3 with expression of type 'const hipMemLocationType' is always false [-Wtautological-constant-out-of-range-compare]
  413 |           if (!doneSysmemFence && srcSegmentWindow.memType == CU_MEM_LOCATION_TYPE_HOST_NUMA) {
      |                                   ~~~~~~~~~~~~~~~~~~~~~~~~ ^  ~~~~~~~~~~~~~~~~~~~~~~~~~~~~~~
In file included from /home/yelkhamr/dark-factory/rocm-systems/projects/rccl/build/release/hipify/src/plugin/tuner.cc:15:
In file included from /home/yelkhamr/dark-factory/rocm-systems/projects/rccl/build/release/hipify/src/include/tuner.h:13:
In file included from /home/yelkhamr/dark-factory/rocm-systems/projects/rccl/build/release/hipify/src/include/comm.h:25:
In file included from /home/yelkhamr/dark-factory/rocm-systems/projects/rccl/build/release/hipify/src/include/dev_runtime.h:11:
In file included from /home/yelkhamr/dark-factory/rocm-systems/projects/rccl/build/release/hipify/src/include/nccl_device.h:10:
In file included from /home/yelkhamr/dark-factory/rocm-systems/projects/rccl/build/release/hipify/src/include/nccl_device/impl/barrier__funcs.h:12:
In file included from /home/yelkhamr/dark-factory/rocm-systems/projects/rccl/build/release/hipify/src/include/nccl_device/impl/barrier__types.h:10:
In file included from /home/yelkhamr/dark-factory/rocm-systems/projects/rccl/build/release/hipify/src/include/nccl_device/impl/../barrier.h:11:
/home/yelkhamr/dark-factory/rocm-systems/projects/rccl/build/release/hipify/src/include/nccl_device/impl/../impl/core__types.h:26:9: warning: 'NCCL_GIN_MAX_CONNECTIONS' macro redefined [-Wmacro-redefined]
   26 | #define NCCL_GIN_MAX_CONNECTIONS 4
      |         ^
/home/yelkhamr/dark-factory/rocm-systems/projects/rccl/build/release/include/nccl_device/gin/gin_device_host_common.h:18:9: note: previous definition is here
   18 | #define NCCL_GIN_MAX_CONNECTIONS NCCL_GIN_MAX_CONTEXTS
      |         ^
In file included from /home/yelkhamr/dark-factory/rocm-systems/projects/rccl/build/release/hipify/src/os/linux.cc:604:
In file included from /home/yelkhamr/dark-factory/rocm-systems/projects/rccl/build/release/hipify/src/include/comm.h:25:
In file included from /home/yelkhamr/dark-factory/rocm-systems/projects/rccl/build/release/hipify/src/include/dev_runtime.h:11:
In file included from /home/yelkhamr/dark-factory/rocm-systems/projects/rccl/build/release/hipify/src/include/nccl_device.h:10:
In file included from /home/yelkhamr/dark-factory/rocm-systems/projects/rccl/build/release/hipify/src/include/nccl_device/impl/barrier__funcs.h:12:
In file included from /home/yelkhamr/dark-factory/rocm-systems/projects/rccl/build/release/hipify/src/include/nccl_device/impl/barrier__types.h:10:
In file included from /home/yelkhamr/dark-factory/rocm-systems/projects/rccl/build/release/hipify/src/include/nccl_device/impl/../barrier.h:11:
/home/yelkhamr/dark-factory/rocm-systems/projects/rccl/build/release/hipify/src/include/nccl_device/impl/../impl/core__types.h:26:9: warning: 'NCCL_GIN_MAX_CONNECTIONS' macro redefined [-Wmacro-redefined]
   26 | #define NCCL_GIN_MAX_CONNECTIONS 4
      |         ^
/home/yelkhamr/dark-factory/rocm-systems/projects/rccl/build/release/include/nccl_device/gin/gin_device_host_common.h:18:9: note: previous definition is here
   18 | #define NCCL_GIN_MAX_CONNECTIONS NCCL_GIN_MAX_CONTEXTS
      |         ^
In file included from /home/yelkhamr/dark-factory/rocm-systems/projects/rccl/build/release/hipify/src/plugin/profiler/profiler_v5.cc:8:
In file included from /home/yelkhamr/dark-factory/rocm-systems/projects/rccl/build/release/hipify/src/include/comm.h:25:
In file included from /home/yelkhamr/dark-factory/rocm-systems/projects/rccl/build/release/hipify/src/include/dev_runtime.h:11:
In file included from /home/yelkhamr/dark-factory/rocm-systems/projects/rccl/build/release/hipify/src/include/nccl_device.h:10:
In file included from /home/yelkhamr/dark-factory/rocm-systems/projects/rccl/build/release/hipify/src/include/nccl_device/impl/barrier__funcs.h:12:
In file included from /home/yelkhamr/dark-factory/rocm-systems/projects/rccl/build/release/hipify/src/include/nccl_device/impl/barrier__types.h:10:
In file included from /home/yelkhamr/dark-factory/rocm-systems/projects/rccl/build/release/hipify/src/include/nccl_device/impl/../barrier.h:11:
/home/yelkhamr/dark-factory/rocm-systems/projects/rccl/build/release/hipify/src/include/nccl_device/impl/../impl/core__types.h:26:9: warning: 'NCCL_GIN_MAX_CONNECTIONS' macro redefined [-Wmacro-redefined]
   26 | #define NCCL_GIN_MAX_CONNECTIONS 4
      |         ^
/home/yelkhamr/dark-factory/rocm-systems/projects/rccl/build/release/include/nccl_device/gin/gin_device_host_common.h:18:9: note: previous definition is here
   18 | #define NCCL_GIN_MAX_CONNECTIONS NCCL_GIN_MAX_CONTEXTS
      |         ^
In file included from In file included from /home/yelkhamr/dark-factory/rocm-systems/projects/rccl/build/release/hipify/src/plugin/profiler/profiler_v4.cc/home/yelkhamr/dark-factory/rocm-systems/projects/rccl/build/release/hipify/src/plugin/profiler.cc::811:
:
In file included from In file included from /home/yelkhamr/dark-factory/rocm-systems/projects/rccl/build/release/hipify/src/include/comm.h/home/yelkhamr/dark-factory/rocm-systems/projects/rccl/build/release/hipify/src/include/comm.h::2525:
:
In file included from In file included from /home/yelkhamr/dark-factory/rocm-systems/projects/rccl/build/release/hipify/src/include/dev_runtime.h/home/yelkhamr/dark-factory/rocm-systems/projects/rccl/build/release/hipify/src/include/dev_runtime.h::1111:
:
In file included from In file included from /home/yelkhamr/dark-factory/rocm-systems/projects/rccl/build/release/hipify/src/include/nccl_device.h/home/yelkhamr/dark-factory/rocm-systems/projects/rccl/build/release/hipify/src/include/nccl_device.h::1010:
:
In file included from In file included from /home/yelkhamr/dark-factory/rocm-systems/projects/rccl/build/release/hipify/src/include/nccl_device/impl/barrier__funcs.h/home/yelkhamr/dark-factory/rocm-systems/projects/rccl/build/release/hipify/src/include/nccl_device/impl/barrier__funcs.h::1212:
:
In file included from In file included from /home/yelkhamr/dark-factory/rocm-systems/projects/rccl/build/release/hipify/src/include/nccl_device/impl/barrier__types.h/home/yelkhamr/dark-factory/rocm-systems/projects/rccl/build/release/hipify/src/include/nccl_device/impl/barrier__types.h::1010:
:
In file included from In file included from /home/yelkhamr/dark-factory/rocm-systems/projects/rccl/build/release/hipify/src/include/nccl_device/impl/../barrier.h/home/yelkhamr/dark-factory/rocm-systems/projects/rccl/build/release/hipify/src/include/nccl_device/impl/../barrier.h::1111:
:
/home/yelkhamr/dark-factory/rocm-systems/projects/rccl/build/release/hipify/src/include/nccl_device/impl/../impl/core__types.h/home/yelkhamr/dark-factory/rocm-systems/projects/rccl/build/release/hipify/src/include/nccl_device/impl/../impl/core__types.h::2626::99::  warning: warning: 'NCCL_GIN_MAX_CONNECTIONS' macro redefined [-Wmacro-redefined]'NCCL_GIN_MAX_CONNECTIONS' macro redefined [-Wmacro-redefined]

      2626 |  | ##ddeeffiinnee  NNCCCCLL__GGIINN__MMAAXX__CCOONNNNEECCTTIIOONNSS  44

            | |         ^        ^

/home/yelkhamr/dark-factory/rocm-systems/projects/rccl/build/release/include/nccl_device/gin/gin_device_host_common.h:18:9: note: previous definition is here
/home/yelkhamr/dark-factory/rocm-systems/projects/rccl/build/release/include/nccl_device/gin/gin_device_host_common.h   :1818 | :#9d:e fnote: iprevious definition is heren
e NCCL_GI   N18_ | M#AdXe_fCiOnNeN ENCCTCILO_NGSI NN_CMCALX__GCIONN_NMEACXT_ICOONNST ENXCTCSL
_      G| I        ^N
_MAX_CONTEXTS
      |         ^
In file included from /home/yelkhamr/dark-factory/rocm-systems/projects/rccl/build/release/hipify/src/rma/rma_proxy_progress.cc:11:
In file included from /home/yelkhamr/dark-factory/rocm-systems/projects/rccl/build/release/hipify/src/include/comm.h:25:
In file included from /home/yelkhamr/dark-factory/rocm-systems/projects/rccl/build/release/hipify/src/include/dev_runtime.h:11:
In file included from /home/yelkhamr/dark-factory/rocm-systems/projects/rccl/build/release/hipify/src/include/nccl_device.h:10:
In file included from /home/yelkhamr/dark-factory/rocm-systems/projects/rccl/build/release/hipify/src/include/nccl_device/impl/barrier__funcs.h:12:
In file included from /home/yelkhamr/dark-factory/rocm-systems/projects/rccl/build/release/hipify/src/include/nccl_device/impl/barrier__types.h:10:
In file included from /home/yelkhamr/dark-factory/rocm-systems/projects/rccl/build/release/hipify/src/include/nccl_device/impl/../barrier.h:11:
/home/yelkhamr/dark-factory/rocm-systems/projects/rccl/build/release/hipify/src/include/nccl_device/impl/../impl/core__types.h:26:9: warning: 'NCCL_GIN_MAX_CONNECTIONS' macro redefined [-Wmacro-redefined]
   26 | #define NCCL_GIN_MAX_CONNECTIONS 4
      |         ^
/home/yelkhamr/dark-factory/rocm-systems/projects/rccl/build/release/include/nccl_device/gin/gin_device_host_common.h:18:9: note: previous definition is here
   18 | #define NCCL_GIN_MAX_CONNECTIONS NCCL_GIN_MAX_CONTEXTS
      |         ^
In file included from /home/yelkhamr/dark-factory/rocm-systems/projects/rccl/build/release/hipify/src/rma/rma_proxy.cc:16:
In file included from /home/yelkhamr/dark-factory/rocm-systems/projects/rccl/build/release/hipify/src/include/comm.h:25:
In file included from /home/yelkhamr/dark-factory/rocm-systems/projects/rccl/build/release/hipify/src/include/dev_runtime.h:11:
In file included from /home/yelkhamr/dark-factory/rocm-systems/projects/rccl/build/release/hipify/src/include/nccl_device.h:16:
/home/yelkhamr/dark-factory/rocm-systems/projects/rccl/build/release/hipify/src/include/nccl_device/impl/gin__funcs.h:413:60: warning: result of comparison of constant 3 with expression of type 'const hipMemLocationType' is always false [-Wtautological-constant-out-of-range-compare]
  413 |           if (!doneSysmemFence && srcSegmentWindow.memType == CU_MEM_LOCATION_TYPE_HOST_NUMA) {
      |                                   ~~~~~~~~~~~~~~~~~~~~~~~~ ^  ~~~~~~~~~~~~~~~~~~~~~~~~~~~~~~
In file included from /home/yelkhamr/dark-factory/rocm-systems/projects/rccl/build/release/hipify/src/plugin/profiler/profiler_v2.cc:8:
In file included from /home/yelkhamr/dark-factory/rocm-systems/projects/rccl/build/release/hipify/src/include/comm.h:25:
In file included from /home/yelkhamr/dark-factory/rocm-systems/projects/rccl/build/release/hipify/src/include/dev_runtime.h:11:
In file included from /home/yelkhamr/dark-factory/rocm-systems/projects/rccl/build/release/hipify/src/include/nccl_device.h:10:
In file included from /home/yelkhamr/dark-factory/rocm-systems/projects/rccl/build/release/hipify/src/include/nccl_device/impl/barrier__funcs.h:12:
In file included from /home/yelkhamr/dark-factory/rocm-systems/projects/rccl/build/release/hipify/src/include/nccl_device/impl/barrier__types.h:10:
In file included from /home/yelkhamr/dark-factory/rocm-systems/projects/rccl/build/release/hipify/src/include/nccl_device/impl/../barrier.h:11:
/home/yelkhamr/dark-factory/rocm-systems/projects/rccl/build/release/hipify/src/include/nccl_device/impl/../impl/core__types.h:26:9: warning: 'NCCL_GIN_MAX_CONNECTIONS' macro redefined [-Wmacro-redefined]
   26 | #define NCCL_GIN_MAX_CONNECTIONS 4
      |         ^
/home/yelkhamr/dark-factory/rocm-systems/projects/rccl/build/release/include/nccl_device/gin/gin_device_host_common.h:18:9: note: previous definition is here
   18 | #define NCCL_GIN_MAX_CONNECTIONS NCCL_GIN_MAX_CONTEXTS
      |         ^
In file included from /home/yelkhamr/dark-factory/rocm-systems/projects/rccl/build/release/hipify/src/plugin/profiler/profiler_v1.cc:8:
In file included from /home/yelkhamr/dark-factory/rocm-systems/projects/rccl/build/release/hipify/src/include/comm.h:25:
In file included from /home/yelkhamr/dark-factory/rocm-systems/projects/rccl/build/release/hipify/src/include/dev_runtime.h:11:
In file included from /home/yelkhamr/dark-factory/rocm-systems/projects/rccl/build/release/hipify/src/include/nccl_device.h:10:
In file included from /home/yelkhamr/dark-factory/rocm-systems/projects/rccl/build/release/hipify/src/include/nccl_device/impl/barrier__funcs.h:12:
In file included from /home/yelkhamr/dark-factory/rocm-systems/projects/rccl/build/release/hipify/src/include/nccl_device/impl/barrier__types.h:10:
In file included from /home/yelkhamr/dark-factory/rocm-systems/projects/rccl/build/release/hipify/src/include/nccl_device/impl/../barrier.h:11:
/home/yelkhamr/dark-factory/rocm-systems/projects/rccl/build/release/hipify/src/include/nccl_device/impl/../impl/core__types.h:26:9: warning: 'NCCL_GIN_MAX_CONNECTIONS' macro redefined [-Wmacro-redefined]
   26 | #define NCCL_GIN_MAX_CONNECTIONS 4
      |         ^
/home/yelkhamr/dark-factory/rocm-systems/projects/rccl/build/release/include/nccl_device/gin/gin_device_host_common.h:18:9: note: previous definition is here
   18 | #define NCCL_GIN_MAX_CONNECTIONS NCCL_GIN_MAX_CONTEXTS
      |         ^
In file included from /home/yelkhamr/dark-factory/rocm-systems/projects/rccl/build/release/hipify/src/ras/ras.cc:16:
In file included from /home/yelkhamr/dark-factory/rocm-systems/projects/rccl/build/release/hipify/src/include/comm.h:25:
In file included from /home/yelkhamr/dark-factory/rocm-systems/projects/rccl/build/release/hipify/src/include/dev_runtime.h:11:
In file included from /home/yelkhamr/dark-factory/rocm-systems/projects/rccl/build/release/hipify/src/include/nccl_device.h:10:
In file included from /home/yelkhamr/dark-factory/rocm-systems/projects/rccl/build/release/hipify/src/include/nccl_device/impl/barrier__funcs.h:12:
In file included from /home/yelkhamr/dark-factory/rocm-systems/projects/rccl/build/release/hipify/src/include/nccl_device/impl/barrier__types.h:10:
In file included from /home/yelkhamr/dark-factory/rocm-systems/projects/rccl/build/release/hipify/src/include/nccl_device/impl/../barrier.h:11:
/home/yelkhamr/dark-factory/rocm-systems/projects/rccl/build/release/hipify/src/include/nccl_device/impl/../impl/core__types.h:26:9: warning: 'NCCL_GIN_MAX_CONNECTIONS' macro redefined [-Wmacro-redefined]
   26 | #define NCCL_GIN_MAX_CONNECTIONS 4
      |         ^
/home/yelkhamr/dark-factory/rocm-systems/projects/rccl/build/release/include/nccl_device/gin/gin_device_host_common.h:18:9: note: previous definition is here
   18 | #define NCCL_GIN_MAX_CONNECTIONS NCCL_GIN_MAX_CONTEXTS
      |         ^
In file included from /home/yelkhamr/dark-factory/rocm-systems/projects/rccl/build/release/hipify/src/plugin/profiler/profiler_v3.cc:8:
In file included from /home/yelkhamr/dark-factory/rocm-systems/projects/rccl/build/release/hipify/src/include/comm.h:25:
In file included from /home/yelkhamr/dark-factory/rocm-systems/projects/rccl/build/release/hipify/src/include/dev_runtime.h:11:
In file included from /home/yelkhamr/dark-factory/rocm-systems/projects/rccl/build/release/hipify/src/include/nccl_device.h:16:
/home/yelkhamr/dark-factory/rocm-systems/projects/rccl/build/release/hipify/src/include/nccl_device/impl/gin__funcs.h:413:60: warning: result of comparison of constant 3 with expression of type 'const hipMemLocationType' is always false [-Wtautological-constant-out-of-range-compare]
  413 |           if (!doneSysmemFence && srcSegmentWindow.memType == CU_MEM_LOCATION_TYPE_HOST_NUMA) {
      |                                   ~~~~~~~~~~~~~~~~~~~~~~~~ ^  ~~~~~~~~~~~~~~~~~~~~~~~~~~~~~~
In file included from /home/yelkhamr/dark-factory/rocm-systems/projects/rccl/build/release/hipify/src/ras/client_support.cc:15:
In file included from /home/yelkhamr/dark-factory/rocm-systems/projects/rccl/build/release/hipify/src/include/comm.h:25:
In file included from /home/yelkhamr/dark-factory/rocm-systems/projects/rccl/build/release/hipify/src/include/dev_runtime.h:11:
In file included from /home/yelkhamr/dark-factory/rocm-systems/projects/rccl/build/release/hipify/src/include/nccl_device.h:10:
In file included from /home/yelkhamr/dark-factory/rocm-systems/projects/rccl/build/release/hipify/src/include/nccl_device/impl/barrier__funcs.h:12:
In file included from /home/yelkhamr/dark-factory/rocm-systems/projects/rccl/build/release/hipify/src/include/nccl_device/impl/barrier__types.h:10:
In file included from /home/yelkhamr/dark-factory/rocm-systems/projects/rccl/build/release/hipify/src/include/nccl_device/impl/../barrier.h:11:
/home/yelkhamr/dark-factory/rocm-systems/projects/rccl/build/release/hipify/src/include/nccl_device/impl/../impl/core__types.h:26:9: warning: 'NCCL_GIN_MAX_CONNECTIONS' macro redefined [-Wmacro-redefined]
   26 | #define NCCL_GIN_MAX_CONNECTIONS 4
      |         ^
/home/yelkhamr/dark-factory/rocm-systems/projects/rccl/build/release/include/nccl_device/gin/gin_device_host_common.h:18:9: note: previous definition is here
   18 | #define NCCL_GIN_MAX_CONNECTIONS NCCL_GIN_MAX_CONTEXTS
      |         ^
In file included from /home/yelkhamr/dark-factory/rocm-systems/projects/rccl/build/release/hipify/src/rma/rma_ce.cc:13:
In file included from /home/yelkhamr/dark-factory/rocm-systems/projects/rccl/build/release/hipify/src/include/comm.h:25:
In file included from /home/yelkhamr/dark-factory/rocm-systems/projects/rccl/build/release/hipify/src/include/dev_runtime.h:11:
In file included from /home/yelkhamr/dark-factory/rocm-systems/projects/rccl/build/release/hipify/src/include/nccl_device.h:16:
/home/yelkhamr/dark-factory/rocm-systems/projects/rccl/build/release/hipify/src/include/nccl_device/impl/gin__funcs.h:413:60: warning: result of comparison of constant 3 with expression of type 'const hipMemLocationType' is always false [-Wtautological-constant-out-of-range-compare]
  413 |           if (!doneSysmemFence && srcSegmentWindow.memType == CU_MEM_LOCATION_TYPE_HOST_NUMA) {
      |                                   ~~~~~~~~~~~~~~~~~~~~~~~~ ^  ~~~~~~~~~~~~~~~~~~~~~~~~~~~~~~
In file included from /home/yelkhamr/dark-factory/rocm-systems/projects/rccl/build/release/hipify/src/ras/collectives_tmp.cc:14:
In file included from /home/yelkhamr/dark-factory/rocm-systems/projects/rccl/build/release/hipify/src/include/comm.h:25:
In file included from /home/yelkhamr/dark-factory/rocm-systems/projects/rccl/build/release/hipify/src/include/dev_runtime.h:11:
In file included from /home/yelkhamr/dark-factory/rocm-systems/projects/rccl/build/release/hipify/src/include/nccl_device.h:16:
/home/yelkhamr/dark-factory/rocm-systems/projects/rccl/build/release/hipify/src/include/nccl_device/impl/gin__funcs.h:413:60: warning: result of comparison of constant 3 with expression of type 'const hipMemLocationType' is always false [-Wtautological-constant-out-of-range-compare]
  413 |           if (!doneSysmemFence && srcSegmentWindow.memType == CU_MEM_LOCATION_TYPE_HOST_NUMA) {
      |                                   ~~~~~~~~~~~~~~~~~~~~~~~~ ^  ~~~~~~~~~~~~~~~~~~~~~~~~~~~~~~
In file included from /home/yelkhamr/dark-factory/rocm-systems/projects/rccl/build/release/hipify/src/misc/rocmwrap.cc:14:
In file included from /home/yelkhamr/dark-factory/rocm-systems/projects/rccl/build/release/hipify/src/include/bootstrap.h:12:
In file included from /home/yelkhamr/dark-factory/rocm-systems/projects/rccl/build/release/hipify/src/include/comm.h:25:
In file included from /home/yelkhamr/dark-factory/rocm-systems/projects/rccl/build/release/hipify/src/include/dev_runtime.h:11:
In file included from /home/yelkhamr/dark-factory/rocm-systems/projects/rccl/build/release/hipify/src/include/nccl_device.h:16:
/home/yelkhamr/dark-factory/rocm-systems/projects/rccl/build/release/hipify/src/include/nccl_device/impl/gin__funcs.h:413:60: warning: result of comparison of constant 3 with expression of type 'const hipMemLocationType' is always false [-Wtautological-constant-out-of-range-compare]
  413 |           if (!doneSysmemFence && srcSegmentWindow.memType == CU_MEM_LOCATION_TYPE_HOST_NUMA) {
      |                                   ~~~~~~~~~~~~~~~~~~~~~~~~ ^  ~~~~~~~~~~~~~~~~~~~~~~~~~~~~~~
In file included from /home/yelkhamr/dark-factory/rocm-systems/projects/rccl/build/release/hipify/src/rma/rma_proxy_launch.cc:16:
In file included from /home/yelkhamr/dark-factory/rocm-systems/projects/rccl/build/release/hipify/src/include/comm.h:25:
In file included from /home/yelkhamr/dark-factory/rocm-systems/projects/rccl/build/release/hipify/src/include/dev_runtime.h:11:
In file included from /home/yelkhamr/dark-factory/rocm-systems/projects/rccl/build/release/hipify/src/include/nccl_device.h:10:
In file included from /home/yelkhamr/dark-factory/rocm-systems/projects/rccl/build/release/hipify/src/include/nccl_device/impl/barrier__funcs.h:12:
In file included from /home/yelkhamr/dark-factory/rocm-systems/projects/rccl/build/release/hipify/src/include/nccl_device/impl/barrier__types.h:10:
In file included from /home/yelkhamr/dark-factory/rocm-systems/projects/rccl/build/release/hipify/src/include/nccl_device/impl/../barrier.h:11:
/home/yelkhamr/dark-factory/rocm-systems/projects/rccl/build/release/hipify/src/include/nccl_device/impl/../impl/core__types.h:26:9: warning: 'NCCL_GIN_MAX_CONNECTIONS' macro redefined [-Wmacro-redefined]
   26 | #define NCCL_GIN_MAX_CONNECTIONS 4
      |         ^
/home/yelkhamr/dark-factory/rocm-systems/projects/rccl/build/release/include/nccl_device/gin/gin_device_host_common.h:18:9: note: previous definition is here
   18 | #define NCCL_GIN_MAX_CONNECTIONS NCCL_GIN_MAX_CONTEXTS
      |         ^
In file included from /home/yelkhamr/dark-factory/rocm-systems/projects/rccl/build/release/hipify/src/ras/peers.cc:11:
In file included from /home/yelkhamr/dark-factory/rocm-systems/projects/rccl/build/release/hipify/src/include/comm.h:25:
In file included from /home/yelkhamr/dark-factory/rocm-systems/projects/rccl/build/release/hipify/src/include/dev_runtime.h:11:
In file included from /home/yelkhamr/dark-factory/rocm-systems/projects/rccl/build/release/hipify/src/include/nccl_device.h:10:
In file included from /home/yelkhamr/dark-factory/rocm-systems/projects/rccl/build/release/hipify/src/include/nccl_device/impl/barrier__funcs.h:12:
In file included from /home/yelkhamr/dark-factory/rocm-systems/projects/rccl/build/release/hipify/src/include/nccl_device/impl/barrier__types.h:10:
In file included from /home/yelkhamr/dark-factory/rocm-systems/projects/rccl/build/release/hipify/src/include/nccl_device/impl/../barrier.h:11:
/home/yelkhamr/dark-factory/rocm-systems/projects/rccl/build/release/hipify/src/include/nccl_device/impl/../impl/core__types.h:26:9: warning: 'NCCL_GIN_MAX_CONNECTIONS' macro redefined [-Wmacro-redefined]
   26 | #define NCCL_GIN_MAX_CONNECTIONS 4
      |         ^
/home/yelkhamr/dark-factory/rocm-systems/projects/rccl/build/release/include/nccl_device/gin/gin_device_host_common.h:18:9: note: previous definition is here
   18 | #define NCCL_GIN_MAX_CONNECTIONS NCCL_GIN_MAX_CONTEXTS
      |         ^
In file included from /home/yelkhamr/dark-factory/rocm-systems/projects/rccl/build/release/hipify/src/plugin/tuner/csv_tuner.cc:38:
In file included from /home/yelkhamr/dark-factory/rocm-systems/projects/rccl/build/release/hipify/src/include/tuner.h:13:
In file included from /home/yelkhamr/dark-factory/rocm-systems/projects/rccl/build/release/hipify/src/include/comm.h:25:
In file included from /home/yelkhamr/dark-factory/rocm-systems/projects/rccl/build/release/hipify/src/include/dev_runtime.h:11:
In file included from /home/yelkhamr/dark-factory/rocm-systems/projects/rccl/build/release/hipify/src/include/nccl_device.h:16:
/home/yelkhamr/dark-factory/rocm-systems/projects/rccl/build/release/hipify/src/include/nccl_device/impl/gin__funcs.h:413:60: warning: result of comparison of constant 3 with expression of type 'const hipMemLocationType' is always false [-Wtautological-constant-out-of-range-compare]
  413 |           if (!doneSysmemFence && srcSegmentWindow.memType == CU_MEM_LOCATION_TYPE_HOST_NUMA) {
      |                                   ~~~~~~~~~~~~~~~~~~~~~~~~ ^  ~~~~~~~~~~~~~~~~~~~~~~~~~~~~~~
In file included from /home/yelkhamr/dark-factory/rocm-systems/projects/rccl/build/release/hipify/src/plugin/gin.cc:9:
In file included from /home/yelkhamr/dark-factory/rocm-systems/projects/rccl/build/release/hipify/src/include/bootstrap.h:12:
In file included from /home/yelkhamr/dark-factory/rocm-systems/projects/rccl/build/release/hipify/src/include/comm.h:25:
In file included from /home/yelkhamr/dark-factory/rocm-systems/projects/rccl/build/release/hipify/src/include/dev_runtime.h:11:
In file included from /home/yelkhamr/dark-factory/rocm-systems/projects/rccl/build/release/hipify/src/include/nccl_device.h:16:
/home/yelkhamr/dark-factory/rocm-systems/projects/rccl/build/release/hipify/src/include/nccl_device/impl/gin__funcs.h:413:60: warning: result of comparison of constant 3 with expression of type 'const hipMemLocationType' is always false [-Wtautological-constant-out-of-range-compare]
  413 |           if (!doneSysmemFence && srcSegmentWindow.memType == CU_MEM_LOCATION_TYPE_HOST_NUMA) {
      |                                   ~~~~~~~~~~~~~~~~~~~~~~~~ ^  ~~~~~~~~~~~~~~~~~~~~~~~~~~~~~~
In file included from /home/yelkhamr/dark-factory/rocm-systems/projects/rccl/build/release/hipify/src/plugin/net.cc:8:
In file included from /home/yelkhamr/dark-factory/rocm-systems/projects/rccl/build/release/hipify/src/include/net.h:13:
In file included from /home/yelkhamr/dark-factory/rocm-systems/projects/rccl/build/release/hipify/src/include/comm.h:25:
In file included from /home/yelkhamr/dark-factory/rocm-systems/projects/rccl/build/release/hipify/src/include/dev_runtime.h:11:
In file included from /home/yelkhamr/dark-factory/rocm-systems/projects/rccl/build/release/hipify/src/include/nccl_device.h:16:
/home/yelkhamr/dark-factory/rocm-systems/projects/rccl/build/release/hipify/src/include/nccl_device/impl/gin__funcs.h:413:60: warning: result of comparison of constant 3 with expression of type 'const hipMemLocationType' is always false [-Wtautological-constant-out-of-range-compare]
  413 |           if (!doneSysmemFence && srcSegmentWindow.memType == CU_MEM_LOCATION_TYPE_HOST_NUMA) {
      |                                   ~~~~~~~~~~~~~~~~~~~~~~~~ ^  ~~~~~~~~~~~~~~~~~~~~~~~~~~~~~~
In file included from /home/yelkhamr/dark-factory/rocm-systems/projects/rccl/build/release/hipify/src/plugin/profiler/profiler_v6.cc:8:
In file included from /home/yelkhamr/dark-factory/rocm-systems/projects/rccl/build/release/hipify/src/include/comm.h:25:
In file included from /home/yelkhamr/dark-factory/rocm-systems/projects/rccl/build/release/hipify/src/include/dev_runtime.h:11:
In file included from /home/yelkhamr/dark-factory/rocm-systems/projects/rccl/build/release/hipify/src/include/nccl_device.h:16:
/home/yelkhamr/dark-factory/rocm-systems/projects/rccl/build/release/hipify/src/include/nccl_device/impl/gin__funcs.h:413:60: warning: result of comparison of constant 3 with expression of type 'const hipMemLocationType' is always false [-Wtautological-constant-out-of-range-compare]
  413 |           if (!doneSysmemFence && srcSegmentWindow.memType == CU_MEM_LOCATION_TYPE_HOST_NUMA) {
      |                                   ~~~~~~~~~~~~~~~~~~~~~~~~ ^  ~~~~~~~~~~~~~~~~~~~~~~~~~~~~~~
In file included from /home/yelkhamr/dark-factory/rocm-systems/projects/rccl/build/release/hipify/src/plugin/tuner.cc:15:
In file included from /home/yelkhamr/dark-factory/rocm-systems/projects/rccl/build/release/hipify/src/include/tuner.h:13:
In file included from /home/yelkhamr/dark-factory/rocm-systems/projects/rccl/build/release/hipify/src/include/comm.h:25:
In file included from /home/yelkhamr/dark-factory/rocm-systems/projects/rccl/build/release/hipify/src/include/dev_runtime.h:11:
In file included from /home/yelkhamr/dark-factory/rocm-systems/projects/rccl/build/release/hipify/src/include/nccl_device.h:16:
/home/yelkhamr/dark-factory/rocm-systems/projects/rccl/build/release/hipify/src/include/nccl_device/impl/gin__funcs.h:413:60: warning: result of comparison of constant 3 with expression of type 'const hipMemLocationType' is always false [-Wtautological-constant-out-of-range-compare]
  413 |           if (!doneSysmemFence && srcSegmentWindow.memType == CU_MEM_LOCATION_TYPE_HOST_NUMA) {
      |                                   ~~~~~~~~~~~~~~~~~~~~~~~~ ^  ~~~~~~~~~~~~~~~~~~~~~~~~~~~~~~
In file included from /home/yelkhamr/dark-factory/rocm-systems/projects/rccl/build/release/hipify/src/os/linux.cc:604:
In file included from /home/yelkhamr/dark-factory/rocm-systems/projects/rccl/build/release/hipify/src/include/comm.h:25:
In file included from /home/yelkhamr/dark-factory/rocm-systems/projects/rccl/build/release/hipify/src/include/dev_runtime.h:11:
In file included from /home/yelkhamr/dark-factory/rocm-systems/projects/rccl/build/release/hipify/src/include/nccl_device.h:16:
/home/yelkhamr/dark-factory/rocm-systems/projects/rccl/build/release/hipify/src/include/nccl_device/impl/gin__funcs.h:413:60: warning: result of comparison of constant 3 with expression of type 'const hipMemLocationType' is always false [-Wtautological-constant-out-of-range-compare]
  413 |           if (!doneSysmemFence && srcSegmentWindow.memType == CU_MEM_LOCATION_TYPE_HOST_NUMA) {
      |                                   ~~~~~~~~~~~~~~~~~~~~~~~~ ^  ~~~~~~~~~~~~~~~~~~~~~~~~~~~~~~
In file included from /home/yelkhamr/dark-factory/rocm-systems/projects/rccl/build/release/hipify/src/plugin/profiler/profiler_v4.cc:8:
In file included from /home/yelkhamr/dark-factory/rocm-systems/projects/rccl/build/release/hipify/src/include/comm.h:25:
In file included from /home/yelkhamr/dark-factory/rocm-systems/projects/rccl/build/release/hipify/src/include/dev_runtime.h:11:
In file included from /home/yelkhamr/dark-factory/rocm-systems/projects/rccl/build/release/hipify/src/include/nccl_device.h:16:
/home/yelkhamr/dark-factory/rocm-systems/projects/rccl/build/release/hipify/src/include/nccl_device/impl/gin__funcs.h:413:60: warning: result of comparison of constant 3 with expression of type 'const hipMemLocationType' is always false [-Wtautological-constant-out-of-range-compare]
  413 |           if (!doneSysmemFence && srcSegmentWindow.memType == CU_MEM_LOCATION_TYPE_HOST_NUMA) {
      |                                   ~~~~~~~~~~~~~~~~~~~~~~~~ ^  ~~~~~~~~~~~~~~~~~~~~~~~~~~~~~~
In file included from /home/yelkhamr/dark-factory/rocm-systems/projects/rccl/build/release/hipify/src/plugin/profiler.cc:11:
In file included from /home/yelkhamr/dark-factory/rocm-systems/projects/rccl/build/release/hipify/src/include/comm.h:25:
In file included from /home/yelkhamr/dark-factory/rocm-systems/projects/rccl/build/release/hipify/src/include/dev_runtime.h:11:
In file included from /home/yelkhamr/dark-factory/rocm-systems/projects/rccl/build/release/hipify/src/include/nccl_device.h:16:
/home/yelkhamr/dark-factory/rocm-systems/projects/rccl/build/release/hipify/src/include/nccl_device/impl/gin__funcs.h:413:60: warning: result of comparison of constant 3 with expression of type 'const hipMemLocationType' is always false [-Wtautological-constant-out-of-range-compare]
  413 |           if (!doneSysmemFence && srcSegmentWindow.memType == CU_MEM_LOCATION_TYPE_HOST_NUMA) {
      |                                   ~~~~~~~~~~~~~~~~~~~~~~~~ ^  ~~~~~~~~~~~~~~~~~~~~~~~~~~~~~~
In file included from /home/yelkhamr/dark-factory/rocm-systems/projects/rccl/build/release/hipify/src/plugin/profiler/profiler_v5.cc:8:
In file included from /home/yelkhamr/dark-factory/rocm-systems/projects/rccl/build/release/hipify/src/include/comm.h:25:
In file included from /home/yelkhamr/dark-factory/rocm-systems/projects/rccl/build/release/hipify/src/include/dev_runtime.h:11:
In file included from /home/yelkhamr/dark-factory/rocm-systems/projects/rccl/build/release/hipify/src/include/nccl_device.h:16:
/home/yelkhamr/dark-factory/rocm-systems/projects/rccl/build/release/hipify/src/include/nccl_device/impl/gin__funcs.h:413:60: warning: result of comparison of constant 3 with expression of type 'const hipMemLocationType' is always false [-Wtautological-constant-out-of-range-compare]
  413 |           if (!doneSysmemFence && srcSegmentWindow.memType == CU_MEM_LOCATION_TYPE_HOST_NUMA) {
      |                                   ~~~~~~~~~~~~~~~~~~~~~~~~ ^  ~~~~~~~~~~~~~~~~~~~~~~~~~~~~~~
In file included from /home/yelkhamr/dark-factory/rocm-systems/projects/rccl/build/release/hipify/src/plugin/profiler/profiler_v2.cc:8:
In file included from /home/yelkhamr/dark-factory/rocm-systems/projects/rccl/build/release/hipify/src/include/comm.h:25:
In file included from /home/yelkhamr/dark-factory/rocm-systems/projects/rccl/build/release/hipify/src/include/dev_runtime.h:11:
In file included from /home/yelkhamr/dark-factory/rocm-systems/projects/rccl/build/release/hipify/src/include/nccl_device.h:16:
/home/yelkhamr/dark-factory/rocm-systems/projects/rccl/build/release/hipify/src/include/nccl_device/impl/gin__funcs.h:413:60: warning: result of comparison of constant 3 with expression of type 'const hipMemLocationType' is always false [-Wtautological-constant-out-of-range-compare]
  413 |           if (!doneSysmemFence && srcSegmentWindow.memType == CU_MEM_LOCATION_TYPE_HOST_NUMA) {
      |                                   ~~~~~~~~~~~~~~~~~~~~~~~~ ^  ~~~~~~~~~~~~~~~~~~~~~~~~~~~~~~
In file included from /home/yelkhamr/dark-factory/rocm-systems/projects/rccl/build/release/hipify/src/plugin/profiler/profiler_v1.cc:8:
In file included from /home/yelkhamr/dark-factory/rocm-systems/projects/rccl/build/release/hipify/src/include/comm.h:25:
In file included from /home/yelkhamr/dark-factory/rocm-systems/projects/rccl/build/release/hipify/src/include/dev_runtime.h:11:
In file included from /home/yelkhamr/dark-factory/rocm-systems/projects/rccl/build/release/hipify/src/include/nccl_device.h:16:
/home/yelkhamr/dark-factory/rocm-systems/projects/rccl/build/release/hipify/src/include/nccl_device/impl/gin__funcs.h:413:60: warning: result of comparison of constant 3 with expression of type 'const hipMemLocationType' is always false [-Wtautological-constant-out-of-range-compare]
  413 |           if (!doneSysmemFence && srcSegmentWindow.memType == CU_MEM_LOCATION_TYPE_HOST_NUMA) {
      |                                   ~~~~~~~~~~~~~~~~~~~~~~~~ ^  ~~~~~~~~~~~~~~~~~~~~~~~~~~~~~~
In file included from /home/yelkhamr/dark-factory/rocm-systems/projects/rccl/build/release/hipify/src/rma/rma_proxy_progress.cc:11:
In file included from /home/yelkhamr/dark-factory/rocm-systems/projects/rccl/build/release/hipify/src/include/comm.h:25:
In file included from /home/yelkhamr/dark-factory/rocm-systems/projects/rccl/build/release/hipify/src/include/dev_runtime.h:11:
In file included from /home/yelkhamr/dark-factory/rocm-systems/projects/rccl/build/release/hipify/src/include/nccl_device.h:16:
/home/yelkhamr/dark-factory/rocm-systems/projects/rccl/build/release/hipify/src/include/nccl_device/impl/gin__funcs.h:413:60: warning: result of comparison of constant 3 with expression of type 'const hipMemLocationType' is always false [-Wtautological-constant-out-of-range-compare]
  413 |           if (!doneSysmemFence && srcSegmentWindow.memType == CU_MEM_LOCATION_TYPE_HOST_NUMA) {
      |                                   ~~~~~~~~~~~~~~~~~~~~~~~~ ^  ~~~~~~~~~~~~~~~~~~~~~~~~~~~~~~
In file included from /home/yelkhamr/dark-factory/rocm-systems/projects/rccl/build/release/hipify/src/ras/ras.cc:16:
In file included from /home/yelkhamr/dark-factory/rocm-systems/projects/rccl/build/release/hipify/src/include/comm.h:25:
In file included from /home/yelkhamr/dark-factory/rocm-systems/projects/rccl/build/release/hipify/src/include/dev_runtime.h:11:
In file included from /home/yelkhamr/dark-factory/rocm-systems/projects/rccl/build/release/hipify/src/include/nccl_device.h:16:
/home/yelkhamr/dark-factory/rocm-systems/projects/rccl/build/release/hipify/src/include/nccl_device/impl/gin__funcs.h:413:60: warning: result of comparison of constant 3 with expression of type 'const hipMemLocationType' is always false [-Wtautological-constant-out-of-range-compare]
  413 |           if (!doneSysmemFence && srcSegmentWindow.memType == CU_MEM_LOCATION_TYPE_HOST_NUMA) {
      |                                   ~~~~~~~~~~~~~~~~~~~~~~~~ ^  ~~~~~~~~~~~~~~~~~~~~~~~~~~~~~~
In file included from /home/yelkhamr/dark-factory/rocm-systems/projects/rccl/build/release/hipify/src/ras/client_support.cc:15:
In file included from /home/yelkhamr/dark-factory/rocm-systems/projects/rccl/build/release/hipify/src/include/comm.h:25:
In file included from /home/yelkhamr/dark-factory/rocm-systems/projects/rccl/build/release/hipify/src/include/dev_runtime.h:11:
In file included from /home/yelkhamr/dark-factory/rocm-systems/projects/rccl/build/release/hipify/src/include/nccl_device.h:16:
/home/yelkhamr/dark-factory/rocm-systems/projects/rccl/build/release/hipify/src/include/nccl_device/impl/gin__funcs.h:413:60: warning: result of comparison of constant 3 with expression of type 'const hipMemLocationType' is always false [-Wtautological-constant-out-of-range-compare]
  413 |           if (!doneSysmemFence && srcSegmentWindow.memType == CU_MEM_LOCATION_TYPE_HOST_NUMA) {
      |                                   ~~~~~~~~~~~~~~~~~~~~~~~~ ^  ~~~~~~~~~~~~~~~~~~~~~~~~~~~~~~
In file included from /home/yelkhamr/dark-factory/rocm-systems/projects/rccl/build/release/hipify/src/rma/rma_proxy_launch.cc:16:
In file included from /home/yelkhamr/dark-factory/rocm-systems/projects/rccl/build/release/hipify/src/include/comm.h:25:
In file included from /home/yelkhamr/dark-factory/rocm-systems/projects/rccl/build/release/hipify/src/include/dev_runtime.h:11:
In file included from /home/yelkhamr/dark-factory/rocm-systems/projects/rccl/build/release/hipify/src/include/nccl_device.h:16:
/home/yelkhamr/dark-factory/rocm-systems/projects/rccl/build/release/hipify/src/include/nccl_device/impl/gin__funcs.h:413:60: warning: result of comparison of constant 3 with expression of type 'const hipMemLocationType' is always false [-Wtautological-constant-out-of-range-compare]
  413 |           if (!doneSysmemFence && srcSegmentWindow.memType == CU_MEM_LOCATION_TYPE_HOST_NUMA) {
      |                                   ~~~~~~~~~~~~~~~~~~~~~~~~ ^  ~~~~~~~~~~~~~~~~~~~~~~~~~~~~~~
In file included from /home/yelkhamr/dark-factory/rocm-systems/projects/rccl/build/release/hipify/src/ras/peers.cc:11:
In file included from /home/yelkhamr/dark-factory/rocm-systems/projects/rccl/build/release/hipify/src/include/comm.h:25:
In file included from /home/yelkhamr/dark-factory/rocm-systems/projects/rccl/build/release/hipify/src/include/dev_runtime.h:11:
In file included from /home/yelkhamr/dark-factory/rocm-systems/projects/rccl/build/release/hipify/src/include/nccl_device.h:16:
/home/yelkhamr/dark-factory/rocm-systems/projects/rccl/build/release/hipify/src/include/nccl_device/impl/gin__funcs.h:413:60: warning: result of comparison of constant 3 with expression of type 'const hipMemLocationType' is always false [-Wtautological-constant-out-of-range-compare]
  413 |           if (!doneSysmemFence && srcSegmentWindow.memType == CU_MEM_LOCATION_TYPE_HOST_NUMA) {
      |                                   ~~~~~~~~~~~~~~~~~~~~~~~~ ^  ~~~~~~~~~~~~~~~~~~~~~~~~~~~~~~
/home/yelkhamr/dark-factory/rocm-systems/projects/rccl/build/release/hipify/src/dev_runtime.cc:398:70: warning: result of comparison of constant 3 with expression of type 'hipMemLocationType' is always false [-Wtautological-constant-out-of-range-compare]
  398 |                       (ncclParamSymReuseSysmemHandles() && msg->type == CU_MEM_LOCATION_TYPE_HOST_NUMA);
      |                                                            ~~~~~~~~~ ^  ~~~~~~~~~~~~~~~~~~~~~~~~~~~~~~
/home/yelkhamr/dark-factory/rocm-systems/projects/rccl/build/release/hipify/src/dev_runtime.cc:425:172: warning: format specifies type 'long long' but the argument has type 'hipMemGenericAllocationHandle_t' (aka 'ihipMemGenericAllocationHandle *') [-Wformat]
  425 |     INFO(NCCL_REG, "[%d] Segment %d, Type : %d, numSegments : %d, Segment size : %ld, memHandle : %lld", devr->lsaSelf, segment, msg->type, numSegments, msg->segmentSize, msg->memHandle);
      |                                                                                                   ~~~~                                                                     ^~~~~~~~~~~~~~
/home/yelkhamr/dark-factory/rocm-systems/projects/rccl/build/release/hipify/src/include/debug.h:53:85: note: expanded from macro 'INFO'
   53 |             ncclDebugLog(NCCL_LOG_INFO, (unsigned long)(FLAGS), __func__, __LINE__, __VA_ARGS__); \
      |                                                                                     ^~~~~~~~~~~
/home/yelkhamr/dark-factory/rocm-systems/projects/rccl/build/release/hipify/src/dev_runtime.cc:661:30: warning: result of comparison of constant 3 with expression of type 'hipMemLocationType' is always false [-Wtautological-constant-out-of-range-compare]
  661 |       int ptrType = (locType == CU_MEM_LOCATION_TYPE_HOST_NUMA) ? NCCL_PTR_HOST : NCCL_PTR_CUDA;
      |                      ~~~~~~~ ^  ~~~~~~~~~~~~~~~~~~~~~~~~~~~~~~
/home/yelkhamr/dark-factory/rocm-systems/projects/rccl/build/release/hipify/src/proxy.cc:623:8: warning: unused variable 'needProxy' [-Wunused-variable]
  623 |   bool needProxy = false;
      |        ^~~~~~~~~
/home/yelkhamr/dark-factory/rocm-systems/projects/rccl/build/release/hipify/src/proxy.cc:996:14: warning: logical not is only applied to the left hand side of this comparison [-Wlogical-not-parentheses]
  996 |   } else if (!CUDASUCCESS(hipSetDevice(proxyState->cudaDev))) {
      |              ^~~~~~~~~~~~~~~~~~~~~~~~~~~~~~~~~~~~~~~~~~~~~~~
/home/yelkhamr/dark-factory/rocm-systems/projects/rccl/build/release/hipify/src/proxy.cc:996:14: note: add parentheses after the '!' to evaluate the comparison first
  996 |   } else if (!CUDASUCCESS(hipSetDevice(proxyState->cudaDev))) {
      |              ^                                              
      |               (                                             )
/home/yelkhamr/dark-factory/rocm-systems/projects/rccl/build/release/hipify/src/proxy.cc:996:14: note: add parentheses around left hand side expression to silence this warning
/home/yelkhamr/dark-factory/rocm-systems/projects/rccl/build/release/hipify/src/allocator.cc:27:7: warning: unused variable 'flag' [-Wunused-variable]
   27 |   int flag;
      |       ^~~~
/home/yelkhamr/dark-factory/rocm-systems/projects/rccl/build/release/hipify/src/ce_coll.cc:310:9: warning: unused variable 'ceSyncHandle' [-Wunused-variable]
  310 |   void* ceSyncHandle = NULL;
      |         ^~~~~~~~~~~~
/home/yelkhamr/dark-factory/rocm-systems/projects/rccl/build/release/hipify/src/dev_runtime.cc:1382:28: warning: result of comparison of constant 3 with expression of type 'hipMemLocationType' is always true [-Wtautological-constant-out-of-range-compare]
 1382 |     if (prop.location.type != CU_MEM_LOCATION_TYPE_HOST_NUMA && prop.location.type != hipMemLocationTypeDevice) {
      |         ~~~~~~~~~~~~~~~~~~ ^  ~~~~~~~~~~~~~~~~~~~~~~~~~~~~~~
/home/yelkhamr/dark-factory/rocm-systems/projects/rccl/build/release/hipify/src/rma/rma_proxy.cc:109:20: warning: variable 'registrationResult' set but not used [-Wunused-but-set-variable]
  109 |       ncclResult_t registrationResult = ncclInternalError;
      |                    ^
/home/yelkhamr/dark-factory/rocm-systems/projects/rccl/build/release/hipify/src/plugin/gin.cc:58:63: warning: suggest braces around initialization of subobject [-Wmissing-braces]
   58 | static ginPluginLib_t ginPluginLibs[NCCL_GIN_MAX_PLUGINS] = { 0 };
      |                                                               ^
      |                                                               {}
/home/yelkhamr/dark-factory/rocm-systems/projects/rccl/build/release/hipify/src/plugin/gin.cc:58:63: warning: suggest braces around initialization of subobject [-Wmissing-braces]
   58 | static ginPluginLib_t ginPluginLibs[NCCL_GIN_MAX_PLUGINS] = { 0 };
      |                                                               ^
      |                                                               {}
/home/yelkhamr/dark-factory/rocm-systems/projects/rccl/build/release/hipify/src/enqueue.cc:124:11: warning: logical not is only applied to the left hand side of this comparison [-Wlogical-not-parentheses]
  124 |       if (!CUDASUCCESS(hipFuncGetAttributes(&attr, reinterpret_cast<const void*>(fn)))) continue; // Silently ignore failures
      |           ^~~~~~~~~~~~~~~~~~~~~~~~~~~~~~~~~~~~~~~~~~~~~~~~~~~~~~~~~~~~~~~~~~~~~~~~~~~~
/home/yelkhamr/dark-factory/rocm-systems/projects/rccl/build/release/hipify/src/enqueue.cc:124:11: note: add parentheses after the '!' to evaluate the comparison first
  124 |       if (!CUDASUCCESS(hipFuncGetAttributes(&attr, reinterpret_cast<const void*>(fn)))) continue; // Silently ignore failures
      |           ^                                                                           
      |            (                                                                          )
/home/yelkhamr/dark-factory/rocm-systems/projects/rccl/build/release/hipify/src/enqueue.cc:124:11: note: add parentheses around left hand side expression to silence this warning
/home/yelkhamr/dark-factory/rocm-systems/projects/rccl/build/release/hipify/src/proxy.cc:1734:14: warning: logical not is only applied to the left hand side of this comparison [-Wlogical-not-parentheses]
 1734 |   } else if (!CUDASUCCESS(hipSetDevice(proxyState->cudaDev))) {
      |              ^~~~~~~~~~~~~~~~~~~~~~~~~~~~~~~~~~~~~~~~~~~~~~~
/home/yelkhamr/dark-factory/rocm-systems/projects/rccl/build/release/hipify/src/proxy.cc:1734:14: note: add parentheses after the '!' to evaluate the comparison first
 1734 |   } else if (!CUDASUCCESS(hipSetDevice(proxyState->cudaDev))) {
      |              ^                                              
      |               (                                             )
/home/yelkhamr/dark-factory/rocm-systems/projects/rccl/build/release/hipify/src/proxy.cc:1734:14: note: add parentheses around left hand side expression to silence this warning
/home/yelkhamr/dark-factory/rocm-systems/projects/rccl/build/release/hipify/src/proxy.cc:1981:14: warning: logical not is only applied to the left hand side of this comparison [-Wlogical-not-parentheses]
 1981 |   } else if (!CUDASUCCESS(hipSetDevice(proxyState->cudaDev))) {
      |              ^~~~~~~~~~~~~~~~~~~~~~~~~~~~~~~~~~~~~~~~~~~~~~~
/home/yelkhamr/dark-factory/rocm-systems/projects/rccl/build/release/hipify/src/proxy.cc:1981:14: note: add parentheses after the '!' to evaluate the comparison first
 1981 |   } else if (!CUDASUCCESS(hipSetDevice(proxyState->cudaDev))) {
      |              ^                                              
      |               (                                             )
/home/yelkhamr/dark-factory/rocm-systems/projects/rccl/build/release/hipify/src/proxy.cc:1981:14: note: add parentheses around left hand side expression to silence this warning
[ 82%] Building CXX object src/CMakeFiles/rccl.dir/__/hipify/src/transport/coll_net.cc.o
[ 82%] Building CXX object src/CMakeFiles/rccl.dir/__/hipify/src/transport/generic.cc.o
[ 82%] Building CXX object src/CMakeFiles/rccl.dir/__/hipify/src/transport/net_ib/common.cc.o
[ 82%] Building CXX object src/CMakeFiles/rccl.dir/__/hipify/src/transport/net_tmp.cc.o
[ 82%] Building CXX object src/CMakeFiles/rccl.dir/__/hipify/src/transport/net_ib/connect_tmp.cc.o
clang++: warning: argument unused during compilation: '--offload-compress' [-Wunused-command-line-argument]
clang++: warning: argument unused during compilation: '--offload-compress' [-Wunused-command-line-argument]
clang++: warning: argument unused during compilation: '--offload-compress' [-Wunused-command-line-argument]
clang++: warning: argument unused during compilation: '--offload-compress' [-Wunused-command-line-argument]
[ 82%] Building CXX object src/CMakeFiles/rccl.dir/__/hipify/src/transport/net_ib/gdr.cc.o
clang++: warning: argument unused during compilation: '--offload-compress' [-Wunused-command-line-argument]
[ 82%] Building CXX object src/CMakeFiles/rccl.dir/__/hipify/src/transport/net_ib/gin_tmp.cc.o
[ 82%] Building CXX object src/CMakeFiles/rccl.dir/__/hipify/src/transport/net_ib/init_tmp.cc.o
clang++: warning: argument unused during compilation: '--offload-compress' [-Wunused-command-line-argument]
[ 82%] Building CXX object src/CMakeFiles/rccl.dir/__/hipify/src/transport/net_ib/p2p.cc.o
clang++: warning: argument unused during compilation: '--offload-compress' [-Wunused-command-line-argument]
clang++: warning: argument unused during compilation: '--offload-compress' [-Wunused-command-line-argument]
clang++: warning: argument unused during compilation: '--offload-compress' [-Wunused-command-line-argument]
[ 82%] Building CXX object src/CMakeFiles/rccl.dir/__/hipify/src/transport/net_ib/p2p_resiliency.cc.o
clang++: warning: argument unused during compilation: '--offload-compress' [-Wunused-command-line-argument]
/home/yelkhamr/dark-factory/rocm-systems/projects/rccl/build/release/hipify/src/sym_kernels.cc:78:20: warning: unused variable 'kernelMask_LSA' [-Wunused-const-variable]
   78 | constexpr uint32_t kernelMask_LSA = 1<<ncclSymkKernelId_AllReduce_AGxLL_R |
      |                    ^~~~~~~~~~~~~~
2 warnings generated when compiling for host.
[ 82%] Building CXX object src/CMakeFiles/rccl.dir/__/hipify/src/transport/net_ib/p2p_resiliency_recovery.cc.o
2 warnings generated when compiling for host.
clang++: warning: argument unused during compilation: '--offload-compress' [-Wunused-command-line-argument]
[ 84%] Building CXX object src/CMakeFiles/rccl.dir/__/hipify/src/transport/net_ib/reg.cc.o
2 warnings generated when compiling for host.
2 warnings generated when compiling for host.
2 warnings generated when compiling for host.
clang++: warning: argument unused during compilation: '--offload-compress' [-Wunused-command-line-argument]
[ 84%] Building CXX object src/CMakeFiles/rccl.dir/__/hipify/src/transport/nvls.cc.o
[ 84%] Building CXX object src/CMakeFiles/rccl.dir/__/hipify/src/transport/net_socket.cc.o
[ 84%] Building CXX object src/CMakeFiles/rccl.dir/__/hipify/src/transport/p2p_tmp.cc.o
2 warnings generated when compiling for host.
2 warnings generated when compiling for host.
clang++clang++: : warning: warning: argument unused during compilation: '--offload-compress' [-Wunused-command-line-argument]
argument unused during compilation: '--offload-compress' [-Wunused-command-line-argument]
2 warnings generated when compiling for host.
2 warnings generated when compiling for host.
2 warnings generated when compiling for host.
clang++: warning: argument unused during compilation: '--offload-compress' [-Wunused-command-line-argument]
2 warnings generated when compiling for host.
[ 84%] Building CXX object src/CMakeFiles/rccl.dir/__/hipify/src/transport/shm.cc.o
[ 84%] Building CXX object src/CMakeFiles/rccl.dir/__/hipify/src/transport/profiler_tmp.cc.o
2 warnings generated when compiling for host.
2 warnings generated when compiling for host.
[ 84%] Building CXX object src/CMakeFiles/rccl.dir/__/hipify/src/gin/gin_host.cc.o
2 warnings generated when compiling for host.
[ 84%] Building CXX object src/CMakeFiles/rccl.dir/__/hipify/src/gin/gin_host_proxy.cc.o
[ 84%] Building CXX object src/CMakeFiles/rccl.dir/__/hipify/src/misc/latency_profiler/CollTrace.cc.o
2 warnings generated when compiling for host.
clang++: warning: argument unused during compilation: '--offload-compress' [-Wunused-command-line-argument]
[ 84%] Building CXX object src/CMakeFiles/rccl.dir/__/hipify/src/misc/latency_profiler/CollTraceFunc.cc.o
clang++: warning: argument unused during compilation: '--offload-compress' [-Wunused-command-line-argument]
clang++: warning: argument unused during compilation: '--offload-compress' [-Wunused-command-line-argument]
[ 84%] Building CXX object src/CMakeFiles/rccl.dir/__/hipify/src/transport/net_ib_cast/common_tmp.cc.o
clang++: warning: argument unused during compilation: '--offload-compress' [-Wunused-command-line-argument]
[ 84%] Building CXX object src/CMakeFiles/rccl.dir/__/hipify/src/transport/net_ib_cast/connect_tmp.cc.o
3 warnings generated when compiling for host.
[ 84%] Building CXX object src/CMakeFiles/rccl.dir/__/hipify/src/transport/net_ib_cast/gdr_tmp.cc.o
2 warnings generated when compiling for host.
clang++: warning: argument unused during compilation: '--offload-compress' [-Wunused-command-line-argument]
clang++: warning: argument unused during compilation: '--offload-compress' [-Wunused-command-line-argument]
[ 84%] Building CXX object src/CMakeFiles/rccl.dir/__/hipify/src/transport/net_ib_cast/init_tmp.cc.o
clang++: warning: argument unused during compilation: '--offload-compress' [-Wunused-command-line-argument]
3 warnings generated when compiling for host.
4 warnings generated when compiling for host.
clang++: warning: argument unused during compilation: '--offload-compress' [-Wunused-command-line-argument]
2 warnings generated when compiling for host.
clang++: warning: argument unused during compilation: '--offload-compress' [-Wunused-command-line-argument]
[ 84%] Building CXX object src/CMakeFiles/rccl.dir/__/hipify/src/transport/net_ib_cast/p2p_tmp.cc.o
clang++: warning: argument unused during compilation: '--offload-compress' [-Wunused-command-line-argument]
[ 84%] Building CXX object src/CMakeFiles/rccl.dir/__/hipify/src/transport/net_ib_cast/p2p_resiliency_tmp.cc.o
2 warnings generated when compiling for host.
[ 84%] Building CXX object src/CMakeFiles/rccl.dir/__/hipify/src/transport/net_ib_cast/p2p_resiliency_recovery_tmp.cc.o
clang++: warning: argument unused during compilation: '--offload-compress' [-Wunused-command-line-argument]
[ 84%] Building CXX object src/CMakeFiles/rccl.dir/__/hipify/src/transport/net_ib_cast/reg_tmp.cc.o
clang++: warning: argument unused during compilation: '--offload-compress' [-Wunused-command-line-argument]
[ 84%] Building CXX object src/CMakeFiles/rccl.dir/__/hipify/src/transport/net_ib_cast/p2p_resiliency_recovery_ainic.cc.o
2 warnings generated when compiling for host.
clang++: warning: argument unused during compilation: '--offload-compress' [-Wunused-command-line-argument]
[ 84%] Building CXX object src/CMakeFiles/rccl.dir/__/hipify/src/transport/net_ib_cast/scheduler.cc.o
2 warnings generated when compiling for host.
clang++: warning: argument unused during compilation: '--offload-compress' [-Wunused-command-line-argument]
clang++: warning: argument unused during compilation: '--offload-compress' [-Wunused-command-line-argument]
2 warnings generated when compiling for host.
clang++: warning: argument unused during compilation: '--offload-compress' [-Wunused-command-line-argument]
3 warnings generated when compiling for host.
[ 84%] Building CXX object src/CMakeFiles/rccl.dir/__/hipify/src/transport/net_ib_cast/gin_tmp.cc.o
[ 84%] Building CXX object src/CMakeFiles/rccl.dir/__/hipify/src/devcomm/devcomm_v22902.cc.o
[ 84%] Building CXX object src/CMakeFiles/rccl.dir/__/hipify/src/devcomm/devcomm_v22907.cc.o
2 warnings generated when compiling for host.
clang++: warning: argument unused during compilation: '--offload-compress' [-Wunused-command-line-argument]
2 warnings generated when compiling for host.
clang++: warning: argument unused during compilation: '--offload-compress' [-Wunused-command-line-argument]
clang++: warning: argument unused during compilation: '--offload-compress' [-Wunused-command-line-argument]
[ 84%] Building CXX object src/CMakeFiles/rccl.dir/__/hipify/src/devcomm/devcomm_v23000.cc.o
2 warnings generated when compiling for host.
2 warnings generated when compiling for host.
clang++: warning: argument unused during compilation: '--offload-compress' [-Wunused-command-line-argument]
[ 84%] Building CXX object src/CMakeFiles/rccl.dir/__/hipify/gensrc/symmetric/sym_kernels_host.cc.o
[ 84%] Building CXX object src/CMakeFiles/rccl.dir/__/hipify/gensrc/host_table.cpp.o
[ 84%] Building CXX object src/CMakeFiles/rccl.dir/git_version.cpp.o
clang++: warning: argument unused during compilation: '--offload-compress' [-Wunused-command-line-argument]
clang++: warning: argument unused during compilation: '--offload-compress' [-Wunused-command-line-argument]
clang++: warning: argument unused during compilation: '--offload-compress' [-Wunused-command-line-argument]
2 warnings generated when compiling for host.
2 warnings generated when compiling for host.
2 warnings generated when compiling for host.
2 warnings generated when compiling for host.
2 warnings generated when compiling for host.
2 warnings generated when compiling for host.
2 warnings generated when compiling for host.
2 warnings generated when compiling for host.
3 warnings generated when compiling for host.
In file included from /home/yelkhamr/dark-factory/rocm-systems/projects/rccl/build/release/hipify/src/register/sendrecv_reg.cc:9:
In file included from /home/yelkhamr/dark-factory/rocm-systems/projects/rccl/build/release/hipify/src/include/transport.h:25:
In file included from /home/yelkhamr/dark-factory/rocm-systems/projects/rccl/build/release/hipify/src/include/comm.h:25:
In file included from /home/yelkhamr/dark-factory/rocm-systems/projects/rccl/build/release/hipify/src/include/dev_runtime.h:11:
In file included from /home/yelkhamr/dark-factory/rocm-systems/projects/rccl/build/release/hipify/src/include/nccl_device.h:10:
In file included from /home/yelkhamr/dark-factory/rocm-systems/projects/rccl/build/release/hipify/src/include/nccl_device/impl/barrier__funcs.h:12:
In file included from /home/yelkhamr/dark-factory/rocm-systems/projects/rccl/build/release/hipify/src/include/nccl_device/impl/barrier__types.h:10:
In file included from /home/yelkhamr/dark-factory/rocm-systems/projects/rccl/build/release/hipify/src/include/nccl_device/impl/../barrier.h:11:
/home/yelkhamr/dark-factory/rocm-systems/projects/rccl/build/release/hipify/src/include/nccl_device/impl/../impl/core__types.h:26:9: warning: 'NCCL_GIN_MAX_CONNECTIONS' macro redefined [-Wmacro-redefined]
   26 | #define NCCL_GIN_MAX_CONNECTIONS 4
      |         ^
/home/yelkhamr/dark-factory/rocm-systems/projects/rccl/build/release/include/nccl_device/gin/gin_device_host_common.h:18:9: note: previous definition is here
   18 | #define NCCL_GIN_MAX_CONNECTIONS NCCL_GIN_MAX_CONTEXTS
      |         ^
2 warnings generated when compiling for host.
In file included from /home/yelkhamr/dark-factory/rocm-systems/projects/rccl/build/release/hipify/src/register/register.cc:10:
In file included from /home/yelkhamr/dark-factory/rocm-systems/projects/rccl/build/release/hipify/src/include/comm.h:25:
In file included from /home/yelkhamr/dark-factory/rocm-systems/projects/rccl/build/release/hipify/src/include/dev_runtime.h:11:
In file included from /home/yelkhamr/dark-factory/rocm-systems/projects/rccl/build/release/hipify/src/include/nccl_device.h:10:
In file included from /home/yelkhamr/dark-factory/rocm-systems/projects/rccl/build/release/hipify/src/include/nccl_device/impl/barrier__funcs.h:12:
In file included from /home/yelkhamr/dark-factory/rocm-systems/projects/rccl/build/release/hipify/src/include/nccl_device/impl/barrier__types.h:10:
In file included from /home/yelkhamr/dark-factory/rocm-systems/projects/rccl/build/release/hipify/src/include/nccl_device/impl/../barrier.h:11:
/home/yelkhamr/dark-factory/rocm-systems/projects/rccl/build/release/hipify/src/include/nccl_device/impl/../impl/core__types.h:26:9: warning: 'NCCL_GIN_MAX_CONNECTIONS' macro redefined [-Wmacro-redefined]
   26 | #define NCCL_GIN_MAX_CONNECTIONS 4
      |         ^
/home/yelkhamr/dark-factory/rocm-systems/projects/rccl/build/release/include/nccl_device/gin/gin_device_host_common.h:18:9: note: previous definition is here
   18 | #define NCCL_GIN_MAX_CONNECTIONS NCCL_GIN_MAX_CONTEXTS
      |         ^
In file included from /home/yelkhamr/dark-factory/rocm-systems/projects/rccl/build/release/hipify/src/register/sendrecv_reg.cc:9:
In file included from /home/yelkhamr/dark-factory/rocm-systems/projects/rccl/build/release/hipify/src/include/transport.h:25:
In file included from /home/yelkhamr/dark-factory/rocm-systems/projects/rccl/build/release/hipify/src/include/comm.h:25:
In file included from /home/yelkhamr/dark-factory/rocm-systems/projects/rccl/build/release/hipify/src/include/dev_runtime.h:11:
In file included from /home/yelkhamr/dark-factory/rocm-systems/projects/rccl/build/release/hipify/src/include/nccl_device.h:16:
/home/yelkhamr/dark-factory/rocm-systems/projects/rccl/build/release/hipify/src/include/nccl_device/impl/gin__funcs.h:413:60: warning: result of comparison of constant 3 with expression of type 'const hipMemLocationType' is always false [-Wtautological-constant-out-of-range-compare]
  413 |           if (!doneSysmemFence && srcSegmentWindow.memType == CU_MEM_LOCATION_TYPE_HOST_NUMA) {
      |                                   ~~~~~~~~~~~~~~~~~~~~~~~~ ^  ~~~~~~~~~~~~~~~~~~~~~~~~~~~~~~
In file included from /home/yelkhamr/dark-factory/rocm-systems/projects/rccl/build/release/hipify/src/register/register.cc:10:
In file included from /home/yelkhamr/dark-factory/rocm-systems/projects/rccl/build/release/hipify/src/include/comm.h:25:
In file included from /home/yelkhamr/dark-factory/rocm-systems/projects/rccl/build/release/hipify/src/include/dev_runtime.h:11:
In file included from /home/yelkhamr/dark-factory/rocm-systems/projects/rccl/build/release/hipify/src/include/nccl_device.h:16:
/home/yelkhamr/dark-factory/rocm-systems/projects/rccl/build/release/hipify/src/include/nccl_device/impl/gin__funcs.h:413:60: warning: result of comparison of constant 3 with expression of type 'const hipMemLocationType' is always false [-Wtautological-constant-out-of-range-compare]
  413 |           if (!doneSysmemFence && srcSegmentWindow.memType == CU_MEM_LOCATION_TYPE_HOST_NUMA) {
      |                                   ~~~~~~~~~~~~~~~~~~~~~~~~ ^  ~~~~~~~~~~~~~~~~~~~~~~~~~~~~~~
In file included from /home/yelkhamr/dark-factory/rocm-systems/projects/rccl/build/release/hipify/src/register/coll_reg.cc:10:
In file included from /home/yelkhamr/dark-factory/rocm-systems/projects/rccl/build/release/hipify/src/include/transport.h:25:
In file included from /home/yelkhamr/dark-factory/rocm-systems/projects/rccl/build/release/hipify/src/include/comm.h:25:
In file included from /home/yelkhamr/dark-factory/rocm-systems/projects/rccl/build/release/hipify/src/include/dev_runtime.h:11:
In file included from /home/yelkhamr/dark-factory/rocm-systems/projects/rccl/build/release/hipify/src/include/nccl_device.h:10:
In file included from /home/yelkhamr/dark-factory/rocm-systems/projects/rccl/build/release/hipify/src/include/nccl_device/impl/barrier__funcs.h:12:
In file included from /home/yelkhamr/dark-factory/rocm-systems/projects/rccl/build/release/hipify/src/include/nccl_device/impl/barrier__types.h:10:
In file included from /home/yelkhamr/dark-factory/rocm-systems/projects/rccl/build/release/hipify/src/include/nccl_device/impl/../barrier.h:11:
/home/yelkhamr/dark-factory/rocm-systems/projects/rccl/build/release/hipify/src/include/nccl_device/impl/../impl/core__types.h:26:9: warning: 'NCCL_GIN_MAX_CONNECTIONS' macro redefined [-Wmacro-redefined]
   26 | #define NCCL_GIN_MAX_CONNECTIONS 4
      |         ^
/home/yelkhamr/dark-factory/rocm-systems/projects/rccl/build/release/include/nccl_device/gin/gin_device_host_common.h:18:9: note: previous definition is here
   18 | #define NCCL_GIN_MAX_CONNECTIONS NCCL_GIN_MAX_CONTEXTS
      |         ^
In file included from /home/yelkhamr/dark-factory/rocm-systems/projects/rccl/build/release/hipify/src/scheduler/symmetric_sched.cc:14:
In file included from /home/yelkhamr/dark-factory/rocm-systems/projects/rccl/build/release/hipify/src/include/scheduler.h:12:
In file included from /home/yelkhamr/dark-factory/rocm-systems/projects/rccl/build/release/hipify/src/include/comm.h:25:
In file included from /home/yelkhamr/dark-factory/rocm-systems/projects/rccl/build/release/hipify/src/include/dev_runtime.h:11:
In file included from /home/yelkhamr/dark-factory/rocm-systems/projects/rccl/build/release/hipify/src/include/nccl_device.h:10:
In file included from /home/yelkhamr/dark-factory/rocm-systems/projects/rccl/build/release/hipify/src/include/nccl_device/impl/barrier__funcs.h:12:
In file included from /home/yelkhamr/dark-factory/rocm-systems/projects/rccl/build/release/hipify/src/include/nccl_device/impl/barrier__types.h:10:
In file included from /home/yelkhamr/dark-factory/rocm-systems/projects/rccl/build/release/hipify/src/include/nccl_device/impl/../barrier.h:11:
/home/yelkhamr/dark-factory/rocm-systems/projects/rccl/build/release/hipify/src/include/nccl_device/impl/../impl/core__types.h:26:9: warning: 'NCCL_GIN_MAX_CONNECTIONS' macro redefined [-Wmacro-redefined]
   26 | #define NCCL_GIN_MAX_CONNECTIONS 4
      |         ^
/home/yelkhamr/dark-factory/rocm-systems/projects/rccl/build/release/include/nccl_device/gin/gin_device_host_common.h:18:9: note: previous definition is here
   18 | #define NCCL_GIN_MAX_CONNECTIONS NCCL_GIN_MAX_CONTEXTS
      |         ^
In file included from /home/yelkhamr/dark-factory/rocm-systems/projects/rccl/build/release/hipify/src/register/coll_reg.cc:10:
In file included from /home/yelkhamr/dark-factory/rocm-systems/projects/rccl/build/release/hipify/src/include/transport.h:25:
In file included from /home/yelkhamr/dark-factory/rocm-systems/projects/rccl/build/release/hipify/src/include/comm.h:25:
In file included from /home/yelkhamr/dark-factory/rocm-systems/projects/rccl/build/release/hipify/src/include/dev_runtime.h:11:
In file included from /home/yelkhamr/dark-factory/rocm-systems/projects/rccl/build/release/hipify/src/include/nccl_device.h:16:
/home/yelkhamr/dark-factory/rocm-systems/projects/rccl/build/release/hipify/src/include/nccl_device/impl/gin__funcs.h:413:60: warning: result of comparison of constant 3 with expression of type 'const hipMemLocationType' is always false [-Wtautological-constant-out-of-range-compare]
  413 |           if (!doneSysmemFence && srcSegmentWindow.memType == CU_MEM_LOCATION_TYPE_HOST_NUMA) {
      |                                   ~~~~~~~~~~~~~~~~~~~~~~~~ ^  ~~~~~~~~~~~~~~~~~~~~~~~~~~~~~~
2 warnings generated when compiling for host.
In file included from /home/yelkhamr/dark-factory/rocm-systems/projects/rccl/build/release/hipify/src/scheduler/allgatherv_sched.cc:13:
In file included from /home/yelkhamr/dark-factory/rocm-systems/projects/rccl/build/release/hipify/src/include/scheduler.h:12:
In file included from /home/yelkhamr/dark-factory/rocm-systems/projects/rccl/build/release/hipify/src/include/comm.h:25:
In file included from /home/yelkhamr/dark-factory/rocm-systems/projects/rccl/build/release/hipify/src/include/dev_runtime.h:11:
In file included from /home/yelkhamr/dark-factory/rocm-systems/projects/rccl/build/release/hipify/src/include/nccl_device.h:10:
In file included from /home/yelkhamr/dark-factory/rocm-systems/projects/rccl/build/release/hipify/src/include/nccl_device/impl/barrier__funcs.h:12:
In file included from /home/yelkhamr/dark-factory/rocm-systems/projects/rccl/build/release/hipify/src/include/nccl_device/impl/barrier__types.h:10:
In file included from /home/yelkhamr/dark-factory/rocm-systems/projects/rccl/build/release/hipify/src/include/nccl_device/impl/../barrier.h:11:
/home/yelkhamr/dark-factory/rocm-systems/projects/rccl/build/release/hipify/src/include/nccl_device/impl/../impl/core__types.h:26:9: warning: 'NCCL_GIN_MAX_CONNECTIONS' macro redefined [-Wmacro-redefined]
   26 | #define NCCL_GIN_MAX_CONNECTIONS 4
      |         ^
/home/yelkhamr/dark-factory/rocm-systems/projects/rccl/build/release/include/nccl_device/gin/gin_device_host_common.h:18:9: note: previous definition is here
   18 | #define NCCL_GIN_MAX_CONNECTIONS NCCL_GIN_MAX_CONTEXTS
      |         ^
2 warnings generated when compiling for host.
In file included from /home/yelkhamr/dark-factory/rocm-systems/projects/rccl/build/release/hipify/src/scheduler/symmetric_sched.cc:14:
In file included from /home/yelkhamr/dark-factory/rocm-systems/projects/rccl/build/release/hipify/src/include/scheduler.h:12:
In file included from /home/yelkhamr/dark-factory/rocm-systems/projects/rccl/build/release/hipify/src/include/comm.h:25:
In file included from /home/yelkhamr/dark-factory/rocm-systems/projects/rccl/build/release/hipify/src/include/dev_runtime.h:11:
In file included from /home/yelkhamr/dark-factory/rocm-systems/projects/rccl/build/release/hipify/src/include/nccl_device.h:16:
/home/yelkhamr/dark-factory/rocm-systems/projects/rccl/build/release/hipify/src/include/nccl_device/impl/gin__funcs.h:413:60: warning: result of comparison of constant 3 with expression of type 'const hipMemLocationType' is always false [-Wtautological-constant-out-of-range-compare]
  413 |           if (!doneSysmemFence && srcSegmentWindow.memType == CU_MEM_LOCATION_TYPE_HOST_NUMA) {
      |                                   ~~~~~~~~~~~~~~~~~~~~~~~~ ^  ~~~~~~~~~~~~~~~~~~~~~~~~~~~~~~
In file included from /home/yelkhamr/dark-factory/rocm-systems/projects/rccl/build/release/hipify/src/scheduler/allgatherv_sched.cc:13:
In file included from /home/yelkhamr/dark-factory/rocm-systems/projects/rccl/build/release/hipify/src/include/scheduler.h:12:
In file included from /home/yelkhamr/dark-factory/rocm-systems/projects/rccl/build/release/hipify/src/include/comm.h:25:
In file included from /home/yelkhamr/dark-factory/rocm-systems/projects/rccl/build/release/hipify/src/include/dev_runtime.h:11:
In file included from /home/yelkhamr/dark-factory/rocm-systems/projects/rccl/build/release/hipify/src/include/nccl_device.h:16:
/home/yelkhamr/dark-factory/rocm-systems/projects/rccl/build/release/hipify/src/include/nccl_device/impl/gin__funcs.h:413:60: warning: result of comparison of constant 3 with expression of type 'const hipMemLocationType' is always false [-Wtautological-constant-out-of-range-compare]
  413 |           if (!doneSysmemFence && srcSegmentWindow.memType == CU_MEM_LOCATION_TYPE_HOST_NUMA) {
      |                                   ~~~~~~~~~~~~~~~~~~~~~~~~ ^  ~~~~~~~~~~~~~~~~~~~~~~~~~~~~~~
6 warnings generated when compiling for host.
2 warnings generated when compiling for host.
6 warnings generated when compiling for host.
2 warnings generated when compiling for host.
/home/yelkhamr/dark-factory/rocm-systems/projects/rccl/build/release/hipify/src/scheduler/allgatherv_sched.cc:132:11: warning: variable 'nBcasts' set but not used [-Wunused-but-set-variable]
  132 |       int nBcasts = 0;
      |           ^
/home/yelkhamr/dark-factory/rocm-systems/projects/rccl/build/release/hipify/src/scheduler/allgatherv_sched.cc:36:12: warning: variable 'sumBcastBytes' set but not used [-Wunused-but-set-variable]
   36 |     size_t sumBcastBytes = 0;
      |            ^
2 warnings generated when compiling for host.
In file included from /home/yelkhamr/dark-factory/rocm-systems/projects/rccl/build/release/hipify/gensrc/symmetric/sym_kernels_host.cc:1:
In file included from /home/yelkhamr/dark-factory/rocm-systems/projects/rccl/build/release/hipify/src/include/sym_kernels.h:11:
In file included from /home/yelkhamr/dark-factory/rocm-systems/projects/rccl/build/release/hipify/src/include/nccl_device.h:10:
In file included from /home/yelkhamr/dark-factory/rocm-systems/projects/rccl/build/release/hipify/src/include/nccl_device/impl/barrier__funcs.h:12:
In file included from /home/yelkhamr/dark-factory/rocm-systems/projects/rccl/build/release/hipify/src/include/nccl_device/impl/barrier__types.h:10:
In file included from /home/yelkhamr/dark-factory/rocm-systems/projects/rccl/build/release/hipify/src/include/nccl_device/impl/../barrier.h:11:
/home/yelkhamr/dark-factory/rocm-systems/projects/rccl/build/release/hipify/src/include/nccl_device/impl/../impl/core__types.h:26:9: warning: 'NCCL_GIN_MAX_CONNECTIONS' macro redefined [-Wmacro-redefined]
   26 | #define NCCL_GIN_MAX_CONNECTIONS 4
      |         ^
/home/yelkhamr/dark-factory/rocm-systems/projects/rccl/build/release/include/nccl_device/gin/gin_device_host_common.h:18:9: note: previous definition is here
   18 | #define NCCL_GIN_MAX_CONNECTIONS NCCL_GIN_MAX_CONTEXTS
      |         ^
In file included from /home/yelkhamr/dark-factory/rocm-systems/projects/rccl/build/release/hipify/src/devcomm/devcomm_v23000.cc:8:
In file included from /home/yelkhamr/dark-factory/rocm-systems/projects/rccl/build/release/hipify/src/include/dev_runtime.h:11:
In file included from /home/yelkhamr/dark-factory/rocm-systems/projects/rccl/build/release/hipify/src/include/nccl_device.h:10:
In file included from /home/yelkhamr/dark-factory/rocm-systems/projects/rccl/build/release/hipify/src/include/nccl_device/impl/barrier__funcs.h:12:
In file included from /home/yelkhamr/dark-factory/rocm-systems/projects/rccl/build/release/hipify/src/include/nccl_device/impl/barrier__types.h:10:
In file included from /home/yelkhamr/dark-factory/rocm-systems/projects/rccl/build/release/hipify/src/include/nccl_device/impl/../barrier.h:11:
/home/yelkhamr/dark-factory/rocm-systems/projects/rccl/build/release/hipify/src/include/nccl_device/impl/../impl/core__types.h:26:9: warning: 'NCCL_GIN_MAX_CONNECTIONS' macro redefined [-Wmacro-redefined]
   26 | #define NCCL_GIN_MAX_CONNECTIONS 4
      |         ^
/home/yelkhamr/dark-factory/rocm-systems/projects/rccl/build/release/include/nccl_device/gin/gin_device_host_common.h:18:9: note: previous definition is here
   18 | #define NCCL_GIN_MAX_CONNECTIONS NCCL_GIN_MAX_CONTEXTS
      |         ^
In file included from /home/yelkhamr/dark-factory/rocm-systems/projects/rccl/build/release/hipify/gensrc/symmetric/sym_kernels_host.cc:1:
In file included from /home/yelkhamr/dark-factory/rocm-systems/projects/rccl/build/release/hipify/src/include/sym_kernels.h:11:
In file included from /home/yelkhamr/dark-factory/rocm-systems/projects/rccl/build/release/hipify/src/include/nccl_device.h:16:
/home/yelkhamr/dark-factory/rocm-systems/projects/rccl/build/release/hipify/src/include/nccl_device/impl/gin__funcs.h:413:60: warning: result of comparison of constant 3 with expression of type 'const hipMemLocationType' is always false [-Wtautological-constant-out-of-range-compare]
  413 |           if (!doneSysmemFence && srcSegmentWindow.memType == CU_MEM_LOCATION_TYPE_HOST_NUMA) {
      |                                   ~~~~~~~~~~~~~~~~~~~~~~~~ ^  ~~~~~~~~~~~~~~~~~~~~~~~~~~~~~~
In file included from /home/yelkhamr/dark-factory/rocm-systems/projects/rccl/build/release/hipify/src/devcomm/devcomm_v23000.cc:8:
In file included from /home/yelkhamr/dark-factory/rocm-systems/projects/rccl/build/release/hipify/src/include/dev_runtime.h:11:
In file included from /home/yelkhamr/dark-factory/rocm-systems/projects/rccl/build/release/hipify/src/include/nccl_device.h:16:
/home/yelkhamr/dark-factory/rocm-systems/projects/rccl/build/release/hipify/src/include/nccl_device/impl/gin__funcs.h:413:60: warning: result of comparison of constant 3 with expression of type 'const hipMemLocationType' is always false [-Wtautological-constant-out-of-range-compare]
  413 |           if (!doneSysmemFence && srcSegmentWindow.memType == CU_MEM_LOCATION_TYPE_HOST_NUMA) {
      |                                   ~~~~~~~~~~~~~~~~~~~~~~~~ ^  ~~~~~~~~~~~~~~~~~~~~~~~~~~~~~~
In file included from /home/yelkhamr/dark-factory/rocm-systems/projects/rccl/build/release/hipify/src/transport/coll_net.cc:9:
In file included from /home/yelkhamr/dark-factory/rocm-systems/projects/rccl/build/release/hipify/src/include/comm.h:25:
In file included from /home/yelkhamr/dark-factory/rocm-systems/projects/rccl/build/release/hipify/src/include/dev_runtime.h:11:
In file included from /home/yelkhamr/dark-factory/rocm-systems/projects/rccl/build/release/hipify/src/include/nccl_device.h:10:
In file included from /home/yelkhamr/dark-factory/rocm-systems/projects/rccl/build/release/hipify/src/include/nccl_device/impl/barrier__funcs.h:12:
In file included from /home/yelkhamr/dark-factory/rocm-systems/projects/rccl/build/release/hipify/src/include/nccl_device/impl/barrier__types.h:10:
In file included from /home/yelkhamr/dark-factory/rocm-systems/projects/rccl/build/release/hipify/src/include/nccl_device/impl/../barrier.h:11:
/home/yelkhamr/dark-factory/rocm-systems/projects/rccl/build/release/hipify/src/include/nccl_device/impl/../impl/core__types.h:26:9: warning: 'NCCL_GIN_MAX_CONNECTIONS' macro redefined [-Wmacro-redefined]
   26 | #define NCCL_GIN_MAX_CONNECTIONS 4
      |         ^
/home/yelkhamr/dark-factory/rocm-systems/projects/rccl/build/release/include/nccl_device/gin/gin_device_host_common.h:18:9: note: previous definition is here
   18 | #define NCCL_GIN_MAX_CONNECTIONS NCCL_GIN_MAX_CONTEXTS
      |         ^
In file included from /home/yelkhamr/dark-factory/rocm-systems/projects/rccl/build/release/hipify/src/transport/net_ib/common.cc:8:
In file included from /home/yelkhamr/dark-factory/rocm-systems/projects/rccl/build/release/hipify/src/transport/net_ib/common.h:14:
In file included from /home/yelkhamr/dark-factory/rocm-systems/projects/rccl/build/release/hipify/src/include/net.h:13:
In file included from /home/yelkhamr/dark-factory/rocm-systems/projects/rccl/build/release/hipify/src/include/comm.h:25:
In file included from /home/yelkhamr/dark-factory/rocm-systems/projects/rccl/build/release/hipify/src/include/dev_runtime.h:11:
In file included from /home/yelkhamr/dark-factory/rocm-systems/projects/rccl/build/release/hipify/src/include/nccl_device.h:10:
In file included from /home/yelkhamr/dark-factory/rocm-systems/projects/rccl/build/release/hipify/src/include/nccl_device/impl/barrier__funcs.h:12:
In file included from /home/yelkhamr/dark-factory/rocm-systems/projects/rccl/build/release/hipify/src/include/nccl_device/impl/barrier__types.h:10:
In file included from /home/yelkhamr/dark-factory/rocm-systems/projects/rccl/build/release/hipify/src/include/nccl_device/impl/../barrier.h:11:
/home/yelkhamr/dark-factory/rocm-systems/projects/rccl/build/release/hipify/src/include/nccl_device/impl/../impl/core__types.h:26:9: warning: 'NCCL_GIN_MAX_CONNECTIONS' macro redefined [-Wmacro-redefined]
   26 | #define NCCL_GIN_MAX_CONNECTIONS 4
      |         ^
/home/yelkhamr/dark-factory/rocm-systems/projects/rccl/build/release/include/nccl_device/gin/gin_device_host_common.h:18:9: note: previous definition is here
   18 | #define NCCL_GIN_MAX_CONNECTIONS NCCL_GIN_MAX_CONTEXTS
      |         ^
In file included from /home/yelkhamr/dark-factory/rocm-systems/projects/rccl/build/release/hipify/src/transport/generic.cc:8:
In file included from /home/yelkhamr/dark-factory/rocm-systems/projects/rccl/build/release/hipify/src/include/comm.h:25:
In file included from /home/yelkhamr/dark-factory/rocm-systems/projects/rccl/build/release/hipify/src/include/dev_runtime.h:11:
In file included from /home/yelkhamr/dark-factory/rocm-systems/projects/rccl/build/release/hipify/src/include/nccl_device.h:10:
In file included from /home/yelkhamr/dark-factory/rocm-systems/projects/rccl/build/release/hipify/src/include/nccl_device/impl/barrier__funcs.h:12:
In file included from /home/yelkhamr/dark-factory/rocm-systems/projects/rccl/build/release/hipify/src/include/nccl_device/impl/barrier__types.h:10:
In file included from /home/yelkhamr/dark-factory/rocm-systems/projects/rccl/build/release/hipify/src/include/nccl_device/impl/../barrier.h:11:
/home/yelkhamr/dark-factory/rocm-systems/projects/rccl/build/release/hipify/src/include/nccl_device/impl/../impl/core__types.h:26:9: warning: 'NCCL_GIN_MAX_CONNECTIONS' macro redefined [-Wmacro-redefined]
   26 | #define NCCL_GIN_MAX_CONNECTIONS 4
      |         ^
/home/yelkhamr/dark-factory/rocm-systems/projects/rccl/build/release/include/nccl_device/gin/gin_device_host_common.h:18:9: note: previous definition is here
   18 | #define NCCL_GIN_MAX_CONNECTIONS NCCL_GIN_MAX_CONTEXTS
      |         ^
In file included from In file included from /home/yelkhamr/dark-factory/rocm-systems/projects/rccl/build/release/hipify/src/transport/net_ib/connect_tmp.cc/home/yelkhamr/dark-factory/rocm-systems/projects/rccl/build/release/hipify/src/transport/net_tmp.cc::910:
:
In file included from In file included from /home/yelkhamr/dark-factory/rocm-systems/projects/rccl/build/release/hipify/src/transport/net_ib/connect.h/home/yelkhamr/dark-factory/rocm-systems/projects/rccl/build/release/hipify/src/include/comm.h::1125:
:
In file included from In file included from /home/yelkhamr/dark-factory/rocm-systems/projects/rccl/build/release/hipify/src/transport/net_ib/common.h/home/yelkhamr/dark-factory/rocm-systems/projects/rccl/build/release/hipify/src/include/dev_runtime.h::1411:
:
In file included from In file included from /home/yelkhamr/dark-factory/rocm-systems/projects/rccl/build/release/hipify/src/include/net.h/home/yelkhamr/dark-factory/rocm-systems/projects/rccl/build/release/hipify/src/include/nccl_device.h::1310:
:
In file included from In file included from /home/yelkhamr/dark-factory/rocm-systems/projects/rccl/build/release/hipify/src/include/comm.h/home/yelkhamr/dark-factory/rocm-systems/projects/rccl/build/release/hipify/src/include/nccl_device/impl/barrier__funcs.h::2512:
:
In file included from In file included from /home/yelkhamr/dark-factory/rocm-systems/projects/rccl/build/release/hipify/src/include/dev_runtime.h/home/yelkhamr/dark-factory/rocm-systems/projects/rccl/build/release/hipify/src/include/nccl_device/impl/barrier__types.h::1110:
:
In file included from In file included from /home/yelkhamr/dark-factory/rocm-systems/projects/rccl/build/release/hipify/src/include/nccl_device.h/home/yelkhamr/dark-factory/rocm-systems/projects/rccl/build/release/hipify/src/include/nccl_device/impl/../barrier.h::1011:
:
In file included from /home/yelkhamr/dark-factory/rocm-systems/projects/rccl/build/release/hipify/src/include/nccl_device/impl/barrier__funcs.h:/home/yelkhamr/dark-factory/rocm-systems/projects/rccl/build/release/hipify/src/include/nccl_device/impl/../impl/core__types.h12::
26In file included from :/home/yelkhamr/dark-factory/rocm-systems/projects/rccl/build/release/hipify/src/include/nccl_device/impl/barrier__types.h9::10 :
In file included from /home/yelkhamr/dark-factory/rocm-systems/projects/rccl/build/release/hipify/src/include/nccl_device/impl/../barrier.h:warning: 11:
/home/yelkhamr/dark-factory/rocm-systems/projects/rccl/build/release/hipify/src/include/nccl_device/impl/../impl/core__types.h'NCCL_GIN_MAX_CONNECTIONS' macro redefined [-Wmacro-redefined]:
26:9: warning: 'NCCL_GIN_MAX_CONNECTIONS' macro redefined [-Wmacro-redefined]
      2626 |  | ##ddeeffiinnee  NNCCCCLL__GGIINN__MMAAXX__CCOONNNNEECCTTIIOONNSS  44

            | |         ^        ^

/home/yelkhamr/dark-factory/rocm-systems/projects/rccl/build/release/include/nccl_device/gin/gin_device_host_common.h:/home/yelkhamr/dark-factory/rocm-systems/projects/rccl/build/release/include/nccl_device/gin/gin_device_host_common.h18::189::9 :note:  previous definition is herenote: 
previous definition is here
   18    | 18# | d#edfeifnien eN CNCCLC_LG_IGNI_NM_AMXA_XC_OCNONNENCETCITOINOSN SN CNCCLC_LG_IGNI_NM_AMXA_XC_OCNOTNETXETXST
S      
|               ^| 
        ^
In file included from /home/yelkhamr/dark-factory/rocm-systems/projects/rccl/build/release/hipify/src/transport/net_ib/gdr.cc:8:
In file included from /home/yelkhamr/dark-factory/rocm-systems/projects/rccl/build/release/hipify/src/transport/net_ib/common.h:14:
In file included from /home/yelkhamr/dark-factory/rocm-systems/projects/rccl/build/release/hipify/src/include/net.h:13:
In file included from /home/yelkhamr/dark-factory/rocm-systems/projects/rccl/build/release/hipify/src/include/comm.h:25:
In file included from /home/yelkhamr/dark-factory/rocm-systems/projects/rccl/build/release/hipify/src/include/dev_runtime.h:11:
In file included from /home/yelkhamr/dark-factory/rocm-systems/projects/rccl/build/release/hipify/src/include/nccl_device.h:10:
In file included from /home/yelkhamr/dark-factory/rocm-systems/projects/rccl/build/release/hipify/src/include/nccl_device/impl/barrier__funcs.h:12:
In file included from /home/yelkhamr/dark-factory/rocm-systems/projects/rccl/build/release/hipify/src/include/nccl_device/impl/barrier__types.h:10:
In file included from /home/yelkhamr/dark-factory/rocm-systems/projects/rccl/build/release/hipify/src/include/nccl_device/impl/../barrier.h:11:
/home/yelkhamr/dark-factory/rocm-systems/projects/rccl/build/release/hipify/src/include/nccl_device/impl/../impl/core__types.h:26:9: warning: 'NCCL_GIN_MAX_CONNECTIONS' macro redefined [-Wmacro-redefined]
   26 | #define NCCL_GIN_MAX_CONNECTIONS 4
      |         ^
/home/yelkhamr/dark-factory/rocm-systems/projects/rccl/build/release/include/nccl_device/gin/gin_device_host_common.h:18:9: note: previous definition is here
   18 | #define NCCL_GIN_MAX_CONNECTIONS NCCL_GIN_MAX_CONTEXTS
      |         ^
In file included from /home/yelkhamr/dark-factory/rocm-systems/projects/rccl/build/release/hipify/src/transport/coll_net.cc:9:
In file included from /home/yelkhamr/dark-factory/rocm-systems/projects/rccl/build/release/hipify/src/include/comm.h:25:
In file included from /home/yelkhamr/dark-factory/rocm-systems/projects/rccl/build/release/hipify/src/include/dev_runtime.h:11:
In file included from /home/yelkhamr/dark-factory/rocm-systems/projects/rccl/build/release/hipify/src/include/nccl_device.h:16:
/home/yelkhamr/dark-factory/rocm-systems/projects/rccl/build/release/hipify/src/include/nccl_device/impl/gin__funcs.h:413:60: warning: result of comparison of constant 3 with expression of type 'const hipMemLocationType' is always false [-Wtautological-constant-out-of-range-compare]
  413 |           if (!doneSysmemFence && srcSegmentWindow.memType == CU_MEM_LOCATION_TYPE_HOST_NUMA) {
      |                                   ~~~~~~~~~~~~~~~~~~~~~~~~ ^  ~~~~~~~~~~~~~~~~~~~~~~~~~~~~~~
In file included from /home/yelkhamr/dark-factory/rocm-systems/projects/rccl/build/release/hipify/src/transport/net_ib/common.cc:8:
In file included from /home/yelkhamr/dark-factory/rocm-systems/projects/rccl/build/release/hipify/src/transport/net_ib/common.h:14:
In file included from /home/yelkhamr/dark-factory/rocm-systems/projects/rccl/build/release/hipify/src/include/net.h:13:
In file included from /home/yelkhamr/dark-factory/rocm-systems/projects/rccl/build/release/hipify/src/include/comm.h:25:
In file included from /home/yelkhamr/dark-factory/rocm-systems/projects/rccl/build/release/hipify/src/include/dev_runtime.h:11:
In file included from /home/yelkhamr/dark-factory/rocm-systems/projects/rccl/build/release/hipify/src/include/nccl_device.h:16:
/home/yelkhamr/dark-factory/rocm-systems/projects/rccl/build/release/hipify/src/include/nccl_device/impl/gin__funcs.h:413:60: warning: result of comparison of constant 3 with expression of type 'const hipMemLocationType' is always false [-Wtautological-constant-out-of-range-compare]
  413 |           if (!doneSysmemFence && srcSegmentWindow.memType == CU_MEM_LOCATION_TYPE_HOST_NUMA) {
      |                                   ~~~~~~~~~~~~~~~~~~~~~~~~ ^  ~~~~~~~~~~~~~~~~~~~~~~~~~~~~~~
In file included from /home/yelkhamr/dark-factory/rocm-systems/projects/rccl/build/release/hipify/src/transport/generic.cc:8:
In file included from /home/yelkhamr/dark-factory/rocm-systems/projects/rccl/build/release/hipify/src/include/comm.h:25:
In file included from /home/yelkhamr/dark-factory/rocm-systems/projects/rccl/build/release/hipify/src/include/dev_runtime.h:11:
In file included from /home/yelkhamr/dark-factory/rocm-systems/projects/rccl/build/release/hipify/src/include/nccl_device.h:16:
/home/yelkhamr/dark-factory/rocm-systems/projects/rccl/build/release/hipify/src/include/nccl_device/impl/gin__funcs.h:413:60: warning: result of comparison of constant 3 with expression of type 'const hipMemLocationType' is always false [-Wtautological-constant-out-of-range-compare]
  413 |           if (!doneSysmemFence && srcSegmentWindow.memType == CU_MEM_LOCATION_TYPE_HOST_NUMA) {
      |                                   ~~~~~~~~~~~~~~~~~~~~~~~~ ^  ~~~~~~~~~~~~~~~~~~~~~~~~~~~~~~
2 warnings generated when compiling for host.
In file included from In file included from /home/yelkhamr/dark-factory/rocm-systems/projects/rccl/build/release/hipify/src/transport/net_ib/connect_tmp.cc/home/yelkhamr/dark-factory/rocm-systems/projects/rccl/build/release/hipify/src/transport/net_tmp.cc::910:
:
In file included from In file included from /home/yelkhamr/dark-factory/rocm-systems/projects/rccl/build/release/hipify/src/transport/net_ib/connect.h/home/yelkhamr/dark-factory/rocm-systems/projects/rccl/build/release/hipify/src/include/comm.h::1125:
:
In file included from In file included from /home/yelkhamr/dark-factory/rocm-systems/projects/rccl/build/release/hipify/src/transport/net_ib/common.h/home/yelkhamr/dark-factory/rocm-systems/projects/rccl/build/release/hipify/src/include/dev_runtime.h::1411:
:
In file included from In file included from /home/yelkhamr/dark-factory/rocm-systems/projects/rccl/build/release/hipify/src/include/net.h/home/yelkhamr/dark-factory/rocm-systems/projects/rccl/build/release/hipify/src/include/nccl_device.h::1316:
:
In file included from /home/yelkhamr/dark-factory/rocm-systems/projects/rccl/build/release/hipify/src/include/nccl_device/impl/gin__funcs.h/home/yelkhamr/dark-factory/rocm-systems/projects/rccl/build/release/hipify/src/include/comm.h::25413:
:In file included from 60/home/yelkhamr/dark-factory/rocm-systems/projects/rccl/build/release/hipify/src/include/dev_runtime.h:: 11:
warning: In file included from result of comparison of constant 3 with expression of type 'const hipMemLocationType' is always false [-Wtautological-constant-out-of-range-compare]/home/yelkhamr/dark-factory/rocm-systems/projects/rccl/build/release/hipify/src/include/nccl_device.h
:16:
/home/yelkhamr/dark-factory/rocm-systems/projects/rccl/build/release/hipify/src/include/nccl_device/impl/gin__funcs.h:413:60: warning: result of comparison of constant 3 with expression of type 'const hipMemLocationType' is always false [-Wtautological-constant-out-of-range-compare]
    413413 |  |                     iiff  ((!!ddoonneeSSyyssmmeemmFFeennccee  &&&&  ssrrccSSeeggmmeennttWWiinnddooww..mmeemmTTyyppee  ====  CCUU__MMEEMM__LLOOCCAATTIIOONN__TTYYPPEE__HHOOSSTT__NNUUMMAA) ){ 
{      
|                                         ~~~~~~~~~~~~~~~~~~~~~~~~ ^  ~~~~~~~~~~~~~~~~~~~~~~~~~~~~~~| 
                                  ~~~~~~~~~~~~~~~~~~~~~~~~ ^  ~~~~~~~~~~~~~~~~~~~~~~~~~~~~~~
In file included from /home/yelkhamr/dark-factory/rocm-systems/projects/rccl/build/release/hipify/src/transport/net_ib/p2p.cc:9:
In file included from /home/yelkhamr/dark-factory/rocm-systems/projects/rccl/build/release/hipify/src/transport/net_ib/p2p.h:11:
In file included from /home/yelkhamr/dark-factory/rocm-systems/projects/rccl/build/release/hipify/src/transport/net_ib/common.h:14:
In file included from /home/yelkhamr/dark-factory/rocm-systems/projects/rccl/build/release/hipify/src/include/net.h:13:
In file included from /home/yelkhamr/dark-factory/rocm-systems/projects/rccl/build/release/hipify/src/include/comm.h:25:
In file included from /home/yelkhamr/dark-factory/rocm-systems/projects/rccl/build/release/hipify/src/include/dev_runtime.h:11:
In file included from /home/yelkhamr/dark-factory/rocm-systems/projects/rccl/build/release/hipify/src/include/nccl_device.h:10:
In file included from /home/yelkhamr/dark-factory/rocm-systems/projects/rccl/build/release/hipify/src/include/nccl_device/impl/barrier__funcs.h:12:
In file included from /home/yelkhamr/dark-factory/rocm-systems/projects/rccl/build/release/hipify/src/include/nccl_device/impl/barrier__types.h:10:
In file included from /home/yelkhamr/dark-factory/rocm-systems/projects/rccl/build/release/hipify/src/include/nccl_device/impl/../barrier.h:11:
/home/yelkhamr/dark-factory/rocm-systems/projects/rccl/build/release/hipify/src/include/nccl_device/impl/../impl/core__types.h:26:9: warning: 'NCCL_GIN_MAX_CONNECTIONS' macro redefined [-Wmacro-redefined]
   26 | #define NCCL_GIN_MAX_CONNECTIONS 4
      |         ^
/home/yelkhamr/dark-factory/rocm-systems/projects/rccl/build/release/include/nccl_device/gin/gin_device_host_common.h:18:9: note: previous definition is here
   18 | #define NCCL_GIN_MAX_CONNECTIONS NCCL_GIN_MAX_CONTEXTS
      |         ^
In file included from /home/yelkhamr/dark-factory/rocm-systems/projects/rccl/build/release/hipify/src/transport/net_ib/gin_tmp.cc:8:
In file included from /home/yelkhamr/dark-factory/rocm-systems/projects/rccl/build/release/hipify/src/transport/net_ib/common.h:14:
In file included from /home/yelkhamr/dark-factory/rocm-systems/projects/rccl/build/release/hipify/src/include/net.h:13:
In file included from /home/yelkhamr/dark-factory/rocm-systems/projects/rccl/build/release/hipify/src/include/comm.h:25:
In file included from /home/yelkhamr/dark-factory/rocm-systems/projects/rccl/build/release/hipify/src/include/dev_runtime.h:11:
In file included from /home/yelkhamr/dark-factory/rocm-systems/projects/rccl/build/release/hipify/src/include/nccl_device.h:10:
In file included from /home/yelkhamr/dark-factory/rocm-systems/projects/rccl/build/release/hipify/src/include/nccl_device/impl/barrier__funcs.h:12:
In file included from /home/yelkhamr/dark-factory/rocm-systems/projects/rccl/build/release/hipify/src/include/nccl_device/impl/barrier__types.h:10:
In file included from /home/yelkhamr/dark-factory/rocm-systems/projects/rccl/build/release/hipify/src/include/nccl_device/impl/../barrier.h:11:
/home/yelkhamr/dark-factory/rocm-systems/projects/rccl/build/release/hipify/src/include/nccl_device/impl/../impl/core__types.h:26:9: warning: 'NCCL_GIN_MAX_CONNECTIONS' macro redefined [-Wmacro-redefined]
   26 | #define NCCL_GIN_MAX_CONNECTIONS 4
      |         ^
/home/yelkhamr/dark-factory/rocm-systems/projects/rccl/build/release/include/nccl_device/gin/gin_device_host_common.h:18:9: note: previous definition is here
   18 | #define NCCL_GIN_MAX_CONNECTIONS NCCL_GIN_MAX_CONTEXTS
      |         ^
In file included from /home/yelkhamr/dark-factory/rocm-systems/projects/rccl/build/release/hipify/src/transport/net_ib/init_tmp.cc:9:
In file included from /home/yelkhamr/dark-factory/rocm-systems/projects/rccl/build/release/hipify/src/transport/net_ib/common.h:14:
In file included from /home/yelkhamr/dark-factory/rocm-systems/projects/rccl/build/release/hipify/src/include/net.h:13:
In file included from /home/yelkhamr/dark-factory/rocm-systems/projects/rccl/build/release/hipify/src/include/comm.h:25:
In file included from /home/yelkhamr/dark-factory/rocm-systems/projects/rccl/build/release/hipify/src/include/dev_runtime.h:11:
In file included from /home/yelkhamr/dark-factory/rocm-systems/projects/rccl/build/release/hipify/src/include/nccl_device.h:10:
In file included from /home/yelkhamr/dark-factory/rocm-systems/projects/rccl/build/release/hipify/src/include/nccl_device/impl/barrier__funcs.h:12:
In file included from /home/yelkhamr/dark-factory/rocm-systems/projects/rccl/build/release/hipify/src/include/nccl_device/impl/barrier__types.h:10:
In file included from /home/yelkhamr/dark-factory/rocm-systems/projects/rccl/build/release/hipify/src/include/nccl_device/impl/../barrier.h:11:
/home/yelkhamr/dark-factory/rocm-systems/projects/rccl/build/release/hipify/src/include/nccl_device/impl/../impl/core__types.h:26:9: warning: 'NCCL_GIN_MAX_CONNECTIONS' macro redefined [-Wmacro-redefined]
   26 | #define NCCL_GIN_MAX_CONNECTIONS 4
      |         ^
/home/yelkhamr/dark-factory/rocm-systems/projects/rccl/build/release/include/nccl_device/gin/gin_device_host_common.h:18:9: note: previous definition is here
   18 | #define NCCL_GIN_MAX_CONNECTIONS NCCL_GIN_MAX_CONTEXTS
      |         ^
In file included from /home/yelkhamr/dark-factory/rocm-systems/projects/rccl/build/release/hipify/src/transport/net_ib/gdr.cc:8:
In file included from /home/yelkhamr/dark-factory/rocm-systems/projects/rccl/build/release/hipify/src/transport/net_ib/common.h:14:
In file included from /home/yelkhamr/dark-factory/rocm-systems/projects/rccl/build/release/hipify/src/include/net.h:13:
In file included from /home/yelkhamr/dark-factory/rocm-systems/projects/rccl/build/release/hipify/src/include/comm.h:25:
In file included from /home/yelkhamr/dark-factory/rocm-systems/projects/rccl/build/release/hipify/src/include/dev_runtime.h:11:
In file included from /home/yelkhamr/dark-factory/rocm-systems/projects/rccl/build/release/hipify/src/include/nccl_device.h:16:
/home/yelkhamr/dark-factory/rocm-systems/projects/rccl/build/release/hipify/src/include/nccl_device/impl/gin__funcs.h:413:60: warning: result of comparison of constant 3 with expression of type 'const hipMemLocationType' is always false [-Wtautological-constant-out-of-range-compare]
  413 |           if (!doneSysmemFence && srcSegmentWindow.memType == CU_MEM_LOCATION_TYPE_HOST_NUMA) {
      |                                   ~~~~~~~~~~~~~~~~~~~~~~~~ ^  ~~~~~~~~~~~~~~~~~~~~~~~~~~~~~~
2 warnings generated when compiling for host.
In file included from /home/yelkhamr/dark-factory/rocm-systems/projects/rccl/build/release/hipify/src/transport/net_ib/p2p.cc:9:
In file included from /home/yelkhamr/dark-factory/rocm-systems/projects/rccl/build/release/hipify/src/transport/net_ib/p2p.h:11:
In file included from /home/yelkhamr/dark-factory/rocm-systems/projects/rccl/build/release/hipify/src/transport/net_ib/common.h:14:
In file included from /home/yelkhamr/dark-factory/rocm-systems/projects/rccl/build/release/hipify/src/include/net.h:13:
In file included from /home/yelkhamr/dark-factory/rocm-systems/projects/rccl/build/release/hipify/src/include/comm.h:25:
In file included from /home/yelkhamr/dark-factory/rocm-systems/projects/rccl/build/release/hipify/src/include/dev_runtime.h:11:
In file included from /home/yelkhamr/dark-factory/rocm-systems/projects/rccl/build/release/hipify/src/include/nccl_device.h:16:
/home/yelkhamr/dark-factory/rocm-systems/projects/rccl/build/release/hipify/src/include/nccl_device/impl/gin__funcs.h:413:60: warning: result of comparison of constant 3 with expression of type 'const hipMemLocationType' is always false [-Wtautological-constant-out-of-range-compare]
  413 |           if (!doneSysmemFence && srcSegmentWindow.memType == CU_MEM_LOCATION_TYPE_HOST_NUMA) {
      |                                   ~~~~~~~~~~~~~~~~~~~~~~~~ ^  ~~~~~~~~~~~~~~~~~~~~~~~~~~~~~~
In file included from /home/yelkhamr/dark-factory/rocm-systems/projects/rccl/build/release/hipify/src/transport/net_ib/gin_tmp.cc:8:
In file included from /home/yelkhamr/dark-factory/rocm-systems/projects/rccl/build/release/hipify/src/transport/net_ib/common.h:14:
In file included from /home/yelkhamr/dark-factory/rocm-systems/projects/rccl/build/release/hipify/src/include/net.h:13:
In file included from /home/yelkhamr/dark-factory/rocm-systems/projects/rccl/build/release/hipify/src/include/comm.h:25:
In file included from /home/yelkhamr/dark-factory/rocm-systems/projects/rccl/build/release/hipify/src/include/dev_runtime.h:11:
In file included from /home/yelkhamr/dark-factory/rocm-systems/projects/rccl/build/release/hipify/src/include/nccl_device.h:16:
/home/yelkhamr/dark-factory/rocm-systems/projects/rccl/build/release/hipify/src/include/nccl_device/impl/gin__funcs.h:413:60: warning: result of comparison of constant 3 with expression of type 'const hipMemLocationType' is always false [-Wtautological-constant-out-of-range-compare]
  413 |           if (!doneSysmemFence && srcSegmentWindow.memType == CU_MEM_LOCATION_TYPE_HOST_NUMA) {
      |                                   ~~~~~~~~~~~~~~~~~~~~~~~~ ^  ~~~~~~~~~~~~~~~~~~~~~~~~~~~~~~
In file included from /home/yelkhamr/dark-factory/rocm-systems/projects/rccl/build/release/hipify/src/transport/net_ib/init_tmp.cc:9:
In file included from /home/yelkhamr/dark-factory/rocm-systems/projects/rccl/build/release/hipify/src/transport/net_ib/common.h:14:
In file included from /home/yelkhamr/dark-factory/rocm-systems/projects/rccl/build/release/hipify/src/include/net.h:13:
In file included from /home/yelkhamr/dark-factory/rocm-systems/projects/rccl/build/release/hipify/src/include/comm.h:25:
In file included from /home/yelkhamr/dark-factory/rocm-systems/projects/rccl/build/release/hipify/src/include/dev_runtime.h:11:
In file included from /home/yelkhamr/dark-factory/rocm-systems/projects/rccl/build/release/hipify/src/include/nccl_device.h:16:
/home/yelkhamr/dark-factory/rocm-systems/projects/rccl/build/release/hipify/src/include/nccl_device/impl/gin__funcs.h:413:60: warning: result of comparison of constant 3 with expression of type 'const hipMemLocationType' is always false [-Wtautological-constant-out-of-range-compare]
  413 |           if (!doneSysmemFence && srcSegmentWindow.memType == CU_MEM_LOCATION_TYPE_HOST_NUMA) {
      |                                   ~~~~~~~~~~~~~~~~~~~~~~~~ ^  ~~~~~~~~~~~~~~~~~~~~~~~~~~~~~~
2 warnings generated when compiling for host.
In file included from /home/yelkhamr/dark-factory/rocm-systems/projects/rccl/build/release/hipify/src/transport/net_ib/p2p_resiliency.cc:9:
In file included from /home/yelkhamr/dark-factory/rocm-systems/projects/rccl/build/release/hipify/src/transport/net_ib/p2p_resiliency.h:11:
In file included from /home/yelkhamr/dark-factory/rocm-systems/projects/rccl/build/release/hipify/src/transport/net_ib/common.h:14:
In file included from /home/yelkhamr/dark-factory/rocm-systems/projects/rccl/build/release/hipify/src/include/net.h:13:
In file included from /home/yelkhamr/dark-factory/rocm-systems/projects/rccl/build/release/hipify/src/include/comm.h:25:
In file included from /home/yelkhamr/dark-factory/rocm-systems/projects/rccl/build/release/hipify/src/include/dev_runtime.h:11:
In file included from /home/yelkhamr/dark-factory/rocm-systems/projects/rccl/build/release/hipify/src/include/nccl_device.h:10:
In file included from /home/yelkhamr/dark-factory/rocm-systems/projects/rccl/build/release/hipify/src/include/nccl_device/impl/barrier__funcs.h:12:
In file included from /home/yelkhamr/dark-factory/rocm-systems/projects/rccl/build/release/hipify/src/include/nccl_device/impl/barrier__types.h:10:
In file included from /home/yelkhamr/dark-factory/rocm-systems/projects/rccl/build/release/hipify/src/include/nccl_device/impl/../barrier.h:11:
/home/yelkhamr/dark-factory/rocm-systems/projects/rccl/build/release/hipify/src/include/nccl_device/impl/../impl/core__types.h:26:9: warning: 'NCCL_GIN_MAX_CONNECTIONS' macro redefined [-Wmacro-redefined]
   26 | #define NCCL_GIN_MAX_CONNECTIONS 4
      |         ^
/home/yelkhamr/dark-factory/rocm-systems/projects/rccl/build/release/include/nccl_device/gin/gin_device_host_common.h:18:9: note: previous definition is here
   18 | #define NCCL_GIN_MAX_CONNECTIONS NCCL_GIN_MAX_CONTEXTS
      |         ^
In file included from /home/yelkhamr/dark-factory/rocm-systems/projects/rccl/build/release/hipify/src/transport/net_ib/p2p_resiliency.cc:9:
In file included from /home/yelkhamr/dark-factory/rocm-systems/projects/rccl/build/release/hipify/src/transport/net_ib/p2p_resiliency.h:11:
In file included from /home/yelkhamr/dark-factory/rocm-systems/projects/rccl/build/release/hipify/src/transport/net_ib/common.h:14:
In file included from /home/yelkhamr/dark-factory/rocm-systems/projects/rccl/build/release/hipify/src/include/net.h:13:
In file included from /home/yelkhamr/dark-factory/rocm-systems/projects/rccl/build/release/hipify/src/include/comm.h:25:
In file included from /home/yelkhamr/dark-factory/rocm-systems/projects/rccl/build/release/hipify/src/include/dev_runtime.h:11:
In file included from /home/yelkhamr/dark-factory/rocm-systems/projects/rccl/build/release/hipify/src/include/nccl_device.h:16:
/home/yelkhamr/dark-factory/rocm-systems/projects/rccl/build/release/hipify/src/include/nccl_device/impl/gin__funcs.h:413:60: warning: result of comparison of constant 3 with expression of type 'const hipMemLocationType' is always false [-Wtautological-constant-out-of-range-compare]
  413 |           if (!doneSysmemFence && srcSegmentWindow.memType == CU_MEM_LOCATION_TYPE_HOST_NUMA) {
      |                                   ~~~~~~~~~~~~~~~~~~~~~~~~ ^  ~~~~~~~~~~~~~~~~~~~~~~~~~~~~~~
/home/yelkhamr/dark-factory/rocm-systems/projects/rccl/build/release/hipify/src/transport/net_ib/p2p.cc:163:7: warning: unused variable 'smallMsgActiveQp' [-Wunused-variable]
  163 |   int smallMsgActiveQp = comm->base.fifoHead % nqps;
      |       ^~~~~~~~~~~~~~~~
/home/yelkhamr/dark-factory/rocm-systems/projects/rccl/build/release/hipify/src/transport/net_ib/gin_tmp.cc:117:1: warning: unused label 'end' [-Wunused-label]
  117 | end:
      | ^~~~
2 warnings generated when compiling for host.
2 warnings generated when compiling for host.
2 warnings generated when compiling for host.
4 warnings generated when compiling for host.
In file included from /home/yelkhamr/dark-factory/rocm-systems/projects/rccl/build/release/hipify/src/transport/net_ib/p2p_resiliency_recovery.cc:8:
In file included from /home/yelkhamr/dark-factory/rocm-systems/projects/rccl/build/release/hipify/src/transport/net_ib/p2p_resiliency_recovery.h:11:
In file included from /home/yelkhamr/dark-factory/rocm-systems/projects/rccl/build/release/hipify/src/transport/net_ib/p2p_resiliency.h:11:
In file included from /home/yelkhamr/dark-factory/rocm-systems/projects/rccl/build/release/hipify/src/transport/net_ib/common.h:14:
In file included from /home/yelkhamr/dark-factory/rocm-systems/projects/rccl/build/release/hipify/src/include/net.h:13:
In file included from /home/yelkhamr/dark-factory/rocm-systems/projects/rccl/build/release/hipify/src/include/comm.h:25:
In file included from /home/yelkhamr/dark-factory/rocm-systems/projects/rccl/build/release/hipify/src/include/dev_runtime.h:11:
In file included from /home/yelkhamr/dark-factory/rocm-systems/projects/rccl/build/release/hipify/src/include/nccl_device.h:10:
In file included from /home/yelkhamr/dark-factory/rocm-systems/projects/rccl/build/release/hipify/src/include/nccl_device/impl/barrier__funcs.h:12:
In file included from /home/yelkhamr/dark-factory/rocm-systems/projects/rccl/build/release/hipify/src/include/nccl_device/impl/barrier__types.h:10:
In file included from /home/yelkhamr/dark-factory/rocm-systems/projects/rccl/build/release/hipify/src/include/nccl_device/impl/../barrier.h:11:
/home/yelkhamr/dark-factory/rocm-systems/projects/rccl/build/release/hipify/src/include/nccl_device/impl/../impl/core__types.h:26:9: warning: 'NCCL_GIN_MAX_CONNECTIONS' macro redefined [-Wmacro-redefined]
   26 | #define NCCL_GIN_MAX_CONNECTIONS 4
      |         ^
/home/yelkhamr/dark-factory/rocm-systems/projects/rccl/build/release/include/nccl_device/gin/gin_device_host_common.h:18:9: note: previous definition is here
   18 | #define NCCL_GIN_MAX_CONNECTIONS NCCL_GIN_MAX_CONTEXTS
      |         ^
In file included from /home/yelkhamr/dark-factory/rocm-systems/projects/rccl/build/release/hipify/src/transport/net_ib/reg.cc:8:
In file included from /home/yelkhamr/dark-factory/rocm-systems/projects/rccl/build/release/hipify/src/transport/net_ib/common.h:14:
In file included from /home/yelkhamr/dark-factory/rocm-systems/projects/rccl/build/release/hipify/src/include/net.h:13:
In file included from /home/yelkhamr/dark-factory/rocm-systems/projects/rccl/build/release/hipify/src/include/comm.h:25:
In file included from /home/yelkhamr/dark-factory/rocm-systems/projects/rccl/build/release/hipify/src/include/dev_runtime.h:11:
In file included from /home/yelkhamr/dark-factory/rocm-systems/projects/rccl/build/release/hipify/src/include/nccl_device.h:10:
In file included from /home/yelkhamr/dark-factory/rocm-systems/projects/rccl/build/release/hipify/src/include/nccl_device/impl/barrier__funcs.h:12:
In file included from /home/yelkhamr/dark-factory/rocm-systems/projects/rccl/build/release/hipify/src/include/nccl_device/impl/barrier__types.h:10:
In file included from /home/yelkhamr/dark-factory/rocm-systems/projects/rccl/build/release/hipify/src/include/nccl_device/impl/../barrier.h:11:
/home/yelkhamr/dark-factory/rocm-systems/projects/rccl/build/release/hipify/src/include/nccl_device/impl/../impl/core__types.h:26:9: warning: 'NCCL_GIN_MAX_CONNECTIONS' macro redefined [-Wmacro-redefined]
   26 | #define NCCL_GIN_MAX_CONNECTIONS 4
      |         ^
/home/yelkhamr/dark-factory/rocm-systems/projects/rccl/build/release/include/nccl_device/gin/gin_device_host_common.h:18:9: note: previous definition is here
   18 | #define NCCL_GIN_MAX_CONNECTIONS NCCL_GIN_MAX_CONTEXTS
      |         ^
In file included from /home/yelkhamr/dark-factory/rocm-systems/projects/rccl/build/release/hipify/src/transport/nvls.cc:11:
In file included from /home/yelkhamr/dark-factory/rocm-systems/projects/rccl/build/release/hipify/src/include/comm.h:25:
In file included from /home/yelkhamr/dark-factory/rocm-systems/projects/rccl/build/release/hipify/src/include/dev_runtime.h:11:
In file included from /home/yelkhamr/dark-factory/rocm-systems/projects/rccl/build/release/hipify/src/include/nccl_device.h:10:
In file included from /home/yelkhamr/dark-factory/rocm-systems/projects/rccl/build/release/hipify/src/include/nccl_device/impl/barrier__funcs.h:12:
In file included from /home/yelkhamr/dark-factory/rocm-systems/projects/rccl/build/release/hipify/src/include/nccl_device/impl/barrier__types.h:10:
In file included from /home/yelkhamr/dark-factory/rocm-systems/projects/rccl/build/release/hipify/src/include/nccl_device/impl/../barrier.h:11:
/home/yelkhamr/dark-factory/rocm-systems/projects/rccl/build/release/hipify/src/include/nccl_device/impl/../impl/core__types.h:26:9: warning: 'NCCL_GIN_MAX_CONNECTIONS' macro redefined [-Wmacro-redefined]
   26 | #define NCCL_GIN_MAX_CONNECTIONS 4
      |         ^
/home/yelkhamr/dark-factory/rocm-systems/projects/rccl/build/release/include/nccl_device/gin/gin_device_host_common.h:18:9: note: previous definition is here
   18 | #define NCCL_GIN_MAX_CONNECTIONS NCCL_GIN_MAX_CONTEXTS
      |         ^
In file included from /home/yelkhamr/dark-factory/rocm-systems/projects/rccl/build/release/hipify/src/transport/net_ib/p2p_resiliency_recovery.cc:8:
In file included from /home/yelkhamr/dark-factory/rocm-systems/projects/rccl/build/release/hipify/src/transport/net_ib/p2p_resiliency_recovery.h:11:
In file included from /home/yelkhamr/dark-factory/rocm-systems/projects/rccl/build/release/hipify/src/transport/net_ib/p2p_resiliency.h:11:
In file included from /home/yelkhamr/dark-factory/rocm-systems/projects/rccl/build/release/hipify/src/transport/net_ib/common.h:14:
In file included from /home/yelkhamr/dark-factory/rocm-systems/projects/rccl/build/release/hipify/src/include/net.h:13:
In file included from /home/yelkhamr/dark-factory/rocm-systems/projects/rccl/build/release/hipify/src/include/comm.h:25:
In file included from /home/yelkhamr/dark-factory/rocm-systems/projects/rccl/build/release/hipify/src/include/dev_runtime.h:11:
In file included from /home/yelkhamr/dark-factory/rocm-systems/projects/rccl/build/release/hipify/src/include/nccl_device.h:16:
/home/yelkhamr/dark-factory/rocm-systems/projects/rccl/build/release/hipify/src/include/nccl_device/impl/gin__funcs.h:413:60: warning: result of comparison of constant 3 with expression of type 'const hipMemLocationType' is always false [-Wtautological-constant-out-of-range-compare]
  413 |           if (!doneSysmemFence && srcSegmentWindow.memType == CU_MEM_LOCATION_TYPE_HOST_NUMA) {
      |                                   ~~~~~~~~~~~~~~~~~~~~~~~~ ^  ~~~~~~~~~~~~~~~~~~~~~~~~~~~~~~
In file included from /home/yelkhamr/dark-factory/rocm-systems/projects/rccl/build/release/hipify/src/transport/net_ib/reg.cc:8:
In file included from /home/yelkhamr/dark-factory/rocm-systems/projects/rccl/build/release/hipify/src/transport/net_ib/common.h:14:
In file included from /home/yelkhamr/dark-factory/rocm-systems/projects/rccl/build/release/hipify/src/include/net.h:13:
In file included from /home/yelkhamr/dark-factory/rocm-systems/projects/rccl/build/release/hipify/src/include/comm.h:25:
In file included from /home/yelkhamr/dark-factory/rocm-systems/projects/rccl/build/release/hipify/src/include/dev_runtime.h:11:
In file included from /home/yelkhamr/dark-factory/rocm-systems/projects/rccl/build/release/hipify/src/include/nccl_device.h:16:
/home/yelkhamr/dark-factory/rocm-systems/projects/rccl/build/release/hipify/src/include/nccl_device/impl/gin__funcs.h:413:60: warning: result of comparison of constant 3 with expression of type 'const hipMemLocationType' is always false [-Wtautological-constant-out-of-range-compare]
  413 |           if (!doneSysmemFence && srcSegmentWindow.memType == CU_MEM_LOCATION_TYPE_HOST_NUMA) {
      |                                   ~~~~~~~~~~~~~~~~~~~~~~~~ ^  ~~~~~~~~~~~~~~~~~~~~~~~~~~~~~~
In file included from /home/yelkhamr/dark-factory/rocm-systems/projects/rccl/build/release/hipify/src/transport/shm.cc:8:
In file included from /home/yelkhamr/dark-factory/rocm-systems/projects/rccl/build/release/hipify/src/include/comm.h:25:
In file included from /home/yelkhamr/dark-factory/rocm-systems/projects/rccl/build/release/hipify/src/include/dev_runtime.h:11:
In file included from /home/yelkhamr/dark-factory/rocm-systems/projects/rccl/build/release/hipify/src/include/nccl_device.h:10:
In file included from /home/yelkhamr/dark-factory/rocm-systems/projects/rccl/build/release/hipify/src/include/nccl_device/impl/barrier__funcs.h:12:
In file included from /home/yelkhamr/dark-factory/rocm-systems/projects/rccl/build/release/hipify/src/include/nccl_device/impl/barrier__types.h:10:
In file included from /home/yelkhamr/dark-factory/rocm-systems/projects/rccl/build/release/hipify/src/include/nccl_device/impl/../barrier.h:11:
/home/yelkhamr/dark-factory/rocm-systems/projects/rccl/build/release/hipify/src/include/nccl_device/impl/../impl/core__types.h:26:9: warning: 'NCCL_GIN_MAX_CONNECTIONS' macro redefined [-Wmacro-redefined]
   26 | #define NCCL_GIN_MAX_CONNECTIONS 4
      |         ^
/home/yelkhamr/dark-factory/rocm-systems/projects/rccl/build/release/include/nccl_device/gin/gin_device_host_common.h:18:9: note: previous definition is here
   18 | #define NCCL_GIN_MAX_CONNECTIONS NCCL_GIN_MAX_CONTEXTS
      |         ^
2 warnings generated when compiling for host.
In file included from /home/yelkhamr/dark-factory/rocm-systems/projects/rccl/build/release/hipify/src/transport/nvls.cc:11:
In file included from /home/yelkhamr/dark-factory/rocm-systems/projects/rccl/build/release/hipify/src/include/comm.h:25:
In file included from /home/yelkhamr/dark-factory/rocm-systems/projects/rccl/build/release/hipify/src/include/dev_runtime.h:11:
In file included from /home/yelkhamr/dark-factory/rocm-systems/projects/rccl/build/release/hipify/src/include/nccl_device.h:16:
/home/yelkhamr/dark-factory/rocm-systems/projects/rccl/build/release/hipify/src/include/nccl_device/impl/gin__funcs.h:413:60: warning: result of comparison of constant 3 with expression of type 'const hipMemLocationType' is always false [-Wtautological-constant-out-of-range-compare]
  413 |           if (!doneSysmemFence && srcSegmentWindow.memType == CU_MEM_LOCATION_TYPE_HOST_NUMA) {
      |                                   ~~~~~~~~~~~~~~~~~~~~~~~~ ^  ~~~~~~~~~~~~~~~~~~~~~~~~~~~~~~
In file included from /home/yelkhamr/dark-factory/rocm-systems/projects/rccl/build/release/hipify/src/transport/net_socket.cc:9:
In file included from /home/yelkhamr/dark-factory/rocm-systems/projects/rccl/build/release/hipify/src/include/comm.h:25:
In file included from /home/yelkhamr/dark-factory/rocm-systems/projects/rccl/build/release/hipify/src/include/dev_runtime.h:11:
In file included from /home/yelkhamr/dark-factory/rocm-systems/projects/rccl/build/release/hipify/src/include/nccl_device.h:10:
In file included from /home/yelkhamr/dark-factory/rocm-systems/projects/rccl/build/release/hipify/src/include/nccl_device/impl/barrier__funcs.h:12:
In file included from /home/yelkhamr/dark-factory/rocm-systems/projects/rccl/build/release/hipify/src/include/nccl_device/impl/barrier__types.h:10:
In file included from /home/yelkhamr/dark-factory/rocm-systems/projects/rccl/build/release/hipify/src/include/nccl_device/impl/../barrier.h:11:
/home/yelkhamr/dark-factory/rocm-systems/projects/rccl/build/release/hipify/src/include/nccl_device/impl/../impl/core__types.h:26:9: warning: 'NCCL_GIN_MAX_CONNECTIONS' macro redefined [-Wmacro-redefined]
   26 | #define NCCL_GIN_MAX_CONNECTIONS 4
      |         ^
/home/yelkhamr/dark-factory/rocm-systems/projects/rccl/build/release/include/nccl_device/gin/gin_device_host_common.h:18:9: note: previous definition is here
   18 | #define NCCL_GIN_MAX_CONNECTIONS NCCL_GIN_MAX_CONTEXTS
      |         ^
In file included from /home/yelkhamr/dark-factory/rocm-systems/projects/rccl/build/release/hipify/src/transport/shm.cc:8:
In file included from /home/yelkhamr/dark-factory/rocm-systems/projects/rccl/build/release/hipify/src/include/comm.h:25:
In file included from /home/yelkhamr/dark-factory/rocm-systems/projects/rccl/build/release/hipify/src/include/dev_runtime.h:11:
In file included from /home/yelkhamr/dark-factory/rocm-systems/projects/rccl/build/release/hipify/src/include/nccl_device.h:16:
/home/yelkhamr/dark-factory/rocm-systems/projects/rccl/build/release/hipify/src/include/nccl_device/impl/gin__funcs.h:413:60: warning: result of comparison of constant 3 with expression of type 'const hipMemLocationType' is always false [-Wtautological-constant-out-of-range-compare]
  413 |           if (!doneSysmemFence && srcSegmentWindow.memType == CU_MEM_LOCATION_TYPE_HOST_NUMA) {
      |                                   ~~~~~~~~~~~~~~~~~~~~~~~~ ^  ~~~~~~~~~~~~~~~~~~~~~~~~~~~~~~
In file included from /home/yelkhamr/dark-factory/rocm-systems/projects/rccl/build/release/hipify/src/gin/gin_host.cc:9:
In file included from /home/yelkhamr/dark-factory/rocm-systems/projects/rccl/build/release/hipify/src/include/comm.h:25:
In file included from /home/yelkhamr/dark-factory/rocm-systems/projects/rccl/build/release/hipify/src/include/dev_runtime.h:11:
In file included from /home/yelkhamr/dark-factory/rocm-systems/projects/rccl/build/release/hipify/src/include/nccl_device.h:10:
In file included from /home/yelkhamr/dark-factory/rocm-systems/projects/rccl/build/release/hipify/src/include/nccl_device/impl/barrier__funcs.h:12:
In file included from /home/yelkhamr/dark-factory/rocm-systems/projects/rccl/build/release/hipify/src/include/nccl_device/impl/barrier__types.h:10:
In file included from /home/yelkhamr/dark-factory/rocm-systems/projects/rccl/build/release/hipify/src/include/nccl_device/impl/../barrier.h:11:
/home/yelkhamr/dark-factory/rocm-systems/projects/rccl/build/release/hipify/src/include/nccl_device/impl/../impl/core__types.h:26:9: warning: 'NCCL_GIN_MAX_CONNECTIONS' macro redefined [-Wmacro-redefined]
   26 | #define NCCL_GIN_MAX_CONNECTIONS 4
      |         ^
/home/yelkhamr/dark-factory/rocm-systems/projects/rccl/build/release/include/nccl_device/gin/gin_device_host_common.h:18:9: note: previous definition is here
   18 | #define NCCL_GIN_MAX_CONNECTIONS NCCL_GIN_MAX_CONTEXTS
      |         ^
In file included from /home/yelkhamr/dark-factory/rocm-systems/projects/rccl/build/release/hipify/src/transport/p2p_tmp.cc:9:
In file included from /home/yelkhamr/dark-factory/rocm-systems/projects/rccl/build/release/hipify/src/include/comm.h:25:
In file included from /home/yelkhamr/dark-factory/rocm-systems/projects/rccl/build/release/hipify/src/include/dev_runtime.h:11:
In file included from /home/yelkhamr/dark-factory/rocm-systems/projects/rccl/build/release/hipify/src/include/nccl_device.h:10:
In file included from /home/yelkhamr/dark-factory/rocm-systems/projects/rccl/build/release/hipify/src/include/nccl_device/impl/barrier__funcs.h:12:
In file included from /home/yelkhamr/dark-factory/rocm-systems/projects/rccl/build/release/hipify/src/include/nccl_device/impl/barrier__types.h:10:
In file included from /home/yelkhamr/dark-factory/rocm-systems/projects/rccl/build/release/hipify/src/include/nccl_device/impl/../barrier.h:11:
/home/yelkhamr/dark-factory/rocm-systems/projects/rccl/build/release/hipify/src/include/nccl_device/impl/../impl/core__types.h:26:9: warning: 'NCCL_GIN_MAX_CONNECTIONS' macro redefined [-Wmacro-redefined]
   26 | #define NCCL_GIN_MAX_CONNECTIONS 4
      |         ^
/home/yelkhamr/dark-factory/rocm-systems/projects/rccl/build/release/include/nccl_device/gin/gin_device_host_common.h:18:9: note: previous definition is here
   18 | #define NCCL_GIN_MAX_CONNECTIONS NCCL_GIN_MAX_CONTEXTS
      |         ^
In file included from /home/yelkhamr/dark-factory/rocm-systems/projects/rccl/build/release/hipify/src/transport/net_ib_cast/p2p_tmp.cc:9:
In file included from /home/yelkhamr/dark-factory/rocm-systems/projects/rccl/build/release/hipify/src/transport/net_ib_cast/p2p_cast.h:11:
In file included from /home/yelkhamr/dark-factory/rocm-systems/projects/rccl/build/release/hipify/src/transport/net_ib_cast/common_cast.h:15:
In file included from /home/yelkhamr/dark-factory/rocm-systems/projects/rccl/build/release/hipify/src/include/net.h:13:
In file included from /home/yelkhamr/dark-factory/rocm-systems/projects/rccl/build/release/hipify/src/include/comm.h:25:
In file included from /home/yelkhamr/dark-factory/rocm-systems/projects/rccl/build/release/hipify/src/include/dev_runtime.h:11:
In file included from /home/yelkhamr/dark-factory/rocm-systems/projects/rccl/build/release/hipify/src/include/nccl_device.h:10:
In file included from /home/yelkhamr/dark-factory/rocm-systems/projects/rccl/build/release/hipify/src/include/nccl_device/impl/barrier__funcs.h:12:
In file included from /home/yelkhamr/dark-factory/rocm-systems/projects/rccl/build/release/hipify/src/include/nccl_device/impl/barrier__types.h:10:
In file included from /home/yelkhamr/dark-factory/rocm-systems/projects/rccl/build/release/hipify/src/include/nccl_device/impl/../barrier.h:11:
/home/yelkhamr/dark-factory/rocm-systems/projects/rccl/build/release/hipify/src/include/nccl_device/impl/../impl/core__types.h:26:9: warning: 'NCCL_GIN_MAX_CONNECTIONS' macro redefined [-Wmacro-redefined]
   26 | #define NCCL_GIN_MAX_CONNECTIONS 4
      |         ^
/home/yelkhamr/dark-factory/rocm-systems/projects/rccl/build/release/include/nccl_device/gin/gin_device_host_common.h:18:9: note: previous definition is here
   18 | #define NCCL_GIN_MAX_CONNECTIONS NCCL_GIN_MAX_CONTEXTS
      |         ^
In file included from /home/yelkhamr/dark-factory/rocm-systems/projects/rccl/build/release/hipify/src/transport/net_ib_cast/p2p_resiliency_recovery_tmp.cc:8:
In file included from /home/yelkhamr/dark-factory/rocm-systems/projects/rccl/build/release/hipify/src/transport/net_ib_cast/p2p_resiliency_recovery_internal.h:13:
In file included from /home/yelkhamr/dark-factory/rocm-systems/projects/rccl/build/release/hipify/src/transport/net_ib_cast/p2p_resiliency_recovery_cast.h:11:
In file included from /home/yelkhamr/dark-factory/rocm-systems/projects/rccl/build/release/hipify/src/transport/net_ib_cast/p2p_resiliency_cast.h:12:
In file included from /home/yelkhamr/dark-factory/rocm-systems/projects/rccl/build/release/hipify/src/transport/net_ib_cast/common_cast.h:15:
In file included from /home/yelkhamr/dark-factory/rocm-systems/projects/rccl/build/release/hipify/src/include/net.h:13:
In file included from /home/yelkhamr/dark-factory/rocm-systems/projects/rccl/build/release/hipify/src/include/comm.h:25:
In file included from /home/yelkhamr/dark-factory/rocm-systems/projects/rccl/build/release/hipify/src/include/dev_runtime.h:11:
In file included from /home/yelkhamr/dark-factory/rocm-systems/projects/rccl/build/release/hipify/src/include/nccl_device.h:10:
In file included from /home/yelkhamr/dark-factory/rocm-systems/projects/rccl/build/release/hipify/src/include/nccl_device/impl/barrier__funcs.h:12:
In file included from /home/yelkhamr/dark-factory/rocm-systems/projects/rccl/build/release/hipify/src/include/nccl_device/impl/barrier__types.h:10:
In file included from /home/yelkhamr/dark-factory/rocm-systems/projects/rccl/build/release/hipify/src/include/nccl_device/impl/../barrier.h:11:
/home/yelkhamr/dark-factory/rocm-systems/projects/rccl/build/release/hipify/src/include/nccl_device/impl/../impl/core__types.h:26:9: warning: 'NCCL_GIN_MAX_CONNECTIONS' macro redefined [-Wmacro-redefined]
   26 | #define NCCL_GIN_MAX_CONNECTIONS 4
      |         ^
/home/yelkhamr/dark-factory/rocm-systems/projects/rccl/build/release/include/nccl_device/gin/gin_device_host_common.h:18:9: note: previous definition is here
   18 | #define NCCL_GIN_MAX_CONNECTIONS NCCL_GIN_MAX_CONTEXTS
      |         ^
In file included from /home/yelkhamr/dark-factory/rocm-systems/projects/rccl/build/release/hipify/src/transport/net_socket.cc:9:
In file included from /home/yelkhamr/dark-factory/rocm-systems/projects/rccl/build/release/hipify/src/include/comm.h:25:
In file included from /home/yelkhamr/dark-factory/rocm-systems/projects/rccl/build/release/hipify/src/include/dev_runtime.h:11:
In file included from /home/yelkhamr/dark-factory/rocm-systems/projects/rccl/build/release/hipify/src/include/nccl_device.h:16:
/home/yelkhamr/dark-factory/rocm-systems/projects/rccl/build/release/hipify/src/include/nccl_device/impl/gin__funcs.h:413:60: warning: result of comparison of constant 3 with expression of type 'const hipMemLocationType' is always false [-Wtautological-constant-out-of-range-compare]
  413 |           if (!doneSysmemFence && srcSegmentWindow.memType == CU_MEM_LOCATION_TYPE_HOST_NUMA) {
      |                                   ~~~~~~~~~~~~~~~~~~~~~~~~ ^  ~~~~~~~~~~~~~~~~~~~~~~~~~~~~~~
In file included from /home/yelkhamr/dark-factory/rocm-systems/projects/rccl/build/release/hipify/src/misc/latency_profiler/CollTraceFunc.cc:7:
In file included from /home/yelkhamr/dark-factory/rocm-systems/projects/rccl/build/release/hipify/src/include/latency_profiler/CollTraceFunc.h:10:
In file included from /home/yelkhamr/dark-factory/rocm-systems/projects/rccl/build/release/hipify/src/include/comm.h:25:
In file included from /home/yelkhamr/dark-factory/rocm-systems/projects/rccl/build/release/hipify/src/include/dev_runtime.h:11:
In file included from /home/yelkhamr/dark-factory/rocm-systems/projects/rccl/build/release/hipify/src/include/nccl_device.h:10:
In file included from /home/yelkhamr/dark-factory/rocm-systems/projects/rccl/build/release/hipify/src/include/nccl_device/impl/barrier__funcs.h:12:
In file included from /home/yelkhamr/dark-factory/rocm-systems/projects/rccl/build/release/hipify/src/include/nccl_device/impl/barrier__types.h:10:
In file included from /home/yelkhamr/dark-factory/rocm-systems/projects/rccl/build/release/hipify/src/include/nccl_device/impl/../barrier.h:11:
/home/yelkhamr/dark-factory/rocm-systems/projects/rccl/build/release/hipify/src/include/nccl_device/impl/../impl/core__types.h:26:9: warning: 'NCCL_GIN_MAX_CONNECTIONS' macro redefined [-Wmacro-redefined]
   26 | #define NCCL_GIN_MAX_CONNECTIONS 4
      |         ^
/home/yelkhamr/dark-factory/rocm-systems/projects/rccl/build/release/include/nccl_device/gin/gin_device_host_common.h:18:9: note: previous definition is here
   18 | #define NCCL_GIN_MAX_CONNECTIONS NCCL_GIN_MAX_CONTEXTS
      |         ^
In file included from /home/yelkhamr/dark-factory/rocm-systems/projects/rccl/build/release/hipify/src/transport/profiler_tmp.cc:7:
In file included from /home/yelkhamr/dark-factory/rocm-systems/projects/rccl/build/release/hipify/src/include/transport.h:25:
In file included from /home/yelkhamr/dark-factory/rocm-systems/projects/rccl/build/release/hipify/src/include/comm.h:25:
In file included from /home/yelkhamr/dark-factory/rocm-systems/projects/rccl/build/release/hipify/src/include/dev_runtime.h:11:
In file included from /home/yelkhamr/dark-factory/rocm-systems/projects/rccl/build/release/hipify/src/include/nccl_device.h:10:
In file included from /home/yelkhamr/dark-factory/rocm-systems/projects/rccl/build/release/hipify/src/include/nccl_device/impl/barrier__funcs.h:12:
In file included from /home/yelkhamr/dark-factory/rocm-systems/projects/rccl/build/release/hipify/src/include/nccl_device/impl/barrier__types.h:10:
In file included from /home/yelkhamr/dark-factory/rocm-systems/projects/rccl/build/release/hipify/src/include/nccl_device/impl/../barrier.h:11:
/home/yelkhamr/dark-factory/rocm-systems/projects/rccl/build/release/hipify/src/include/nccl_device/impl/../impl/core__types.h:26:9: warning: 'NCCL_GIN_MAX_CONNECTIONS' macro redefined [-Wmacro-redefined]
   26 | #define NCCL_GIN_MAX_CONNECTIONS 4
      |         ^
/home/yelkhamr/dark-factory/rocm-systems/projects/rccl/build/release/include/nccl_device/gin/gin_device_host_common.h:18:9: note: previous definition is here
   18 | #define NCCL_GIN_MAX_CONNECTIONS NCCL_GIN_MAX_CONTEXTS
      |         ^
In file included from /home/yelkhamr/dark-factory/rocm-systems/projects/rccl/build/release/hipify/src/transport/net_ib_cast/scheduler.cc:2:
In file included from /home/yelkhamr/dark-factory/rocm-systems/projects/rccl/build/release/hipify/src/transport/net_ib_cast/common_cast.h:15:
In file included from /home/yelkhamr/dark-factory/rocm-systems/projects/rccl/build/release/hipify/src/include/net.h:13:
In file included from /home/yelkhamr/dark-factory/rocm-systems/projects/rccl/build/release/hipify/src/include/comm.h:25:
In file included from /home/yelkhamr/dark-factory/rocm-systems/projects/rccl/build/release/hipify/src/include/dev_runtime.h:11:
In file included from /home/yelkhamr/dark-factory/rocm-systems/projects/rccl/build/release/hipify/src/include/nccl_device.h:10:
In file included from /home/yelkhamr/dark-factory/rocm-systems/projects/rccl/build/release/hipify/src/include/nccl_device/impl/barrier__funcs.h:12:
In file included from /home/yelkhamr/dark-factory/rocm-systems/projects/rccl/build/release/hipify/src/include/nccl_device/impl/barrier__types.h:10:
In file included from /home/yelkhamr/dark-factory/rocm-systems/projects/rccl/build/release/hipify/src/include/nccl_device/impl/../barrier.h:11:
/home/yelkhamr/dark-factory/rocm-systems/projects/rccl/build/release/hipify/src/include/nccl_device/impl/../impl/core__types.h:26:9: warning: 'NCCL_GIN_MAX_CONNECTIONS' macro redefined [-Wmacro-redefined]
   26 | #define NCCL_GIN_MAX_CONNECTIONS 4
      |         ^
/home/yelkhamr/dark-factory/rocm-systems/projects/rccl/build/release/include/nccl_device/gin/gin_device_host_common.h:18:9: note: previous definition is here
   18 | #define NCCL_GIN_MAX_CONNECTIONS NCCL_GIN_MAX_CONTEXTS
      |         ^
In file included from /home/yelkhamr/dark-factory/rocm-systems/projects/rccl/build/release/hipify/src/gin/gin_host.cc:9:
In file included from /home/yelkhamr/dark-factory/rocm-systems/projects/rccl/build/release/hipify/src/include/comm.h:25:
In file included from /home/yelkhamr/dark-factory/rocm-systems/projects/rccl/build/release/hipify/src/include/dev_runtime.h:11:
In file included from /home/yelkhamr/dark-factory/rocm-systems/projects/rccl/build/release/hipify/src/include/nccl_device.h:16:
/home/yelkhamr/dark-factory/rocm-systems/projects/rccl/build/release/hipify/src/include/nccl_device/impl/gin__funcs.h:413:60: warning: result of comparison of constant 3 with expression of type 'const hipMemLocationType' is always false [-Wtautological-constant-out-of-range-compare]
  413 |           if (!doneSysmemFence && srcSegmentWindow.memType == CU_MEM_LOCATION_TYPE_HOST_NUMA) {
      |                                   ~~~~~~~~~~~~~~~~~~~~~~~~ ^  ~~~~~~~~~~~~~~~~~~~~~~~~~~~~~~
In file included from /home/yelkhamr/dark-factory/rocm-systems/projects/rccl/build/release/hipify/src/transport/p2p_tmp.cc:9:
In file included from /home/yelkhamr/dark-factory/rocm-systems/projects/rccl/build/release/hipify/src/include/comm.h:25:
In file included from /home/yelkhamr/dark-factory/rocm-systems/projects/rccl/build/release/hipify/src/include/dev_runtime.h:11:
In file included from /home/yelkhamr/dark-factory/rocm-systems/projects/rccl/build/release/hipify/src/include/nccl_device.h:16:
/home/yelkhamr/dark-factory/rocm-systems/projects/rccl/build/release/hipify/src/include/nccl_device/impl/gin__funcs.h:413:60: warning: result of comparison of constant 3 with expression of type 'const hipMemLocationType' is always false [-Wtautological-constant-out-of-range-compare]
  413 |           if (!doneSysmemFence && srcSegmentWindow.memType == CU_MEM_LOCATION_TYPE_HOST_NUMA) {
      |                                   ~~~~~~~~~~~~~~~~~~~~~~~~ ^  ~~~~~~~~~~~~~~~~~~~~~~~~~~~~~~
In file included from /home/yelkhamr/dark-factory/rocm-systems/projects/rccl/build/release/hipify/src/transport/net_ib_cast/p2p_tmp.cc:9:
In file included from /home/yelkhamr/dark-factory/rocm-systems/projects/rccl/build/release/hipify/src/transport/net_ib_cast/p2p_cast.h:11:
In file included from /home/yelkhamr/dark-factory/rocm-systems/projects/rccl/build/release/hipify/src/transport/net_ib_cast/common_cast.h:15:
In file included from /home/yelkhamr/dark-factory/rocm-systems/projects/rccl/build/release/hipify/src/include/net.h:13:
In file included from /home/yelkhamr/dark-factory/rocm-systems/projects/rccl/build/release/hipify/src/include/comm.h:25:
In file included from /home/yelkhamr/dark-factory/rocm-systems/projects/rccl/build/release/hipify/src/include/dev_runtime.h:11:
In file included from /home/yelkhamr/dark-factory/rocm-systems/projects/rccl/build/release/hipify/src/include/nccl_device.h:16:
/home/yelkhamr/dark-factory/rocm-systems/projects/rccl/build/release/hipify/src/include/nccl_device/impl/gin__funcs.h:413:60: warning: result of comparison of constant 3 with expression of type 'const hipMemLocationType' is always false [-Wtautological-constant-out-of-range-compare]
  413 |           if (!doneSysmemFence && srcSegmentWindow.memType == CU_MEM_LOCATION_TYPE_HOST_NUMA) {
      |                                   ~~~~~~~~~~~~~~~~~~~~~~~~ ^  ~~~~~~~~~~~~~~~~~~~~~~~~~~~~~~
In file included from /home/yelkhamr/dark-factory/rocm-systems/projects/rccl/build/release/hipify/src/transport/net_ib_cast/init_tmp.cc:9:
In file included from /home/yelkhamr/dark-factory/rocm-systems/projects/rccl/build/release/hipify/src/transport/net_ib_cast/common_cast.h:15:
In file included from /home/yelkhamr/dark-factory/rocm-systems/projects/rccl/build/release/hipify/src/include/net.h:13:
In file included from /home/yelkhamr/dark-factory/rocm-systems/projects/rccl/build/release/hipify/src/include/comm.h:25:
In file included from /home/yelkhamr/dark-factory/rocm-systems/projects/rccl/build/release/hipify/src/include/dev_runtime.h:11:
In file included from /home/yelkhamr/dark-factory/rocm-systems/projects/rccl/build/release/hipify/src/include/nccl_device.h:10:
In file included from /home/yelkhamr/dark-factory/rocm-systems/projects/rccl/build/release/hipify/src/include/nccl_device/impl/barrier__funcs.h:12:
In file included from /home/yelkhamr/dark-factory/rocm-systems/projects/rccl/build/release/hipify/src/include/nccl_device/impl/barrier__types.h:10:
In file included from /home/yelkhamr/dark-factory/rocm-systems/projects/rccl/build/release/hipify/src/include/nccl_device/impl/../barrier.h:11:
/home/yelkhamr/dark-factory/rocm-systems/projects/rccl/build/release/hipify/src/include/nccl_device/impl/../impl/core__types.h:26:9: warning: 'NCCL_GIN_MAX_CONNECTIONS' macro redefined [-Wmacro-redefined]
   26 | #define NCCL_GIN_MAX_CONNECTIONS 4
      |         ^
/home/yelkhamr/dark-factory/rocm-systems/projects/rccl/build/release/include/nccl_device/gin/gin_device_host_common.h:18:9: note: previous definition is here
   18 | #define NCCL_GIN_MAX_CONNECTIONS NCCL_GIN_MAX_CONTEXTS
      |         ^
In file included from /home/yelkhamr/dark-factory/rocm-systems/projects/rccl/build/release/hipify/src/transport/net_ib_cast/p2p_resiliency_recovery_tmp.cc:8:
In file included from /home/yelkhamr/dark-factory/rocm-systems/projects/rccl/build/release/hipify/src/transport/net_ib_cast/p2p_resiliency_recovery_internal.h:13:
In file included from /home/yelkhamr/dark-factory/rocm-systems/projects/rccl/build/release/hipify/src/transport/net_ib_cast/p2p_resiliency_recovery_cast.h:11:
In file included from /home/yelkhamr/dark-factory/rocm-systems/projects/rccl/build/release/hipify/src/transport/net_ib_cast/p2p_resiliency_cast.h:12:
In file included from /home/yelkhamr/dark-factory/rocm-systems/projects/rccl/build/release/hipify/src/transport/net_ib_cast/common_cast.h:15:
In file included from /home/yelkhamr/dark-factory/rocm-systems/projects/rccl/build/release/hipify/src/include/net.h:13:
In file included from /home/yelkhamr/dark-factory/rocm-systems/projects/rccl/build/release/hipify/src/include/comm.h:25:
In file included from /home/yelkhamr/dark-factory/rocm-systems/projects/rccl/build/release/hipify/src/include/dev_runtime.h:11:
In file included from /home/yelkhamr/dark-factory/rocm-systems/projects/rccl/build/release/hipify/src/include/nccl_device.h:16:
/home/yelkhamr/dark-factory/rocm-systems/projects/rccl/build/release/hipify/src/include/nccl_device/impl/gin__funcs.h:413:60: warning: result of comparison of constant 3 with expression of type 'const hipMemLocationType' is always false [-Wtautological-constant-out-of-range-compare]
  413 |           if (!doneSysmemFence && srcSegmentWindow.memType == CU_MEM_LOCATION_TYPE_HOST_NUMA) {
      |                                   ~~~~~~~~~~~~~~~~~~~~~~~~ ^  ~~~~~~~~~~~~~~~~~~~~~~~~~~~~~~
In file included from /home/yelkhamr/dark-factory/rocm-systems/projects/rccl/build/release/hipify/src/transport/net_ib_cast/connect_tmp.cc:9:
In file included from /home/yelkhamr/dark-factory/rocm-systems/projects/rccl/build/release/hipify/src/transport/net_ib_cast/connect_cast.h:11:
In file included from /home/yelkhamr/dark-factory/rocm-systems/projects/rccl/build/release/hipify/src/transport/net_ib_cast/common_cast.h:15:
In file included from /home/yelkhamr/dark-factory/rocm-systems/projects/rccl/build/release/hipify/src/include/net.h:13:
In file included from /home/yelkhamr/dark-factory/rocm-systems/projects/rccl/build/release/hipify/src/include/comm.h:25:
In file included from /home/yelkhamr/dark-factory/rocm-systems/projects/rccl/build/release/hipify/src/include/dev_runtime.h:11:
In file included from /home/yelkhamr/dark-factory/rocm-systems/projects/rccl/build/release/hipify/src/include/nccl_device.h:10:
In file included from /home/yelkhamr/dark-factory/rocm-systems/projects/rccl/build/release/hipify/src/include/nccl_device/impl/barrier__funcs.h:12:
In file included from /home/yelkhamr/dark-factory/rocm-systems/projects/rccl/build/release/hipify/src/include/nccl_device/impl/barrier__types.h:10:
In file included from /home/yelkhamr/dark-factory/rocm-systems/projects/rccl/build/release/hipify/src/include/nccl_device/impl/../barrier.h:11:
/home/yelkhamr/dark-factory/rocm-systems/projects/rccl/build/release/hipify/src/include/nccl_device/impl/../impl/core__types.h:26:9: warning: 'NCCL_GIN_MAX_CONNECTIONS' macro redefined [-Wmacro-redefined]
   26 | #define NCCL_GIN_MAX_CONNECTIONS 4
      |         ^
/home/yelkhamr/dark-factory/rocm-systems/projects/rccl/build/release/include/nccl_device/gin/gin_device_host_common.h:18:9: note: previous definition is here
   18 | #define NCCL_GIN_MAX_CONNECTIONS NCCL_GIN_MAX_CONTEXTS
      |         ^
In file included from /home/yelkhamr/dark-factory/rocm-systems/projects/rccl/build/release/hipify/src/transport/profiler_tmp.cc:7:
In file included from /home/yelkhamr/dark-factory/rocm-systems/projects/rccl/build/release/hipify/src/include/transport.h:25:
In file included from /home/yelkhamr/dark-factory/rocm-systems/projects/rccl/build/release/hipify/src/include/comm.h:25:
In file included from /home/yelkhamr/dark-factory/rocm-systems/projects/rccl/build/release/hipify/src/include/dev_runtime.h:11:
In file included from /home/yelkhamr/dark-factory/rocm-systems/projects/rccl/build/release/hipify/src/include/nccl_device.h:16:
/home/yelkhamr/dark-factory/rocm-systems/projects/rccl/build/release/hipify/src/include/nccl_device/impl/gin__funcs.h:413:60: warning: result of comparison of constant 3 with expression of type 'const hipMemLocationType' is always false [-Wtautological-constant-out-of-range-compare]
  413 |           if (!doneSysmemFence && srcSegmentWindow.memType == CU_MEM_LOCATION_TYPE_HOST_NUMA) {
      |                                   ~~~~~~~~~~~~~~~~~~~~~~~~ ^  ~~~~~~~~~~~~~~~~~~~~~~~~~~~~~~
In file included from /home/yelkhamr/dark-factory/rocm-systems/projects/rccl/build/release/hipify/src/misc/latency_profiler/CollTraceFunc.cc:7:
In file included from /home/yelkhamr/dark-factory/rocm-systems/projects/rccl/build/release/hipify/src/include/latency_profiler/CollTraceFunc.h:10:
In file included from /home/yelkhamr/dark-factory/rocm-systems/projects/rccl/build/release/hipify/src/include/comm.h:25:
In file included from /home/yelkhamr/dark-factory/rocm-systems/projects/rccl/build/release/hipify/src/include/dev_runtime.h:11:
In file included from /home/yelkhamr/dark-factory/rocm-systems/projects/rccl/build/release/hipify/src/include/nccl_device.h:16:
/home/yelkhamr/dark-factory/rocm-systems/projects/rccl/build/release/hipify/src/include/nccl_device/impl/gin__funcs.h:413:60: warning: result of comparison of constant 3 with expression of type 'const hipMemLocationType' is always false [-Wtautological-constant-out-of-range-compare]
  413 |           if (!doneSysmemFence && srcSegmentWindow.memType == CU_MEM_LOCATION_TYPE_HOST_NUMA) {
      |                                   ~~~~~~~~~~~~~~~~~~~~~~~~ ^  ~~~~~~~~~~~~~~~~~~~~~~~~~~~~~~
In file included from /home/yelkhamr/dark-factory/rocm-systems/projects/rccl/build/release/hipify/src/transport/net_ib_cast/scheduler.cc:2:
In file included from /home/yelkhamr/dark-factory/rocm-systems/projects/rccl/build/release/hipify/src/transport/net_ib_cast/common_cast.h:15:
In file included from /home/yelkhamr/dark-factory/rocm-systems/projects/rccl/build/release/hipify/src/include/net.h:13:
In file included from /home/yelkhamr/dark-factory/rocm-systems/projects/rccl/build/release/hipify/src/include/comm.h:25:
In file included from /home/yelkhamr/dark-factory/rocm-systems/projects/rccl/build/release/hipify/src/include/dev_runtime.h:11:
In file included from /home/yelkhamr/dark-factory/rocm-systems/projects/rccl/build/release/hipify/src/include/nccl_device.h:16:
/home/yelkhamr/dark-factory/rocm-systems/projects/rccl/build/release/hipify/src/include/nccl_device/impl/gin__funcs.h:413:60: warning: result of comparison of constant 3 with expression of type 'const hipMemLocationType' is always false [-Wtautological-constant-out-of-range-compare]
  413 |           if (!doneSysmemFence && srcSegmentWindow.memType == CU_MEM_LOCATION_TYPE_HOST_NUMA) {
      |                                   ~~~~~~~~~~~~~~~~~~~~~~~~ ^  ~~~~~~~~~~~~~~~~~~~~~~~~~~~~~~
In file included from /home/yelkhamr/dark-factory/rocm-systems/projects/rccl/build/release/hipify/src/transport/net_ib_cast/gdr_tmp.cc:8:
In file included from /home/yelkhamr/dark-factory/rocm-systems/projects/rccl/build/release/hipify/src/transport/net_ib_cast/common_cast.h:15:
In file included from /home/yelkhamr/dark-factory/rocm-systems/projects/rccl/build/release/hipify/src/include/net.h:13:
In file included from /home/yelkhamr/dark-factory/rocm-systems/projects/rccl/build/release/hipify/src/include/comm.h:25:
In file included from /home/yelkhamr/dark-factory/rocm-systems/projects/rccl/build/release/hipify/src/include/dev_runtime.h:11:
In file included from /home/yelkhamr/dark-factory/rocm-systems/projects/rccl/build/release/hipify/src/include/nccl_device.h:10:
In file included from /home/yelkhamr/dark-factory/rocm-systems/projects/rccl/build/release/hipify/src/include/nccl_device/impl/barrier__funcs.h:12:
In file included from /home/yelkhamr/dark-factory/rocm-systems/projects/rccl/build/release/hipify/src/include/nccl_device/impl/barrier__types.h:10:
In file included from /home/yelkhamr/dark-factory/rocm-systems/projects/rccl/build/release/hipify/src/include/nccl_device/impl/../barrier.h:11:
/home/yelkhamr/dark-factory/rocm-systems/projects/rccl/build/release/hipify/src/include/nccl_device/impl/../impl/core__types.h:26:9: warning: 'NCCL_GIN_MAX_CONNECTIONS' macro redefined [-Wmacro-redefined]
   26 | #define NCCL_GIN_MAX_CONNECTIONS 4
      |         ^
/home/yelkhamr/dark-factory/rocm-systems/projects/rccl/build/release/include/nccl_device/gin/gin_device_host_common.h:18:9: note: previous definition is here
   18 | #define NCCL_GIN_MAX_CONNECTIONS NCCL_GIN_MAX_CONTEXTS
      |         ^
In file included from /home/yelkhamr/dark-factory/rocm-systems/projects/rccl/build/release/hipify/src/transport/net_ib_cast/common_tmp.cc:8:
In file included from /home/yelkhamr/dark-factory/rocm-systems/projects/rccl/build/release/hipify/src/transport/net_ib_cast/common_cast.h:15:
In file included from /home/yelkhamr/dark-factory/rocm-systems/projects/rccl/build/release/hipify/src/include/net.h:13:
In file included from /home/yelkhamr/dark-factory/rocm-systems/projects/rccl/build/release/hipify/src/include/comm.h:25:
In file included from /home/yelkhamr/dark-factory/rocm-systems/projects/rccl/build/release/hipify/src/include/dev_runtime.h:11:
In file included from /home/yelkhamr/dark-factory/rocm-systems/projects/rccl/build/release/hipify/src/include/nccl_device.h:10:
In file included from /home/yelkhamr/dark-factory/rocm-systems/projects/rccl/build/release/hipify/src/include/nccl_device/impl/barrier__funcs.h:12:
In file included from /home/yelkhamr/dark-factory/rocm-systems/projects/rccl/build/release/hipify/src/include/nccl_device/impl/barrier__types.h:10:
In file included from /home/yelkhamr/dark-factory/rocm-systems/projects/rccl/build/release/hipify/src/include/nccl_device/impl/../barrier.h:11:
/home/yelkhamr/dark-factory/rocm-systems/projects/rccl/build/release/hipify/src/include/nccl_device/impl/../impl/core__types.h:26:9: warning: 'NCCL_GIN_MAX_CONNECTIONS' macro redefined [-Wmacro-redefined]
   26 | #define NCCL_GIN_MAX_CONNECTIONS 4
      |         ^
/home/yelkhamr/dark-factory/rocm-systems/projects/rccl/build/release/include/nccl_device/gin/gin_device_host_common.h:18:9: note: previous definition is here
   18 | #define NCCL_GIN_MAX_CONNECTIONS NCCL_GIN_MAX_CONTEXTS
      |         ^
In file included from /home/yelkhamr/dark-factory/rocm-systems/projects/rccl/build/release/hipify/src/transport/net_ib_cast/p2p_resiliency_tmp.cc:9:
In file included from /home/yelkhamr/dark-factory/rocm-systems/projects/rccl/build/release/hipify/src/transport/net_ib_cast/p2p_resiliency_cast.h:12:
In file included from /home/yelkhamr/dark-factory/rocm-systems/projects/rccl/build/release/hipify/src/transport/net_ib_cast/common_cast.h:15:
In file included from /home/yelkhamr/dark-factory/rocm-systems/projects/rccl/build/release/hipify/src/include/net.h:13:
In file included from /home/yelkhamr/dark-factory/rocm-systems/projects/rccl/build/release/hipify/src/include/comm.h:25:
In file included from /home/yelkhamr/dark-factory/rocm-systems/projects/rccl/build/release/hipify/src/include/dev_runtime.h:11:
In file included from /home/yelkhamr/dark-factory/rocm-systems/projects/rccl/build/release/hipify/src/include/nccl_device.h:10:
In file included from /home/yelkhamr/dark-factory/rocm-systems/projects/rccl/build/release/hipify/src/include/nccl_device/impl/barrier__funcs.h:12:
In file included from /home/yelkhamr/dark-factory/rocm-systems/projects/rccl/build/release/hipify/src/include/nccl_device/impl/barrier__types.h:10:
In file included from /home/yelkhamr/dark-factory/rocm-systems/projects/rccl/build/release/hipify/src/include/nccl_device/impl/../barrier.h:11:
/home/yelkhamr/dark-factory/rocm-systems/projects/rccl/build/release/hipify/src/include/nccl_device/impl/../impl/core__types.h:26:9: warning: 'NCCL_GIN_MAX_CONNECTIONS' macro redefined [-Wmacro-redefined]
   26 | #define NCCL_GIN_MAX_CONNECTIONS 4
      |         ^
/home/yelkhamr/dark-factory/rocm-systems/projects/rccl/build/release/include/nccl_device/gin/gin_device_host_common.h:18:9: note: previous definition is here
   18 | #define NCCL_GIN_MAX_CONNECTIONS NCCL_GIN_MAX_CONTEXTS
      |         ^
In file included from /home/yelkhamr/dark-factory/rocm-systems/projects/rccl/build/release/hipify/src/transport/net_ib_cast/reg_tmp.cc:8:
In file included from /home/yelkhamr/dark-factory/rocm-systems/projects/rccl/build/release/hipify/src/transport/net_ib_cast/common_cast.h:15:
In file included from /home/yelkhamr/dark-factory/rocm-systems/projects/rccl/build/release/hipify/src/include/net.h:13:
In file included from /home/yelkhamr/dark-factory/rocm-systems/projects/rccl/build/release/hipify/src/include/comm.h:25:
In file included from /home/yelkhamr/dark-factory/rocm-systems/projects/rccl/build/release/hipify/src/include/dev_runtime.h:11:
In file included from /home/yelkhamr/dark-factory/rocm-systems/projects/rccl/build/release/hipify/src/include/nccl_device.h:10:
In file included from /home/yelkhamr/dark-factory/rocm-systems/projects/rccl/build/release/hipify/src/include/nccl_device/impl/barrier__funcs.h:12:
In file included from /home/yelkhamr/dark-factory/rocm-systems/projects/rccl/build/release/hipify/src/include/nccl_device/impl/barrier__types.h:10:
In file included from /home/yelkhamr/dark-factory/rocm-systems/projects/rccl/build/release/hipify/src/include/nccl_device/impl/../barrier.h:11:
/home/yelkhamr/dark-factory/rocm-systems/projects/rccl/build/release/hipify/src/include/nccl_device/impl/../impl/core__types.h:26:9: warning: 'NCCL_GIN_MAX_CONNECTIONS' macro redefined [-Wmacro-redefined]
   26 | #define NCCL_GIN_MAX_CONNECTIONS 4
      |         ^
/home/yelkhamr/dark-factory/rocm-systems/projects/rccl/build/release/include/nccl_device/gin/gin_device_host_common.h:18:9: note: previous definition is here
   18 | #define NCCL_GIN_MAX_CONNECTIONS NCCL_GIN_MAX_CONTEXTS
      |         ^
In file included from /home/yelkhamr/dark-factory/rocm-systems/projects/rccl/build/release/hipify/src/transport/net_ib_cast/init_tmp.cc:9:
In file included from /home/yelkhamr/dark-factory/rocm-systems/projects/rccl/build/release/hipify/src/transport/net_ib_cast/common_cast.h:15:
In file included from /home/yelkhamr/dark-factory/rocm-systems/projects/rccl/build/release/hipify/src/include/net.h:13:
In file included from /home/yelkhamr/dark-factory/rocm-systems/projects/rccl/build/release/hipify/src/include/comm.h:25:
In file included from /home/yelkhamr/dark-factory/rocm-systems/projects/rccl/build/release/hipify/src/include/dev_runtime.h:11:
In file included from /home/yelkhamr/dark-factory/rocm-systems/projects/rccl/build/release/hipify/src/include/nccl_device.h:16:
/home/yelkhamr/dark-factory/rocm-systems/projects/rccl/build/release/hipify/src/include/nccl_device/impl/gin__funcs.h:413:60: warning: result of comparison of constant 3 with expression of type 'const hipMemLocationType' is always false [-Wtautological-constant-out-of-range-compare]
  413 |           if (!doneSysmemFence && srcSegmentWindow.memType == CU_MEM_LOCATION_TYPE_HOST_NUMA) {
      |                                   ~~~~~~~~~~~~~~~~~~~~~~~~ ^  ~~~~~~~~~~~~~~~~~~~~~~~~~~~~~~
In file included from /home/yelkhamr/dark-factory/rocm-systems/projects/rccl/build/release/hipify/src/transport/net_ib_cast/connect_tmp.cc:9:
In file included from /home/yelkhamr/dark-factory/rocm-systems/projects/rccl/build/release/hipify/src/transport/net_ib_cast/connect_cast.h:11:
In file included from /home/yelkhamr/dark-factory/rocm-systems/projects/rccl/build/release/hipify/src/transport/net_ib_cast/common_cast.h:15:
In file included from /home/yelkhamr/dark-factory/rocm-systems/projects/rccl/build/release/hipify/src/include/net.h:13:
In file included from /home/yelkhamr/dark-factory/rocm-systems/projects/rccl/build/release/hipify/src/include/comm.h:25:
In file included from /home/yelkhamr/dark-factory/rocm-systems/projects/rccl/build/release/hipify/src/include/dev_runtime.h:11:
In file included from /home/yelkhamr/dark-factory/rocm-systems/projects/rccl/build/release/hipify/src/include/nccl_device.h:16:
/home/yelkhamr/dark-factory/rocm-systems/projects/rccl/build/release/hipify/src/include/nccl_device/impl/gin__funcs.h:413:60: warning: result of comparison of constant 3 with expression of type 'const hipMemLocationType' is always false [-Wtautological-constant-out-of-range-compare]
  413 |           if (!doneSysmemFence && srcSegmentWindow.memType == CU_MEM_LOCATION_TYPE_HOST_NUMA) {
      |                                   ~~~~~~~~~~~~~~~~~~~~~~~~ ^  ~~~~~~~~~~~~~~~~~~~~~~~~~~~~~~
In file included from /home/yelkhamr/dark-factory/rocm-systems/projects/rccl/build/release/hipify/src/transport/net_ib_cast/p2p_resiliency_recovery_ainic.cc:18:
In file included from /home/yelkhamr/dark-factory/rocm-systems/projects/rccl/build/release/hipify/src/transport/net_ib_cast/p2p_resiliency_recovery_internal.h:13:
In file included from /home/yelkhamr/dark-factory/rocm-systems/projects/rccl/build/release/hipify/src/transport/net_ib_cast/p2p_resiliency_recovery_cast.h:11:
In file included from /home/yelkhamr/dark-factory/rocm-systems/projects/rccl/build/release/hipify/src/transport/net_ib_cast/p2p_resiliency_cast.h:12:
In file included from /home/yelkhamr/dark-factory/rocm-systems/projects/rccl/build/release/hipify/src/transport/net_ib_cast/common_cast.h:15:
In file included from /home/yelkhamr/dark-factory/rocm-systems/projects/rccl/build/release/hipify/src/include/net.h:13:
In file included from /home/yelkhamr/dark-factory/rocm-systems/projects/rccl/build/release/hipify/src/include/comm.h:25:
In file included from /home/yelkhamr/dark-factory/rocm-systems/projects/rccl/build/release/hipify/src/include/dev_runtime.h:11:
In file included from /home/yelkhamr/dark-factory/rocm-systems/projects/rccl/build/release/hipify/src/include/nccl_device.h:10:
In file included from /home/yelkhamr/dark-factory/rocm-systems/projects/rccl/build/release/hipify/src/include/nccl_device/impl/barrier__funcs.h:12:
In file included from /home/yelkhamr/dark-factory/rocm-systems/projects/rccl/build/release/hipify/src/include/nccl_device/impl/barrier__types.h:10:
In file included from /home/yelkhamr/dark-factory/rocm-systems/projects/rccl/build/release/hipify/src/include/nccl_device/impl/../barrier.h:11:
/home/yelkhamr/dark-factory/rocm-systems/projects/rccl/build/release/hipify/src/include/nccl_device/impl/../impl/core__types.h:26:9: warning: 'NCCL_GIN_MAX_CONNECTIONS' macro redefined [-Wmacro-redefined]
   26 | #define NCCL_GIN_MAX_CONNECTIONS 4
      |         ^
/home/yelkhamr/dark-factory/rocm-systems/projects/rccl/build/release/include/nccl_device/gin/gin_device_host_common.h:18:9: note: previous definition is here
   18 | #define NCCL_GIN_MAX_CONNECTIONS NCCL_GIN_MAX_CONTEXTS
      |         ^
In file included from /home/yelkhamr/dark-factory/rocm-systems/projects/rccl/build/release/hipify/src/misc/latency_profiler/CollTrace.cc:8:
In file included from /home/yelkhamr/dark-factory/rocm-systems/projects/rccl/build/release/hipify/src/include/bootstrap.h:12:
In file included from /home/yelkhamr/dark-factory/rocm-systems/projects/rccl/build/release/hipify/src/include/comm.h:25:
In file included from /home/yelkhamr/dark-factory/rocm-systems/projects/rccl/build/release/hipify/src/include/dev_runtime.h:11:
In file included from /home/yelkhamr/dark-factory/rocm-systems/projects/rccl/build/release/hipify/src/include/nccl_device.h:10:
In file included from /home/yelkhamr/dark-factory/rocm-systems/projects/rccl/build/release/hipify/src/include/nccl_device/impl/barrier__funcs.h:12:
In file included from /home/yelkhamr/dark-factory/rocm-systems/projects/rccl/build/release/hipify/src/include/nccl_device/impl/barrier__types.h:10:
In file included from /home/yelkhamr/dark-factory/rocm-systems/projects/rccl/build/release/hipify/src/include/nccl_device/impl/../barrier.h:11:
/home/yelkhamr/dark-factory/rocm-systems/projects/rccl/build/release/hipify/src/include/nccl_device/impl/../impl/core__types.h:26:9: warning: 'NCCL_GIN_MAX_CONNECTIONS' macro redefined [-Wmacro-redefined]
   26 | #define NCCL_GIN_MAX_CONNECTIONS 4
      |         ^
/home/yelkhamr/dark-factory/rocm-systems/projects/rccl/build/release/include/nccl_device/gin/gin_device_host_common.h:18:9: note: previous definition is here
   18 | #define NCCL_GIN_MAX_CONNECTIONS NCCL_GIN_MAX_CONTEXTS
      |         ^
In file included from /home/yelkhamr/dark-factory/rocm-systems/projects/rccl/build/release/hipify/src/devcomm/devcomm_v22902.cc:9:
In file included from /home/yelkhamr/dark-factory/rocm-systems/projects/rccl/build/release/hipify/src/include/comm.h:25:
In file included from /home/yelkhamr/dark-factory/rocm-systems/projects/rccl/build/release/hipify/src/include/dev_runtime.h:11:
In file included from /home/yelkhamr/dark-factory/rocm-systems/projects/rccl/build/release/hipify/src/include/nccl_device.h:10:
In file included from /home/yelkhamr/dark-factory/rocm-systems/projects/rccl/build/release/hipify/src/include/nccl_device/impl/barrier__funcs.h:12:
In file included from /home/yelkhamr/dark-factory/rocm-systems/projects/rccl/build/release/hipify/src/include/nccl_device/impl/barrier__types.h:10:
In file included from /home/yelkhamr/dark-factory/rocm-systems/projects/rccl/build/release/hipify/src/include/nccl_device/impl/../barrier.h:11:
/home/yelkhamr/dark-factory/rocm-systems/projects/rccl/build/release/hipify/src/include/nccl_device/impl/../impl/core__types.h:26:9: warning: 'NCCL_GIN_MAX_CONNECTIONS' macro redefined [-Wmacro-redefined]
   26 | #define NCCL_GIN_MAX_CONNECTIONS 4
      |         ^
/home/yelkhamr/dark-factory/rocm-systems/projects/rccl/build/release/include/nccl_device/gin/gin_device_host_common.h:18:9: note: previous definition is here
   18 | #define NCCL_GIN_MAX_CONNECTIONS NCCL_GIN_MAX_CONTEXTS
      |         ^
3 warnings generated when compiling for host.
In file included from /home/yelkhamr/dark-factory/rocm-systems/projects/rccl/build/release/hipify/src/transport/net_ib_cast/gdr_tmp.cc:8:
In file included from /home/yelkhamr/dark-factory/rocm-systems/projects/rccl/build/release/hipify/src/transport/net_ib_cast/common_cast.h:15:
In file included from /home/yelkhamr/dark-factory/rocm-systems/projects/rccl/build/release/hipify/src/include/net.h:13:
In file included from /home/yelkhamr/dark-factory/rocm-systems/projects/rccl/build/release/hipify/src/include/comm.h:25:
In file included from /home/yelkhamr/dark-factory/rocm-systems/projects/rccl/build/release/hipify/src/include/dev_runtime.h:11:
In file included from /home/yelkhamr/dark-factory/rocm-systems/projects/rccl/build/release/hipify/src/include/nccl_device.h:16:
/home/yelkhamr/dark-factory/rocm-systems/projects/rccl/build/release/hipify/src/include/nccl_device/impl/gin__funcs.h:413:60: warning: result of comparison of constant 3 with expression of type 'const hipMemLocationType' is always false [-Wtautological-constant-out-of-range-compare]
  413 |           if (!doneSysmemFence && srcSegmentWindow.memType == CU_MEM_LOCATION_TYPE_HOST_NUMA) {
      |                                   ~~~~~~~~~~~~~~~~~~~~~~~~ ^  ~~~~~~~~~~~~~~~~~~~~~~~~~~~~~~
In file included from /home/yelkhamr/dark-factory/rocm-systems/projects/rccl/build/release/hipify/src/transport/net_ib_cast/common_tmp.cc:8:
In file included from /home/yelkhamr/dark-factory/rocm-systems/projects/rccl/build/release/hipify/src/transport/net_ib_cast/common_cast.h:15:
In file included from /home/yelkhamr/dark-factory/rocm-systems/projects/rccl/build/release/hipify/src/include/net.h:13:
In file included from /home/yelkhamr/dark-factory/rocm-systems/projects/rccl/build/release/hipify/src/include/comm.h:25:
In file included from /home/yelkhamr/dark-factory/rocm-systems/projects/rccl/build/release/hipify/src/include/dev_runtime.h:11:
In file included from /home/yelkhamr/dark-factory/rocm-systems/projects/rccl/build/release/hipify/src/include/nccl_device.h:16:
/home/yelkhamr/dark-factory/rocm-systems/projects/rccl/build/release/hipify/src/include/nccl_device/impl/gin__funcs.h:413:60: warning: result of comparison of constant 3 with expression of type 'const hipMemLocationType' is always false [-Wtautological-constant-out-of-range-compare]
  413 |           if (!doneSysmemFence && srcSegmentWindow.memType == CU_MEM_LOCATION_TYPE_HOST_NUMA) {
      |                                   ~~~~~~~~~~~~~~~~~~~~~~~~ ^  ~~~~~~~~~~~~~~~~~~~~~~~~~~~~~~
In file included from /home/yelkhamr/dark-factory/rocm-systems/projects/rccl/build/release/hipify/src/transport/net_ib_cast/p2p_resiliency_tmp.cc:9:
In file included from /home/yelkhamr/dark-factory/rocm-systems/projects/rccl/build/release/hipify/src/transport/net_ib_cast/p2p_resiliency_cast.h:12:
In file included from /home/yelkhamr/dark-factory/rocm-systems/projects/rccl/build/release/hipify/src/transport/net_ib_cast/common_cast.h:15:
In file included from /home/yelkhamr/dark-factory/rocm-systems/projects/rccl/build/release/hipify/src/include/net.h:13:
In file included from /home/yelkhamr/dark-factory/rocm-systems/projects/rccl/build/release/hipify/src/include/comm.h:25:
In file included from /home/yelkhamr/dark-factory/rocm-systems/projects/rccl/build/release/hipify/src/include/dev_runtime.h:11:
In file included from /home/yelkhamr/dark-factory/rocm-systems/projects/rccl/build/release/hipify/src/include/nccl_device.h:16:
/home/yelkhamr/dark-factory/rocm-systems/projects/rccl/build/release/hipify/src/include/nccl_device/impl/gin__funcs.h:413:60: warning: result of comparison of constant 3 with expression of type 'const hipMemLocationType' is always false [-Wtautological-constant-out-of-range-compare]
  413 |           if (!doneSysmemFence && srcSegmentWindow.memType == CU_MEM_LOCATION_TYPE_HOST_NUMA) {
      |                                   ~~~~~~~~~~~~~~~~~~~~~~~~ ^  ~~~~~~~~~~~~~~~~~~~~~~~~~~~~~~
In file included from /home/yelkhamr/dark-factory/rocm-systems/projects/rccl/build/release/hipify/src/transport/net_ib_cast/reg_tmp.cc:8:
In file included from /home/yelkhamr/dark-factory/rocm-systems/projects/rccl/build/release/hipify/src/transport/net_ib_cast/common_cast.h:15:
In file included from /home/yelkhamr/dark-factory/rocm-systems/projects/rccl/build/release/hipify/src/include/net.h:13:
In file included from /home/yelkhamr/dark-factory/rocm-systems/projects/rccl/build/release/hipify/src/include/comm.h:25:
In file included from /home/yelkhamr/dark-factory/rocm-systems/projects/rccl/build/release/hipify/src/include/dev_runtime.h:11:
In file included from /home/yelkhamr/dark-factory/rocm-systems/projects/rccl/build/release/hipify/src/include/nccl_device.h:16:
/home/yelkhamr/dark-factory/rocm-systems/projects/rccl/build/release/hipify/src/include/nccl_device/impl/gin__funcs.h:413:60: warning: result of comparison of constant 3 with expression of type 'const hipMemLocationType' is always false [-Wtautological-constant-out-of-range-compare]
  413 |           if (!doneSysmemFence && srcSegmentWindow.memType == CU_MEM_LOCATION_TYPE_HOST_NUMA) {
      |                                   ~~~~~~~~~~~~~~~~~~~~~~~~ ^  ~~~~~~~~~~~~~~~~~~~~~~~~~~~~~~
In file included from /home/yelkhamr/dark-factory/rocm-systems/projects/rccl/build/release/hipify/src/transport/net_ib_cast/p2p_resiliency_recovery_ainic.cc:18:
In file included from /home/yelkhamr/dark-factory/rocm-systems/projects/rccl/build/release/hipify/src/transport/net_ib_cast/p2p_resiliency_recovery_internal.h:13:
In file included from /home/yelkhamr/dark-factory/rocm-systems/projects/rccl/build/release/hipify/src/transport/net_ib_cast/p2p_resiliency_recovery_cast.h:11:
In file included from /home/yelkhamr/dark-factory/rocm-systems/projects/rccl/build/release/hipify/src/transport/net_ib_cast/p2p_resiliency_cast.h:12:
In file included from /home/yelkhamr/dark-factory/rocm-systems/projects/rccl/build/release/hipify/src/transport/net_ib_cast/common_cast.h:15:
In file included from /home/yelkhamr/dark-factory/rocm-systems/projects/rccl/build/release/hipify/src/include/net.h:13:
In file included from /home/yelkhamr/dark-factory/rocm-systems/projects/rccl/build/release/hipify/src/include/comm.h:25:
In file included from /home/yelkhamr/dark-factory/rocm-systems/projects/rccl/build/release/hipify/src/include/dev_runtime.h:11:
In file included from /home/yelkhamr/dark-factory/rocm-systems/projects/rccl/build/release/hipify/src/include/nccl_device.h:16:
/home/yelkhamr/dark-factory/rocm-systems/projects/rccl/build/release/hipify/src/include/nccl_device/impl/gin__funcs.h:413:60: warning: result of comparison of constant 3 with expression of type 'const hipMemLocationType' is always false [-Wtautological-constant-out-of-range-compare]
  413 |           if (!doneSysmemFence && srcSegmentWindow.memType == CU_MEM_LOCATION_TYPE_HOST_NUMA) {
      |                                   ~~~~~~~~~~~~~~~~~~~~~~~~ ^  ~~~~~~~~~~~~~~~~~~~~~~~~~~~~~~
In file included from /home/yelkhamr/dark-factory/rocm-systems/projects/rccl/build/release/hipify/src/misc/latency_profiler/CollTrace.cc:8:
In file included from /home/yelkhamr/dark-factory/rocm-systems/projects/rccl/build/release/hipify/src/include/bootstrap.h:12:
In file included from /home/yelkhamr/dark-factory/rocm-systems/projects/rccl/build/release/hipify/src/include/comm.h:25:
In file included from /home/yelkhamr/dark-factory/rocm-systems/projects/rccl/build/release/hipify/src/include/dev_runtime.h:11:
In file included from /home/yelkhamr/dark-factory/rocm-systems/projects/rccl/build/release/hipify/src/include/nccl_device.h:16:
/home/yelkhamr/dark-factory/rocm-systems/projects/rccl/build/release/hipify/src/include/nccl_device/impl/gin__funcs.h:413:60: warning: result of comparison of constant 3 with expression of type 'const hipMemLocationType' is always false [-Wtautological-constant-out-of-range-compare]
  413 |           if (!doneSysmemFence && srcSegmentWindow.memType == CU_MEM_LOCATION_TYPE_HOST_NUMA) {
      |                                   ~~~~~~~~~~~~~~~~~~~~~~~~ ^  ~~~~~~~~~~~~~~~~~~~~~~~~~~~~~~
In file included from /home/yelkhamr/dark-factory/rocm-systems/projects/rccl/build/release/hipify/src/devcomm/devcomm_v22902.cc:9:
In file included from /home/yelkhamr/dark-factory/rocm-systems/projects/rccl/build/release/hipify/src/include/comm.h:25:
In file included from /home/yelkhamr/dark-factory/rocm-systems/projects/rccl/build/release/hipify/src/include/dev_runtime.h:11:
In file included from /home/yelkhamr/dark-factory/rocm-systems/projects/rccl/build/release/hipify/src/include/nccl_device.h:16:
/home/yelkhamr/dark-factory/rocm-systems/projects/rccl/build/release/hipify/src/include/nccl_device/impl/gin__funcs.h:413:60: warning: result of comparison of constant 3 with expression of type 'const hipMemLocationType' is always false [-Wtautological-constant-out-of-range-compare]
  413 |           if (!doneSysmemFence && srcSegmentWindow.memType == CU_MEM_LOCATION_TYPE_HOST_NUMA) {
      |                                   ~~~~~~~~~~~~~~~~~~~~~~~~ ^  ~~~~~~~~~~~~~~~~~~~~~~~~~~~~~~
In file included from /home/yelkhamr/dark-factory/rocm-systems/projects/rccl/build/release/hipify/src/devcomm/devcomm_v22907.cc:8:
In file included from /home/yelkhamr/dark-factory/rocm-systems/projects/rccl/build/release/hipify/src/include/comm.h:25:
In file included from /home/yelkhamr/dark-factory/rocm-systems/projects/rccl/build/release/hipify/src/include/dev_runtime.h:11:
In file included from /home/yelkhamr/dark-factory/rocm-systems/projects/rccl/build/release/hipify/src/include/nccl_device.h:10:
In file included from /home/yelkhamr/dark-factory/rocm-systems/projects/rccl/build/release/hipify/src/include/nccl_device/impl/barrier__funcs.h:12:
In file included from /home/yelkhamr/dark-factory/rocm-systems/projects/rccl/build/release/hipify/src/include/nccl_device/impl/barrier__types.h:10:
In file included from /home/yelkhamr/dark-factory/rocm-systems/projects/rccl/build/release/hipify/src/include/nccl_device/impl/../barrier.h:11:
/home/yelkhamr/dark-factory/rocm-systems/projects/rccl/build/release/hipify/src/include/nccl_device/impl/../impl/core__types.h:26:9: warning: 'NCCL_GIN_MAX_CONNECTIONS' macro redefined [-Wmacro-redefined]
In file included from /home/yelkhamr/dark-factory/rocm-systems/projects/rccl/build/release/hipify/src/transport/net_ib_cast/gin_tmp.cc:8:
In file included from /home/yelkhamr/dark-factory/rocm-systems/projects/rccl/build/release/hipify/src/transport/net_ib_cast/common_cast.h:15:
In file included from /home/yelkhamr/dark-factory/rocm-systems/projects/rccl/build/release/hipify/src/include/net.h:   1326:
 | #deIn file included from fin/home/yelkhamr/dark-factory/rocm-systems/projects/rccl/build/release/hipify/src/include/comm.h:25e :
NCIn file included from /home/yelkhamr/dark-factory/rocm-systems/projects/rccl/build/release/hipify/src/include/dev_runtime.h:C11:
L_In file included from /home/yelkhamr/dark-factory/rocm-systems/projects/rccl/build/release/hipify/src/include/nccl_device.hGI:N_M10:
In file included from /home/yelkhamr/dark-factory/rocm-systems/projects/rccl/build/release/hipify/src/include/nccl_device/impl/barrier__funcs.h:12A:
In file included from /home/yelkhamr/dark-factory/rocm-systems/projects/rccl/build/release/hipify/src/include/nccl_device/impl/barrier__types.h:X_C10ON:
In file included from /home/yelkhamr/dark-factory/rocm-systems/projects/rccl/build/release/hipify/src/include/nccl_device/impl/../barrier.h:N11:
EC/home/yelkhamr/dark-factory/rocm-systems/projects/rccl/build/release/hipify/src/include/nccl_device/impl/../impl/core__types.hTI:ON26S :4
      9|         ^:
 warning: /home/yelkhamr/dark-factory/rocm-systems/projects/rccl/build/release/include/nccl_device/gin/gin_device_host_common.h:'NCCL_GIN_MAX_CONNECTIONS' macro redefined [-Wmacro-redefined]
18:9: note: previous definition is here
   18 | #define NCCL_GIN_MAX_CONNECTIONS NCCL_GIN   _MA26 | X_#COdNTefiEne XTNS
      CC|         ^L_
GIN_MAX_CONNECTIONS 4
      |         ^
/home/yelkhamr/dark-factory/rocm-systems/projects/rccl/build/release/include/nccl_device/gin/gin_device_host_common.h:18:9: note: previous definition is here
   18 | #define NCCL_GIN_MAX_CONNECTIONS NCCL_GIN_MAX_CONTEXTS
      |         ^
/home/yelkhamr/dark-factory/rocm-systems/projects/rccl/build/release/hipify/src/transport/p2p_tmp.cc:111:7: warning: logical not is only applied to the left hand side of this comparison [-Wlogical-not-parentheses]
  111 |   if (!CUDASUCCESS(hipGetDeviceCount(&ndev)))
      |       ^~~~~~~~~~~~~~~~~~~~~~~~~~~~~~~~~~~~~~
/home/yelkhamr/dark-factory/rocm-systems/projects/rccl/build/release/hipify/src/transport/p2p_tmp.cc:111:7: note: add parentheses after the '!' to evaluate the comparison first
  111 |   if (!CUDASUCCESS(hipGetDeviceCount(&ndev)))
      |       ^                                     
      |        (                                    )
/home/yelkhamr/dark-factory/rocm-systems/projects/rccl/build/release/hipify/src/transport/p2p_tmp.cc:111:7: note: add parentheses around left hand side expression to silence this warning
/home/yelkhamr/dark-factory/rocm-systems/projects/rccl/build/release/hipify/src/transport/p2p_tmp.cc:115:9: warning: logical not is only applied to the left hand side of this comparison [-Wlogical-not-parentheses]
  115 |     if (!CUDASUCCESS(hipDeviceGetPCIBusId(
      |         ^~~~~~~~~~~~~~~~~~~~~~~~~~~~~~~~~~
  116 |             devBusIdStr, NVML_DEVICE_PCI_BUS_ID_BUFFER_SIZE, i)))
      |             ~~~~~~~~~~~~~~~~~~~~~~~~~~~~~~~~~~~~~~~~~~~~~~~~~~~~
/home/yelkhamr/dark-factory/rocm-systems/projects/rccl/build/release/hipify/src/transport/p2p_tmp.cc:115:9: note: add parentheses after the '!' to evaluate the comparison first
  115 |     if (!CUDASUCCESS(hipDeviceGetPCIBusId(
      |         ^
      |          (
  116 |             devBusIdStr, NVML_DEVICE_PCI_BUS_ID_BUFFER_SIZE, i)))
      |                                                                 
      |                                                                 )
/home/yelkhamr/dark-factory/rocm-systems/projects/rccl/build/release/hipify/src/transport/p2p_tmp.cc:115:9: note: add parentheses around left hand side expression to silence this warning
In file included from /home/yelkhamr/dark-factory/rocm-systems/projects/rccl/build/release/hipify/src/devcomm/devcomm_v22907.cc:8:
In file included from /home/yelkhamr/dark-factory/rocm-systems/projects/rccl/build/release/hipify/src/include/comm.h:25:
In file included from /home/yelkhamr/dark-factory/rocm-systems/projects/rccl/build/release/hipify/src/include/dev_runtime.h:11:
In file included from /home/yelkhamr/dark-factory/rocm-systems/projects/rccl/build/release/hipify/src/include/nccl_device.h:16:
/home/yelkhamr/dark-factory/rocm-systems/projects/rccl/build/release/hipify/src/include/nccl_device/impl/gin__funcs.h:413:60: warning: result of comparison of constant 3 with expression of type 'const hipMemLocationType' is always false [-Wtautological-constant-out-of-range-compare]
  413 |           if (!doneSysmemFence && srcSegmentWindow.memType == CU_MEM_LOCATION_TYPE_HOST_NUMA) {
      |                                   ~~~~~~~~~~~~~~~~~~~~~~~~ ^  ~~~~~~~~~~~~~~~~~~~~~~~~~~~~~~
/home/yelkhamr/dark-factory/rocm-systems/projects/rccl/build/release/hipify/src/transport/p2p_tmp.cc:187:14: warning: logical not is only applied to the left hand side of this comparison [-Wlogical-not-parentheses]
  187 |   } else if (!CUDASUCCESS(hipDeviceCanAccessPeer(&p2p, cudaDev1, cudaDev2))) {
      |              ^~~~~~~~~~~~~~~~~~~~~~~~~~~~~~~~~~~~~~~~~~~~~~~~~~~~~~~~~~~~~~
/home/yelkhamr/dark-factory/rocm-systems/projects/rccl/build/release/hipify/src/transport/p2p_tmp.cc:187:14: note: add parentheses after the '!' to evaluate the comparison first
  187 |   } else if (!CUDASUCCESS(hipDeviceCanAccessPeer(&p2p, cudaDev1, cudaDev2))) {
      |              ^                                                             
      |               (                                                            )
/home/yelkhamr/dark-factory/rocm-systems/projects/rccl/build/release/hipify/src/transport/p2p_tmp.cc:187:14: note: add parentheses around left hand side expression to silence this warning
In file included from /home/yelkhamr/dark-factory/rocm-systems/projects/rccl/build/release/hipify/src/transport/net_ib_cast/gin_tmp.cc:8:
In file included from /home/yelkhamr/dark-factory/rocm-systems/projects/rccl/build/release/hipify/src/transport/net_ib_cast/common_cast.h:15:
In file included from /home/yelkhamr/dark-factory/rocm-systems/projects/rccl/build/release/hipify/src/include/net.h:13:
In file included from /home/yelkhamr/dark-factory/rocm-systems/projects/rccl/build/release/hipify/src/include/comm.h:25:
In file included from /home/yelkhamr/dark-factory/rocm-systems/projects/rccl/build/release/hipify/src/include/dev_runtime.h:11:
In file included from /home/yelkhamr/dark-factory/rocm-systems/projects/rccl/build/release/hipify/src/include/nccl_device.h:16:
/home/yelkhamr/dark-factory/rocm-systems/projects/rccl/build/release/hipify/src/include/nccl_device/impl/gin__funcs.h:413:60: warning: result of comparison of constant 3 with expression of type 'const hipMemLocationType' is always false [-Wtautological-constant-out-of-range-compare]
  413 |           if (!doneSysmemFence && srcSegmentWindow.memType == CU_MEM_LOCATION_TYPE_HOST_NUMA) {
      |                                   ~~~~~~~~~~~~~~~~~~~~~~~~ ^  ~~~~~~~~~~~~~~~~~~~~~~~~~~~~~~
/home/yelkhamr/dark-factory/rocm-systems/projects/rccl/build/release/hipify/src/transport/net_ib/gin_tmp.cc:14:11: warning: unused variable 'NCCL_GIN_IB_ALLTOALL_TAG' [-Wunused-const-variable]
   14 | const int NCCL_GIN_IB_ALLTOALL_TAG = 0xa1;
      |           ^~~~~~~~~~~~~~~~~~~~~~~~
2 warnings generated when compiling for host.
2 warnings generated when compiling for host.
2 warnings generated when compiling for host.
/home/yelkhamr/dark-factory/rocm-systems/projects/rccl/build/release/hipify/src/transport/net_ib_cast/connect_tmp.cc:1396:126: warning: format specifies type 'int' but the argument has type 'int64_t' (aka 'long') [-Wformat]
 1396 |   INFO(NCCL_NET, "NET/IB: ncclIbAccept isP2p=%d useCtsOffload=%d (IbP2pDisableCts=%d)", remMeta.isP2p, rComm->useCtsOffload, rcclParamIbCastP2pDisableCts());
      |                                                                                   ~~                                         ^~~~~~~~~~~~~~~~~~~~~~~~~~~~~~
      |                                                                                   %ld
/home/yelkhamr/dark-factory/rocm-systems/projects/rccl/build/release/hipify/src/include/debug.h:53:85: note: expanded from macro 'INFO'
   53 |             ncclDebugLog(NCCL_LOG_INFO, (unsigned long)(FLAGS), __func__, __LINE__, __VA_ARGS__); \
      |                                                                                     ^~~~~~~~~~~
/home/yelkhamr/dark-factory/rocm-systems/projects/rccl/build/release/hipify/src/transport/net_ib_cast/gin_tmp.cc:123:1: warning: unused label 'end' [-Wunused-label]
  123 | end:
      | ^~~~
2 warnings generated when compiling for host.
3 warnings generated when compiling for host.
4 warnings generated when compiling for host.
2 warnings generated when compiling for host.
2 warnings generated when compiling for host.
2 warnings generated when compiling for host.
2 warnings generated when compiling for host.
2 warnings generated when compiling for host.
2 warnings generated when compiling for host.
2 warnings generated when compiling for host.
2 warnings generated when compiling for host.
2 warnings generated when compiling for host.
2 warnings generated when compiling for host.
2 warnings generated when compiling for host.
/home/yelkhamr/dark-factory/rocm-systems/projects/rccl/build/release/hipify/src/transport/net_ib_cast/gin_tmp.cc:15:11: warning: unused variable 'IBCAST_GIN_IB_ALLTOALL_TAG' [-Wunused-const-variable]
   15 | const int IBCAST_GIN_IB_ALLTOALL_TAG = 0xa1;
      |           ^~~~~~~~~~~~~~~~~~~~~~~~~~
2 warnings generated when compiling for host.
2 warnings generated when compiling for host.
2 warnings generated when compiling for host.
2 warnings generated when compiling for host.
2 warnings generated when compiling for host.
2 warnings generated when compiling for host.
2 warnings generated when compiling for host.
2 warnings generated when compiling for host.
2 warnings generated when compiling for host.
2 warnings generated when compiling for host.
4 warnings generated when compiling for host.
2 warnings generated when compiling for host.
2 warnings generated when compiling for host.
5 warnings generated when compiling for host.
2 warnings generated when compiling for host.
3 warnings generated when compiling for host.
2 warnings generated when compiling for host.
[ 84%] Linking CXX shared library ../librccl.so
Elapsed time: 0 s. (time), 0.000407 s. (clock)
Verifying host sections stay within 2 GiB of each other in librccl.so
[rccl] hip_fatbin tail check: OK (host window 5.0 MiB <= 2 GiB, margin 2043.0 MiB; .hip_fatbin 14.3 MiB at file offset 0x38b000, at image tail)
[100%] Built target rccl
[100%] Linking CXX executable rcclras
[100%] Built target rcclras
